id	kind	name	qualified_name	namespace	expected_namespace	namespace_path_match	path	line	compilation_unit	module	lint_tag	signature	noexcept	parent_id	owner_type	trivial_destructor	linkage	seen_in_tu_count
decl:c:@F@ALTREP	external_function	ALTREP	ALTREP				/usr/share/R/include/Rinternals.h	1152		external		int (struct SEXPREC *)	false				external	5
decl:c:@F@ANY_ATTRIB	external_function	ANY_ATTRIB	ANY_ATTRIB				/usr/share/R/include/Rinternals.h	266		external		int (struct SEXPREC *)	false				external	4
decl:c:@F@INTEGER	external_function	INTEGER	INTEGER				/usr/share/R/include/Rinternals.h	275		external		int *(struct SEXPREC *)	false				external	34
decl:c:@F@INTEGER_RO	external_function	INTEGER_RO	INTEGER_RO				/usr/share/R/include/Rinternals.h	280		external		const int *(struct SEXPREC *)	false				external	18
decl:c:@F@LENGTH	external_function	LENGTH	LENGTH				/usr/share/R/include/Rinternals.h	270		external		int (struct SEXPREC *)	false				external	67
decl:c:@F@LOGICAL	external_function	LOGICAL	LOGICAL				/usr/share/R/include/Rinternals.h	274		external		int *(struct SEXPREC *)	false				external	19
decl:c:@F@LOGICAL_RO	external_function	LOGICAL_RO	LOGICAL_RO				/usr/share/R/include/Rinternals.h	279		external		const int *(struct SEXPREC *)	false				external	21
decl:c:@F@NO_REFERENCES	external_function	NO_REFERENCES	NO_REFERENCES				/usr/share/R/include/Rinternals.h	249		external		int (struct SEXPREC *)	false				external	2
decl:c:@F@PRINTNAME	external_function	PRINTNAME	PRINTNAME				/usr/share/R/include/Rinternals.h	348		external		struct SEXPREC *(struct SEXPREC *)	false				external	2
decl:c:@F@RAW	external_function	RAW	RAW				/usr/share/R/include/Rinternals.h	276		external		unsigned char *(struct SEXPREC *)	false				external	2
decl:c:@F@REAL_RO	external_function	REAL_RO	REAL_RO				/usr/share/R/include/Rinternals.h	282		external		const double *(struct SEXPREC *)	false				external	2
decl:c:@F@R_CHAR	external_function	R_CHAR	R_CHAR				/usr/share/R/include/Rinternals.h	204		external		const char *(struct SEXPREC *)	false				external	57
decl:c:@F@R_ContinueUnwind	external_function	R_ContinueUnwind	R_ContinueUnwind				/usr/share/R/include/Rinternals.h	641		external		void (struct SEXPREC *) __attribute__((noreturn))	false				external	94
decl:c:@F@R_ExpandFileName	external_function	R_ExpandFileName	R_ExpandFileName				/usr/share/R/include/R_ext/Utils.h	87		external		const char *(const char *)	false				external	2
decl:c:@F@R_IsNA	external_function	R_IsNA	R_IsNA				/usr/share/R/include/R_ext/Arith.h	61		external		int (double)	false				external	2
decl:c:@F@R_MakeUnwindCont	external_function	R_MakeUnwindCont	R_MakeUnwindCont				/usr/share/R/include/Rinternals.h	640		external		struct SEXPREC *(void)	false				external	94
decl:c:@F@R_ProtectWithIndex	external_function	R_ProtectWithIndex	R_ProtectWithIndex				/usr/share/R/include/Rinternals.h	1119		external		void (struct SEXPREC *, int *)	false				external	94
decl:c:@F@R_Reprotect	external_function	R_Reprotect	R_Reprotect				/usr/share/R/include/Rinternals.h	1120		external		void (struct SEXPREC *, int)	false				external	94
decl:c:@F@R_alloc	external_function	R_alloc	R_alloc				/usr/share/R/include/R_ext/Memory.h	52		external		char *(unsigned long, int)	false				external	6
decl:c:@F@R_forceSymbols	external_function	R_forceSymbols	R_forceSymbols				/usr/share/R/include/R_ext/Rdynload.h	86		external		Rboolean (struct _DllInfo *, Rboolean)	false				external	1
decl:c:@F@R_registerRoutines	external_function	R_registerRoutines	R_registerRoutines				/usr/share/R/include/R_ext/Rdynload.h	80		external		int (struct _DllInfo *, const R_CMethodDef *, const R_CallMethodDef *, const R_CMethodDef *, const R_CallMethodDef *)	false				external	1
decl:c:@F@R_tryCatchError	external_function	R_tryCatchError	R_tryCatchError				/usr/share/R/include/Rinternals.h	636		external		struct SEXPREC *(struct SEXPREC *(*)(void *), void *, struct SEXPREC *(*)(struct SEXPREC *, void *), void *)	false				external	2
decl:c:@F@R_useDynamicSymbols	external_function	R_useDynamicSymbols	R_useDynamicSymbols				/usr/share/R/include/R_ext/Rdynload.h	85		external		Rboolean (struct _DllInfo *, Rboolean)	false				external	1
decl:c:@F@Rf_ScalarInteger	external_function	Rf_ScalarInteger	Rf_ScalarInteger				/usr/share/R/include/Rinternals.h	1107		external		struct SEXPREC *(int)	false				external	2
decl:c:@F@Rf_ScalarLogical	external_function	Rf_ScalarLogical	Rf_ScalarLogical				/usr/share/R/include/Rinternals.h	1108		external		struct SEXPREC *(int)	false				external	3
decl:c:@F@Rf_ScalarString	external_function	Rf_ScalarString	Rf_ScalarString				/usr/share/R/include/Rinternals.h	1111		external		struct SEXPREC *(struct SEXPREC *)	false				external	2
decl:c:@F@Rf_allocMatrix	external_function	Rf_allocMatrix	Rf_allocMatrix				/usr/share/R/include/Rinternals.h	471		external		struct SEXPREC *(unsigned int, int, int)	false				external	18
decl:c:@F@Rf_allocVector	external_function	Rf_allocVector	Rf_allocVector				/usr/share/R/include/Rinternals.h	1063		external		struct SEXPREC *(unsigned int, long)	false				external	84
decl:c:@F@Rf_asInteger	external_function	Rf_asInteger	Rf_asInteger				/usr/share/R/include/Rinternals.h	452		external		int (struct SEXPREC *)	false				external	2
decl:c:@F@Rf_charIsASCII	external_function	Rf_charIsASCII	Rf_charIsASCII				/usr/share/R/include/Rinternals.h	582		external		Rboolean (struct SEXPREC *)	false				external	45
decl:c:@F@Rf_coerceVector	external_function	Rf_coerceVector	Rf_coerceVector				/usr/share/R/include/Rinternals.h	447		external		struct SEXPREC *(struct SEXPREC *, unsigned int)	false				external	2
decl:c:@F@Rf_error	external_function	Rf_error	Rf_error				/usr/share/R/include/R_ext/Error.h	58		external		void (const char *, ...)	false				external	106
decl:c:@F@Rf_eval	external_function	Rf_eval	Rf_eval				/usr/share/R/include/Rinternals.h	493		external		struct SEXPREC *(struct SEXPREC *, struct SEXPREC *)	false				external	2
decl:c:@F@Rf_getAttrib	external_function	Rf_getAttrib	Rf_getAttrib				/usr/share/R/include/Rinternals.h	499		external		struct SEXPREC *(struct SEXPREC *, struct SEXPREC *)	false				external	12
decl:c:@F@Rf_getCharCE	external_function	Rf_getCharCE	Rf_getCharCE				/usr/share/R/include/Rinternals.h	581		external		cetype_t (struct SEXPREC *)	false				external	48
decl:c:@F@Rf_install	external_function	Rf_install	Rf_install				/usr/share/R/include/Rinternals.h	508		external		struct SEXPREC *(const char *)	false				external	4
decl:c:@F@Rf_isFactor	external_function	Rf_isFactor	Rf_isFactor				/usr/share/R/include/Rinternals.h	1069		external		Rboolean (struct SEXPREC *)	false				external	2
decl:c:@F@Rf_isInteger	external_function	Rf_isInteger	Rf_isInteger				/usr/share/R/include/Rinternals.h	1071		external		Rboolean (struct SEXPREC *)	false				external	4
decl:c:@F@Rf_isLogical	external_function	Rf_isLogical	Rf_isLogical				/usr/share/R/include/Rinternals.h	209		external		Rboolean (struct SEXPREC *)	false				external	2
decl:c:@F@Rf_isMatrix	external_function	Rf_isMatrix	Rf_isMatrix				/usr/share/R/include/Rinternals.h	1074		external		Rboolean (struct SEXPREC *)	false				external	2
decl:c:@F@Rf_isNull	external_function	Rf_isNull	Rf_isNull				/usr/share/R/include/Rinternals.h	207		external		Rboolean (struct SEXPREC *)	false				external	18
decl:c:@F@Rf_isObject	external_function	Rf_isObject	Rf_isObject				/usr/share/R/include/Rinternals.h	215		external		Rboolean (struct SEXPREC *)	false				external	4
decl:c:@F@Rf_isReal	external_function	Rf_isReal	Rf_isReal				/usr/share/R/include/Rinternals.h	210		external		Rboolean (struct SEXPREC *)	false				external	2
decl:c:@F@Rf_isString	external_function	Rf_isString	Rf_isString				/usr/share/R/include/Rinternals.h	214		external		Rboolean (struct SEXPREC *)	false				external	4
decl:c:@F@Rf_isSymbol	external_function	Rf_isSymbol	Rf_isSymbol				/usr/share/R/include/Rinternals.h	208		external		Rboolean (struct SEXPREC *)	false				external	2
decl:c:@F@Rf_isVectorAtomic	external_function	Rf_isVectorAtomic	Rf_isVectorAtomic				/usr/share/R/include/Rinternals.h	1083		external		Rboolean (struct SEXPREC *)	false				external	4
decl:c:@F@Rf_isVectorList	external_function	Rf_isVectorList	Rf_isVectorList				/usr/share/R/include/Rinternals.h	1084		external		Rboolean (struct SEXPREC *)	false				external	14
decl:c:@F@Rf_lang2	external_function	Rf_lang2	Rf_lang2				/usr/share/R/include/Rinternals.h	1087		external		struct SEXPREC *(struct SEXPREC *, struct SEXPREC *)	false				external	2
decl:c:@F@Rf_mkChar	external_function	Rf_mkChar	Rf_mkChar				/usr/share/R/include/Rinternals.h	524		external		struct SEXPREC *(const char *)	false				external	3
decl:c:@F@Rf_mkCharLenCE	external_function	Rf_mkCharLenCE	Rf_mkCharLenCE				/usr/share/R/include/Rinternals.h	586		external		struct SEXPREC *(const char *, int, cetype_t)	false				external	34
decl:c:@F@Rf_mkString	external_function	Rf_mkString	Rf_mkString				/usr/share/R/include/Rinternals.h	1103		external		struct SEXPREC *(const char *)	false				external	1
decl:c:@F@Rf_protect	external_function	Rf_protect	Rf_protect				/usr/share/R/include/Rinternals.h	1117		external		struct SEXPREC *(struct SEXPREC *)	false				external	108
decl:c:@F@Rf_setAttrib	external_function	Rf_setAttrib	Rf_setAttrib				/usr/share/R/include/Rinternals.h	536		external		struct SEXPREC *(struct SEXPREC *, struct SEXPREC *, struct SEXPREC *)	false				external	17
decl:c:@F@Rf_translateChar	external_function	Rf_translateChar	Rf_translateChar				/usr/share/R/include/Rinternals.h	542		external		const char *(struct SEXPREC *)	false				external	2
decl:c:@F@Rf_translateCharUTF8	external_function	Rf_translateCharUTF8	Rf_translateCharUTF8				/usr/share/R/include/Rinternals.h	543		external		const char *(struct SEXPREC *)	false				external	4
decl:c:@F@Rf_unprotect	external_function	Rf_unprotect	Rf_unprotect				/usr/share/R/include/Rinternals.h	1118		external		void (int)	false				external	108
decl:c:@F@Rf_warning	external_function	Rf_warning	Rf_warning				/usr/share/R/include/R_ext/Error.h	73		external		void (const char *, ...)	false				external	94
decl:c:@F@Riconv	external_function	Riconv	Riconv				/usr/share/R/include/R_ext/Riconv.h	42		external		unsigned long (void *, const char **, unsigned long *, char **, unsigned long *)	false				external	1
decl:c:@F@Riconv_close	external_function	Riconv_close	Riconv_close				/usr/share/R/include/R_ext/Riconv.h	44		external		int (void *)	false				external	1
decl:c:@F@Riconv_open	external_function	Riconv_open	Riconv_open				/usr/share/R/include/R_ext/Riconv.h	41		external		void *(const char *, const char *)	false				external	1
decl:c:@F@SETCAR	external_function	SETCAR	SETCAR				/usr/share/R/include/Rinternals.h	325		external		struct SEXPREC *(struct SEXPREC *, struct SEXPREC *)	false				external	94
decl:c:@F@SET_STRING_ELT	external_function	SET_STRING_ELT	SET_STRING_ELT				/usr/share/R/include/Rinternals.h	286		external		void (struct SEXPREC *, long, struct SEXPREC *)	false				external	39
decl:c:@F@SET_VECTOR_ELT	external_function	SET_VECTOR_ELT	SET_VECTOR_ELT				/usr/share/R/include/Rinternals.h	287		external		struct SEXPREC *(struct SEXPREC *, long, struct SEXPREC *)	false				external	43
decl:c:@F@STRING_ELT	external_function	STRING_ELT	STRING_ELT				/usr/share/R/include/Rinternals.h	1135		external		struct SEXPREC *(struct SEXPREC *, long)	false				external	36
decl:c:@F@STRING_PTR_RO	external_function	STRING_PTR_RO	STRING_PTR_RO				/usr/share/R/include/Rinternals.h	288		external		struct SEXPREC *const *(struct SEXPREC *)	false				external	43
decl:c:@F@TYPEOF	external_function	TYPEOF	TYPEOF				/usr/share/R/include/Rinternals.h	261		external		int (struct SEXPREC *)	false				external	6
decl:c:@F@UCNV_FROM_U_CALLBACK_SUBSTITUTE_78	external_function	UCNV_FROM_U_CALLBACK_SUBSTITUTE_78	UCNV_FROM_U_CALLBACK_SUBSTITUTE_78				/usr/include/unicode/ucnv_err.h	317		external		void (const void *, UConverterFromUnicodeArgs *, const char16_t *, int, int, UConverterCallbackReason, enum UErrorCode *)	false				external	2
decl:c:@F@UCNV_TO_U_CALLBACK_SUBSTITUTE_78	external_function	UCNV_TO_U_CALLBACK_SUBSTITUTE_78	UCNV_TO_U_CALLBACK_SUBSTITUTE_78				/usr/include/unicode/ucnv_err.h	427		external		void (const void *, UConverterToUnicodeArgs *, const char *, int, UConverterCallbackReason, enum UErrorCode *)	false				external	2
decl:c:@F@U_FAILURE#$@E@UErrorCode#	external_function	U_FAILURE	U_FAILURE				/usr/include/unicode/utypes.h	816		external		signed char (enum UErrorCode)	false				internal	77
decl:c:@F@U_SUCCESS#$@E@UErrorCode#	external_function	U_SUCCESS	U_SUCCESS				/usr/include/unicode/utypes.h	810		external		signed char (enum UErrorCode)	false				internal	21
decl:c:@F@VECTOR_ELT	external_function	VECTOR_ELT	VECTOR_ELT				/usr/share/R/include/Rinternals.h	285		external		struct SEXPREC *(struct SEXPREC *, long)	false				external	27
decl:c:@F@XLENGTH	external_function	XLENGTH	XLENGTH				/usr/share/R/include/Rinternals.h	271		external		long (struct SEXPREC *)	false				external	46
decl:c:@F@__errno_location	external_function	__errno_location	__errno_location				/usr/include/errno.h	37		external		int *(void) noexcept	true				external	2
decl:c:@F@_setjmp	external_function	_setjmp	_setjmp				/usr/include/setjmp.h	49		external		int (struct __jmp_buf_tag *) noexcept	true				external	94
decl:c:@F@fclose	external_function	fclose	fclose				/usr/include/stdio.h	191		external		int (struct _IO_FILE *)	false				external	1
decl:c:@F@fopen	external_function	fopen	fopen				/usr/include/stdio.h	271		external		struct _IO_FILE *(const char *, const char *)	false				external	1
decl:c:@F@fread#*v#l#l#*$@S@_IO_FILE#	external_function	fread	fread				/usr/include/x86_64-linux-gnu/bits/stdio2.h	322		external		unsigned long (void *, unsigned long, unsigned long, struct _IO_FILE *)	false				external	1
decl:c:@F@free	external_function	free	free				/usr/include/stdlib.h	691		external		void (void *) noexcept	true				external	6
decl:c:@F@fseek	external_function	fseek	fseek				/usr/include/stdio.h	773		external		int (struct _IO_FILE *, long, int)	false				external	1
decl:c:@F@ftell	external_function	ftell	ftell				/usr/include/stdio.h	779		external		long (struct _IO_FILE *)	false				external	1
decl:c:@F@longjmp	external_function	longjmp	longjmp				/usr/include/setjmp.h	58		external		void (struct __jmp_buf_tag *, int) __attribute__((noreturn)) noexcept	true				external	94
decl:c:@F@make_strview#*1C#I#$@S@cetype_ext_t#	external_function	make_strview	make_strview				charport/include/charport/interop/types.h	148		external		struct charport_strview (const char *, int, struct cetype_ext_t) noexcept	true				external	5
decl:c:@F@malloc	external_function	malloc	malloc				/usr/include/stdlib.h	676		external		void *(unsigned long) noexcept	true				external	6
decl:c:@F@memchr#*1v#I#l#	external_function	memchr	memchr				/usr/include/string.h	111		external		const void *(const void *, int, unsigned long) noexcept	true				external	20
decl:c:@F@memcmp	external_function	memcmp	memcmp				/usr/include/string.h	75		external		int (const void *, const void *, unsigned long) noexcept	true				external	22
decl:c:@F@memcpy	external_function	memcpy	memcpy				/usr/include/x86_64-linux-gnu/bits/string_fortified.h	26		external		void *(void *, const void *, unsigned long) noexcept	true				external	30
decl:c:@F@memset	external_function	memset	memset				/usr/include/x86_64-linux-gnu/bits/string_fortified.h	57		external		void *(void *, int, unsigned long) noexcept	true				external	2
decl:c:@F@pow	external_function	pow	pow				/usr/include/x86_64-linux-gnu/bits/mathcalls.h	177		external		double (double, double) noexcept	true				external	1
decl:c:@F@realloc	external_function	realloc	realloc				/usr/include/stdlib.h	687		external		void *(void *, unsigned long) noexcept	true				external	6
decl:c:@F@rewind	external_function	rewind	rewind				/usr/include/stdio.h	784		external		void (struct _IO_FILE *)	false				external	1
decl:c:@F@snprintf#*C#l#*1C.#	external_function	snprintf	snprintf				/usr/include/x86_64-linux-gnu/bits/stdio2.h	75		external		int (char *, unsigned long, const char *, ...) noexcept	true				internal	111
decl:c:@F@stat	external_function	stat	stat				/usr/include/x86_64-linux-gnu/sys/stat.h	205		external		int (const char *, struct stat *) noexcept	true				external	1
decl:c:@F@strcmp	external_function	strcmp	strcmp				/usr/include/string.h	171		external		int (const char *, const char *) noexcept	true				external	19
decl:c:@F@strerror	external_function	strerror	strerror				/usr/include/string.h	451		external		char *(int) noexcept	true				external	3
decl:c:@F@strlen	external_function	strlen	strlen				/usr/include/string.h	439		external		unsigned long (const char *) noexcept	true				external	6
decl:c:@F@u_charType_78	external_function	u_charType_78	u_charType_78				/usr/include/unicode/uchar.h	3646		external		signed char (int)	false				external	3
decl:c:@F@u_errorName_78	external_function	u_errorName_78	u_errorName_78				/usr/include/unicode/utypes.h	837		external		const char *(enum UErrorCode)	false				external	110
decl:c:@F@u_getDataVersion_78	external_function	u_getDataVersion_78	u_getDataVersion_78				/usr/include/unicode/icudataver.h	41		external		void (unsigned char *, enum UErrorCode *)	false				external	1
decl:c:@F@u_getIntPropertyValue_78	external_function	u_getIntPropertyValue_78	u_getIntPropertyValue_78				/usr/include/unicode/uchar.h	3049		external		int (int, enum UProperty)	false				external	3
decl:c:@F@u_getUnicodeVersion_78	external_function	u_getUnicodeVersion_78	u_getUnicodeVersion_78				/usr/include/unicode/uchar.h	4388		external		void (unsigned char *)	false				external	1
decl:c:@F@u_getVersion_78	external_function	u_getVersion_78	u_getVersion_78				/usr/include/unicode/uversion.h	244		external		void (unsigned char *)	false				external	1
decl:c:@F@u_hasBinaryProperty_78	external_function	u_hasBinaryProperty_78	u_hasBinaryProperty_78				/usr/include/unicode/uchar.h	2897		external		signed char (int, enum UProperty)	false				external	3
decl:c:@F@u_init_78	external_function	u_init_78	u_init_78				/usr/include/unicode/uclean.h	53		external		void (enum UErrorCode *)	false				external	1
decl:c:@F@u_strFromUTF8WithSub_78	external_function	u_strFromUTF8WithSub_78	u_strFromUTF8WithSub_78				/usr/include/unicode/ustring.h	1378		external		char16_t *(char16_t *, int, int *, const char *, int, int, int *, enum UErrorCode *)	false				external	1
decl:c:@F@u_strToUTF8_78	external_function	u_strToUTF8_78	u_strToUTF8_78				/usr/include/unicode/ustring.h	1260		external		char *(char *, int, int *, const char16_t *, int, enum UErrorCode *)	false				external	18
decl:c:@F@u_toupper_78	external_function	u_toupper_78	u_toupper_78				/usr/include/unicode/uchar.h	4235		external		int (int)	false				external	1
decl:c:@F@u_versionToString_78	external_function	u_versionToString_78	u_versionToString_78				/usr/include/unicode/uversion.h	233		external		void (const unsigned char *, char *)	false				external	1
decl:c:@F@ubrk_close_78	external_function	ubrk_close_78	ubrk_close_78				/usr/include/unicode/ubrk.h	357		external		void (struct UBreakIterator *)	false				external	2
decl:c:@F@ubrk_first_78	external_function	ubrk_first_78	ubrk_first_78				/usr/include/unicode/ubrk.h	464		external		int (struct UBreakIterator *)	false				external	14
decl:c:@F@ubrk_getLocaleByType_78	external_function	ubrk_getLocaleByType_78	ubrk_getLocaleByType_78				/usr/include/unicode/ubrk.h	582		external		const char *(const struct UBreakIterator *, ULocDataLocaleType, enum UErrorCode *)	false				external	2
decl:c:@F@ubrk_getRuleStatus_78	external_function	ubrk_getRuleStatus_78	ubrk_getRuleStatus_78				/usr/include/unicode/ubrk.h	550		external		int (struct UBreakIterator *)	false				external	14
decl:c:@F@ubrk_last_78	external_function	ubrk_last_78	ubrk_last_78				/usr/include/unicode/ubrk.h	476		external		int (struct UBreakIterator *)	false				external	14
decl:c:@F@ubrk_next_78	external_function	ubrk_next_78	ubrk_next_78				/usr/include/unicode/ubrk.h	442		external		int (struct UBreakIterator *)	false				external	14
decl:c:@F@ubrk_openRules_78	external_function	ubrk_openRules_78	ubrk_openRules_78				/usr/include/unicode/ubrk.h	267		external		struct UBreakIterator *(const char16_t *, int, const char16_t *, int, struct UParseError *, enum UErrorCode *)	false				external	2
decl:c:@F@ubrk_open_78	external_function	ubrk_open_78	ubrk_open_78				/usr/include/unicode/ubrk.h	245		external		struct UBreakIterator *(enum UBreakIteratorType, const char *, const char16_t *, int, enum UErrorCode *)	false				external	2
decl:c:@F@ubrk_previous_78	external_function	ubrk_previous_78	ubrk_previous_78				/usr/include/unicode/ubrk.h	454		external		int (struct UBreakIterator *)	false				external	14
decl:c:@F@ubrk_setUText_78	external_function	ubrk_setUText_78	ubrk_setUText_78				/usr/include/unicode/ubrk.h	415		external		void (struct UBreakIterator *, struct UText *, enum UErrorCode *)	false				external	14
decl:c:@F@ucasemap_close_78	external_function	ucasemap_close_78	ucasemap_close_78				/usr/include/unicode/ucasemap.h	84		external		void (struct UCaseMap *)	false				external	2
decl:c:@F@ucasemap_getLocale_78	external_function	ucasemap_getLocale_78	ucasemap_getLocale_78				/usr/include/unicode/ucasemap.h	112		external		const char *(const struct UCaseMap *)	false				external	2
decl:c:@F@ucasemap_open_78	external_function	ucasemap_open_78	ucasemap_open_78				/usr/include/unicode/ucasemap.h	76		external		struct UCaseMap *(const char *, unsigned int, enum UErrorCode *)	false				external	2
decl:c:@F@ucasemap_setBreakIterator_78	external_function	ucasemap_setBreakIterator_78	ucasemap_setBreakIterator_78				/usr/include/unicode/ucasemap.h	184		external		void (struct UCaseMap *, struct UBreakIterator *, enum UErrorCode *)	false				external	1
decl:c:@F@ucasemap_utf8ToLower_78	external_function	ucasemap_utf8ToLower_78	ucasemap_utf8ToLower_78				/usr/include/unicode/ucasemap.h	264		external		int (const struct UCaseMap *, char *, int, const char *, int, enum UErrorCode *)	false				external	1
decl:c:@F@ucasemap_utf8ToTitle_78	external_function	ucasemap_utf8ToTitle_78	ucasemap_utf8ToTitle_78				/usr/include/unicode/ucasemap.h	345		external		int (struct UCaseMap *, char *, int, const char *, int, enum UErrorCode *)	false				external	1
decl:c:@F@ucasemap_utf8ToUpper_78	external_function	ucasemap_utf8ToUpper_78	ucasemap_utf8ToUpper_78				/usr/include/unicode/ucasemap.h	293		external		int (const struct UCaseMap *, char *, int, const char *, int, enum UErrorCode *)	false				external	1
decl:c:@F@ucnv_close_78	external_function	ucnv_close_78	ucnv_close_78				/usr/include/unicode/ucnv.h	582		external		void (struct UConverter *)	false				external	5
decl:c:@F@ucnv_compareNames_78	external_function	ucnv_compareNames_78	ucnv_compareNames_78				/usr/include/unicode/ucnv.h	314		external		int (const char *, const char *)	false				external	2
decl:c:@F@ucnv_convertEx_78	external_function	ucnv_convertEx_78	ucnv_convertEx_78				/usr/include/unicode/ucnv.h	1513		external		void (struct UConverter *, struct UConverter *, char **, const char *, const char **, const char *, char16_t *, char16_t **, char16_t **, const char16_t *, signed char, signed char, enum UErrorCode *)	false				external	2
decl:c:@F@ucnv_countStandards_78	external_function	ucnv_countStandards_78	ucnv_countStandards_78				/usr/include/unicode/ucnv.h	1815		external		unsigned short (void)	false				external	1
decl:c:@F@ucnv_fromUChars_78	external_function	ucnv_fromUChars_78	ucnv_fromUChars_78				/usr/include/unicode/ucnv.h	1261		external		int (struct UConverter *, char *, int, const char16_t *, int, enum UErrorCode *)	false				external	3
decl:c:@F@ucnv_getMaxCharSize_78	external_function	ucnv_getMaxCharSize_78	ucnv_getMaxCharSize_78				/usr/include/unicode/ucnv.h	805		external		signed char (const struct UConverter *)	false				external	3
decl:c:@F@ucnv_getMinCharSize_78	external_function	ucnv_getMinCharSize_78	ucnv_getMinCharSize_78				/usr/include/unicode/ucnv.h	838		external		signed char (const struct UConverter *)	false				external	1
decl:c:@F@ucnv_getName_78	external_function	ucnv_getName_78	ucnv_getName_78				/usr/include/unicode/ucnv.h	872		external		const char *(const struct UConverter *, enum UErrorCode *)	false				external	5
decl:c:@F@ucnv_getNextUChar_78	external_function	ucnv_getNextUChar_78	ucnv_getNextUChar_78				/usr/include/unicode/ucnv.h	1369		external		int (struct UConverter *, const char **, const char *, enum UErrorCode *)	false				external	1
decl:c:@F@ucnv_getStandardName_78	external_function	ucnv_getStandardName_78	ucnv_getStandardName_78				/usr/include/unicode/ucnv.h	1847		external		const char *(const char *, const char *, enum UErrorCode *)	false				external	1
decl:c:@F@ucnv_getStandard_78	external_function	ucnv_getStandard_78	ucnv_getStandard_78				/usr/include/unicode/ucnv.h	1825		external		const char *(unsigned short, enum UErrorCode *)	false				external	1
decl:c:@F@ucnv_open_78	external_function	ucnv_open_78	ucnv_open_78				/usr/include/unicode/ucnv.h	366		external		struct UConverter *(const char *, enum UErrorCode *)	false				external	3
decl:c:@F@ucnv_resetFromUnicode_78	external_function	ucnv_resetFromUnicode_78	ucnv_resetFromUnicode_78				/usr/include/unicode/ucnv.h	752		external		void (struct UConverter *)	false				external	2
decl:c:@F@ucnv_reset_78	external_function	ucnv_reset_78	ucnv_reset_78				/usr/include/unicode/ucnv.h	730		external		void (struct UConverter *)	false				external	1
decl:c:@F@ucnv_setFromUCallBack_78	external_function	ucnv_setFromUCallBack_78	ucnv_setFromUCallBack_78				/usr/include/unicode/ucnv.h	1089		external		void (struct UConverter *, void (*)(const void *, UConverterFromUnicodeArgs *, const char16_t *, int, int, UConverterCallbackReason, enum UErrorCode *), const void *, void (**)(const void *, UConverterFromUnicodeArgs *, const char16_t *, int, int, UConverterCallbackReason, enum UErrorCode *), const void **, enum UErrorCode *)	false				external	2
decl:c:@F@ucnv_setToUCallBack_78	external_function	ucnv_setToUCallBack_78	ucnv_setToUCallBack_78				/usr/include/unicode/ucnv.h	1066		external		void (struct UConverter *, void (*)(const void *, UConverterToUnicodeArgs *, const char *, int, UConverterCallbackReason, enum UErrorCode *), const void *, void (**)(const void *, UConverterToUnicodeArgs *, const char *, int, UConverterCallbackReason, enum UErrorCode *), const void **, enum UErrorCode *)	false				external	2
decl:c:@F@ucol_close_78	external_function	ucol_close_78	ucol_close_78				/usr/include/unicode/ucol.h	540		external		void (struct UCollator *)	false				external	1
decl:c:@F@ucol_getLocaleByType_78	external_function	ucol_getLocaleByType_78	ucol_getLocaleByType_78				/usr/include/unicode/ucol.h	1427		external		const char *(const struct UCollator *, ULocDataLocaleType, enum UErrorCode *)	false				external	1
decl:c:@F@ucol_open_78	external_function	ucol_open_78	ucol_open_78				/usr/include/unicode/ucol.h	415		external		struct UCollator *(const char *, enum UErrorCode *)	false				external	1
decl:c:@F@ucol_setAttribute_78	external_function	ucol_setAttribute_78	ucol_setAttribute_78				/usr/include/unicode/ucol.h	1220		external		void (struct UCollator *, UColAttribute, UColAttributeValue, enum UErrorCode *)	false				external	1
decl:c:@F@ucol_strcollUTF8_78	external_function	ucol_strcollUTF8_78	ucol_strcollUTF8_78				/usr/include/unicode/ucol.h	602		external		UCollationResult (const struct UCollator *, const char *, int, const char *, int, enum UErrorCode *)	false				external	3
decl:c:@F@uloc_canonicalize_78	external_function	uloc_canonicalize_78	uloc_canonicalize_78				/usr/include/unicode/uloc.h	528		external		int (const char *, char *, int, enum UErrorCode *)	false				external	2
decl:c:@F@uloc_getDefault_78	external_function	uloc_getDefault_78	uloc_getDefault_78				/usr/include/unicode/uloc.h	375		external		const char *(void)	false				external	3
decl:c:@F@usearch_close_78	external_function	usearch_close_78	usearch_close_78				/usr/include/unicode/usearch.h	361		external		void (struct UStringSearch *)	false				external	1
decl:c:@F@usearch_first_78	external_function	usearch_first_78	usearch_first_78				/usr/include/unicode/usearch.h	660		external		int (struct UStringSearch *, enum UErrorCode *)	false				external	1
decl:c:@F@usearch_getMatchedLength_78	external_function	usearch_getMatchedLength_78	usearch_getMatchedLength_78				/usr/include/unicode/usearch.h	480		external		int (const struct UStringSearch *)	false				external	1
decl:c:@F@usearch_last_78	external_function	usearch_last_78	usearch_last_78				/usr/include/unicode/usearch.h	703		external		int (struct UStringSearch *, enum UErrorCode *)	false				external	1
decl:c:@F@usearch_next_78	external_function	usearch_next_78	usearch_next_78				/usr/include/unicode/usearch.h	752		external		int (struct UStringSearch *, enum UErrorCode *)	false				external	1
decl:c:@F@usearch_openFromCollator_78	external_function	usearch_openFromCollator_78	usearch_openFromCollator_78				/usr/include/unicode/usearch.h	346		external		struct UStringSearch *(const char16_t *, int, const char16_t *, int, const struct UCollator *, struct UBreakIterator *, enum UErrorCode *)	false				external	1
decl:c:@F@usearch_setPattern_78	external_function	usearch_setPattern_78	usearch_setPattern_78				/usr/include/unicode/usearch.h	626		external		void (struct UStringSearch *, const char16_t *, int, enum UErrorCode *)	false				external	1
decl:c:@F@usearch_setText_78	external_function	usearch_setText_78	usearch_setText_78				/usr/include/unicode/usearch.h	567		external		void (struct UStringSearch *, const char16_t *, int, enum UErrorCode *)	false				external	1
decl:c:@F@utext_close_78	external_function	utext_close_78	utext_close_78				/usr/include/unicode/utext.h	184		external		struct UText *(struct UText *)	false				external	1
decl:c:@F@utext_next32From_78	external_function	utext_next32From_78	utext_next32From_78				/usr/include/unicode/utext.h	512		external		int (struct UText *, long)	false				external	1
decl:c:@F@utext_next32_78	external_function	utext_next32_78	utext_next32_78				/usr/include/unicode/utext.h	469		external		int (struct UText *)	false				external	1
decl:c:@F@utext_openUTF8_78	external_function	utext_openUTF8_78	utext_openUTF8_78				/usr/include/unicode/utext.h	208		external		struct UText *(struct UText *, const char *, long, enum UErrorCode *)	false				external	14
decl:c:@F@utf8_back1SafeBody_78	external_function	utf8_back1SafeBody_78	utf8_back1SafeBody_78				/usr/include/unicode/utf8.h	163		external		int (const unsigned char *, int, int)	false				external	4
decl:c:@F@utf8_prevCharSafeBody_78	external_function	utf8_prevCharSafeBody_78	utf8_prevCharSafeBody_78				/usr/include/unicode/utf8.h	151		external		int (const unsigned char *, int, int *, int, signed char)	false				external	6
decl:c:@F@vsnprintf#*C#l#*1C#*$@S@__va_list_tag#	external_function	vsnprintf	vsnprintf				/usr/include/x86_64-linux-gnu/bits/stdio2.h	93		external		int (char *, unsigned long, const char *, struct __va_list_tag *) noexcept	true				external	110
decl:c:@N@__gnu_cxx@FT@>2#T#Toperator!=#&1>@N@__gnu_cxx@ST>2#T#T@__normal_iterator2t0.0t0.1#S0_#b#	external_function	operator!=	__gnu_cxx::operator!=	__gnu_cxx			/usr/include/c++/15/bits/stl_iterator.h	1244		external		_Bool (const __normal_iterator<type-parameter-0-0, type-parameter-0-1> &, const __normal_iterator<type-parameter-0-0, type-parameter-0-1> &) noexcept	true				external	4
decl:c:@N@__gnu_cxx@ST>2#T#T@__normal_iterator@F@operator++#	external_method	operator++	__gnu_cxx::__normal_iterator::operator++	__gnu_cxx			/usr/include/c++/15/bits/stl_iterator.h	1101		external		__normal_iterator<_Iterator, _Container> &(void) noexcept	true				external	4
decl:c:@N@__gnu_cxx@ST>2#T#T@__normal_iterator@F@operator->#1	external_method	operator->	__gnu_cxx::__normal_iterator::operator->	__gnu_cxx			/usr/include/c++/15/bits/stl_iterator.h	1095		external		iterator_traits<type-parameter-0-0>::pointer (void) const noexcept	true				external	4
decl:c:@N@charport@F@check_abi#	external_function	check_abi	charport::check_abi	charport			charport/include/charport/interop/reader.h	406		external		_Bool (void)	false				external	1
decl:c:@N@charport@N@charvec@F@wrap#&&$@N@charport@N@charvec@S@Store#	external_function	wrap	charport::charvec::wrap	charport::charvec			charport/include/charport/charvec/builder.h	138		external		struct SEXPREC *(class charport::charvec::Store &&) noexcept	true				external	29
decl:c:@N@charport@N@charvec@N@components@F@empty_data#	external_function	empty_data	charport::charvec::components::empty_data	charport::charvec::components			charport/include/charport/charvec/store.h	19		external		const char *(void) noexcept	true				external	2
decl:c:@N@charport@N@charvec@N@components@F@na_record#	external_function	na_record	charport::charvec::components::na_record	charport::charvec::components			charport/include/charport/charvec/store.h	24		external		struct charport_strview (void) noexcept	true				external	1
decl:c:@N@charport@N@charvec@N@components@S@RecordTable@F@RecordTable#l#	external_constructor	RecordTable	charport::charvec::components::RecordTable::RecordTable	charport::charvec::components			charport/include/charport/charvec/store.h	145		external		void (unsigned long)	false				external	1
decl:c:@N@charport@N@charvec@N@components@S@RecordTable@F@operator=#&&$@N@charport@N@charvec@N@components@S@RecordTable#	external_method	operator=	charport::charvec::components::RecordTable::operator=	charport::charvec::components			charport/include/charport/charvec/store.h	181		external		struct charport::charvec::components::RecordTable &(struct charport::charvec::components::RecordTable &&) noexcept	true				external	1
decl:c:@N@charport@N@charvec@N@components@S@RecordTable@F@set#l#*1C#I#$@S@cetype_ext_t#	external_method	set	charport::charvec::components::RecordTable::set	charport::charvec::components			charport/include/charport/charvec/store.h	214		external		void (unsigned long, const char *, int, struct cetype_ext_t) noexcept	true				external	3
decl:c:@N@charport@N@charvec@N@components@S@RecordTable@F@view#l#1	external_method	view	charport::charvec::components::RecordTable::view	charport::charvec::components			charport/include/charport/charvec/store.h	207		external		struct charport_strview (unsigned long) const noexcept	true				external	1
decl:c:@N@charport@N@charvec@N@components@S@SliceChain@F@empty#1	external_method	empty	charport::charvec::components::SliceChain::empty	charport::charvec::components			charport/include/charport/charvec/store.h	83		external		_Bool (void) const noexcept	true				external	1
decl:c:@N@charport@N@charvec@N@components@S@SliceChain@F@front_data#	external_method	front_data	charport::charvec::components::SliceChain::front_data	charport::charvec::components			charport/include/charport/charvec/store.h	85		external		char *(void) noexcept	true				external	2
decl:c:@N@charport@N@charvec@N@components@S@SliceChain@F@push_front#l#	external_method	push_front	charport::charvec::components::SliceChain::push_front	charport::charvec::components			charport/include/charport/charvec/store.h	89		external		char *(unsigned long)	false				external	1
decl:c:@N@charport@N@charvec@S@Builder@F@Builder#L#	external_constructor	Builder	charport::charvec::Builder::Builder	charport::charvec			charport/include/charport/charvec/builder.h	160		external		void (long)	false				external	3
decl:c:@N@charport@N@charvec@S@Builder@F@release_store#	external_method	release_store	charport::charvec::Builder::release_store	charport::charvec			charport/include/charport/charvec/builder.h	202		external		class charport::charvec::Store (void) noexcept	true				external	29
decl:c:@N@charport@N@charvec@S@Builder@F@reserve#L#l#$@S@cetype_ext_t#	external_method	reserve	charport::charvec::Builder::reserve	charport::charvec			charport/include/charport/charvec/builder.h	197		external		char *(long, unsigned long, struct cetype_ext_t)	false				external	1
decl:c:@N@charport@N@charvec@S@Builder@F@reset#L#	external_method	reset	charport::charvec::Builder::reset	charport::charvec			charport/include/charport/charvec/builder.h	168		external		void (long)	false				external	31
decl:c:@N@charport@N@charvec@S@Builder@F@set#L#&1$@S@charport_strview#	external_method	set	charport::charvec::Builder::set	charport::charvec			charport/include/charport/charvec/builder.h	184		external		void (long, const struct charport_strview &)	false				external	31
decl:c:@N@charport@N@charvec@S@Builder@F@set#L#*1C#l#$@S@cetype_ext_t#	external_method	set	charport::charvec::Builder::set	charport::charvec			charport/include/charport/charvec/builder.h	174		external		void (long, const char *, unsigned long, struct cetype_ext_t)	false				external	2
decl:c:@N@charport@N@charvec@S@Builder@F@set_na#L#	external_method	set_na	charport::charvec::Builder::set_na	charport::charvec			charport/include/charport/charvec/builder.h	192		external		void (long)	false				external	30
decl:c:@N@charport@N@charvec@S@Builder@F@to_sexp#	external_method	to_sexp	charport::charvec::Builder::to_sexp	charport::charvec			charport/include/charport/charvec/builder.h	208		external		struct SEXPREC *(void) noexcept	true				external	3
decl:c:@N@charport@N@charvec@S@GrowableBuilder@F@append#&1$@S@charport_strview#	external_method	append	charport::charvec::GrowableBuilder::append	charport::charvec			charport/include/charport/charvec/builder.h	333		external		void (const struct charport_strview &)	false				external	1
decl:c:@N@charport@N@charvec@S@GrowableBuilder@F@append#*1C#l#$@S@cetype_ext_t#	external_method	append	charport::charvec::GrowableBuilder::append	charport::charvec			charport/include/charport/charvec/builder.h	341		external		void (const char *, unsigned long, struct cetype_ext_t)	false				external	3
decl:c:@N@charport@N@charvec@S@GrowableBuilder@F@append_reserve#l#$@S@cetype_ext_t#	external_method	append_reserve	charport::charvec::GrowableBuilder::append_reserve	charport::charvec			charport/include/charport/charvec/builder.h	353		external		char *(unsigned long, struct cetype_ext_t)	false				external	1
decl:c:@N@charport@N@charvec@S@GrowableBuilder@F@release_store#	external_method	release_store	charport::charvec::GrowableBuilder::release_store	charport::charvec			charport/include/charport/charvec/builder.h	376		external		class charport::charvec::Store (void) noexcept	true				external	1
decl:c:@N@charport@N@charvec@S@GrowableBuilder@F@size#1	external_method	size	charport::charvec::GrowableBuilder::size	charport::charvec			charport/include/charport/charvec/builder.h	372		external		unsigned long (void) const noexcept	true				external	1
decl:c:@N@charport@N@charvec@S@GrowableBuilder@F@to_sexp#	external_method	to_sexp	charport::charvec::GrowableBuilder::to_sexp	charport::charvec			charport/include/charport/charvec/builder.h	382		external		struct SEXPREC *(void) noexcept	true				external	1
decl:c:@N@charport@N@charvec@S@Store@F@Store#	external_constructor	Store	charport::charvec::Store::Store	charport::charvec			charport/include/charport/charvec/store.h	290		external		void (void) noexcept	true				external	3
decl:c:@N@charport@N@charvec@S@Store@F@Store#l#l#	external_constructor	Store	charport::charvec::Store::Store	charport::charvec			charport/include/charport/charvec/store.h	292		external		void (unsigned long, unsigned long)	false				external	4
decl:c:@N@charport@N@charvec@S@Store@F@scalar#*1C#l#$@S@cetype_ext_t#S	external_method	scalar	charport::charvec::Store::scalar	charport::charvec			charport/include/charport/charvec/store.h	304		external		class charport::charvec::Store (const char *, unsigned long, struct cetype_ext_t)	false				external	7
decl:c:@N@charport@N@charvec@S@Store@F@size#1	external_method	size	charport::charvec::Store::size	charport::charvec			charport/include/charport/charvec/store.h	323		external		unsigned long (void) const noexcept	true				external	7
decl:c:@N@charport@N@charvec@S@Store@F@view#l#1	external_method	view	charport::charvec::Store::view	charport::charvec			charport/include/charport/charvec/store.h	324		external		struct charport_strview (unsigned long) const noexcept	true				external	8
decl:c:@N@charport@S@Reader@F@Reader#	external_constructor	Reader	charport::Reader::Reader	charport			charport/include/charport/interop/reader.h	491		external		void (void) noexcept	true				external	45
decl:c:@N@charport@S@Reader@F@operator=#&&$@N@charport@S@Reader#	external_method	operator=	charport::Reader::operator=	charport			charport/include/charport/interop/reader.h	502		external		class charport::Reader &(class charport::Reader &&) noexcept	true				external	1
decl:c:@N@charport@S@Reader@F@reset#*$@S@SEXPREC#	external_method	reset	charport::Reader::reset	charport			charport/include/charport/interop/reader.h	513		external		void (struct SEXPREC *)	false				external	45
decl:c:@N@charport@S@Reader@F@size#1	external_method	size	charport::Reader::size	charport			charport/include/charport/interop/reader.h	525		external		long (void) const noexcept	true				external	45
decl:c:@N@charport@S@Reader@F@view#L#1	external_method	view	charport::Reader::view	charport			charport/include/charport/interop/reader.h	549		external		struct charport_strview (long) const	false				external	2
decl:c:@N@charport@S@Reader@F@views#I#L#**1C#*I#*$@S@cetype_ext_t#1	external_method	views	charport::Reader::views	charport			charport/include/charport/interop/reader.h	569		external		void (int, long, const char **, int *, struct cetype_ext_t *) const	false				external	45
decl:c:@N@charport@S@StrViews@F@StrViews#L#	external_constructor	StrViews	charport::StrViews::StrViews	charport			charport/include/charport/interop/reader.h	451		external		void (long)	false				external	45
decl:c:@N@charport@S@StrViews@F@encodings#	external_method	encodings	charport::StrViews::encodings	charport			charport/include/charport/interop/reader.h	468		external		struct cetype_ext_t *(void) noexcept	true				external	45
decl:c:@N@charport@S@StrViews@F@lengths#	external_method	lengths	charport::StrViews::lengths	charport			charport/include/charport/interop/reader.h	467		external		int *(void) noexcept	true				external	45
decl:c:@N@charport@S@StrViews@F@operator[]#L#1	external_method	operator[]	charport::StrViews::operator[]	charport			charport/include/charport/interop/reader.h	473		external		struct charport_strview (long) const noexcept	true				external	44
decl:c:@N@charport@S@StrViews@F@ptrs#	external_method	ptrs	charport::StrViews::ptrs	charport			charport/include/charport/interop/reader.h	466		external		const char **(void) noexcept	true				external	45
decl:c:@N@charport@S@StrViews@F@ptrs#1	external_method	ptrs	charport::StrViews::ptrs	charport			charport/include/charport/interop/reader.h	469		external		const char *const *(void) const noexcept	true				external	6
decl:c:@N@charport@S@StrViews@F@resize#L#	external_method	resize	charport::StrViews::resize	charport			charport/include/charport/interop/reader.h	453		external		void (long)	false				external	44
decl:c:@N@charport@S@StrViews@F@size#1	external_method	size	charport::StrViews::size	charport			charport/include/charport/interop/reader.h	462		external		long (void) const noexcept	true				external	26
decl:c:@N@charr@N@altrep_backend@F@ci__length_string#*1C#I#I#	function	ci__length_string	charr::altrep_backend::ci__length_string	charr::altrep_backend	charr::altrep_backend	true	src/altrep_backend/ci_length.cpp	403	unit:src/altrep_backend/ci_length.cpp	altrep	cxx_helper	int (const char *, int, int)	false				external	2
decl:c:@N@charr@N@altrep_backend@F@ci__locate_set_dimnames_list#*$@S@SEXPREC#b#	function	ci__locate_set_dimnames_list	charr::altrep_backend::ci__locate_set_dimnames_list	charr::altrep_backend	charr::altrep_backend	true	src/altrep_backend/ci_search_common.cpp	72	unit:src/altrep_backend/ci_search_common.cpp	altrep	r_helper	void (struct SEXPREC *, _Bool) noexcept	true				external	5
decl:c:@N@charr@N@altrep_backend@F@ci__locate_set_dimnames_matrix#*$@S@SEXPREC#b#	function	ci__locate_set_dimnames_matrix	charr::altrep_backend::ci__locate_set_dimnames_matrix	charr::altrep_backend	charr::altrep_backend	true	src/altrep_backend/ci_search_common.cpp	46	unit:src/altrep_backend/ci_search_common.cpp	altrep	r_helper	void (struct SEXPREC *, _Bool) noexcept	true				external	5
decl:c:@N@charr@N@altrep_backend@F@ci__prepare_arg_double_1_notNA_r#*$@S@SEXPREC#*1C#	function	ci__prepare_arg_double_1_notNA_r	charr::altrep_backend::ci__prepare_arg_double_1_notNA_r	charr::altrep_backend	charr::altrep_backend	true	src/altrep_backend/ci_prepare_arg.cpp	568	unit:src/altrep_backend/ci_prepare_arg.cpp	altrep	r_helper	double (struct SEXPREC *, const char *) noexcept	true				external	2
decl:c:@N@charr@N@altrep_backend@F@ci__prepare_arg_enc_r#*$@S@SEXPREC#*1C#b#	function	ci__prepare_arg_enc_r	charr::altrep_backend::ci__prepare_arg_enc_r	charr::altrep_backend	charr::altrep_backend	true	src/altrep_backend/ci_prepare_arg.cpp	618	unit:src/altrep_backend/ci_prepare_arg.cpp	altrep	r_helper	const char *(struct SEXPREC *, const char *, _Bool) noexcept	true				external	3
decl:c:@N@charr@N@altrep_backend@F@ci__prepare_arg_integer_1_notNA_r#*$@S@SEXPREC#*1C#	function	ci__prepare_arg_integer_1_notNA_r	charr::altrep_backend::ci__prepare_arg_integer_1_notNA_r	charr::altrep_backend	charr::altrep_backend	true	src/altrep_backend/ci_prepare_arg.cpp	543	unit:src/altrep_backend/ci_prepare_arg.cpp	altrep	r_helper	int (struct SEXPREC *, const char *) noexcept	true				external	7
decl:c:@N@charr@N@altrep_backend@F@ci__prepare_arg_integer_r#*$@S@SEXPREC#*1C#b#b#	function	ci__prepare_arg_integer_r	charr::altrep_backend::ci__prepare_arg_integer_r	charr::altrep_backend	charr::altrep_backend	true	src/altrep_backend/ci_prepare_arg.cpp	369	unit:src/altrep_backend/ci_prepare_arg.cpp	altrep	r_helper	struct SEXPREC *(struct SEXPREC *, const char *, _Bool, _Bool) noexcept	true				external	10
decl:c:@N@charr@N@altrep_backend@F@ci__prepare_arg_list_r#*$@S@SEXPREC#*1C#	function	ci__prepare_arg_list_r	charr::altrep_backend::ci__prepare_arg_list_r	charr::altrep_backend	charr::altrep_backend	true	src/altrep_backend/ci_prepare_arg.cpp	251	unit:src/altrep_backend/ci_prepare_arg.cpp	altrep	r_helper	struct SEXPREC *(struct SEXPREC *, const char *) noexcept	true				external	2
decl:c:@N@charr@N@altrep_backend@F@ci__prepare_arg_list_raw_r#*$@S@SEXPREC#*1C#	function	ci__prepare_arg_list_raw_r	charr::altrep_backend::ci__prepare_arg_list_raw_r	charr::altrep_backend	charr::altrep_backend	true	src/altrep_backend/ci_prepare_arg.cpp	269	unit:src/altrep_backend/ci_prepare_arg.cpp	altrep	r_helper	struct SEXPREC *(struct SEXPREC *, const char *) noexcept	true				external	2
decl:c:@N@charr@N@altrep_backend@F@ci__prepare_arg_list_string_r#*$@S@SEXPREC#*1C#	function	ci__prepare_arg_list_string_r	charr::altrep_backend::ci__prepare_arg_list_string_r	charr::altrep_backend	charr::altrep_backend	true	src/altrep_backend/ci_prepare_arg.cpp	298	unit:src/altrep_backend/ci_prepare_arg.cpp	altrep	r_helper	struct SEXPREC *(struct SEXPREC *, const char *) noexcept	true				external	2
decl:c:@N@charr@N@altrep_backend@F@ci__prepare_arg_locale_r#*$@S@SEXPREC#*1C#b#b#	function	ci__prepare_arg_locale_r	charr::altrep_backend::ci__prepare_arg_locale_r	charr::altrep_backend	charr::altrep_backend	true	src/altrep_backend/ci_prepare_arg.cpp	593	unit:src/altrep_backend/ci_prepare_arg.cpp	altrep	r_helper	const char *(struct SEXPREC *, const char *, _Bool, _Bool) noexcept	true				external	6
decl:c:@N@charr@N@altrep_backend@F@ci__prepare_arg_logical_1_NA_r#*$@S@SEXPREC#*1C#	function	ci__prepare_arg_logical_1_NA_r	charr::altrep_backend::ci__prepare_arg_logical_1_NA_r	charr::altrep_backend	charr::altrep_backend	true	src/altrep_backend/ci_prepare_arg.cpp	531	unit:src/altrep_backend/ci_prepare_arg.cpp	altrep	r_helper	int (struct SEXPREC *, const char *) noexcept	true				external	2
decl:c:@N@charr@N@altrep_backend@F@ci__prepare_arg_logical_1_notNA_r#*$@S@SEXPREC#*1C#	function	ci__prepare_arg_logical_1_notNA_r	charr::altrep_backend::ci__prepare_arg_logical_1_notNA_r	charr::altrep_backend	charr::altrep_backend	true	src/altrep_backend/ci_prepare_arg.cpp	514	unit:src/altrep_backend/ci_prepare_arg.cpp	altrep	r_helper	_Bool (struct SEXPREC *, const char *) noexcept	true				external	36
decl:c:@N@charr@N@altrep_backend@F@ci__prepare_arg_logical_1_r#*$@S@SEXPREC#*1C#	function	ci__prepare_arg_logical_1_r	charr::altrep_backend::ci__prepare_arg_logical_1_r	charr::altrep_backend	charr::altrep_backend	true	src/altrep_backend/ci_prepare_arg.cpp	484	unit:src/altrep_backend/ci_prepare_arg.cpp	altrep	r_helper	struct SEXPREC *(struct SEXPREC *, const char *) noexcept	true				external	11
decl:c:@N@charr@N@altrep_backend@F@ci__prepare_arg_logical_r#*$@S@SEXPREC#*1C#b#	function	ci__prepare_arg_logical_r	charr::altrep_backend::ci__prepare_arg_logical_r	charr::altrep_backend	charr::altrep_backend	true	src/altrep_backend/ci_prepare_arg.cpp	417	unit:src/altrep_backend/ci_prepare_arg.cpp	altrep	r_helper	struct SEXPREC *(struct SEXPREC *, const char *, _Bool) noexcept	true				external	5
decl:c:@N@charr@N@altrep_backend@F@ci__prepare_arg_string_1_r#*$@S@SEXPREC#*1C#	function	ci__prepare_arg_string_1_r	charr::altrep_backend::ci__prepare_arg_string_1_r	charr::altrep_backend	charr::altrep_backend	true	src/altrep_backend/ci_prepare_arg.cpp	454	unit:src/altrep_backend/ci_prepare_arg.cpp	altrep	r_helper	struct SEXPREC *(struct SEXPREC *, const char *) noexcept	true				external	7
decl:c:@N@charr@N@altrep_backend@F@ci__prepare_arg_string_r#*$@S@SEXPREC#*1C#b#	function	ci__prepare_arg_string_r	charr::altrep_backend::ci__prepare_arg_string_r	charr::altrep_backend	charr::altrep_backend	true	src/altrep_backend/ci_prepare_arg.cpp	338	unit:src/altrep_backend/ci_prepare_arg.cpp	altrep	r_helper	struct SEXPREC *(struct SEXPREC *, const char *, _Bool) noexcept	true				external	47
decl:c:@N@charr@N@altrep_backend@F@ci__sub_all_plain_integer_scalar#*$@S@SEXPREC#&I#	function	ci__sub_all_plain_integer_scalar	charr::altrep_backend::ci__sub_all_plain_integer_scalar	charr::altrep_backend	charr::altrep_backend	true	src/altrep_backend/ci_sub.cpp	829	unit:src/altrep_backend/ci_sub.cpp	altrep	r_helper	_Bool (struct SEXPREC *, int &) noexcept	true				external	1
decl:c:@N@charr@N@altrep_backend@F@ci__sub_all_plain_list_scalar#*$@S@SEXPREC#I#&I#	function	ci__sub_all_plain_list_scalar	charr::altrep_backend::ci__sub_all_plain_list_scalar	charr::altrep_backend	charr::altrep_backend	true	src/altrep_backend/ci_sub.cpp	842	unit:src/altrep_backend/ci_sub.cpp	altrep	r_helper	_Bool (struct SEXPREC *, int, int &) noexcept	true				external	1
decl:c:@N@charr@N@altrep_backend@F@ci__sub_emit_replacement_warnings_r#&1$@N@std@S@vector>#$@N@charr@N@shared@N@substring@E@ReplacementWarning#$@N@std@S@allocator>#S2_#	function	ci__sub_emit_replacement_warnings_r	charr::altrep_backend::ci__sub_emit_replacement_warnings_r	charr::altrep_backend	charr::altrep_backend	true	src/altrep_backend/ci_sub.cpp	192	unit:src/altrep_backend/ci_sub.cpp	altrep	r_helper	void (const class std::vector<enum charr::shared::substring::ReplacementWarning> &) noexcept	true				external	1
decl:c:@N@charr@N@altrep_backend@F@ci__sub_matrix_has_too_many_columns_r#*$@S@SEXPREC#b#	function	ci__sub_matrix_has_too_many_columns_r	charr::altrep_backend::ci__sub_matrix_has_too_many_columns_r	charr::altrep_backend	charr::altrep_backend	true	src/altrep_backend/ci_sub.cpp	178	unit:src/altrep_backend/ci_sub.cpp	altrep	r_helper	_Bool (struct SEXPREC *, _Bool) noexcept	true				external	1
decl:c:@N@charr@N@altrep_backend@F@ci__sub_prepare_from_to_length_r#&*$@S@SEXPREC#S0_#S0_#&I#S3_#S3_#&*I#S4_#S4_#b#	function	ci__sub_prepare_from_to_length_r	charr::altrep_backend::ci__sub_prepare_from_to_length_r	charr::altrep_backend	charr::altrep_backend	true	src/altrep_backend/ci_sub.cpp	212	unit:src/altrep_backend/ci_sub.cpp	altrep	r_helper	int (struct SEXPREC *&, struct SEXPREC *&, struct SEXPREC *&, int &, int &, int &, int *&, int *&, int *&, _Bool) noexcept	true				external	1
decl:c:@N@charr@N@altrep_backend@F@ci__width_char#I#	function	ci__width_char	charr::altrep_backend::ci__width_char	charr::altrep_backend	charr::altrep_backend	true	src/altrep_backend/ci_length.cpp	233	unit:src/altrep_backend/ci_length.cpp	altrep	neutral_helper	int (int) noexcept	true				external	1
decl:c:@N@charr@N@altrep_backend@F@ci__width_char_with_context#I#I#&b#	function	ci__width_char_with_context	charr::altrep_backend::ci__width_char_with_context	charr::altrep_backend	charr::altrep_backend	true	src/altrep_backend/ci_length.cpp	344	unit:src/altrep_backend/ci_length.cpp	altrep	neutral_helper	int (int, int, _Bool &) noexcept	true				external	2
decl:c:@N@charr@N@altrep_backend@F@ci__width_string#*1C#I#I#	function	ci__width_string	charr::altrep_backend::ci__width_string	charr::altrep_backend	charr::altrep_backend	true	src/altrep_backend/ci_length.cpp	448	unit:src/altrep_backend/ci_length.cpp	altrep	cxx_helper	int (const char *, int, int)	false				external	1
decl:c:@N@charr@N@altrep_backend@F@ci_cmp_equiv#*$@S@SEXPREC#S0_#S0_#	function	ci_cmp_equiv	charr::altrep_backend::ci_cmp_equiv	charr::altrep_backend	charr::altrep_backend	true	src/altrep_backend/ci_compare.cpp	85	unit:src/altrep_backend/ci_compare.cpp	altrep	entrypoint	struct SEXPREC *(struct SEXPREC *, struct SEXPREC *, struct SEXPREC *) noexcept	true				external	2
decl:c:@N@charr@N@altrep_backend@F@ci_count_boundaries#*$@S@SEXPREC#S0_#	function	ci_count_boundaries	charr::altrep_backend::ci_count_boundaries	charr::altrep_backend	charr::altrep_backend	true	src/altrep_backend/ci_search_boundaries_count.cpp	122	unit:src/altrep_backend/ci_search_boundaries_count.cpp	altrep	entrypoint	struct SEXPREC *(struct SEXPREC *, struct SEXPREC *) noexcept	true				external	2
decl:c:@N@charr@N@altrep_backend@F@ci_count_coll#*$@S@SEXPREC#S0_#S0_#	function	ci_count_coll	charr::altrep_backend::ci_count_coll	charr::altrep_backend	charr::altrep_backend	true	src/altrep_backend/ci_search_coll_count.cpp	222	unit:src/altrep_backend/ci_search_coll_count.cpp	altrep	entrypoint	struct SEXPREC *(struct SEXPREC *, struct SEXPREC *, struct SEXPREC *) noexcept	true				external	2
decl:c:@N@charr@N@altrep_backend@F@ci_count_fixed#*$@S@SEXPREC#S0_#S0_#	function	ci_count_fixed	charr::altrep_backend::ci_count_fixed	charr::altrep_backend	charr::altrep_backend	true	src/altrep_backend/ci_search_fixed_count.cpp	262	unit:src/altrep_backend/ci_search_fixed_count.cpp	altrep	entrypoint	struct SEXPREC *(struct SEXPREC *, struct SEXPREC *, struct SEXPREC *) noexcept	true				external	2
decl:c:@N@charr@N@altrep_backend@F@ci_count_regex#*$@S@SEXPREC#S0_#S0_#	function	ci_count_regex	charr::altrep_backend::ci_count_regex	charr::altrep_backend	charr::altrep_backend	true	src/altrep_backend/ci_search_regex_count.cpp	149	unit:src/altrep_backend/ci_search_regex_count.cpp	altrep	entrypoint	struct SEXPREC *(struct SEXPREC *, struct SEXPREC *, struct SEXPREC *) noexcept	true				external	2
decl:c:@N@charr@N@altrep_backend@F@ci_detect_coll#*$@S@SEXPREC#S0_#S0_#S0_#S0_#	function	ci_detect_coll	charr::altrep_backend::ci_detect_coll	charr::altrep_backend	charr::altrep_backend	true	src/altrep_backend/ci_search_coll_detect.cpp	246	unit:src/altrep_backend/ci_search_coll_detect.cpp	altrep	entrypoint	struct SEXPREC *(struct SEXPREC *, struct SEXPREC *, struct SEXPREC *, struct SEXPREC *, struct SEXPREC *) noexcept	true				external	2
decl:c:@N@charr@N@altrep_backend@F@ci_detect_fixed#*$@S@SEXPREC#S0_#S0_#S0_#S0_#	function	ci_detect_fixed	charr::altrep_backend::ci_detect_fixed	charr::altrep_backend	charr::altrep_backend	true	src/altrep_backend/ci_search_fixed_detect.cpp	289	unit:src/altrep_backend/ci_search_fixed_detect.cpp	altrep	entrypoint	struct SEXPREC *(struct SEXPREC *, struct SEXPREC *, struct SEXPREC *, struct SEXPREC *, struct SEXPREC *) noexcept	true				external	2
decl:c:@N@charr@N@altrep_backend@F@ci_detect_regex#*$@S@SEXPREC#S0_#S0_#S0_#S0_#	function	ci_detect_regex	charr::altrep_backend::ci_detect_regex	charr::altrep_backend	charr::altrep_backend	true	src/altrep_backend/ci_search_regex_detect.cpp	155	unit:src/altrep_backend/ci_search_regex_detect.cpp	altrep	entrypoint	struct SEXPREC *(struct SEXPREC *, struct SEXPREC *, struct SEXPREC *, struct SEXPREC *, struct SEXPREC *) noexcept	true				external	2
decl:c:@N@charr@N@altrep_backend@F@ci_dup#*$@S@SEXPREC#S0_#	function	ci_dup	charr::altrep_backend::ci_dup	charr::altrep_backend	charr::altrep_backend	true	src/altrep_backend/ci_dup.cpp	214	unit:src/altrep_backend/ci_dup.cpp	altrep	entrypoint	struct SEXPREC *(struct SEXPREC *, struct SEXPREC *) noexcept	true				external	2
decl:c:@N@charr@N@altrep_backend@F@ci_duplicated#*$@S@SEXPREC#S0_#S0_#	function	ci_duplicated	charr::altrep_backend::ci_duplicated	charr::altrep_backend	charr::altrep_backend	true	src/altrep_backend/ci_duplicated.cpp	87	unit:src/altrep_backend/ci_duplicated.cpp	altrep	entrypoint	struct SEXPREC *(struct SEXPREC *, struct SEXPREC *, struct SEXPREC *) noexcept	true				external	2
decl:c:@N@charr@N@altrep_backend@F@ci_enc_info#*$@S@SEXPREC#	function	ci_enc_info	charr::altrep_backend::ci_enc_info	charr::altrep_backend	charr::altrep_backend	true	src/altrep_backend/ci_encoding_management.cpp	144	unit:src/altrep_backend/ci_encoding_management.cpp	altrep	entrypoint	struct SEXPREC *(struct SEXPREC *) noexcept	true				external	2
decl:c:@N@charr@N@altrep_backend@F@ci_encode#*$@S@SEXPREC#S0_#S0_#S0_#	function	ci_encode	charr::altrep_backend::ci_encode	charr::altrep_backend	charr::altrep_backend	true	src/altrep_backend/ci_encoding_conversion.cpp	455	unit:src/altrep_backend/ci_encoding_conversion.cpp	altrep	entrypoint	struct SEXPREC *(struct SEXPREC *, struct SEXPREC *, struct SEXPREC *, struct SEXPREC *) noexcept	true				external	2
decl:c:@N@charr@N@altrep_backend@F@ci_endswith_coll#*$@S@SEXPREC#S0_#S0_#S0_#S0_#	function	ci_endswith_coll	charr::altrep_backend::ci_endswith_coll	charr::altrep_backend	charr::altrep_backend	true	src/altrep_backend/ci_search_coll_startsendswith.cpp	389	unit:src/altrep_backend/ci_search_coll_startsendswith.cpp	altrep	entrypoint	struct SEXPREC *(struct SEXPREC *, struct SEXPREC *, struct SEXPREC *, struct SEXPREC *, struct SEXPREC *) noexcept	true				external	2
decl:c:@N@charr@N@altrep_backend@F@ci_endswith_fixed#*$@S@SEXPREC#S0_#S0_#S0_#S0_#	function	ci_endswith_fixed	charr::altrep_backend::ci_endswith_fixed	charr::altrep_backend	charr::altrep_backend	true	src/altrep_backend/ci_search_fixed_startsendswith.cpp	467	unit:src/altrep_backend/ci_search_fixed_startsendswith.cpp	altrep	entrypoint	struct SEXPREC *(struct SEXPREC *, struct SEXPREC *, struct SEXPREC *, struct SEXPREC *, struct SEXPREC *) noexcept	true				external	2
decl:c:@N@charr@N@altrep_backend@F@ci_escape_unicode#*$@S@SEXPREC#	function	ci_escape_unicode	charr::altrep_backend::ci_escape_unicode	charr::altrep_backend	charr::altrep_backend	true	src/altrep_backend/ci_escape.cpp	237	unit:src/altrep_backend/ci_escape.cpp	altrep	entrypoint	struct SEXPREC *(struct SEXPREC *) noexcept	true				external	2
decl:c:@N@charr@N@altrep_backend@F@ci_extract_all_boundaries#*$@S@SEXPREC#S0_#S0_#S0_#	function	ci_extract_all_boundaries	charr::altrep_backend::ci_extract_all_boundaries	charr::altrep_backend	charr::altrep_backend	true	src/altrep_backend/ci_search_boundaries_extract.cpp	245	unit:src/altrep_backend/ci_search_boundaries_extract.cpp	altrep	entrypoint	struct SEXPREC *(struct SEXPREC *, struct SEXPREC *, struct SEXPREC *, struct SEXPREC *) noexcept	true				external	2
decl:c:@N@charr@N@altrep_backend@F@ci_extract_all_coll#*$@S@SEXPREC#S0_#S0_#S0_#S0_#	function	ci_extract_all_coll	charr::altrep_backend::ci_extract_all_coll	charr::altrep_backend	charr::altrep_backend	true	src/altrep_backend/ci_search_coll_extract.cpp	464	unit:src/altrep_backend/ci_search_coll_extract.cpp	altrep	entrypoint	struct SEXPREC *(struct SEXPREC *, struct SEXPREC *, struct SEXPREC *, struct SEXPREC *, struct SEXPREC *) noexcept	true				external	2
decl:c:@N@charr@N@altrep_backend@F@ci_extract_all_fixed#*$@S@SEXPREC#S0_#S0_#S0_#S0_#	function	ci_extract_all_fixed	charr::altrep_backend::ci_extract_all_fixed	charr::altrep_backend	charr::altrep_backend	true	src/altrep_backend/ci_search_fixed_extract.cpp	226	unit:src/altrep_backend/ci_search_fixed_extract.cpp	altrep	entrypoint	struct SEXPREC *(struct SEXPREC *, struct SEXPREC *, struct SEXPREC *, struct SEXPREC *, struct SEXPREC *) noexcept	true				external	2
decl:c:@N@charr@N@altrep_backend@F@ci_extract_all_regex#*$@S@SEXPREC#S0_#S0_#S0_#S0_#	function	ci_extract_all_regex	charr::altrep_backend::ci_extract_all_regex	charr::altrep_backend	charr::altrep_backend	true	src/altrep_backend/ci_search_regex_extract.cpp	437	unit:src/altrep_backend/ci_search_regex_extract.cpp	altrep	entrypoint	struct SEXPREC *(struct SEXPREC *, struct SEXPREC *, struct SEXPREC *, struct SEXPREC *, struct SEXPREC *) noexcept	true				external	2
decl:c:@N@charr@N@altrep_backend@F@ci_extract_first_boundaries#*$@S@SEXPREC#S0_#	function	ci_extract_first_boundaries	charr::altrep_backend::ci_extract_first_boundaries	charr::altrep_backend	charr::altrep_backend	true	src/altrep_backend/ci_search_boundaries_extract.cpp	133	unit:src/altrep_backend/ci_search_boundaries_extract.cpp	altrep	entrypoint	struct SEXPREC *(struct SEXPREC *, struct SEXPREC *) noexcept	true				external	2
decl:c:@N@charr@N@altrep_backend@F@ci_extract_first_coll#*$@S@SEXPREC#S0_#S0_#	function	ci_extract_first_coll	charr::altrep_backend::ci_extract_first_coll	charr::altrep_backend	charr::altrep_backend	true	src/altrep_backend/ci_search_coll_extract.cpp	343	unit:src/altrep_backend/ci_search_coll_extract.cpp	altrep	entrypoint	struct SEXPREC *(struct SEXPREC *, struct SEXPREC *, struct SEXPREC *) noexcept	true				external	2
decl:c:@N@charr@N@altrep_backend@F@ci_extract_first_fixed#*$@S@SEXPREC#S0_#S0_#	function	ci_extract_first_fixed	charr::altrep_backend::ci_extract_first_fixed	charr::altrep_backend	charr::altrep_backend	true	src/altrep_backend/ci_search_fixed_extract_first.cpp	201	unit:src/altrep_backend/ci_search_fixed_extract_first.cpp	altrep	entrypoint	struct SEXPREC *(struct SEXPREC *, struct SEXPREC *, struct SEXPREC *) noexcept	true				external	2
decl:c:@N@charr@N@altrep_backend@F@ci_extract_first_regex#*$@S@SEXPREC#S0_#S0_#	function	ci_extract_first_regex	charr::altrep_backend::ci_extract_first_regex	charr::altrep_backend	charr::altrep_backend	true	src/altrep_backend/ci_search_regex_extract.cpp	214	unit:src/altrep_backend/ci_search_regex_extract.cpp	altrep	entrypoint	struct SEXPREC *(struct SEXPREC *, struct SEXPREC *, struct SEXPREC *) noexcept	true				external	2
decl:c:@N@charr@N@altrep_backend@F@ci_flatten#*$@S@SEXPREC#S0_#S0_#S0_#	function	ci_flatten	charr::altrep_backend::ci_flatten	charr::altrep_backend	charr::altrep_backend	true	src/altrep_backend/ci_join.cpp	833	unit:src/altrep_backend/ci_join.cpp	altrep	entrypoint	struct SEXPREC *(struct SEXPREC *, struct SEXPREC *, struct SEXPREC *, struct SEXPREC *) noexcept	true				external	2
decl:c:@N@charr@N@altrep_backend@F@ci_join#*$@S@SEXPREC#S0_#S0_#S0_#	function	ci_join	charr::altrep_backend::ci_join	charr::altrep_backend	charr::altrep_backend	true	src/altrep_backend/ci_join.cpp	253	unit:src/altrep_backend/ci_join.cpp	altrep	entrypoint	struct SEXPREC *(struct SEXPREC *, struct SEXPREC *, struct SEXPREC *, struct SEXPREC *) noexcept	true				external	2
decl:c:@N@charr@N@altrep_backend@F@ci_length#*$@S@SEXPREC#	function	ci_length	charr::altrep_backend::ci_length	charr::altrep_backend	charr::altrep_backend	true	src/altrep_backend/ci_length.cpp	120	unit:src/altrep_backend/ci_length.cpp	altrep	entrypoint	struct SEXPREC *(struct SEXPREC *) noexcept	true				external	2
decl:c:@N@charr@N@altrep_backend@F@ci_locate_all_boundaries#*$@S@SEXPREC#S0_#S0_#S0_#	function	ci_locate_all_boundaries	charr::altrep_backend::ci_locate_all_boundaries	charr::altrep_backend	charr::altrep_backend	true	src/altrep_backend/ci_search_boundaries_locate.cpp	256	unit:src/altrep_backend/ci_search_boundaries_locate.cpp	altrep	entrypoint	struct SEXPREC *(struct SEXPREC *, struct SEXPREC *, struct SEXPREC *, struct SEXPREC *) noexcept	true				external	2
decl:c:@N@charr@N@altrep_backend@F@ci_locate_all_coll#*$@S@SEXPREC#S0_#S0_#S0_#S0_#	function	ci_locate_all_coll	charr::altrep_backend::ci_locate_all_coll	charr::altrep_backend	charr::altrep_backend	true	src/altrep_backend/ci_search_coll_locate.cpp	396	unit:src/altrep_backend/ci_search_coll_locate.cpp	altrep	entrypoint	struct SEXPREC *(struct SEXPREC *, struct SEXPREC *, struct SEXPREC *, struct SEXPREC *, struct SEXPREC *) noexcept	true				external	2
decl:c:@N@charr@N@altrep_backend@F@ci_locate_all_fixed#*$@S@SEXPREC#S0_#S0_#S0_#S0_#	function	ci_locate_all_fixed	charr::altrep_backend::ci_locate_all_fixed	charr::altrep_backend	charr::altrep_backend	true	src/altrep_backend/ci_search_fixed_locate.cpp	665	unit:src/altrep_backend/ci_search_fixed_locate.cpp	altrep	entrypoint	struct SEXPREC *(struct SEXPREC *, struct SEXPREC *, struct SEXPREC *, struct SEXPREC *, struct SEXPREC *) noexcept	true				external	2
decl:c:@N@charr@N@altrep_backend@F@ci_locate_all_regex#*$@S@SEXPREC#S0_#S0_#S0_#S0_#S0_#	function	ci_locate_all_regex	charr::altrep_backend::ci_locate_all_regex	charr::altrep_backend	charr::altrep_backend	true	src/altrep_backend/ci_search_regex_locate.cpp	661	unit:src/altrep_backend/ci_search_regex_locate.cpp	altrep	entrypoint	struct SEXPREC *(struct SEXPREC *, struct SEXPREC *, struct SEXPREC *, struct SEXPREC *, struct SEXPREC *, struct SEXPREC *) noexcept	true				external	2
decl:c:@N@charr@N@altrep_backend@F@ci_locate_first_boundaries#*$@S@SEXPREC#S0_#S0_#	function	ci_locate_first_boundaries	charr::altrep_backend::ci_locate_first_boundaries	charr::altrep_backend	charr::altrep_backend	true	src/altrep_backend/ci_search_boundaries_locate.cpp	124	unit:src/altrep_backend/ci_search_boundaries_locate.cpp	altrep	entrypoint	struct SEXPREC *(struct SEXPREC *, struct SEXPREC *, struct SEXPREC *) noexcept	true				external	2
decl:c:@N@charr@N@altrep_backend@F@ci_locate_first_coll#*$@S@SEXPREC#S0_#S0_#S0_#	function	ci_locate_first_coll	charr::altrep_backend::ci_locate_first_coll	charr::altrep_backend	charr::altrep_backend	true	src/altrep_backend/ci_search_coll_locate.cpp	274	unit:src/altrep_backend/ci_search_coll_locate.cpp	altrep	entrypoint	struct SEXPREC *(struct SEXPREC *, struct SEXPREC *, struct SEXPREC *, struct SEXPREC *) noexcept	true				external	2
decl:c:@N@charr@N@altrep_backend@F@ci_locate_first_fixed#*$@S@SEXPREC#S0_#S0_#S0_#	function	ci_locate_first_fixed	charr::altrep_backend::ci_locate_first_fixed	charr::altrep_backend	charr::altrep_backend	true	src/altrep_backend/ci_search_fixed_locate.cpp	520	unit:src/altrep_backend/ci_search_fixed_locate.cpp	altrep	entrypoint	struct SEXPREC *(struct SEXPREC *, struct SEXPREC *, struct SEXPREC *, struct SEXPREC *) noexcept	true				external	2
decl:c:@N@charr@N@altrep_backend@F@ci_locate_first_regex#*$@S@SEXPREC#S0_#S0_#S0_#S0_#	function	ci_locate_first_regex	charr::altrep_backend::ci_locate_first_regex	charr::altrep_backend	charr::altrep_backend	true	src/altrep_backend/ci_search_regex_locate.cpp	404	unit:src/altrep_backend/ci_search_regex_locate.cpp	altrep	entrypoint	struct SEXPREC *(struct SEXPREC *, struct SEXPREC *, struct SEXPREC *, struct SEXPREC *, struct SEXPREC *) noexcept	true				external	2
decl:c:@N@charr@N@altrep_backend@F@ci_match_all_regex#*$@S@SEXPREC#S0_#S0_#S0_#S0_#	function	ci_match_all_regex	charr::altrep_backend::ci_match_all_regex	charr::altrep_backend	charr::altrep_backend	true	src/altrep_backend/ci_search_regex_match.cpp	786	unit:src/altrep_backend/ci_search_regex_match.cpp	altrep	entrypoint	struct SEXPREC *(struct SEXPREC *, struct SEXPREC *, struct SEXPREC *, struct SEXPREC *, struct SEXPREC *) noexcept	true				external	2
decl:c:@N@charr@N@altrep_backend@F@ci_match_first_regex#*$@S@SEXPREC#S0_#S0_#S0_#	function	ci_match_first_regex	charr::altrep_backend::ci_match_first_regex	charr::altrep_backend	charr::altrep_backend	true	src/altrep_backend/ci_search_regex_match.cpp	467	unit:src/altrep_backend/ci_search_regex_match.cpp	altrep	entrypoint	struct SEXPREC *(struct SEXPREC *, struct SEXPREC *, struct SEXPREC *, struct SEXPREC *) noexcept	true				external	2
decl:c:@N@charr@N@altrep_backend@F@ci_order#*$@S@SEXPREC#S0_#S0_#S0_#	function	ci_order	charr::altrep_backend::ci_order	charr::altrep_backend	charr::altrep_backend	true	src/altrep_backend/ci_order_rank.cpp	88	unit:src/altrep_backend/ci_order_rank.cpp	altrep	entrypoint	struct SEXPREC *(struct SEXPREC *, struct SEXPREC *, struct SEXPREC *, struct SEXPREC *) noexcept	true				external	2
decl:c:@N@charr@N@altrep_backend@F@ci_pad#*$@S@SEXPREC#S0_#S0_#S0_#S0_#	function	ci_pad	charr::altrep_backend::ci_pad	charr::altrep_backend	charr::altrep_backend	true	src/altrep_backend/ci_pad.cpp	291	unit:src/altrep_backend/ci_pad.cpp	altrep	entrypoint	struct SEXPREC *(struct SEXPREC *, struct SEXPREC *, struct SEXPREC *, struct SEXPREC *, struct SEXPREC *) noexcept	true				external	2
decl:c:@N@charr@N@altrep_backend@F@ci_rank#*$@S@SEXPREC#S0_#	function	ci_rank	charr::altrep_backend::ci_rank	charr::altrep_backend	charr::altrep_backend	true	src/altrep_backend/ci_order_rank.cpp	202	unit:src/altrep_backend/ci_order_rank.cpp	altrep	entrypoint	struct SEXPREC *(struct SEXPREC *, struct SEXPREC *) noexcept	true				external	2
decl:c:@N@charr@N@altrep_backend@F@ci_read_lines#*$@S@SEXPREC#S0_#	function	ci_read_lines	charr::altrep_backend::ci_read_lines	charr::altrep_backend	charr::altrep_backend	true	src/altrep_backend/ci_search_other_split.cpp	109	unit:src/altrep_backend/ci_search_other_split.cpp	altrep	entrypoint	struct SEXPREC *(struct SEXPREC *, struct SEXPREC *) noexcept	true				external	2
decl:c:@N@charr@N@altrep_backend@F@ci_replace_all_charclass#*$@S@SEXPREC#S0_#S0_#S0_#S0_#	function	ci_replace_all_charclass	charr::altrep_backend::ci_replace_all_charclass	charr::altrep_backend	charr::altrep_backend	true	src/altrep_backend/ci_search_class_replace.cpp	325	unit:src/altrep_backend/ci_search_class_replace.cpp	altrep	entrypoint	struct SEXPREC *(struct SEXPREC *, struct SEXPREC *, struct SEXPREC *, struct SEXPREC *, struct SEXPREC *) noexcept	true				external	2
decl:c:@N@charr@N@altrep_backend@F@ci_replace_all_coll#*$@S@SEXPREC#S0_#S0_#S0_#S0_#	function	ci_replace_all_coll	charr::altrep_backend::ci_replace_all_coll	charr::altrep_backend	charr::altrep_backend	true	src/altrep_backend/ci_search_coll_replace.cpp	607	unit:src/altrep_backend/ci_search_coll_replace.cpp	altrep	entrypoint	struct SEXPREC *(struct SEXPREC *, struct SEXPREC *, struct SEXPREC *, struct SEXPREC *, struct SEXPREC *) noexcept	true				external	2
decl:c:@N@charr@N@altrep_backend@F@ci_replace_all_fixed#*$@S@SEXPREC#S0_#S0_#S0_#S0_#	function	ci_replace_all_fixed	charr::altrep_backend::ci_replace_all_fixed	charr::altrep_backend	charr::altrep_backend	true	src/altrep_backend/ci_search_fixed_replace.cpp	795	unit:src/altrep_backend/ci_search_fixed_replace.cpp	altrep	entrypoint	struct SEXPREC *(struct SEXPREC *, struct SEXPREC *, struct SEXPREC *, struct SEXPREC *, struct SEXPREC *) noexcept	true				external	2
decl:c:@N@charr@N@altrep_backend@F@ci_replace_all_regex#*$@S@SEXPREC#S0_#S0_#S0_#S0_#	function	ci_replace_all_regex	charr::altrep_backend::ci_replace_all_regex	charr::altrep_backend	charr::altrep_backend	true	src/altrep_backend/ci_search_regex_replace.cpp	343	unit:src/altrep_backend/ci_search_regex_replace.cpp	altrep	entrypoint	struct SEXPREC *(struct SEXPREC *, struct SEXPREC *, struct SEXPREC *, struct SEXPREC *, struct SEXPREC *) noexcept	true				external	2
decl:c:@N@charr@N@altrep_backend@F@ci_replace_first_coll#*$@S@SEXPREC#S0_#S0_#S0_#	function	ci_replace_first_coll	charr::altrep_backend::ci_replace_first_coll	charr::altrep_backend	charr::altrep_backend	true	src/altrep_backend/ci_search_coll_replace.cpp	436	unit:src/altrep_backend/ci_search_coll_replace.cpp	altrep	entrypoint	struct SEXPREC *(struct SEXPREC *, struct SEXPREC *, struct SEXPREC *, struct SEXPREC *) noexcept	true				external	2
decl:c:@N@charr@N@altrep_backend@F@ci_replace_first_fixed#*$@S@SEXPREC#S0_#S0_#S0_#	function	ci_replace_first_fixed	charr::altrep_backend::ci_replace_first_fixed	charr::altrep_backend	charr::altrep_backend	true	src/altrep_backend/ci_search_fixed_replace.cpp	660	unit:src/altrep_backend/ci_search_fixed_replace.cpp	altrep	entrypoint	struct SEXPREC *(struct SEXPREC *, struct SEXPREC *, struct SEXPREC *, struct SEXPREC *) noexcept	true				external	2
decl:c:@N@charr@N@altrep_backend@F@ci_replace_first_regex#*$@S@SEXPREC#S0_#S0_#S0_#	function	ci_replace_first_regex	charr::altrep_backend::ci_replace_first_regex	charr::altrep_backend	charr::altrep_backend	true	src/altrep_backend/ci_search_regex_replace.cpp	627	unit:src/altrep_backend/ci_search_regex_replace.cpp	altrep	entrypoint	struct SEXPREC *(struct SEXPREC *, struct SEXPREC *, struct SEXPREC *, struct SEXPREC *) noexcept	true				external	2
decl:c:@N@charr@N@altrep_backend@F@ci_replace_na#*$@S@SEXPREC#S0_#	function	ci_replace_na	charr::altrep_backend::ci_replace_na	charr::altrep_backend	charr::altrep_backend	true	src/altrep_backend/ci_replace_na.cpp	109	unit:src/altrep_backend/ci_replace_na.cpp	altrep	entrypoint	struct SEXPREC *(struct SEXPREC *, struct SEXPREC *) noexcept	true				external	2
decl:c:@N@charr@N@altrep_backend@F@ci_reverse#*$@S@SEXPREC#	function	ci_reverse	charr::altrep_backend::ci_reverse	charr::altrep_backend	charr::altrep_backend	true	src/altrep_backend/ci_reverse.cpp	184	unit:src/altrep_backend/ci_reverse.cpp	altrep	entrypoint	struct SEXPREC *(struct SEXPREC *) noexcept	true				external	2
decl:c:@N@charr@N@altrep_backend@F@ci_split_boundaries#*$@S@SEXPREC#S0_#S0_#S0_#S0_#	function	ci_split_boundaries	charr::altrep_backend::ci_split_boundaries	charr::altrep_backend	charr::altrep_backend	true	src/altrep_backend/ci_search_boundaries_split.cpp	177	unit:src/altrep_backend/ci_search_boundaries_split.cpp	altrep	entrypoint	struct SEXPREC *(struct SEXPREC *, struct SEXPREC *, struct SEXPREC *, struct SEXPREC *, struct SEXPREC *) noexcept	true				external	2
decl:c:@N@charr@N@altrep_backend@F@ci_split_coll#*$@S@SEXPREC#S0_#S0_#S0_#S0_#S0_#S0_#	function	ci_split_coll	charr::altrep_backend::ci_split_coll	charr::altrep_backend	charr::altrep_backend	true	src/altrep_backend/ci_search_coll_split.cpp	283	unit:src/altrep_backend/ci_search_coll_split.cpp	altrep	entrypoint	struct SEXPREC *(struct SEXPREC *, struct SEXPREC *, struct SEXPREC *, struct SEXPREC *, struct SEXPREC *, struct SEXPREC *, struct SEXPREC *) noexcept	true				external	2
decl:c:@N@charr@N@altrep_backend@F@ci_split_fixed#*$@S@SEXPREC#S0_#S0_#S0_#S0_#S0_#S0_#	function	ci_split_fixed	charr::altrep_backend::ci_split_fixed	charr::altrep_backend	charr::altrep_backend	true	src/altrep_backend/ci_search_fixed_split.cpp	227	unit:src/altrep_backend/ci_search_fixed_split.cpp	altrep	entrypoint	struct SEXPREC *(struct SEXPREC *, struct SEXPREC *, struct SEXPREC *, struct SEXPREC *, struct SEXPREC *, struct SEXPREC *, struct SEXPREC *) noexcept	true				external	2
decl:c:@N@charr@N@altrep_backend@F@ci_split_lines#*$@S@SEXPREC#S0_#	function	ci_split_lines	charr::altrep_backend::ci_split_lines	charr::altrep_backend	charr::altrep_backend	true	src/altrep_backend/ci_split_lines.cpp	228	unit:src/altrep_backend/ci_split_lines.cpp	altrep	entrypoint	struct SEXPREC *(struct SEXPREC *, struct SEXPREC *) noexcept	true				external	2
decl:c:@N@charr@N@altrep_backend@F@ci_split_lines1#*$@S@SEXPREC#	function	ci_split_lines1	charr::altrep_backend::ci_split_lines1	charr::altrep_backend	charr::altrep_backend	true	src/altrep_backend/ci_split_lines.cpp	165	unit:src/altrep_backend/ci_split_lines.cpp	altrep	entrypoint	struct SEXPREC *(struct SEXPREC *) noexcept	true				external	2
decl:c:@N@charr@N@altrep_backend@F@ci_split_regex#*$@S@SEXPREC#S0_#S0_#S0_#S0_#S0_#S0_#	function	ci_split_regex	charr::altrep_backend::ci_split_regex	charr::altrep_backend	charr::altrep_backend	true	src/altrep_backend/ci_search_regex_split.cpp	267	unit:src/altrep_backend/ci_search_regex_split.cpp	altrep	entrypoint	struct SEXPREC *(struct SEXPREC *, struct SEXPREC *, struct SEXPREC *, struct SEXPREC *, struct SEXPREC *, struct SEXPREC *, struct SEXPREC *) noexcept	true				external	2
decl:c:@N@charr@N@altrep_backend@F@ci_startswith_coll#*$@S@SEXPREC#S0_#S0_#S0_#S0_#	function	ci_startswith_coll	charr::altrep_backend::ci_startswith_coll	charr::altrep_backend	charr::altrep_backend	true	src/altrep_backend/ci_search_coll_startsendswith.cpp	244	unit:src/altrep_backend/ci_search_coll_startsendswith.cpp	altrep	entrypoint	struct SEXPREC *(struct SEXPREC *, struct SEXPREC *, struct SEXPREC *, struct SEXPREC *, struct SEXPREC *) noexcept	true				external	2
decl:c:@N@charr@N@altrep_backend@F@ci_startswith_fixed#*$@S@SEXPREC#S0_#S0_#S0_#S0_#	function	ci_startswith_fixed	charr::altrep_backend::ci_startswith_fixed	charr::altrep_backend	charr::altrep_backend	true	src/altrep_backend/ci_search_fixed_startsendswith.cpp	320	unit:src/altrep_backend/ci_search_fixed_startsendswith.cpp	altrep	entrypoint	struct SEXPREC *(struct SEXPREC *, struct SEXPREC *, struct SEXPREC *, struct SEXPREC *, struct SEXPREC *) noexcept	true				external	2
decl:c:@N@charr@N@altrep_backend@F@ci_sub#*$@S@SEXPREC#S0_#S0_#S0_#S0_#S0_#	function	ci_sub	charr::altrep_backend::ci_sub	charr::altrep_backend	charr::altrep_backend	true	src/altrep_backend/ci_sub.cpp	315	unit:src/altrep_backend/ci_sub.cpp	altrep	entrypoint	struct SEXPREC *(struct SEXPREC *, struct SEXPREC *, struct SEXPREC *, struct SEXPREC *, struct SEXPREC *, struct SEXPREC *) noexcept	true				external	2
decl:c:@N@charr@N@altrep_backend@F@ci_sub_all#*$@S@SEXPREC#S0_#S0_#S0_#S0_#S0_#	function	ci_sub_all	charr::altrep_backend::ci_sub_all	charr::altrep_backend	charr::altrep_backend	true	src/altrep_backend/ci_sub.cpp	872	unit:src/altrep_backend/ci_sub.cpp	altrep	entrypoint	struct SEXPREC *(struct SEXPREC *, struct SEXPREC *, struct SEXPREC *, struct SEXPREC *, struct SEXPREC *, struct SEXPREC *) noexcept	true				external	2
decl:c:@N@charr@N@altrep_backend@F@ci_sub_replacement#*$@S@SEXPREC#S0_#S0_#S0_#S0_#S0_#S0_#	function	ci_sub_replacement	charr::altrep_backend::ci_sub_replacement	charr::altrep_backend	charr::altrep_backend	true	src/altrep_backend/ci_sub.cpp	556	unit:src/altrep_backend/ci_sub.cpp	altrep	entrypoint	struct SEXPREC *(struct SEXPREC *, struct SEXPREC *, struct SEXPREC *, struct SEXPREC *, struct SEXPREC *, struct SEXPREC *, struct SEXPREC *) noexcept	true				external	2
decl:c:@N@charr@N@altrep_backend@F@ci_sub_replacement_all#*$@S@SEXPREC#S0_#S0_#S0_#S0_#S0_#S0_#	function	ci_sub_replacement_all	charr::altrep_backend::ci_sub_replacement_all	charr::altrep_backend	charr::altrep_backend	true	src/altrep_backend/ci_sub.cpp	1191	unit:src/altrep_backend/ci_sub.cpp	altrep	entrypoint	struct SEXPREC *(struct SEXPREC *, struct SEXPREC *, struct SEXPREC *, struct SEXPREC *, struct SEXPREC *, struct SEXPREC *, struct SEXPREC *) noexcept	true				external	2
decl:c:@N@charr@N@altrep_backend@F@ci_trans_nfc#*$@S@SEXPREC#	function	ci_trans_nfc	charr::altrep_backend::ci_trans_nfc	charr::altrep_backend	charr::altrep_backend	true	src/altrep_backend/ci_trans_normalization.cpp	56	unit:src/altrep_backend/ci_trans_normalization.cpp	altrep	entrypoint	struct SEXPREC *(struct SEXPREC *) noexcept	true				external	2
decl:c:@N@charr@N@altrep_backend@F@ci_trans_tolower#*$@S@SEXPREC#S0_#	function	ci_trans_tolower	charr::altrep_backend::ci_trans_tolower	charr::altrep_backend	charr::altrep_backend	true	src/altrep_backend/ci_trans_casemap.cpp	42	unit:src/altrep_backend/ci_trans_casemap.cpp	altrep	entrypoint	struct SEXPREC *(struct SEXPREC *, struct SEXPREC *) noexcept	true				external	2
decl:c:@N@charr@N@altrep_backend@F@ci_trans_totitle#*$@S@SEXPREC#S0_#	function	ci_trans_totitle	charr::altrep_backend::ci_trans_totitle	charr::altrep_backend	charr::altrep_backend	true	src/altrep_backend/ci_trans_title.cpp	277	unit:src/altrep_backend/ci_trans_title.cpp	altrep	entrypoint	struct SEXPREC *(struct SEXPREC *, struct SEXPREC *) noexcept	true				external	2
decl:c:@N@charr@N@altrep_backend@F@ci_trans_toupper#*$@S@SEXPREC#S0_#	function	ci_trans_toupper	charr::altrep_backend::ci_trans_toupper	charr::altrep_backend	charr::altrep_backend	true	src/altrep_backend/ci_trans_casemap.cpp	127	unit:src/altrep_backend/ci_trans_casemap.cpp	altrep	entrypoint	struct SEXPREC *(struct SEXPREC *, struct SEXPREC *) noexcept	true				external	2
decl:c:@N@charr@N@altrep_backend@F@ci_trim_both#*$@S@SEXPREC#S0_#S0_#	function	ci_trim_both	charr::altrep_backend::ci_trim_both	charr::altrep_backend	charr::altrep_backend	true	src/altrep_backend/ci_search_class_trim.cpp	505	unit:src/altrep_backend/ci_search_class_trim.cpp	altrep	entrypoint	struct SEXPREC *(struct SEXPREC *, struct SEXPREC *, struct SEXPREC *) noexcept	true				external	2
decl:c:@N@charr@N@altrep_backend@F@ci_trim_left#*$@S@SEXPREC#S0_#S0_#	function	ci_trim_left	charr::altrep_backend::ci_trim_left	charr::altrep_backend	charr::altrep_backend	true	src/altrep_backend/ci_search_class_trim.cpp	611	unit:src/altrep_backend/ci_search_class_trim.cpp	altrep	entrypoint	struct SEXPREC *(struct SEXPREC *, struct SEXPREC *, struct SEXPREC *) noexcept	true				external	2
decl:c:@N@charr@N@altrep_backend@F@ci_trim_right#*$@S@SEXPREC#S0_#S0_#	function	ci_trim_right	charr::altrep_backend::ci_trim_right	charr::altrep_backend	charr::altrep_backend	true	src/altrep_backend/ci_search_class_trim.cpp	717	unit:src/altrep_backend/ci_search_class_trim.cpp	altrep	entrypoint	struct SEXPREC *(struct SEXPREC *, struct SEXPREC *, struct SEXPREC *) noexcept	true				external	2
decl:c:@N@charr@N@altrep_backend@F@ci_width#*$@S@SEXPREC#	function	ci_width	charr::altrep_backend::ci_width	charr::altrep_backend	charr::altrep_backend	true	src/altrep_backend/ci_length.cpp	501	unit:src/altrep_backend/ci_length.cpp	altrep	entrypoint	struct SEXPREC *(struct SEXPREC *) noexcept	true				external	2
decl:c:@N@charr@N@altrep_backend@F@ci_wrap#*$@S@SEXPREC#S0_#S0_#S0_#S0_#S0_#S0_#S0_#S0_#S0_#S0_#S0_#	function	ci_wrap	charr::altrep_backend::ci_wrap	charr::altrep_backend	charr::altrep_backend	true	src/altrep_backend/ci_wrap.cpp	130	unit:src/altrep_backend/ci_wrap.cpp	altrep	entrypoint	struct SEXPREC *(struct SEXPREC *, struct SEXPREC *, struct SEXPREC *, struct SEXPREC *, struct SEXPREC *, struct SEXPREC *, struct SEXPREC *, struct SEXPREC *, struct SEXPREC *, struct SEXPREC *, struct SEXPREC *, struct SEXPREC *) noexcept	true				external	2
decl:c:@N@charr@N@altrep_backend@N@boundary@F@match_type#*1C#l#	function	match_type	charr::altrep_backend::boundary::match_type	charr::altrep_backend::boundary	charr::altrep_backend::boundary	true	src/altrep_backend/boundary/options_r.cpp	141	unit:src/altrep_backend/boundary/options_r.cpp	altrep	neutral_helper	int (const char *, unsigned long) noexcept	true				external	1
decl:c:@N@charr@N@altrep_backend@N@boundary@F@option_names_r#*$@S@SEXPREC#&I#	function	option_names_r	charr::altrep_backend::boundary::option_names_r	charr::altrep_backend::boundary	charr::altrep_backend::boundary	true	src/altrep_backend/boundary/options_r.cpp	16	unit:src/altrep_backend/boundary/options_r.cpp	altrep	r_helper	struct SEXPREC *(struct SEXPREC *, int &) noexcept	true				external	1
decl:c:@N@charr@N@altrep_backend@N@boundary@F@prepare_locale_r#*$@S@SEXPREC#	function	prepare_locale_r	charr::altrep_backend::boundary::prepare_locale_r	charr::altrep_backend::boundary	charr::altrep_backend::boundary	true	src/altrep_backend/boundary/options_r.cpp	30	unit:src/altrep_backend/boundary/options_r.cpp	altrep	r_helper	const char *(struct SEXPREC *) noexcept	true				external	1
decl:c:@N@charr@N@altrep_backend@N@boundary@F@prepare_options_r#*$@S@SEXPREC#$@E@UBreakIteratorType#	function	prepare_options_r	charr::altrep_backend::boundary::prepare_options_r	charr::altrep_backend::boundary	charr::altrep_backend::boundary	true	src/altrep_backend/boundary/options_r.cpp	238	unit:src/altrep_backend/boundary/options_r.cpp	altrep	r_helper	struct charr::shared::BoundaryOptions (struct SEXPREC *, enum UBreakIteratorType) noexcept	true				external	5
decl:c:@N@charr@N@altrep_backend@N@boundary@F@prepare_skip_rules_r#*$@S@SEXPREC#&$@N@charr@N@shared@S@BoundaryOptions#	function	prepare_skip_rules_r	charr::altrep_backend::boundary::prepare_skip_rules_r	charr::altrep_backend::boundary	charr::altrep_backend::boundary	true	src/altrep_backend/boundary/options_r.cpp	103	unit:src/altrep_backend/boundary/options_r.cpp	altrep	r_helper	void (struct SEXPREC *, struct charr::shared::BoundaryOptions &) noexcept	true				external	1
decl:c:@N@charr@N@altrep_backend@N@boundary@F@prepare_type_r#*$@S@SEXPREC#&$@N@charr@N@shared@S@BoundaryOptions#	function	prepare_type_r	charr::altrep_backend::boundary::prepare_type_r	charr::altrep_backend::boundary	charr::altrep_backend::boundary	true	src/altrep_backend/boundary/options_r.cpp	164	unit:src/altrep_backend/boundary/options_r.cpp	altrep	r_helper	void (struct SEXPREC *, struct charr::shared::BoundaryOptions &) noexcept	true				external	1
decl:c:@N@charr@N@altrep_backend@N@boundary@F@skip_interval#*1C#&I#S1_#	function	skip_interval	charr::altrep_backend::boundary::skip_interval	charr::altrep_backend::boundary	charr::altrep_backend::boundary	true	src/altrep_backend/boundary/options_r.cpp	57	unit:src/altrep_backend/boundary/options_r.cpp	altrep	neutral_helper	_Bool (const char *, int &, int &) noexcept	true				external	1
decl:c:@N@charr@N@altrep_backend@N@ci@F@builder_append#&$@N@charport@N@charvec@S@GrowableBuilder#&1$@N@icu_78@S@UnicodeString#&$@N@std@S@vector>#C#$@N@std@S@allocator>#C#	function	builder_append	charr::altrep_backend::ci::builder_append	charr::altrep_backend::ci	charr::altrep_backend	true	src/altrep_backend/ci_builder.h	218		altrep	unclassified	void (class charport::charvec::GrowableBuilder &, const class icu_78::UnicodeString &, class std::vector<char> &)	false				external	2
decl:c:@N@charr@N@altrep_backend@N@ci@F@builder_append#&$@N@charport@N@charvec@S@GrowableBuilder#&1$@N@std@N@__cxx11@S@basic_string>#C#$@N@std@S@char_traits>#C#$@N@std@S@allocator>#C#$@S@cetype_ext_t#	function	builder_append	charr::altrep_backend::ci::builder_append	charr::altrep_backend::ci	charr::altrep_backend	true	src/altrep_backend/ci_builder.h	207		altrep	unclassified	void (class charport::charvec::GrowableBuilder &, const class std::basic_string<char> &, struct cetype_ext_t)	false				external	2
decl:c:@N@charr@N@altrep_backend@N@ci@F@builder_append#&$@N@charport@N@charvec@S@GrowableBuilder#*1C#l#$@S@cetype_ext_t#	function	builder_append	charr::altrep_backend::ci::builder_append	charr::altrep_backend::ci	charr::altrep_backend	true	src/altrep_backend/ci_builder.h	192		altrep	unclassified	void (class charport::charvec::GrowableBuilder &, const char *, unsigned long, struct cetype_ext_t)	false				external	2
decl:c:@N@charr@N@altrep_backend@N@ci@F@builder_set#&$@N@charport@N@charvec@S@Builder#L#&1$@N@icu_78@S@UnicodeString#&$@N@std@S@vector>#C#$@N@std@S@allocator>#C#	function	builder_set	charr::altrep_backend::ci::builder_set	charr::altrep_backend::ci	charr::altrep_backend	true	src/altrep_backend/ci_builder.h	171		altrep	unclassified	void (class charport::charvec::Builder &, long, const class icu_78::UnicodeString &, class std::vector<char> &)	false				external	2
decl:c:@N@charr@N@altrep_backend@N@ci@F@builder_set#&$@N@charport@N@charvec@S@Builder#L#&1$@N@std@N@__cxx11@S@basic_string>#C#$@N@std@S@char_traits>#C#$@N@std@S@allocator>#C#$@S@cetype_ext_t#	function	builder_set	charr::altrep_backend::ci::builder_set	charr::altrep_backend::ci	charr::altrep_backend	true	src/altrep_backend/ci_builder.h	83		altrep	unclassified	void (class charport::charvec::Builder &, long, const class std::basic_string<char> &, struct cetype_ext_t)	false				external	2
decl:c:@N@charr@N@altrep_backend@N@ci@F@builder_set#&$@N@charport@N@charvec@S@Builder#L#*1C#l#$@S@cetype_ext_t#	function	builder_set	charr::altrep_backend::ci::builder_set	charr::altrep_backend::ci	charr::altrep_backend	true	src/altrep_backend/ci_builder.h	66		altrep	unclassified	void (class charport::charvec::Builder &, long, const char *, unsigned long, struct cetype_ext_t)	false				external	2
decl:c:@N@charr@N@altrep_backend@N@ci@F@output_encoding#*1C#l#$@S@cetype_ext_t#	function	output_encoding	charr::altrep_backend::ci::output_encoding	charr::altrep_backend::ci	charr::altrep_backend	true	src/altrep_backend/ci_builder.h	22		altrep	unclassified	struct cetype_ext_t (const char *, unsigned long, struct cetype_ext_t)	false				external	2
decl:c:@N@charr@N@altrep_backend@N@ci@F@scalar_store#&1$@N@icu_78@S@UnicodeString#&$@N@std@S@vector>#C#$@N@std@S@allocator>#C#	function	scalar_store	charr::altrep_backend::ci::scalar_store	charr::altrep_backend::ci	charr::altrep_backend	true	src/altrep_backend/ci_builder.h	151		altrep	unclassified	class charport::charvec::Store (const class icu_78::UnicodeString &, class std::vector<char> &)	false				external	2
decl:c:@N@charr@N@altrep_backend@N@ci@F@scalar_store#&1$@N@std@N@__cxx11@S@basic_string>#C#$@N@std@S@char_traits>#C#$@N@std@S@allocator>#C#$@S@cetype_ext_t#	function	scalar_store	charr::altrep_backend::ci::scalar_store	charr::altrep_backend::ci	charr::altrep_backend	true	src/altrep_backend/ci_builder.h	58		altrep	unclassified	class charport::charvec::Store (const class std::basic_string<char> &, struct cetype_ext_t)	false				external	2
decl:c:@N@charr@N@altrep_backend@N@ci@F@scalar_store#*1C#l#$@S@cetype_ext_t#	function	scalar_store	charr::altrep_backend::ci::scalar_store	charr::altrep_backend::ci	charr::altrep_backend	true	src/altrep_backend/ci_builder.h	44		altrep	unclassified	class charport::charvec::Store (const char *, unsigned long, struct cetype_ext_t)	false				external	2
decl:c:@N@charr@N@altrep_backend@N@ci@F@unicode_to_utf8#&1$@N@icu_78@S@UnicodeString#&$@N@std@S@vector>#C#$@N@std@S@allocator>#C#&I#&$@S@cetype_ext_t#	function	unicode_to_utf8	charr::altrep_backend::ci::unicode_to_utf8	charr::altrep_backend::ci	charr::altrep_backend	true	src/altrep_backend/ci_builder.h	111		altrep	cxx_helper	const char *(const class icu_78::UnicodeString &, class std::vector<char> &, int &, struct cetype_ext_t &)	false				external	2
decl:c:@N@charr@N@altrep_backend@N@ci@F@utf8_mark_from_lengths#I#I#	function	utf8_mark_from_lengths	charr::altrep_backend::ci::utf8_mark_from_lengths	charr::altrep_backend::ci	charr::altrep_backend	true	src/altrep_backend/ci_builder.h	101		altrep	unclassified	struct cetype_ext_t (int, int) noexcept	true				external	2
decl:c:@N@charr@N@altrep_backend@N@collator@F@default_options#b#*1C#	function	default_options	charr::altrep_backend::collator::default_options	charr::altrep_backend::collator	charr::altrep_backend::collator	true	src/altrep_backend/collator/options.cpp	14	unit:src/altrep_backend/collator/options.cpp	altrep	neutral_helper	struct charr::shared::CollatorOptions (_Bool, const char *) noexcept	true				external	1
decl:c:@N@charr@N@altrep_backend@N@collator@F@prepare_options#*$@S@SEXPREC#	function	prepare_options	charr::altrep_backend::collator::prepare_options	charr::altrep_backend::collator	charr::altrep_backend::collator	true	src/altrep_backend/collator/options.cpp	32	unit:src/altrep_backend/collator/options.cpp	altrep	r_helper	struct charr::shared::CollatorOptions (struct SEXPREC *) noexcept	true				external	11
decl:c:@N@charr@N@altrep_backend@N@compare@F@recycling_length#I#I#&b#	function	recycling_length	charr::altrep_backend::compare::recycling_length	charr::altrep_backend::compare	charr::altrep_backend	true	src/altrep_backend/ci_compare.cpp	59	unit:src/altrep_backend/ci_compare.cpp	altrep	neutral_helper	int (int, int, _Bool &) noexcept	true				external	1
decl:c:@N@charr@N@altrep_backend@N@dup@F@direct_input#&1$@S@charport_strview#	function	direct_input	charr::altrep_backend::dup::direct_input	charr::altrep_backend::dup	charr::altrep_backend	true	src/altrep_backend/ci_dup.cpp	91	unit:src/altrep_backend/ci_dup.cpp	altrep	neutral_helper	struct charr::shared::StringView (const struct charport_strview &) noexcept	true				external	1
decl:c:@N@charr@N@altrep_backend@N@dup@F@input_at#&1$@N@charport@S@StrViews#&1$@N@std@S@vector>#l#$@N@std@S@allocator>#l#&1$@N@std@S@vector>#$@N@charr@N@shared@S@StringView#$@N@std@S@allocator>#S7_#I#	function	input_at	charr::altrep_backend::dup::input_at	charr::altrep_backend::dup	charr::altrep_backend	true	src/altrep_backend/ci_dup.cpp	175	unit:src/altrep_backend/ci_dup.cpp	altrep	neutral_helper	struct charr::shared::StringView (const class charport::StrViews &, const class std::vector<unsigned long> &, const class std::vector<struct charr::shared::StringView> &, int) noexcept	true				external	1
decl:c:@N@charr@N@altrep_backend@N@dup@F@is_ascii#*1C#I#	function	is_ascii	charr::altrep_backend::dup::is_ascii	charr::altrep_backend::dup	charr::altrep_backend	true	src/altrep_backend/ci_dup.cpp	79	unit:src/altrep_backend/ci_dup.cpp	altrep	neutral_helper	_Bool (const char *, int) noexcept	true				external	1
decl:c:@N@charr@N@altrep_backend@N@dup@F@no_slot#	function	no_slot	charr::altrep_backend::dup::no_slot	charr::altrep_backend::dup	charr::altrep_backend	true	src/altrep_backend/ci_dup.cpp	73	unit:src/altrep_backend/ci_dup.cpp	altrep	neutral_helper	unsigned long (void) noexcept	true				external	1
decl:c:@N@charr@N@altrep_backend@N@dup@F@output_encoding#$@N@charr@N@shared@E@StringEncoding#	function	output_encoding	charr::altrep_backend::dup::output_encoding	charr::altrep_backend::dup	charr::altrep_backend	true	src/altrep_backend/ci_dup.cpp	192	unit:src/altrep_backend/ci_dup.cpp	altrep	neutral_helper	struct cetype_ext_t (enum charr::shared::StringEncoding) noexcept	true				external	1
decl:c:@N@charr@N@altrep_backend@N@dup@F@preflight_inputs#&1$@N@charport@S@StrViews#&$@N@charr@N@shared@S@NativeToUtf8#&$@N@charr@N@shared@S@SliceArena#&$@N@std@S@vector>#l#$@N@std@S@allocator>#l#&$@N@std@S@vector>#$@N@charr@N@shared@S@StringView#$@N@std@S@allocator>#S11_#	function	preflight_inputs	charr::altrep_backend::dup::preflight_inputs	charr::altrep_backend::dup	charr::altrep_backend	true	src/altrep_backend/ci_dup.cpp	133	unit:src/altrep_backend/ci_dup.cpp	altrep	cxx_helper	void (const class charport::StrViews &, class charr::shared::NativeToUtf8 &, class charr::shared::SliceArena &, class std::vector<unsigned long> &, class std::vector<struct charr::shared::StringView> &)	false				external	1
decl:c:@N@charr@N@altrep_backend@N@dup@F@recycling_length#I#I#&b#	function	recycling_length	charr::altrep_backend::dup::recycling_length	charr::altrep_backend::dup	charr::altrep_backend	true	src/altrep_backend/ci_dup.cpp	59	unit:src/altrep_backend/ci_dup.cpp	altrep	neutral_helper	int (int, int, _Bool &) noexcept	true				external	1
decl:c:@N@charr@N@altrep_backend@N@duplicated@F@emit_warnings#b#	function	emit_warnings	charr::altrep_backend::duplicated::emit_warnings	charr::altrep_backend::duplicated	charr::altrep_backend	true	src/altrep_backend/ci_duplicated.cpp	65	unit:src/altrep_backend/ci_duplicated.cpp	altrep	r_helper	void (_Bool) noexcept	true				external	1
decl:c:@N@charr@N@altrep_backend@N@duplicated@F@require_icu_success#$@E@UErrorCode#	function	require_icu_success	charr::altrep_backend::duplicated::require_icu_success	charr::altrep_backend::duplicated	charr::altrep_backend	true	src/altrep_backend/ci_duplicated.cpp	58	unit:src/altrep_backend/ci_duplicated.cpp	altrep	cxx_helper	void (enum UErrorCode)	false				external	1
decl:c:@N@charr@N@altrep_backend@N@encoding_conversion@F@assemble_raw_output_r#&1$@N@std@S@vector>#$@N@charr@N@altrep_backend@N@encoding_conversion@S@RawResult#$@N@std@S@allocator>#S2_#&$@N@charr@N@shared@S@ProtHelper#	function	assemble_raw_output_r	charr::altrep_backend::encoding_conversion::assemble_raw_output_r	charr::altrep_backend::encoding_conversion	charr::altrep_backend	true	src/altrep_backend/ci_encoding_conversion.cpp	425	unit:src/altrep_backend/ci_encoding_conversion.cpp	altrep	r_helper	struct SEXPREC *(const class std::vector<struct charr::altrep_backend::encoding_conversion::RawResult> &, class charr::shared::ProtHelper &) noexcept	true				external	1
decl:c:@N@charr@N@altrep_backend@N@encoding_conversion@F@copy_identity_views#&1$@N@charport@S@StrViews#&1$@N@std@S@vector>#$@S@cetype_ext_t#$@N@std@S@allocator>#S4_#&$@N@charr@N@altrep_backend@N@io@S@OutputBuilder#	function	copy_identity_views	charr::altrep_backend::encoding_conversion::copy_identity_views	charr::altrep_backend::encoding_conversion	charr::altrep_backend	true	src/altrep_backend/ci_encoding_conversion.cpp	154	unit:src/altrep_backend/ci_encoding_conversion.cpp	altrep	cxx_helper	void (const class charport::StrViews &, const class std::vector<struct cetype_ext_t> &, class charr::altrep_backend::io::OutputBuilder &)	false				external	1
decl:c:@N@charr@N@altrep_backend@N@encoding_conversion@F@decode_marked#&1$@N@charr@N@shared@S@StringView#&$@N@charr@N@shared@S@NativeToUtf8#&$@N@icu_78@S@UnicodeString#	function	decode_marked	charr::altrep_backend::encoding_conversion::decode_marked	charr::altrep_backend::encoding_conversion	charr::altrep_backend	true	src/altrep_backend/ci_encoding_conversion.cpp	210	unit:src/altrep_backend/ci_encoding_conversion.cpp	altrep	cxx_helper	void (const struct charr::shared::StringView &, class charr::shared::NativeToUtf8 &, class icu_78::UnicodeString &)	false				external	1
decl:c:@N@charr@N@altrep_backend@N@encoding_conversion@F@explicit_record_r#*$@S@SEXPREC#$@N@charr@N@altrep_backend@N@encoding_conversion@E@InputKind#I#	function	explicit_record_r	charr::altrep_backend::encoding_conversion::explicit_record_r	charr::altrep_backend::encoding_conversion	charr::altrep_backend	true	src/altrep_backend/ci_encoding_conversion.cpp	176	unit:src/altrep_backend/ci_encoding_conversion.cpp	altrep	r_helper	struct charr::altrep_backend::encoding_conversion::ByteRecord (struct SEXPREC *, enum charr::altrep_backend::encoding_conversion::InputKind, int) noexcept	true				external	1
decl:c:@N@charr@N@altrep_backend@N@encoding_conversion@F@extended_encoding#$@EA@cetype_t#	function	extended_encoding	charr::altrep_backend::encoding_conversion::extended_encoding	charr::altrep_backend::encoding_conversion	charr::altrep_backend	true	src/altrep_backend/ci_encoding_conversion.cpp	357	unit:src/altrep_backend/ci_encoding_conversion.cpp	altrep	neutral_helper	struct cetype_ext_t (cetype_t) noexcept	true				external	1
decl:c:@N@charr@N@altrep_backend@N@encoding_conversion@F@reader_record#&1$@S@charport_strview#	function	reader_record	charr::altrep_backend::encoding_conversion::reader_record	charr::altrep_backend::encoding_conversion	charr::altrep_backend	true	src/altrep_backend/ci_encoding_conversion.cpp	200	unit:src/altrep_backend/ci_encoding_conversion.cpp	altrep	cxx_helper	struct charr::altrep_backend::encoding_conversion::ByteRecord (const struct charport_strview &)	false				external	1
decl:c:@N@charr@N@altrep_backend@N@encoding_conversion@F@reject_embedded_nul#*1C#l#	function	reject_embedded_nul	charr::altrep_backend::encoding_conversion::reject_embedded_nul	charr::altrep_backend::encoding_conversion	charr::altrep_backend	true	src/altrep_backend/ci_encoding_conversion.cpp	372	unit:src/altrep_backend/ci_encoding_conversion.cpp	altrep	cxx_helper	void (const char *, unsigned long)	false				external	1
decl:c:@N@charr@N@altrep_backend@N@encoding_conversion@F@release_conversion_state#&$@N@charport@S@Reader#&$@N@charr@N@altrep_backend@S@StriUcnv#S2_#&$@N@charr@N@shared@S@NativeToUtf8#	function	release_conversion_state	charr::altrep_backend::encoding_conversion::release_conversion_state	charr::altrep_backend::encoding_conversion	charr::altrep_backend	true	src/altrep_backend/ci_encoding_conversion.cpp	413	unit:src/altrep_backend/ci_encoding_conversion.cpp	altrep	cxx_helper	void (class charport::Reader &, class charr::altrep_backend::StriUcnv &, class charr::altrep_backend::StriUcnv &, class charr::shared::NativeToUtf8 &)	false				external	1
decl:c:@N@charr@N@altrep_backend@N@encoding_conversion@F@store_converted#I#b#*1C#l#$@S@cetype_ext_t#&$@N@std@S@vector>#$@N@charr@N@altrep_backend@N@encoding_conversion@S@RawResult#$@N@std@S@allocator>#S4_#&$@N@charr@N@altrep_backend@N@io@S@OutputBuilder#	function	store_converted	charr::altrep_backend::encoding_conversion::store_converted	charr::altrep_backend::encoding_conversion	charr::altrep_backend	true	src/altrep_backend/ci_encoding_conversion.cpp	380	unit:src/altrep_backend/ci_encoding_conversion.cpp	altrep	cxx_helper	void (int, _Bool, const char *, unsigned long, struct cetype_ext_t, class std::vector<struct charr::altrep_backend::encoding_conversion::RawResult> &, class charr::altrep_backend::io::OutputBuilder &)	false				external	1
decl:c:@N@charr@N@altrep_backend@N@encoding_conversion@F@transcode_direct#*$@S@UConverter#S0_#*1C#I#&$@N@charr@N@altrep_backend@S@String8buf#	function	transcode_direct	charr::altrep_backend::encoding_conversion::transcode_direct	charr::altrep_backend::encoding_conversion	charr::altrep_backend	true	src/altrep_backend/ci_encoding_conversion.cpp	297	unit:src/altrep_backend/ci_encoding_conversion.cpp	altrep	cxx_helper	unsigned long (struct UConverter *, struct UConverter *, const char *, int, class charr::altrep_backend::String8buf &)	false				external	1
decl:c:@N@charr@N@altrep_backend@N@encoding_conversion@F@transcode_utf16#*$@S@UConverter#&1$@N@icu_78@S@UnicodeString#&$@N@charr@N@altrep_backend@S@String8buf#	function	transcode_utf16	charr::altrep_backend::encoding_conversion::transcode_utf16	charr::altrep_backend::encoding_conversion	charr::altrep_backend	true	src/altrep_backend/ci_encoding_conversion.cpp	255	unit:src/altrep_backend/ci_encoding_conversion.cpp	altrep	cxx_helper	unsigned long (struct UConverter *, const class icu_78::UnicodeString &, class charr::altrep_backend::String8buf &)	false				external	1
decl:c:@N@charr@N@altrep_backend@N@encoding_conversion@F@utf8_encoding_name#*1C#	function	utf8_encoding_name	charr::altrep_backend::encoding_conversion::utf8_encoding_name	charr::altrep_backend::encoding_conversion	charr::altrep_backend	true	src/altrep_backend/ci_encoding_conversion.cpp	80	unit:src/altrep_backend/ci_encoding_conversion.cpp	altrep	neutral_helper	_Bool (const char *) noexcept	true				external	1
decl:c:@N@charr@N@altrep_backend@N@encoding_conversion@F@valid_utf8_bytes#*1C#I#&b#S1_#	function	valid_utf8_bytes	charr::altrep_backend::encoding_conversion::valid_utf8_bytes	charr::altrep_backend::encoding_conversion	charr::altrep_backend	true	src/altrep_backend/ci_encoding_conversion.cpp	87	unit:src/altrep_backend/ci_encoding_conversion.cpp	altrep	neutral_helper	_Bool (const char *, int, _Bool &, _Bool &) noexcept	true				external	1
decl:c:@N@charr@N@altrep_backend@N@encoding_conversion@F@validate_identity_views#&1$@N@charport@S@StrViews#b#&$@N@std@S@vector>#$@S@cetype_ext_t#$@N@std@S@allocator>#S4_#	function	validate_identity_views	charr::altrep_backend::encoding_conversion::validate_identity_views	charr::altrep_backend::encoding_conversion	charr::altrep_backend	true	src/altrep_backend/ci_encoding_conversion.cpp	114	unit:src/altrep_backend/ci_encoding_conversion.cpp	altrep	cxx_helper	_Bool (const class charport::StrViews &, _Bool, class std::vector<struct cetype_ext_t> &)	false				external	1
decl:c:@N@charr@N@altrep_backend@N@encoding_conversion@S@ByteRecord	struct	ByteRecord	charr::altrep_backend::encoding_conversion::ByteRecord	charr::altrep_backend::encoding_conversion	charr::altrep_backend	true	src/altrep_backend/ci_encoding_conversion.cpp	66	unit:src/altrep_backend/ci_encoding_conversion.cpp	altrep					false	true	external	1
decl:c:@N@charr@N@altrep_backend@N@encoding_conversion@S@RawResult	struct	RawResult	charr::altrep_backend::encoding_conversion::RawResult	charr::altrep_backend::encoding_conversion	charr::altrep_backend	true	src/altrep_backend/ci_encoding_conversion.cpp	72	unit:src/altrep_backend/ci_encoding_conversion.cpp	altrep					true	false	external	1
decl:c:@N@charr@N@altrep_backend@N@encoding_conversion@S@RawResult@F@RawResult#	constructor	RawResult	charr::altrep_backend::encoding_conversion::RawResult::RawResult	charr::altrep_backend::encoding_conversion	charr::altrep_backend	true	src/altrep_backend/ci_encoding_conversion.cpp	76	unit:src/altrep_backend/ci_encoding_conversion.cpp	altrep	cxx_helper	void (void) noexcept	true	decl:c:@N@charr@N@altrep_backend@N@encoding_conversion@S@RawResult			external	1
decl:c:@N@charr@N@altrep_backend@N@encoding_management@F@emit_warnings_r#&1$@N@charr@N@shared@S@EncodingInfo#	function	emit_warnings_r	charr::altrep_backend::encoding_management::emit_warnings_r	charr::altrep_backend::encoding_management	charr::altrep_backend	true	src/altrep_backend/ci_encoding_management.cpp	67	unit:src/altrep_backend/ci_encoding_management.cpp	altrep	r_helper	void (const class charr::shared::EncodingInfo &) noexcept	true				external	1
decl:c:@N@charr@N@altrep_backend@N@encoding_management@F@stage_character#&$@N@charport@N@charvec@S@Builder#&1$@N@charr@N@shared@S@EncodingInfoValue#	function	stage_character	charr::altrep_backend::encoding_management::stage_character	charr::altrep_backend::encoding_management	charr::altrep_backend	true	src/altrep_backend/ci_encoding_management.cpp	50	unit:src/altrep_backend/ci_encoding_management.cpp	altrep	cxx_helper	void (class charport::charvec::Builder &, const struct charr::shared::EncodingInfoValue &)	false				external	1
decl:c:@N@charr@N@altrep_backend@N@entrypoints@F@C_charr_altrep_ci_cmp_equiv	function	C_charr_altrep_ci_cmp_equiv	charr::altrep_backend::entrypoints::C_charr_altrep_ci_cmp_equiv	charr::altrep_backend::entrypoints	charr::altrep_backend	true	src/altrep_backend/entrypoints.cpp	16	unit:src/altrep_backend/entrypoints.cpp	altrep	abi_shim	struct SEXPREC *(struct SEXPREC *, struct SEXPREC *, struct SEXPREC *) noexcept	true				external	2
decl:c:@N@charr@N@altrep_backend@N@entrypoints@F@C_charr_altrep_ci_count_boundaries	function	C_charr_altrep_ci_count_boundaries	charr::altrep_backend::entrypoints::C_charr_altrep_ci_count_boundaries	charr::altrep_backend::entrypoints	charr::altrep_backend	true	src/altrep_backend/entrypoints.cpp	16	unit:src/altrep_backend/entrypoints.cpp	altrep	abi_shim	struct SEXPREC *(struct SEXPREC *, struct SEXPREC *) noexcept	true				external	2
decl:c:@N@charr@N@altrep_backend@N@entrypoints@F@C_charr_altrep_ci_count_coll	function	C_charr_altrep_ci_count_coll	charr::altrep_backend::entrypoints::C_charr_altrep_ci_count_coll	charr::altrep_backend::entrypoints	charr::altrep_backend	true	src/altrep_backend/entrypoints.cpp	16	unit:src/altrep_backend/entrypoints.cpp	altrep	abi_shim	struct SEXPREC *(struct SEXPREC *, struct SEXPREC *, struct SEXPREC *) noexcept	true				external	2
decl:c:@N@charr@N@altrep_backend@N@entrypoints@F@C_charr_altrep_ci_count_fixed	function	C_charr_altrep_ci_count_fixed	charr::altrep_backend::entrypoints::C_charr_altrep_ci_count_fixed	charr::altrep_backend::entrypoints	charr::altrep_backend	true	src/altrep_backend/entrypoints.cpp	16	unit:src/altrep_backend/entrypoints.cpp	altrep	abi_shim	struct SEXPREC *(struct SEXPREC *, struct SEXPREC *, struct SEXPREC *) noexcept	true				external	2
decl:c:@N@charr@N@altrep_backend@N@entrypoints@F@C_charr_altrep_ci_count_regex	function	C_charr_altrep_ci_count_regex	charr::altrep_backend::entrypoints::C_charr_altrep_ci_count_regex	charr::altrep_backend::entrypoints	charr::altrep_backend	true	src/altrep_backend/entrypoints.cpp	16	unit:src/altrep_backend/entrypoints.cpp	altrep	abi_shim	struct SEXPREC *(struct SEXPREC *, struct SEXPREC *, struct SEXPREC *) noexcept	true				external	2
decl:c:@N@charr@N@altrep_backend@N@entrypoints@F@C_charr_altrep_ci_detect_coll	function	C_charr_altrep_ci_detect_coll	charr::altrep_backend::entrypoints::C_charr_altrep_ci_detect_coll	charr::altrep_backend::entrypoints	charr::altrep_backend	true	src/altrep_backend/entrypoints.cpp	16	unit:src/altrep_backend/entrypoints.cpp	altrep	abi_shim	struct SEXPREC *(struct SEXPREC *, struct SEXPREC *, struct SEXPREC *, struct SEXPREC *, struct SEXPREC *) noexcept	true				external	2
decl:c:@N@charr@N@altrep_backend@N@entrypoints@F@C_charr_altrep_ci_detect_fixed	function	C_charr_altrep_ci_detect_fixed	charr::altrep_backend::entrypoints::C_charr_altrep_ci_detect_fixed	charr::altrep_backend::entrypoints	charr::altrep_backend	true	src/altrep_backend/entrypoints.cpp	16	unit:src/altrep_backend/entrypoints.cpp	altrep	abi_shim	struct SEXPREC *(struct SEXPREC *, struct SEXPREC *, struct SEXPREC *, struct SEXPREC *, struct SEXPREC *) noexcept	true				external	2
decl:c:@N@charr@N@altrep_backend@N@entrypoints@F@C_charr_altrep_ci_detect_regex	function	C_charr_altrep_ci_detect_regex	charr::altrep_backend::entrypoints::C_charr_altrep_ci_detect_regex	charr::altrep_backend::entrypoints	charr::altrep_backend	true	src/altrep_backend/entrypoints.cpp	16	unit:src/altrep_backend/entrypoints.cpp	altrep	abi_shim	struct SEXPREC *(struct SEXPREC *, struct SEXPREC *, struct SEXPREC *, struct SEXPREC *, struct SEXPREC *) noexcept	true				external	2
decl:c:@N@charr@N@altrep_backend@N@entrypoints@F@C_charr_altrep_ci_dup	function	C_charr_altrep_ci_dup	charr::altrep_backend::entrypoints::C_charr_altrep_ci_dup	charr::altrep_backend::entrypoints	charr::altrep_backend	true	src/altrep_backend/entrypoints.cpp	16	unit:src/altrep_backend/entrypoints.cpp	altrep	abi_shim	struct SEXPREC *(struct SEXPREC *, struct SEXPREC *) noexcept	true				external	2
decl:c:@N@charr@N@altrep_backend@N@entrypoints@F@C_charr_altrep_ci_duplicated	function	C_charr_altrep_ci_duplicated	charr::altrep_backend::entrypoints::C_charr_altrep_ci_duplicated	charr::altrep_backend::entrypoints	charr::altrep_backend	true	src/altrep_backend/entrypoints.cpp	16	unit:src/altrep_backend/entrypoints.cpp	altrep	abi_shim	struct SEXPREC *(struct SEXPREC *, struct SEXPREC *, struct SEXPREC *) noexcept	true				external	2
decl:c:@N@charr@N@altrep_backend@N@entrypoints@F@C_charr_altrep_ci_enc_info	function	C_charr_altrep_ci_enc_info	charr::altrep_backend::entrypoints::C_charr_altrep_ci_enc_info	charr::altrep_backend::entrypoints	charr::altrep_backend	true	src/altrep_backend/entrypoints.cpp	16	unit:src/altrep_backend/entrypoints.cpp	altrep	abi_shim	struct SEXPREC *(struct SEXPREC *) noexcept	true				external	2
decl:c:@N@charr@N@altrep_backend@N@entrypoints@F@C_charr_altrep_ci_encode	function	C_charr_altrep_ci_encode	charr::altrep_backend::entrypoints::C_charr_altrep_ci_encode	charr::altrep_backend::entrypoints	charr::altrep_backend	true	src/altrep_backend/entrypoints.cpp	16	unit:src/altrep_backend/entrypoints.cpp	altrep	abi_shim	struct SEXPREC *(struct SEXPREC *, struct SEXPREC *, struct SEXPREC *, struct SEXPREC *) noexcept	true				external	2
decl:c:@N@charr@N@altrep_backend@N@entrypoints@F@C_charr_altrep_ci_endswith_coll	function	C_charr_altrep_ci_endswith_coll	charr::altrep_backend::entrypoints::C_charr_altrep_ci_endswith_coll	charr::altrep_backend::entrypoints	charr::altrep_backend	true	src/altrep_backend/entrypoints.cpp	16	unit:src/altrep_backend/entrypoints.cpp	altrep	abi_shim	struct SEXPREC *(struct SEXPREC *, struct SEXPREC *, struct SEXPREC *, struct SEXPREC *, struct SEXPREC *) noexcept	true				external	2
decl:c:@N@charr@N@altrep_backend@N@entrypoints@F@C_charr_altrep_ci_endswith_fixed	function	C_charr_altrep_ci_endswith_fixed	charr::altrep_backend::entrypoints::C_charr_altrep_ci_endswith_fixed	charr::altrep_backend::entrypoints	charr::altrep_backend	true	src/altrep_backend/entrypoints.cpp	16	unit:src/altrep_backend/entrypoints.cpp	altrep	abi_shim	struct SEXPREC *(struct SEXPREC *, struct SEXPREC *, struct SEXPREC *, struct SEXPREC *, struct SEXPREC *) noexcept	true				external	2
decl:c:@N@charr@N@altrep_backend@N@entrypoints@F@C_charr_altrep_ci_escape_unicode	function	C_charr_altrep_ci_escape_unicode	charr::altrep_backend::entrypoints::C_charr_altrep_ci_escape_unicode	charr::altrep_backend::entrypoints	charr::altrep_backend	true	src/altrep_backend/entrypoints.cpp	16	unit:src/altrep_backend/entrypoints.cpp	altrep	abi_shim	struct SEXPREC *(struct SEXPREC *) noexcept	true				external	2
decl:c:@N@charr@N@altrep_backend@N@entrypoints@F@C_charr_altrep_ci_extract_all_boundaries	function	C_charr_altrep_ci_extract_all_boundaries	charr::altrep_backend::entrypoints::C_charr_altrep_ci_extract_all_boundaries	charr::altrep_backend::entrypoints	charr::altrep_backend	true	src/altrep_backend/entrypoints.cpp	16	unit:src/altrep_backend/entrypoints.cpp	altrep	abi_shim	struct SEXPREC *(struct SEXPREC *, struct SEXPREC *, struct SEXPREC *, struct SEXPREC *) noexcept	true				external	2
decl:c:@N@charr@N@altrep_backend@N@entrypoints@F@C_charr_altrep_ci_extract_all_coll	function	C_charr_altrep_ci_extract_all_coll	charr::altrep_backend::entrypoints::C_charr_altrep_ci_extract_all_coll	charr::altrep_backend::entrypoints	charr::altrep_backend	true	src/altrep_backend/entrypoints.cpp	16	unit:src/altrep_backend/entrypoints.cpp	altrep	abi_shim	struct SEXPREC *(struct SEXPREC *, struct SEXPREC *, struct SEXPREC *, struct SEXPREC *, struct SEXPREC *) noexcept	true				external	2
decl:c:@N@charr@N@altrep_backend@N@entrypoints@F@C_charr_altrep_ci_extract_all_fixed	function	C_charr_altrep_ci_extract_all_fixed	charr::altrep_backend::entrypoints::C_charr_altrep_ci_extract_all_fixed	charr::altrep_backend::entrypoints	charr::altrep_backend	true	src/altrep_backend/entrypoints.cpp	16	unit:src/altrep_backend/entrypoints.cpp	altrep	abi_shim	struct SEXPREC *(struct SEXPREC *, struct SEXPREC *, struct SEXPREC *, struct SEXPREC *, struct SEXPREC *) noexcept	true				external	2
decl:c:@N@charr@N@altrep_backend@N@entrypoints@F@C_charr_altrep_ci_extract_all_regex	function	C_charr_altrep_ci_extract_all_regex	charr::altrep_backend::entrypoints::C_charr_altrep_ci_extract_all_regex	charr::altrep_backend::entrypoints	charr::altrep_backend	true	src/altrep_backend/entrypoints.cpp	16	unit:src/altrep_backend/entrypoints.cpp	altrep	abi_shim	struct SEXPREC *(struct SEXPREC *, struct SEXPREC *, struct SEXPREC *, struct SEXPREC *, struct SEXPREC *) noexcept	true				external	2
decl:c:@N@charr@N@altrep_backend@N@entrypoints@F@C_charr_altrep_ci_extract_first_boundaries	function	C_charr_altrep_ci_extract_first_boundaries	charr::altrep_backend::entrypoints::C_charr_altrep_ci_extract_first_boundaries	charr::altrep_backend::entrypoints	charr::altrep_backend	true	src/altrep_backend/entrypoints.cpp	16	unit:src/altrep_backend/entrypoints.cpp	altrep	abi_shim	struct SEXPREC *(struct SEXPREC *, struct SEXPREC *) noexcept	true				external	2
decl:c:@N@charr@N@altrep_backend@N@entrypoints@F@C_charr_altrep_ci_extract_first_coll	function	C_charr_altrep_ci_extract_first_coll	charr::altrep_backend::entrypoints::C_charr_altrep_ci_extract_first_coll	charr::altrep_backend::entrypoints	charr::altrep_backend	true	src/altrep_backend/entrypoints.cpp	16	unit:src/altrep_backend/entrypoints.cpp	altrep	abi_shim	struct SEXPREC *(struct SEXPREC *, struct SEXPREC *, struct SEXPREC *) noexcept	true				external	2
decl:c:@N@charr@N@altrep_backend@N@entrypoints@F@C_charr_altrep_ci_extract_first_fixed	function	C_charr_altrep_ci_extract_first_fixed	charr::altrep_backend::entrypoints::C_charr_altrep_ci_extract_first_fixed	charr::altrep_backend::entrypoints	charr::altrep_backend	true	src/altrep_backend/entrypoints.cpp	16	unit:src/altrep_backend/entrypoints.cpp	altrep	abi_shim	struct SEXPREC *(struct SEXPREC *, struct SEXPREC *, struct SEXPREC *) noexcept	true				external	2
decl:c:@N@charr@N@altrep_backend@N@entrypoints@F@C_charr_altrep_ci_extract_first_regex	function	C_charr_altrep_ci_extract_first_regex	charr::altrep_backend::entrypoints::C_charr_altrep_ci_extract_first_regex	charr::altrep_backend::entrypoints	charr::altrep_backend	true	src/altrep_backend/entrypoints.cpp	16	unit:src/altrep_backend/entrypoints.cpp	altrep	abi_shim	struct SEXPREC *(struct SEXPREC *, struct SEXPREC *, struct SEXPREC *) noexcept	true				external	2
decl:c:@N@charr@N@altrep_backend@N@entrypoints@F@C_charr_altrep_ci_flatten	function	C_charr_altrep_ci_flatten	charr::altrep_backend::entrypoints::C_charr_altrep_ci_flatten	charr::altrep_backend::entrypoints	charr::altrep_backend	true	src/altrep_backend/entrypoints.cpp	16	unit:src/altrep_backend/entrypoints.cpp	altrep	abi_shim	struct SEXPREC *(struct SEXPREC *, struct SEXPREC *, struct SEXPREC *, struct SEXPREC *) noexcept	true				external	2
decl:c:@N@charr@N@altrep_backend@N@entrypoints@F@C_charr_altrep_ci_join	function	C_charr_altrep_ci_join	charr::altrep_backend::entrypoints::C_charr_altrep_ci_join	charr::altrep_backend::entrypoints	charr::altrep_backend	true	src/altrep_backend/entrypoints.cpp	16	unit:src/altrep_backend/entrypoints.cpp	altrep	abi_shim	struct SEXPREC *(struct SEXPREC *, struct SEXPREC *, struct SEXPREC *, struct SEXPREC *) noexcept	true				external	2
decl:c:@N@charr@N@altrep_backend@N@entrypoints@F@C_charr_altrep_ci_length	function	C_charr_altrep_ci_length	charr::altrep_backend::entrypoints::C_charr_altrep_ci_length	charr::altrep_backend::entrypoints	charr::altrep_backend	true	src/altrep_backend/entrypoints.cpp	16	unit:src/altrep_backend/entrypoints.cpp	altrep	abi_shim	struct SEXPREC *(struct SEXPREC *) noexcept	true				external	2
decl:c:@N@charr@N@altrep_backend@N@entrypoints@F@C_charr_altrep_ci_locate_all_boundaries	function	C_charr_altrep_ci_locate_all_boundaries	charr::altrep_backend::entrypoints::C_charr_altrep_ci_locate_all_boundaries	charr::altrep_backend::entrypoints	charr::altrep_backend	true	src/altrep_backend/entrypoints.cpp	16	unit:src/altrep_backend/entrypoints.cpp	altrep	abi_shim	struct SEXPREC *(struct SEXPREC *, struct SEXPREC *, struct SEXPREC *, struct SEXPREC *) noexcept	true				external	2
decl:c:@N@charr@N@altrep_backend@N@entrypoints@F@C_charr_altrep_ci_locate_all_coll	function	C_charr_altrep_ci_locate_all_coll	charr::altrep_backend::entrypoints::C_charr_altrep_ci_locate_all_coll	charr::altrep_backend::entrypoints	charr::altrep_backend	true	src/altrep_backend/entrypoints.cpp	16	unit:src/altrep_backend/entrypoints.cpp	altrep	abi_shim	struct SEXPREC *(struct SEXPREC *, struct SEXPREC *, struct SEXPREC *, struct SEXPREC *, struct SEXPREC *) noexcept	true				external	2
decl:c:@N@charr@N@altrep_backend@N@entrypoints@F@C_charr_altrep_ci_locate_all_fixed	function	C_charr_altrep_ci_locate_all_fixed	charr::altrep_backend::entrypoints::C_charr_altrep_ci_locate_all_fixed	charr::altrep_backend::entrypoints	charr::altrep_backend	true	src/altrep_backend/entrypoints.cpp	16	unit:src/altrep_backend/entrypoints.cpp	altrep	abi_shim	struct SEXPREC *(struct SEXPREC *, struct SEXPREC *, struct SEXPREC *, struct SEXPREC *, struct SEXPREC *) noexcept	true				external	2
decl:c:@N@charr@N@altrep_backend@N@entrypoints@F@C_charr_altrep_ci_locate_all_regex	function	C_charr_altrep_ci_locate_all_regex	charr::altrep_backend::entrypoints::C_charr_altrep_ci_locate_all_regex	charr::altrep_backend::entrypoints	charr::altrep_backend	true	src/altrep_backend/entrypoints.cpp	16	unit:src/altrep_backend/entrypoints.cpp	altrep	abi_shim	struct SEXPREC *(struct SEXPREC *, struct SEXPREC *, struct SEXPREC *, struct SEXPREC *, struct SEXPREC *, struct SEXPREC *) noexcept	true				external	2
decl:c:@N@charr@N@altrep_backend@N@entrypoints@F@C_charr_altrep_ci_locate_first_boundaries	function	C_charr_altrep_ci_locate_first_boundaries	charr::altrep_backend::entrypoints::C_charr_altrep_ci_locate_first_boundaries	charr::altrep_backend::entrypoints	charr::altrep_backend	true	src/altrep_backend/entrypoints.cpp	16	unit:src/altrep_backend/entrypoints.cpp	altrep	abi_shim	struct SEXPREC *(struct SEXPREC *, struct SEXPREC *, struct SEXPREC *) noexcept	true				external	2
decl:c:@N@charr@N@altrep_backend@N@entrypoints@F@C_charr_altrep_ci_locate_first_coll	function	C_charr_altrep_ci_locate_first_coll	charr::altrep_backend::entrypoints::C_charr_altrep_ci_locate_first_coll	charr::altrep_backend::entrypoints	charr::altrep_backend	true	src/altrep_backend/entrypoints.cpp	16	unit:src/altrep_backend/entrypoints.cpp	altrep	abi_shim	struct SEXPREC *(struct SEXPREC *, struct SEXPREC *, struct SEXPREC *, struct SEXPREC *) noexcept	true				external	2
decl:c:@N@charr@N@altrep_backend@N@entrypoints@F@C_charr_altrep_ci_locate_first_fixed	function	C_charr_altrep_ci_locate_first_fixed	charr::altrep_backend::entrypoints::C_charr_altrep_ci_locate_first_fixed	charr::altrep_backend::entrypoints	charr::altrep_backend	true	src/altrep_backend/entrypoints.cpp	16	unit:src/altrep_backend/entrypoints.cpp	altrep	abi_shim	struct SEXPREC *(struct SEXPREC *, struct SEXPREC *, struct SEXPREC *, struct SEXPREC *) noexcept	true				external	2
decl:c:@N@charr@N@altrep_backend@N@entrypoints@F@C_charr_altrep_ci_locate_first_regex	function	C_charr_altrep_ci_locate_first_regex	charr::altrep_backend::entrypoints::C_charr_altrep_ci_locate_first_regex	charr::altrep_backend::entrypoints	charr::altrep_backend	true	src/altrep_backend/entrypoints.cpp	16	unit:src/altrep_backend/entrypoints.cpp	altrep	abi_shim	struct SEXPREC *(struct SEXPREC *, struct SEXPREC *, struct SEXPREC *, struct SEXPREC *, struct SEXPREC *) noexcept	true				external	2
decl:c:@N@charr@N@altrep_backend@N@entrypoints@F@C_charr_altrep_ci_match_all_regex	function	C_charr_altrep_ci_match_all_regex	charr::altrep_backend::entrypoints::C_charr_altrep_ci_match_all_regex	charr::altrep_backend::entrypoints	charr::altrep_backend	true	src/altrep_backend/entrypoints.cpp	16	unit:src/altrep_backend/entrypoints.cpp	altrep	abi_shim	struct SEXPREC *(struct SEXPREC *, struct SEXPREC *, struct SEXPREC *, struct SEXPREC *, struct SEXPREC *) noexcept	true				external	2
decl:c:@N@charr@N@altrep_backend@N@entrypoints@F@C_charr_altrep_ci_match_first_regex	function	C_charr_altrep_ci_match_first_regex	charr::altrep_backend::entrypoints::C_charr_altrep_ci_match_first_regex	charr::altrep_backend::entrypoints	charr::altrep_backend	true	src/altrep_backend/entrypoints.cpp	16	unit:src/altrep_backend/entrypoints.cpp	altrep	abi_shim	struct SEXPREC *(struct SEXPREC *, struct SEXPREC *, struct SEXPREC *, struct SEXPREC *) noexcept	true				external	2
decl:c:@N@charr@N@altrep_backend@N@entrypoints@F@C_charr_altrep_ci_order	function	C_charr_altrep_ci_order	charr::altrep_backend::entrypoints::C_charr_altrep_ci_order	charr::altrep_backend::entrypoints	charr::altrep_backend	true	src/altrep_backend/entrypoints.cpp	16	unit:src/altrep_backend/entrypoints.cpp	altrep	abi_shim	struct SEXPREC *(struct SEXPREC *, struct SEXPREC *, struct SEXPREC *, struct SEXPREC *) noexcept	true				external	2
decl:c:@N@charr@N@altrep_backend@N@entrypoints@F@C_charr_altrep_ci_pad	function	C_charr_altrep_ci_pad	charr::altrep_backend::entrypoints::C_charr_altrep_ci_pad	charr::altrep_backend::entrypoints	charr::altrep_backend	true	src/altrep_backend/entrypoints.cpp	16	unit:src/altrep_backend/entrypoints.cpp	altrep	abi_shim	struct SEXPREC *(struct SEXPREC *, struct SEXPREC *, struct SEXPREC *, struct SEXPREC *, struct SEXPREC *) noexcept	true				external	2
decl:c:@N@charr@N@altrep_backend@N@entrypoints@F@C_charr_altrep_ci_rank	function	C_charr_altrep_ci_rank	charr::altrep_backend::entrypoints::C_charr_altrep_ci_rank	charr::altrep_backend::entrypoints	charr::altrep_backend	true	src/altrep_backend/entrypoints.cpp	16	unit:src/altrep_backend/entrypoints.cpp	altrep	abi_shim	struct SEXPREC *(struct SEXPREC *, struct SEXPREC *) noexcept	true				external	2
decl:c:@N@charr@N@altrep_backend@N@entrypoints@F@C_charr_altrep_ci_read_lines	function	C_charr_altrep_ci_read_lines	charr::altrep_backend::entrypoints::C_charr_altrep_ci_read_lines	charr::altrep_backend::entrypoints	charr::altrep_backend	true	src/altrep_backend/entrypoints.cpp	16	unit:src/altrep_backend/entrypoints.cpp	altrep	abi_shim	struct SEXPREC *(struct SEXPREC *, struct SEXPREC *) noexcept	true				external	2
decl:c:@N@charr@N@altrep_backend@N@entrypoints@F@C_charr_altrep_ci_replace_all_charclass	function	C_charr_altrep_ci_replace_all_charclass	charr::altrep_backend::entrypoints::C_charr_altrep_ci_replace_all_charclass	charr::altrep_backend::entrypoints	charr::altrep_backend	true	src/altrep_backend/entrypoints.cpp	16	unit:src/altrep_backend/entrypoints.cpp	altrep	abi_shim	struct SEXPREC *(struct SEXPREC *, struct SEXPREC *, struct SEXPREC *, struct SEXPREC *, struct SEXPREC *) noexcept	true				external	2
decl:c:@N@charr@N@altrep_backend@N@entrypoints@F@C_charr_altrep_ci_replace_all_coll	function	C_charr_altrep_ci_replace_all_coll	charr::altrep_backend::entrypoints::C_charr_altrep_ci_replace_all_coll	charr::altrep_backend::entrypoints	charr::altrep_backend	true	src/altrep_backend/entrypoints.cpp	16	unit:src/altrep_backend/entrypoints.cpp	altrep	abi_shim	struct SEXPREC *(struct SEXPREC *, struct SEXPREC *, struct SEXPREC *, struct SEXPREC *, struct SEXPREC *) noexcept	true				external	2
decl:c:@N@charr@N@altrep_backend@N@entrypoints@F@C_charr_altrep_ci_replace_all_fixed	function	C_charr_altrep_ci_replace_all_fixed	charr::altrep_backend::entrypoints::C_charr_altrep_ci_replace_all_fixed	charr::altrep_backend::entrypoints	charr::altrep_backend	true	src/altrep_backend/entrypoints.cpp	16	unit:src/altrep_backend/entrypoints.cpp	altrep	abi_shim	struct SEXPREC *(struct SEXPREC *, struct SEXPREC *, struct SEXPREC *, struct SEXPREC *, struct SEXPREC *) noexcept	true				external	2
decl:c:@N@charr@N@altrep_backend@N@entrypoints@F@C_charr_altrep_ci_replace_all_regex	function	C_charr_altrep_ci_replace_all_regex	charr::altrep_backend::entrypoints::C_charr_altrep_ci_replace_all_regex	charr::altrep_backend::entrypoints	charr::altrep_backend	true	src/altrep_backend/entrypoints.cpp	16	unit:src/altrep_backend/entrypoints.cpp	altrep	abi_shim	struct SEXPREC *(struct SEXPREC *, struct SEXPREC *, struct SEXPREC *, struct SEXPREC *, struct SEXPREC *) noexcept	true				external	2
decl:c:@N@charr@N@altrep_backend@N@entrypoints@F@C_charr_altrep_ci_replace_first_coll	function	C_charr_altrep_ci_replace_first_coll	charr::altrep_backend::entrypoints::C_charr_altrep_ci_replace_first_coll	charr::altrep_backend::entrypoints	charr::altrep_backend	true	src/altrep_backend/entrypoints.cpp	16	unit:src/altrep_backend/entrypoints.cpp	altrep	abi_shim	struct SEXPREC *(struct SEXPREC *, struct SEXPREC *, struct SEXPREC *, struct SEXPREC *) noexcept	true				external	2
decl:c:@N@charr@N@altrep_backend@N@entrypoints@F@C_charr_altrep_ci_replace_first_fixed	function	C_charr_altrep_ci_replace_first_fixed	charr::altrep_backend::entrypoints::C_charr_altrep_ci_replace_first_fixed	charr::altrep_backend::entrypoints	charr::altrep_backend	true	src/altrep_backend/entrypoints.cpp	16	unit:src/altrep_backend/entrypoints.cpp	altrep	abi_shim	struct SEXPREC *(struct SEXPREC *, struct SEXPREC *, struct SEXPREC *, struct SEXPREC *) noexcept	true				external	2
decl:c:@N@charr@N@altrep_backend@N@entrypoints@F@C_charr_altrep_ci_replace_first_regex	function	C_charr_altrep_ci_replace_first_regex	charr::altrep_backend::entrypoints::C_charr_altrep_ci_replace_first_regex	charr::altrep_backend::entrypoints	charr::altrep_backend	true	src/altrep_backend/entrypoints.cpp	16	unit:src/altrep_backend/entrypoints.cpp	altrep	abi_shim	struct SEXPREC *(struct SEXPREC *, struct SEXPREC *, struct SEXPREC *, struct SEXPREC *) noexcept	true				external	2
decl:c:@N@charr@N@altrep_backend@N@entrypoints@F@C_charr_altrep_ci_replace_na	function	C_charr_altrep_ci_replace_na	charr::altrep_backend::entrypoints::C_charr_altrep_ci_replace_na	charr::altrep_backend::entrypoints	charr::altrep_backend	true	src/altrep_backend/entrypoints.cpp	16	unit:src/altrep_backend/entrypoints.cpp	altrep	abi_shim	struct SEXPREC *(struct SEXPREC *, struct SEXPREC *) noexcept	true				external	2
decl:c:@N@charr@N@altrep_backend@N@entrypoints@F@C_charr_altrep_ci_reverse	function	C_charr_altrep_ci_reverse	charr::altrep_backend::entrypoints::C_charr_altrep_ci_reverse	charr::altrep_backend::entrypoints	charr::altrep_backend	true	src/altrep_backend/entrypoints.cpp	16	unit:src/altrep_backend/entrypoints.cpp	altrep	abi_shim	struct SEXPREC *(struct SEXPREC *) noexcept	true				external	2
decl:c:@N@charr@N@altrep_backend@N@entrypoints@F@C_charr_altrep_ci_split_boundaries	function	C_charr_altrep_ci_split_boundaries	charr::altrep_backend::entrypoints::C_charr_altrep_ci_split_boundaries	charr::altrep_backend::entrypoints	charr::altrep_backend	true	src/altrep_backend/entrypoints.cpp	16	unit:src/altrep_backend/entrypoints.cpp	altrep	abi_shim	struct SEXPREC *(struct SEXPREC *, struct SEXPREC *, struct SEXPREC *, struct SEXPREC *, struct SEXPREC *) noexcept	true				external	2
decl:c:@N@charr@N@altrep_backend@N@entrypoints@F@C_charr_altrep_ci_split_coll	function	C_charr_altrep_ci_split_coll	charr::altrep_backend::entrypoints::C_charr_altrep_ci_split_coll	charr::altrep_backend::entrypoints	charr::altrep_backend	true	src/altrep_backend/entrypoints.cpp	16	unit:src/altrep_backend/entrypoints.cpp	altrep	abi_shim	struct SEXPREC *(struct SEXPREC *, struct SEXPREC *, struct SEXPREC *, struct SEXPREC *, struct SEXPREC *, struct SEXPREC *, struct SEXPREC *) noexcept	true				external	2
decl:c:@N@charr@N@altrep_backend@N@entrypoints@F@C_charr_altrep_ci_split_fixed	function	C_charr_altrep_ci_split_fixed	charr::altrep_backend::entrypoints::C_charr_altrep_ci_split_fixed	charr::altrep_backend::entrypoints	charr::altrep_backend	true	src/altrep_backend/entrypoints.cpp	16	unit:src/altrep_backend/entrypoints.cpp	altrep	abi_shim	struct SEXPREC *(struct SEXPREC *, struct SEXPREC *, struct SEXPREC *, struct SEXPREC *, struct SEXPREC *, struct SEXPREC *, struct SEXPREC *) noexcept	true				external	2
decl:c:@N@charr@N@altrep_backend@N@entrypoints@F@C_charr_altrep_ci_split_lines	function	C_charr_altrep_ci_split_lines	charr::altrep_backend::entrypoints::C_charr_altrep_ci_split_lines	charr::altrep_backend::entrypoints	charr::altrep_backend	true	src/altrep_backend/entrypoints.cpp	16	unit:src/altrep_backend/entrypoints.cpp	altrep	abi_shim	struct SEXPREC *(struct SEXPREC *, struct SEXPREC *) noexcept	true				external	2
decl:c:@N@charr@N@altrep_backend@N@entrypoints@F@C_charr_altrep_ci_split_lines1	function	C_charr_altrep_ci_split_lines1	charr::altrep_backend::entrypoints::C_charr_altrep_ci_split_lines1	charr::altrep_backend::entrypoints	charr::altrep_backend	true	src/altrep_backend/entrypoints.cpp	16	unit:src/altrep_backend/entrypoints.cpp	altrep	abi_shim	struct SEXPREC *(struct SEXPREC *) noexcept	true				external	2
decl:c:@N@charr@N@altrep_backend@N@entrypoints@F@C_charr_altrep_ci_split_regex	function	C_charr_altrep_ci_split_regex	charr::altrep_backend::entrypoints::C_charr_altrep_ci_split_regex	charr::altrep_backend::entrypoints	charr::altrep_backend	true	src/altrep_backend/entrypoints.cpp	16	unit:src/altrep_backend/entrypoints.cpp	altrep	abi_shim	struct SEXPREC *(struct SEXPREC *, struct SEXPREC *, struct SEXPREC *, struct SEXPREC *, struct SEXPREC *, struct SEXPREC *, struct SEXPREC *) noexcept	true				external	2
decl:c:@N@charr@N@altrep_backend@N@entrypoints@F@C_charr_altrep_ci_startswith_coll	function	C_charr_altrep_ci_startswith_coll	charr::altrep_backend::entrypoints::C_charr_altrep_ci_startswith_coll	charr::altrep_backend::entrypoints	charr::altrep_backend	true	src/altrep_backend/entrypoints.cpp	16	unit:src/altrep_backend/entrypoints.cpp	altrep	abi_shim	struct SEXPREC *(struct SEXPREC *, struct SEXPREC *, struct SEXPREC *, struct SEXPREC *, struct SEXPREC *) noexcept	true				external	2
decl:c:@N@charr@N@altrep_backend@N@entrypoints@F@C_charr_altrep_ci_startswith_fixed	function	C_charr_altrep_ci_startswith_fixed	charr::altrep_backend::entrypoints::C_charr_altrep_ci_startswith_fixed	charr::altrep_backend::entrypoints	charr::altrep_backend	true	src/altrep_backend/entrypoints.cpp	16	unit:src/altrep_backend/entrypoints.cpp	altrep	abi_shim	struct SEXPREC *(struct SEXPREC *, struct SEXPREC *, struct SEXPREC *, struct SEXPREC *, struct SEXPREC *) noexcept	true				external	2
decl:c:@N@charr@N@altrep_backend@N@entrypoints@F@C_charr_altrep_ci_sub	function	C_charr_altrep_ci_sub	charr::altrep_backend::entrypoints::C_charr_altrep_ci_sub	charr::altrep_backend::entrypoints	charr::altrep_backend	true	src/altrep_backend/entrypoints.cpp	16	unit:src/altrep_backend/entrypoints.cpp	altrep	abi_shim	struct SEXPREC *(struct SEXPREC *, struct SEXPREC *, struct SEXPREC *, struct SEXPREC *, struct SEXPREC *, struct SEXPREC *) noexcept	true				external	2
decl:c:@N@charr@N@altrep_backend@N@entrypoints@F@C_charr_altrep_ci_sub_all	function	C_charr_altrep_ci_sub_all	charr::altrep_backend::entrypoints::C_charr_altrep_ci_sub_all	charr::altrep_backend::entrypoints	charr::altrep_backend	true	src/altrep_backend/entrypoints.cpp	16	unit:src/altrep_backend/entrypoints.cpp	altrep	abi_shim	struct SEXPREC *(struct SEXPREC *, struct SEXPREC *, struct SEXPREC *, struct SEXPREC *, struct SEXPREC *, struct SEXPREC *) noexcept	true				external	2
decl:c:@N@charr@N@altrep_backend@N@entrypoints@F@C_charr_altrep_ci_sub_replacement	function	C_charr_altrep_ci_sub_replacement	charr::altrep_backend::entrypoints::C_charr_altrep_ci_sub_replacement	charr::altrep_backend::entrypoints	charr::altrep_backend	true	src/altrep_backend/entrypoints.cpp	16	unit:src/altrep_backend/entrypoints.cpp	altrep	abi_shim	struct SEXPREC *(struct SEXPREC *, struct SEXPREC *, struct SEXPREC *, struct SEXPREC *, struct SEXPREC *, struct SEXPREC *, struct SEXPREC *) noexcept	true				external	2
decl:c:@N@charr@N@altrep_backend@N@entrypoints@F@C_charr_altrep_ci_sub_replacement_all	function	C_charr_altrep_ci_sub_replacement_all	charr::altrep_backend::entrypoints::C_charr_altrep_ci_sub_replacement_all	charr::altrep_backend::entrypoints	charr::altrep_backend	true	src/altrep_backend/entrypoints.cpp	16	unit:src/altrep_backend/entrypoints.cpp	altrep	abi_shim	struct SEXPREC *(struct SEXPREC *, struct SEXPREC *, struct SEXPREC *, struct SEXPREC *, struct SEXPREC *, struct SEXPREC *, struct SEXPREC *) noexcept	true				external	2
decl:c:@N@charr@N@altrep_backend@N@entrypoints@F@C_charr_altrep_ci_trans_nfc	function	C_charr_altrep_ci_trans_nfc	charr::altrep_backend::entrypoints::C_charr_altrep_ci_trans_nfc	charr::altrep_backend::entrypoints	charr::altrep_backend	true	src/altrep_backend/entrypoints.cpp	16	unit:src/altrep_backend/entrypoints.cpp	altrep	abi_shim	struct SEXPREC *(struct SEXPREC *) noexcept	true				external	2
decl:c:@N@charr@N@altrep_backend@N@entrypoints@F@C_charr_altrep_ci_trans_tolower	function	C_charr_altrep_ci_trans_tolower	charr::altrep_backend::entrypoints::C_charr_altrep_ci_trans_tolower	charr::altrep_backend::entrypoints	charr::altrep_backend	true	src/altrep_backend/entrypoints.cpp	16	unit:src/altrep_backend/entrypoints.cpp	altrep	abi_shim	struct SEXPREC *(struct SEXPREC *, struct SEXPREC *) noexcept	true				external	2
decl:c:@N@charr@N@altrep_backend@N@entrypoints@F@C_charr_altrep_ci_trans_totitle	function	C_charr_altrep_ci_trans_totitle	charr::altrep_backend::entrypoints::C_charr_altrep_ci_trans_totitle	charr::altrep_backend::entrypoints	charr::altrep_backend	true	src/altrep_backend/entrypoints.cpp	16	unit:src/altrep_backend/entrypoints.cpp	altrep	abi_shim	struct SEXPREC *(struct SEXPREC *, struct SEXPREC *) noexcept	true				external	2
decl:c:@N@charr@N@altrep_backend@N@entrypoints@F@C_charr_altrep_ci_trans_toupper	function	C_charr_altrep_ci_trans_toupper	charr::altrep_backend::entrypoints::C_charr_altrep_ci_trans_toupper	charr::altrep_backend::entrypoints	charr::altrep_backend	true	src/altrep_backend/entrypoints.cpp	16	unit:src/altrep_backend/entrypoints.cpp	altrep	abi_shim	struct SEXPREC *(struct SEXPREC *, struct SEXPREC *) noexcept	true				external	2
decl:c:@N@charr@N@altrep_backend@N@entrypoints@F@C_charr_altrep_ci_trim_both	function	C_charr_altrep_ci_trim_both	charr::altrep_backend::entrypoints::C_charr_altrep_ci_trim_both	charr::altrep_backend::entrypoints	charr::altrep_backend	true	src/altrep_backend/entrypoints.cpp	16	unit:src/altrep_backend/entrypoints.cpp	altrep	abi_shim	struct SEXPREC *(struct SEXPREC *, struct SEXPREC *, struct SEXPREC *) noexcept	true				external	2
decl:c:@N@charr@N@altrep_backend@N@entrypoints@F@C_charr_altrep_ci_trim_left	function	C_charr_altrep_ci_trim_left	charr::altrep_backend::entrypoints::C_charr_altrep_ci_trim_left	charr::altrep_backend::entrypoints	charr::altrep_backend	true	src/altrep_backend/entrypoints.cpp	16	unit:src/altrep_backend/entrypoints.cpp	altrep	abi_shim	struct SEXPREC *(struct SEXPREC *, struct SEXPREC *, struct SEXPREC *) noexcept	true				external	2
decl:c:@N@charr@N@altrep_backend@N@entrypoints@F@C_charr_altrep_ci_trim_right	function	C_charr_altrep_ci_trim_right	charr::altrep_backend::entrypoints::C_charr_altrep_ci_trim_right	charr::altrep_backend::entrypoints	charr::altrep_backend	true	src/altrep_backend/entrypoints.cpp	16	unit:src/altrep_backend/entrypoints.cpp	altrep	abi_shim	struct SEXPREC *(struct SEXPREC *, struct SEXPREC *, struct SEXPREC *) noexcept	true				external	2
decl:c:@N@charr@N@altrep_backend@N@entrypoints@F@C_charr_altrep_ci_width	function	C_charr_altrep_ci_width	charr::altrep_backend::entrypoints::C_charr_altrep_ci_width	charr::altrep_backend::entrypoints	charr::altrep_backend	true	src/altrep_backend/entrypoints.cpp	16	unit:src/altrep_backend/entrypoints.cpp	altrep	abi_shim	struct SEXPREC *(struct SEXPREC *) noexcept	true				external	2
decl:c:@N@charr@N@altrep_backend@N@entrypoints@F@C_charr_altrep_ci_wrap	function	C_charr_altrep_ci_wrap	charr::altrep_backend::entrypoints::C_charr_altrep_ci_wrap	charr::altrep_backend::entrypoints	charr::altrep_backend	true	src/altrep_backend/entrypoints.cpp	16	unit:src/altrep_backend/entrypoints.cpp	altrep	abi_shim	struct SEXPREC *(struct SEXPREC *, struct SEXPREC *, struct SEXPREC *, struct SEXPREC *, struct SEXPREC *, struct SEXPREC *, struct SEXPREC *, struct SEXPREC *, struct SEXPREC *, struct SEXPREC *, struct SEXPREC *, struct SEXPREC *) noexcept	true				external	2
decl:c:@N@charr@N@altrep_backend@N@escape@F@escaped_size#&1$@N@charr@N@altrep_backend@N@escape@S@EscapeInput#	function	escaped_size	charr::altrep_backend::escape::escaped_size	charr::altrep_backend::escape	charr::altrep_backend	true	src/altrep_backend/ci_escape.cpp	138	unit:src/altrep_backend/ci_escape.cpp	altrep	cxx_helper	unsigned long (const struct charr::altrep_backend::escape::EscapeInput &)	false				external	1
decl:c:@N@charr@N@altrep_backend@N@escape@F@escaped_width#I#	function	escaped_width	charr::altrep_backend::escape::escaped_width	charr::altrep_backend::escape	charr::altrep_backend	true	src/altrep_backend/ci_escape.cpp	126	unit:src/altrep_backend/ci_escape.cpp	altrep	neutral_helper	unsigned long (int) noexcept	true				external	1
decl:c:@N@charr@N@altrep_backend@N@escape@F@has_utf8_bom#*1C#I#	function	has_utf8_bom	charr::altrep_backend::escape::has_utf8_bom	charr::altrep_backend::escape	charr::altrep_backend	true	src/altrep_backend/ci_escape.cpp	57	unit:src/altrep_backend/ci_escape.cpp	altrep	neutral_helper	_Bool (const char *, int) noexcept	true				external	1
decl:c:@N@charr@N@altrep_backend@N@escape@F@normalize_escape_input#&1$@S@charport_strview#&$@N@charr@N@shared@S@NativeToUtf8#	function	normalize_escape_input	charr::altrep_backend::escape::normalize_escape_input	charr::altrep_backend::escape	charr::altrep_backend	true	src/altrep_backend/ci_escape.cpp	68	unit:src/altrep_backend/ci_escape.cpp	altrep	cxx_helper	struct charr::altrep_backend::escape::EscapeInput (const struct charport_strview &, class charr::shared::NativeToUtf8 &)	false				external	1
decl:c:@N@charr@N@altrep_backend@N@escape@F@short_escape#I#	function	short_escape	charr::altrep_backend::escape::short_escape	charr::altrep_backend::escape	charr::altrep_backend	true	src/altrep_backend/ci_escape.cpp	108	unit:src/altrep_backend/ci_escape.cpp	altrep	neutral_helper	char (int) noexcept	true				external	1
decl:c:@N@charr@N@altrep_backend@N@escape@F@write_escape#&1$@N@charr@N@altrep_backend@N@escape@S@EscapeInput#*C#	function	write_escape	charr::altrep_backend::escape::write_escape	charr::altrep_backend::escape	charr::altrep_backend	true	src/altrep_backend/ci_escape.cpp	179	unit:src/altrep_backend/ci_escape.cpp	altrep	neutral_helper	void (const struct charr::altrep_backend::escape::EscapeInput &, char *) noexcept	true				external	1
decl:c:@N@charr@N@altrep_backend@N@escape@F@write_hex#*C#I#I#	function	write_hex	charr::altrep_backend::escape::write_hex	charr::altrep_backend::escape	charr::altrep_backend	true	src/altrep_backend/ci_escape.cpp	168	unit:src/altrep_backend/ci_escape.cpp	altrep	neutral_helper	char *(char *, int, int) noexcept	true				external	1
decl:c:@N@charr@N@altrep_backend@N@escape@S@EscapeInput	struct	EscapeInput	charr::altrep_backend::escape::EscapeInput	charr::altrep_backend::escape	charr::altrep_backend	true	src/altrep_backend/ci_escape.cpp	51	unit:src/altrep_backend/ci_escape.cpp	altrep					false	true	external	1
decl:c:@N@charr@N@altrep_backend@N@fixed@F@prepare_options#*$@S@SEXPREC#b#	function	prepare_options	charr::altrep_backend::fixed::prepare_options	charr::altrep_backend::fixed	charr::altrep_backend::fixed	true	src/altrep_backend/fixed/options.cpp	14	unit:src/altrep_backend/fixed/options.cpp	altrep	r_helper	struct charr::shared::FixedSearchOptions (struct SEXPREC *, _Bool) noexcept	true				external	9
decl:c:@N@charr@N@altrep_backend@N@io@F@as_charport_view#&1$@N@charr@N@shared@S@StringView#	function	as_charport_view	charr::altrep_backend::io::as_charport_view	charr::altrep_backend::io	charr::altrep_backend::io	true	src/altrep_backend/io/string_view.h	43		altrep	neutral_helper	struct charport_strview (const struct charr::shared::StringView &) noexcept	true				external	40
decl:c:@N@charr@N@altrep_backend@N@io@F@as_shared_view#&1$@S@charport_strview#	function	as_shared_view	charr::altrep_backend::io::as_shared_view	charr::altrep_backend::io	charr::altrep_backend::io	true	src/altrep_backend/io/string_view.h	12		altrep	neutral_helper	struct charr::shared::StringView (const struct charport_strview &) noexcept	true				external	40
decl:c:@N@charr@N@altrep_backend@N@io@F@checked_r_len#L#*1C#	function	checked_r_len	charr::altrep_backend::io::checked_r_len	charr::altrep_backend::io	charr::altrep_backend::io	true	src/altrep_backend/io/reader_utils.h	18		altrep	cxx_helper	int (long, const char *)	false				external	42
decl:c:@N@charr@N@altrep_backend@N@io@F@finalize#&&$@N@charport@N@charvec@S@Store#	function	finalize	charr::altrep_backend::io::finalize	charr::altrep_backend::io	charr::altrep_backend::io	true	src/altrep_backend/io/utf8_output.h	41		altrep	r_helper	struct SEXPREC *(class charport::charvec::Store &&) noexcept	true				external	29
decl:c:@N@charr@N@altrep_backend@N@io@F@is_ascii#*1C#l#	function	is_ascii	charr::altrep_backend::io::is_ascii	charr::altrep_backend::io	charr::altrep_backend::io	true	src/altrep_backend/io/reader_utils.h	31		altrep	neutral_helper	_Bool (const char *, unsigned long) noexcept	true				external	42
decl:c:@N@charr@N@altrep_backend@N@io@F@missing_output_record#	function	missing_output_record	charr::altrep_backend::io::missing_output_record	charr::altrep_backend::io	charr::altrep_backend::io	true	src/altrep_backend/io/utf8_output.cpp	81	unit:src/altrep_backend/io/utf8_output.cpp	altrep	neutral_helper	struct charport_strview (void) noexcept	true				external	7
decl:c:@N@charr@N@altrep_backend@N@io@F@output_record#$@N@std@S@basic_string_view>#C#$@N@std@S@char_traits>#C#$@S@cetype_ext_t#	function	output_record	charr::altrep_backend::io::output_record	charr::altrep_backend::io	charr::altrep_backend::io	true	src/altrep_backend/io/utf8_output.cpp	104	unit:src/altrep_backend/io/utf8_output.cpp	altrep	cxx_helper	struct charport_strview (class std::basic_string_view<char>, struct cetype_ext_t)	false				external	1
decl:c:@N@charr@N@altrep_backend@N@io@F@output_record#&1$@S@charport_strview#	function	output_record	charr::altrep_backend::io::output_record	charr::altrep_backend::io	charr::altrep_backend::io	true	src/altrep_backend/io/utf8_output.cpp	111	unit:src/altrep_backend/io/utf8_output.cpp	altrep	cxx_helper	struct charport_strview (const struct charport_strview &)	false				external	1
decl:c:@N@charr@N@altrep_backend@N@io@F@output_record#*1C#l#$@S@cetype_ext_t#	function	output_record	charr::altrep_backend::io::output_record	charr::altrep_backend::io	charr::altrep_backend::io	true	src/altrep_backend/io/utf8_output.cpp	86	unit:src/altrep_backend/io/utf8_output.cpp	altrep	cxx_helper	struct charport_strview (const char *, unsigned long, struct cetype_ext_t)	false				external	1
decl:c:@N@charr@N@altrep_backend@N@io@F@scalar_store#$@N@std@S@basic_string_view>#C#$@N@std@S@char_traits>#C#$@S@cetype_ext_t#	function	scalar_store	charr::altrep_backend::io::scalar_store	charr::altrep_backend::io	charr::altrep_backend::io	true	src/altrep_backend/io/utf8_output.cpp	143	unit:src/altrep_backend/io/utf8_output.cpp	altrep	cxx_helper	class charport::charvec::Store (class std::basic_string_view<char>, struct cetype_ext_t)	false				external	1
decl:c:@N@charr@N@altrep_backend@N@io@F@scalar_store#&1$@S@charport_strview#	function	scalar_store	charr::altrep_backend::io::scalar_store	charr::altrep_backend::io	charr::altrep_backend::io	true	src/altrep_backend/io/utf8_output.cpp	122	unit:src/altrep_backend/io/utf8_output.cpp	altrep	cxx_helper	class charport::charvec::Store (const struct charport_strview &)	false				external	7
decl:c:@N@charr@N@altrep_backend@N@io@F@scalar_store#*1C#l#$@S@cetype_ext_t#	function	scalar_store	charr::altrep_backend::io::scalar_store	charr::altrep_backend::io	charr::altrep_backend::io	true	src/altrep_backend/io/utf8_output.cpp	136	unit:src/altrep_backend/io/utf8_output.cpp	altrep	cxx_helper	class charport::charvec::Store (const char *, unsigned long, struct cetype_ext_t)	false				external	3
decl:c:@N@charr@N@altrep_backend@N@io@N@utf8_output@F@checked_length#l#	function	checked_length	charr::altrep_backend::io::utf8_output::checked_length	charr::altrep_backend::io::utf8_output	charr::altrep_backend::io	true	src/altrep_backend/io/utf8_output.cpp	18	unit:src/altrep_backend/io/utf8_output.cpp	altrep	cxx_helper	int (unsigned long)	false				external	1
decl:c:@N@charr@N@altrep_backend@N@io@N@utf8_output@F@empty_payload#	function	empty_payload	charr::altrep_backend::io::utf8_output::empty_payload	charr::altrep_backend::io::utf8_output	charr::altrep_backend::io	true	src/altrep_backend/io/utf8_output.cpp	12	unit:src/altrep_backend/io/utf8_output.cpp	altrep	neutral_helper	const char *(void) noexcept	true				external	1
decl:c:@N@charr@N@altrep_backend@N@io@N@utf8_output@F@is_ascii#*1C#l#	function	is_ascii	charr::altrep_backend::io::utf8_output::is_ascii	charr::altrep_backend::io::utf8_output	charr::altrep_backend::io	true	src/altrep_backend/io/utf8_output.cpp	25	unit:src/altrep_backend/io/utf8_output.cpp	altrep	neutral_helper	_Bool (const char *, unsigned long) noexcept	true				external	1
decl:c:@N@charr@N@altrep_backend@N@io@N@utf8_output@F@reserve_encoding#$@S@cetype_ext_t#	function	reserve_encoding	charr::altrep_backend::io::utf8_output::reserve_encoding	charr::altrep_backend::io::utf8_output	charr::altrep_backend::io	true	src/altrep_backend/io/utf8_output.cpp	58	unit:src/altrep_backend/io/utf8_output.cpp	altrep	cxx_helper	struct cetype_ext_t (struct cetype_ext_t)	false				external	1
decl:c:@N@charr@N@altrep_backend@N@io@N@utf8_output@F@resolved_encoding#*1C#l#$@S@cetype_ext_t#	function	resolved_encoding	charr::altrep_backend::io::utf8_output::resolved_encoding	charr::altrep_backend::io::utf8_output	charr::altrep_backend::io	true	src/altrep_backend/io/utf8_output.cpp	36	unit:src/altrep_backend/io/utf8_output.cpp	altrep	cxx_helper	struct cetype_ext_t (const char *, unsigned long, struct cetype_ext_t)	false				external	1
decl:c:@N@charr@N@altrep_backend@N@io@S@GrowableOutputBuilder	class	GrowableOutputBuilder	charr::altrep_backend::io::GrowableOutputBuilder	charr::altrep_backend::io	charr::altrep_backend::io	true	src/altrep_backend/io/utf8_output.h	106		altrep					true	false	external	29
decl:c:@N@charr@N@altrep_backend@N@io@S@GrowableOutputBuilder@F@GrowableOutputBuilder#	constructor	GrowableOutputBuilder	charr::altrep_backend::io::GrowableOutputBuilder::GrowableOutputBuilder	charr::altrep_backend::io	charr::altrep_backend::io	true	src/altrep_backend/io/utf8_output.cpp	202	unit:src/altrep_backend/io/utf8_output.cpp	altrep	cxx_helper	void (void)	false	decl:c:@N@charr@N@altrep_backend@N@io@S@GrowableOutputBuilder			external	4
decl:c:@N@charr@N@altrep_backend@N@io@S@GrowableOutputBuilder@F@append#$@N@std@S@basic_string_view>#C#$@N@std@S@char_traits>#C#$@S@cetype_ext_t#	method	append	charr::altrep_backend::io::GrowableOutputBuilder::append	charr::altrep_backend::io	charr::altrep_backend::io	true	src/altrep_backend/io/utf8_output.cpp	241	unit:src/altrep_backend/io/utf8_output.cpp	altrep	cxx_helper	void (class std::basic_string_view<char>, struct cetype_ext_t)	false	decl:c:@N@charr@N@altrep_backend@N@io@S@GrowableOutputBuilder			external	1
decl:c:@N@charr@N@altrep_backend@N@io@S@GrowableOutputBuilder@F@append#&1$@S@charport_strview#	method	append	charr::altrep_backend::io::GrowableOutputBuilder::append	charr::altrep_backend::io	charr::altrep_backend::io	true	src/altrep_backend/io/utf8_output.cpp	217	unit:src/altrep_backend/io/utf8_output.cpp	altrep	cxx_helper	void (const struct charport_strview &)	false	decl:c:@N@charr@N@altrep_backend@N@io@S@GrowableOutputBuilder			external	2
decl:c:@N@charr@N@altrep_backend@N@io@S@GrowableOutputBuilder@F@append#*1C#l#$@S@cetype_ext_t#	method	append	charr::altrep_backend::io::GrowableOutputBuilder::append	charr::altrep_backend::io	charr::altrep_backend::io	true	src/altrep_backend/io/utf8_output.cpp	227	unit:src/altrep_backend/io/utf8_output.cpp	altrep	cxx_helper	void (const char *, unsigned long, struct cetype_ext_t)	false	decl:c:@N@charr@N@altrep_backend@N@io@S@GrowableOutputBuilder			external	2
decl:c:@N@charr@N@altrep_backend@N@io@S@GrowableOutputBuilder@F@append_na#	method	append_na	charr::altrep_backend::io::GrowableOutputBuilder::append_na	charr::altrep_backend::io	charr::altrep_backend::io	true	src/altrep_backend/io/utf8_output.cpp	253	unit:src/altrep_backend/io/utf8_output.cpp	altrep	cxx_helper	void (void)	false	decl:c:@N@charr@N@altrep_backend@N@io@S@GrowableOutputBuilder			external	2
decl:c:@N@charr@N@altrep_backend@N@io@S@GrowableOutputBuilder@F@append_reserve#l#$@S@cetype_ext_t#	method	append_reserve	charr::altrep_backend::io::GrowableOutputBuilder::append_reserve	charr::altrep_backend::io	charr::altrep_backend::io	true	src/altrep_backend/io/utf8_output.cpp	258	unit:src/altrep_backend/io/utf8_output.cpp	altrep	cxx_helper	char *(unsigned long, struct cetype_ext_t)	false	decl:c:@N@charr@N@altrep_backend@N@io@S@GrowableOutputBuilder			external	2
decl:c:@N@charr@N@altrep_backend@N@io@S@GrowableOutputBuilder@F@release_store#	method	release_store	charr::altrep_backend::io::GrowableOutputBuilder::release_store	charr::altrep_backend::io	charr::altrep_backend::io	true	src/altrep_backend/io/utf8_output.cpp	269	unit:src/altrep_backend/io/utf8_output.cpp	altrep	cxx_helper	class charport::charvec::Store (void) noexcept	true	decl:c:@N@charr@N@altrep_backend@N@io@S@GrowableOutputBuilder			external	3
decl:c:@N@charr@N@altrep_backend@N@io@S@GrowableOutputBuilder@F@reset#	method	reset	charr::altrep_backend::io::GrowableOutputBuilder::reset	charr::altrep_backend::io	charr::altrep_backend::io	true	src/altrep_backend/io/utf8_output.cpp	207	unit:src/altrep_backend/io/utf8_output.cpp	altrep	cxx_helper	void (void) noexcept	true	decl:c:@N@charr@N@altrep_backend@N@io@S@GrowableOutputBuilder			external	4
decl:c:@N@charr@N@altrep_backend@N@io@S@GrowableOutputBuilder@F@size#1	method	size	charr::altrep_backend::io::GrowableOutputBuilder::size	charr::altrep_backend::io	charr::altrep_backend::io	true	src/altrep_backend/io/utf8_output.cpp	212	unit:src/altrep_backend/io/utf8_output.cpp	altrep	neutral_helper	unsigned long (void) const noexcept	true	decl:c:@N@charr@N@altrep_backend@N@io@S@GrowableOutputBuilder			external	1
decl:c:@N@charr@N@altrep_backend@N@io@S@GrowableOutputBuilder@F@to_sexp#	method	to_sexp	charr::altrep_backend::io::GrowableOutputBuilder::to_sexp	charr::altrep_backend::io	charr::altrep_backend::io	true	src/altrep_backend/io/utf8_output.cpp	276	unit:src/altrep_backend/io/utf8_output.cpp	altrep	r_helper	struct SEXPREC *(void) noexcept	true	decl:c:@N@charr@N@altrep_backend@N@io@S@GrowableOutputBuilder			external	2
decl:c:@N@charr@N@altrep_backend@N@io@S@OutputBuilder	class	OutputBuilder	charr::altrep_backend::io::OutputBuilder	charr::altrep_backend::io	charr::altrep_backend::io	true	src/altrep_backend/io/utf8_output.h	46		altrep					true	false	external	29
decl:c:@N@charr@N@altrep_backend@N@io@S@OutputBuilder@F@OutputBuilder#L#	constructor	OutputBuilder	charr::altrep_backend::io::OutputBuilder::OutputBuilder	charr::altrep_backend::io	charr::altrep_backend::io	true	src/altrep_backend/io/utf8_output.cpp	150	unit:src/altrep_backend/io/utf8_output.cpp	altrep	cxx_helper	void (long)	false	decl:c:@N@charr@N@altrep_backend@N@io@S@OutputBuilder			external	27
decl:c:@N@charr@N@altrep_backend@N@io@S@OutputBuilder@F@release_store#	method	release_store	charr::altrep_backend::io::OutputBuilder::release_store	charr::altrep_backend::io	charr::altrep_backend::io	true	src/altrep_backend/io/utf8_output.h	93		altrep	cxx_helper	class charport::charvec::Store (void) noexcept	true	decl:c:@N@charr@N@altrep_backend@N@io@S@OutputBuilder			external	29
decl:c:@N@charr@N@altrep_backend@N@io@S@OutputBuilder@F@reserve#L#l#$@S@cetype_ext_t#	method	reserve	charr::altrep_backend::io::OutputBuilder::reserve	charr::altrep_backend::io	charr::altrep_backend::io	true	src/altrep_backend/io/utf8_output.cpp	185	unit:src/altrep_backend/io/utf8_output.cpp	altrep	cxx_helper	char *(long, unsigned long, struct cetype_ext_t)	false	decl:c:@N@charr@N@altrep_backend@N@io@S@OutputBuilder			external	12
decl:c:@N@charr@N@altrep_backend@N@io@S@OutputBuilder@F@reset#L#	method	reset	charr::altrep_backend::io::OutputBuilder::reset	charr::altrep_backend::io	charr::altrep_backend::io	true	src/altrep_backend/io/utf8_output.h	55		altrep	cxx_helper	void (long)	false	decl:c:@N@charr@N@altrep_backend@N@io@S@OutputBuilder			external	29
decl:c:@N@charr@N@altrep_backend@N@io@S@OutputBuilder@F@set#L#$@N@std@S@basic_string_view>#C#$@N@std@S@char_traits>#C#$@S@cetype_ext_t#	method	set	charr::altrep_backend::io::OutputBuilder::set	charr::altrep_backend::io	charr::altrep_backend::io	true	src/altrep_backend/io/utf8_output.cpp	178	unit:src/altrep_backend/io/utf8_output.cpp	altrep	cxx_helper	void (long, class std::basic_string_view<char>, struct cetype_ext_t)	false	decl:c:@N@charr@N@altrep_backend@N@io@S@OutputBuilder			external	1
decl:c:@N@charr@N@altrep_backend@N@io@S@OutputBuilder@F@set#L#&1$@S@charport_strview#	method	set	charr::altrep_backend::io::OutputBuilder::set	charr::altrep_backend::io	charr::altrep_backend::io	true	src/altrep_backend/io/utf8_output.cpp	160	unit:src/altrep_backend/io/utf8_output.cpp	altrep	cxx_helper	void (long, const struct charport_strview &)	false	decl:c:@N@charr@N@altrep_backend@N@io@S@OutputBuilder			external	10
decl:c:@N@charr@N@altrep_backend@N@io@S@OutputBuilder@F@set#L#*1C#l#$@S@cetype_ext_t#	method	set	charr::altrep_backend::io::OutputBuilder::set	charr::altrep_backend::io	charr::altrep_backend::io	true	src/altrep_backend/io/utf8_output.cpp	170	unit:src/altrep_backend/io/utf8_output.cpp	altrep	cxx_helper	void (long, const char *, unsigned long, struct cetype_ext_t)	false	decl:c:@N@charr@N@altrep_backend@N@io@S@OutputBuilder			external	16
decl:c:@N@charr@N@altrep_backend@N@io@S@OutputBuilder@F@set_na#L#	method	set_na	charr::altrep_backend::io::OutputBuilder::set_na	charr::altrep_backend::io	charr::altrep_backend::io	true	src/altrep_backend/io/utf8_output.h	85		altrep	cxx_helper	void (long)	false	decl:c:@N@charr@N@altrep_backend@N@io@S@OutputBuilder			external	29
decl:c:@N@charr@N@altrep_backend@N@io@S@OutputBuilder@F@set_validated#L#&1$@S@charport_strview#	method	set_validated	charr::altrep_backend::io::OutputBuilder::set_validated	charr::altrep_backend::io	charr::altrep_backend::io	true	src/altrep_backend/io/utf8_output.h	75		altrep	cxx_helper	void (long, const struct charport_strview &)	false	decl:c:@N@charr@N@altrep_backend@N@io@S@OutputBuilder			external	29
decl:c:@N@charr@N@altrep_backend@N@io@S@OutputBuilder@F@size#1	method	size	charr::altrep_backend::io::OutputBuilder::size	charr::altrep_backend::io	charr::altrep_backend::io	true	src/altrep_backend/io/utf8_output.cpp	155	unit:src/altrep_backend/io/utf8_output.cpp	altrep	neutral_helper	long (void) const noexcept	true	decl:c:@N@charr@N@altrep_backend@N@io@S@OutputBuilder			external	1
decl:c:@N@charr@N@altrep_backend@N@io@S@OutputBuilder@F@to_sexp#	method	to_sexp	charr::altrep_backend::io::OutputBuilder::to_sexp	charr::altrep_backend::io	charr::altrep_backend::io	true	src/altrep_backend/io/utf8_output.cpp	196	unit:src/altrep_backend/io/utf8_output.cpp	altrep	r_helper	struct SEXPREC *(void) noexcept	true	decl:c:@N@charr@N@altrep_backend@N@io@S@OutputBuilder			external	25
decl:c:@N@charr@N@altrep_backend@N@join@F@normalize_flatten_inputs#&1$@N@charport@S@StrViews#&$@N@charr@N@shared@S@NativeToUtf8#&$@N@charr@N@shared@S@SliceArena#&$@N@std@S@vector>#$@N@charr@N@shared@S@StringView#$@N@std@S@allocator>#S8_#	function	normalize_flatten_inputs	charr::altrep_backend::join::normalize_flatten_inputs	charr::altrep_backend::join	charr::altrep_backend	true	src/altrep_backend/ci_join.cpp	57	unit:src/altrep_backend/ci_join.cpp	altrep	cxx_helper	void (const class charport::StrViews &, class charr::shared::NativeToUtf8 &, class charr::shared::SliceArena &, class std::vector<struct charr::shared::StringView> &)	false				external	1
decl:c:@N@charr@N@altrep_backend@N@join@F@normalize_flatten_separator#&1$@S@charport_strview#&$@N@charr@N@shared@S@NativeToUtf8#&$@N@charr@N@shared@S@SliceArena#	function	normalize_flatten_separator	charr::altrep_backend::join::normalize_flatten_separator	charr::altrep_backend::join	charr::altrep_backend	true	src/altrep_backend/ci_join.cpp	76	unit:src/altrep_backend/ci_join.cpp	altrep	cxx_helper	struct charr::shared::StringView (const struct charport_strview &, class charr::shared::NativeToUtf8 &, class charr::shared::SliceArena &)	false				external	1
decl:c:@N@charr@N@altrep_backend@N@join_frame@F@are_direct_inputs#&1$@N@charport@S@StrViews#	function	are_direct_inputs	charr::altrep_backend::join_frame::are_direct_inputs	charr::altrep_backend::join_frame	charr::altrep_backend	true	src/altrep_backend/ci_join.cpp	156	unit:src/altrep_backend/ci_join.cpp	altrep	cxx_helper	_Bool (const class charport::StrViews &)	false				external	1
decl:c:@N@charr@N@altrep_backend@N@join_frame@F@direct_input#&1$@S@charport_strview#	function	direct_input	charr::altrep_backend::join_frame::direct_input	charr::altrep_backend::join_frame	charr::altrep_backend	true	src/altrep_backend/ci_join.cpp	185	unit:src/altrep_backend/ci_join.cpp	altrep	neutral_helper	struct charr::shared::StringView (const struct charport_strview &) noexcept	true				external	1
decl:c:@N@charr@N@altrep_backend@N@join_frame@F@is_ascii#*1C#I#	function	is_ascii	charr::altrep_backend::join_frame::is_ascii	charr::altrep_backend::join_frame	charr::altrep_backend	true	src/altrep_backend/ci_join.cpp	144	unit:src/altrep_backend/ci_join.cpp	altrep	neutral_helper	_Bool (const char *, int) noexcept	true				external	1
decl:c:@N@charr@N@altrep_backend@N@join_frame@F@normalize_input#&1$@N@charr@N@shared@S@StringView#&$@N@charr@N@shared@S@NativeToUtf8#&$@N@charr@N@shared@S@SliceArena#	function	normalize_input	charr::altrep_backend::join_frame::normalize_input	charr::altrep_backend::join_frame	charr::altrep_backend	true	src/altrep_backend/ci_join.cpp	220	unit:src/altrep_backend/ci_join.cpp	altrep	cxx_helper	struct charr::shared::StringView (const struct charr::shared::StringView &, class charr::shared::NativeToUtf8 &, class charr::shared::SliceArena &)	false				external	1
decl:c:@N@charr@N@altrep_backend@N@join_frame@F@output_encoding#b#	function	output_encoding	charr::altrep_backend::join_frame::output_encoding	charr::altrep_backend::join_frame	charr::altrep_backend	true	src/altrep_backend/ci_join.cpp	245	unit:src/altrep_backend/ci_join.cpp	altrep	neutral_helper	struct cetype_ext_t (_Bool) noexcept	true				external	1
decl:c:@N@charr@N@altrep_backend@N@join_frame@F@point_columns#&1$@N@std@S@vector>#$@N@std@S@vector>#$@N@charr@N@shared@S@StringView#$@N@std@S@allocator>#S3_#$@N@std@S@allocator>#S2_#&$@N@std@S@vector>#$@N@charr@N@shared@N@join@S@Column#$@N@std@S@allocator>#S8_#	function	point_columns	charr::altrep_backend::join_frame::point_columns	charr::altrep_backend::join_frame	charr::altrep_backend	true	src/altrep_backend/ci_join.cpp	232	unit:src/altrep_backend/ci_join.cpp	altrep	neutral_helper	void (const class std::vector<class std::vector<struct charr::shared::StringView> > &, class std::vector<struct charr::shared::join::Column> &) noexcept	true				external	1
decl:c:@N@charr@N@altrep_backend@N@join_frame@F@recycling_length#&1$@N@std@S@vector>#I#$@N@std@S@allocator>#I#&b#	function	recycling_length	charr::altrep_backend::join_frame::recycling_length	charr::altrep_backend::join_frame	charr::altrep_backend	true	src/altrep_backend/ci_join.cpp	121	unit:src/altrep_backend/ci_join.cpp	altrep	neutral_helper	int (const class std::vector<int> &, _Bool &) noexcept	true				external	1
decl:c:@N@charr@N@altrep_backend@N@join_frame@F@remove_empty_inputs_r#*$@S@SEXPREC#b#	function	remove_empty_inputs_r	charr::altrep_backend::join_frame::remove_empty_inputs_r	charr::altrep_backend::join_frame	charr::altrep_backend	true	src/altrep_backend/ci_join.cpp	96	unit:src/altrep_backend/ci_join.cpp	altrep	r_helper	struct SEXPREC *(struct SEXPREC *, _Bool) noexcept	true				external	1
decl:c:@N@charr@N@altrep_backend@N@length@F@ci__ascii_char_width#c#	function	ci__ascii_char_width	charr::altrep_backend::length::ci__ascii_char_width	charr::altrep_backend::length	charr::altrep_backend	true	src/altrep_backend/ci_length.cpp	69	unit:src/altrep_backend/ci_length.cpp	altrep	neutral_helper	int (unsigned char) noexcept	true				external	1
decl:c:@N@charr@N@altrep_backend@N@length@F@ci__ascii_string_width#*1C#I#	function	ci__ascii_string_width	charr::altrep_backend::length::ci__ascii_string_width	charr::altrep_backend::length	charr::altrep_backend	true	src/altrep_backend/ci_length.cpp	77	unit:src/altrep_backend/ci_length.cpp	altrep	neutral_helper	int (const char *, int) noexcept	true				external	1
decl:c:@N@charr@N@altrep_backend@N@length@F@ci__length_utf8_fast#*1C#I#&I#	function	ci__length_utf8_fast	charr::altrep_backend::length::ci__length_utf8_fast	charr::altrep_backend::length	charr::altrep_backend	true	src/altrep_backend/ci_length.cpp	50	unit:src/altrep_backend/ci_length.cpp	altrep	neutral_helper	_Bool (const char *, int, int &) noexcept	true				external	1
decl:c:@N@charr@N@altrep_backend@N@order_rank@F@emit_warnings#b#	function	emit_warnings	charr::altrep_backend::order_rank::emit_warnings	charr::altrep_backend::order_rank	charr::altrep_backend	true	src/altrep_backend/ci_order_rank.cpp	65	unit:src/altrep_backend/ci_order_rank.cpp	altrep	r_helper	void (_Bool) noexcept	true				external	1
decl:c:@N@charr@N@altrep_backend@N@order_rank@F@require_icu_success#$@E@UErrorCode#	function	require_icu_success	charr::altrep_backend::order_rank::require_icu_success	charr::altrep_backend::order_rank	charr::altrep_backend	true	src/altrep_backend/ci_order_rank.cpp	58	unit:src/altrep_backend/ci_order_rank.cpp	altrep	cxx_helper	void (enum UErrorCode)	false				external	1
decl:c:@N@charr@N@altrep_backend@N@pad@F@ci__pad_repeat#*C#*1C#l#I#	function	ci__pad_repeat	charr::altrep_backend::pad::ci__pad_repeat	charr::altrep_backend::pad	charr::altrep_backend	true	src/altrep_backend/ci_pad.cpp	234	unit:src/altrep_backend/ci_pad.cpp	altrep	neutral_helper	char *(char *, const char *, unsigned long, int) noexcept	true				external	1
decl:c:@N@charr@N@altrep_backend@N@pad@F@ci__pad_width_string#*1C#I#	function	ci__pad_width_string	charr::altrep_backend::pad::ci__pad_width_string	charr::altrep_backend::pad	charr::altrep_backend	true	src/altrep_backend/ci_pad.cpp	178	unit:src/altrep_backend/ci_pad.cpp	altrep	cxx_helper	int (const char *, int)	false				external	1
decl:c:@N@charr@N@altrep_backend@N@pad@F@count_code_points#&1$@N@charr@N@altrep_backend@N@pad@S@PadInput#	function	count_code_points	charr::altrep_backend::pad::count_code_points	charr::altrep_backend::pad	charr::altrep_backend	true	src/altrep_backend/ci_pad.cpp	209	unit:src/altrep_backend/ci_pad.cpp	altrep	cxx_helper	int (const struct charr::altrep_backend::pad::PadInput &)	false				external	1
decl:c:@N@charr@N@altrep_backend@N@pad@F@empty_input#	function	empty_input	charr::altrep_backend::pad::empty_input	charr::altrep_backend::pad	charr::altrep_backend	true	src/altrep_backend/ci_pad.cpp	66	unit:src/altrep_backend/ci_pad.cpp	altrep	neutral_helper	const char *(void) noexcept	true				external	1
decl:c:@N@charr@N@altrep_backend@N@pad@F@has_utf8_bom#*1C#I#	function	has_utf8_bom	charr::altrep_backend::pad::has_utf8_bom	charr::altrep_backend::pad	charr::altrep_backend	true	src/altrep_backend/ci_pad.cpp	79	unit:src/altrep_backend/ci_pad.cpp	altrep	neutral_helper	_Bool (const char *, int) noexcept	true				external	1
decl:c:@N@charr@N@altrep_backend@N@pad@F@missing_input#	function	missing_input	charr::altrep_backend::pad::missing_input	charr::altrep_backend::pad	charr::altrep_backend	true	src/altrep_backend/ci_pad.cpp	73	unit:src/altrep_backend/ci_pad.cpp	altrep	neutral_helper	struct charr::altrep_backend::pad::PadInput (void) noexcept	true				external	1
decl:c:@N@charr@N@altrep_backend@N@pad@F@normalize_input#&1$@S@charport_strview#&$@N@charr@N@shared@S@NativeToUtf8#&$@N@charr@N@shared@S@SliceArena#	function	normalize_input	charr::altrep_backend::pad::normalize_input	charr::altrep_backend::pad	charr::altrep_backend	true	src/altrep_backend/ci_pad.cpp	90	unit:src/altrep_backend/ci_pad.cpp	altrep	cxx_helper	struct charr::altrep_backend::pad::PadInput (const struct charport_strview &, class charr::shared::NativeToUtf8 &, class charr::shared::SliceArena &)	false				external	1
decl:c:@N@charr@N@altrep_backend@N@pad@F@recycling_length#I#I#I#&b#	function	recycling_length	charr::altrep_backend::pad::recycling_length	charr::altrep_backend::pad	charr::altrep_backend	true	src/altrep_backend/ci_pad.cpp	157	unit:src/altrep_backend/ci_pad.cpp	altrep	neutral_helper	int (int, int, int, _Bool &) noexcept	true				external	1
decl:c:@N@charr@N@altrep_backend@N@pad@F@validate_pad#&1$@N@charr@N@altrep_backend@N@pad@S@PadInput#b#	function	validate_pad	charr::altrep_backend::pad::validate_pad	charr::altrep_backend::pad	charr::altrep_backend	true	src/altrep_backend/ci_pad.cpp	217	unit:src/altrep_backend/ci_pad.cpp	altrep	cxx_helper	void (const struct charr::altrep_backend::pad::PadInput &, _Bool)	false				external	1
decl:c:@N@charr@N@altrep_backend@N@pad@S@PadInput	struct	PadInput	charr::altrep_backend::pad::PadInput	charr::altrep_backend::pad	charr::altrep_backend	true	src/altrep_backend/ci_pad.cpp	54	unit:src/altrep_backend/ci_pad.cpp	altrep					false	true	external	1
decl:c:@N@charr@N@altrep_backend@N@prepare_arg@F@call_as_character_r#*v#	function	call_as_character_r	charr::altrep_backend::prepare_arg::call_as_character_r	charr::altrep_backend::prepare_arg	charr::altrep_backend	true	src/altrep_backend/ci_prepare_arg.cpp	45	unit:src/altrep_backend/ci_prepare_arg.cpp	altrep	r_helper	struct SEXPREC *(void *) noexcept	true				external	1
decl:c:@N@charr@N@altrep_backend@N@prepare_arg@F@call_as_double_r#*v#	function	call_as_double_r	charr::altrep_backend::prepare_arg::call_as_double_r	charr::altrep_backend::prepare_arg	charr::altrep_backend	true	src/altrep_backend/ci_prepare_arg.cpp	67	unit:src/altrep_backend/ci_prepare_arg.cpp	altrep	r_helper	struct SEXPREC *(void *) noexcept	true				external	1
decl:c:@N@charr@N@altrep_backend@N@prepare_arg@F@call_as_integer_r#*v#	function	call_as_integer_r	charr::altrep_backend::prepare_arg::call_as_integer_r	charr::altrep_backend::prepare_arg	charr::altrep_backend	true	src/altrep_backend/ci_prepare_arg.cpp	56	unit:src/altrep_backend/ci_prepare_arg.cpp	altrep	r_helper	struct SEXPREC *(void *) noexcept	true				external	1
decl:c:@N@charr@N@altrep_backend@N@prepare_arg@F@call_as_logical_r#*v#	function	call_as_logical_r	charr::altrep_backend::prepare_arg::call_as_logical_r	charr::altrep_backend::prepare_arg	charr::altrep_backend	true	src/altrep_backend/ci_prepare_arg.cpp	78	unit:src/altrep_backend/ci_prepare_arg.cpp	altrep	r_helper	struct SEXPREC *(void *) noexcept	true				external	1
decl:c:@N@charr@N@altrep_backend@N@prepare_arg@F@check_list_of_scalars#*$@S@SEXPREC#	function	check_list_of_scalars	charr::altrep_backend::prepare_arg::check_list_of_scalars	charr::altrep_backend::prepare_arg	charr::altrep_backend	true	src/altrep_backend/ci_prepare_arg.cpp	98	unit:src/altrep_backend/ci_prepare_arg.cpp	altrep	r_helper	_Bool (struct SEXPREC *) noexcept	true				external	1
decl:c:@N@charr@N@altrep_backend@N@prepare_arg@F@handler_null#*$@S@SEXPREC#*v#	function	handler_null	charr::altrep_backend::prepare_arg::handler_null	charr::altrep_backend::prepare_arg	charr::altrep_backend	true	src/altrep_backend/ci_prepare_arg.cpp	89	unit:src/altrep_backend/ci_prepare_arg.cpp	altrep	neutral_helper	struct SEXPREC *(struct SEXPREC *, void *) noexcept	true				external	1
decl:c:@N@charr@N@altrep_backend@N@prepare_arg@F@is_c_locale#*1C#	function	is_c_locale	charr::altrep_backend::prepare_arg::is_c_locale	charr::altrep_backend::prepare_arg	charr::altrep_backend	true	src/altrep_backend/ci_prepare_arg.cpp	163	unit:src/altrep_backend/ci_prepare_arg.cpp	altrep	neutral_helper	_Bool (const char *) noexcept	true				external	1
decl:c:@N@charr@N@altrep_backend@N@prepare_arg@F@prepare_double_r#*$@S@SEXPREC#*1C#b#b#	function	prepare_double_r	charr::altrep_backend::prepare_arg::prepare_double_r	charr::altrep_backend::prepare_arg	charr::altrep_backend	true	src/altrep_backend/ci_prepare_arg.cpp	110	unit:src/altrep_backend/ci_prepare_arg.cpp	altrep	r_helper	struct SEXPREC *(struct SEXPREC *, const char *, _Bool, _Bool) noexcept	true				external	1
decl:c:@N@charr@N@altrep_backend@N@prepare_arg@F@prepare_locale_value_r#*$@S@SEXPREC#*1C#S2_#b#	function	prepare_locale_value_r	charr::altrep_backend::prepare_arg::prepare_locale_value_r	charr::altrep_backend::prepare_arg	charr::altrep_backend	true	src/altrep_backend/ci_prepare_arg.cpp	170	unit:src/altrep_backend/ci_prepare_arg.cpp	altrep	r_helper	const char *(struct SEXPREC *, const char *, const char *, _Bool) noexcept	true				external	1
decl:c:@N@charr@N@altrep_backend@N@read_lines@F@build_store_records#*1C#&1$@N@charr@N@shared@N@line_split@S@ScanResult#&$@N@charport@N@charvec@S@Store#	function	build_store_records	charr::altrep_backend::read_lines::build_store_records	charr::altrep_backend::read_lines	charr::altrep_backend	true	src/altrep_backend/ci_search_other_split.cpp	80	unit:src/altrep_backend/ci_search_other_split.cpp	altrep	cxx_helper	void (const char *, const struct charr::shared::line_split::ScanResult &, class charport::charvec::Store &)	false				external	1
decl:c:@N@charr@N@altrep_backend@N@read_lines@F@emit_file_warnings#*1C#$@N@charr@N@shared@N@read_lines@E@FileCondition#I#	function	emit_file_warnings	charr::altrep_backend::read_lines::emit_file_warnings	charr::altrep_backend::read_lines	charr::altrep_backend	true	src/altrep_backend/ci_search_other_split.cpp	53	unit:src/altrep_backend/ci_search_other_split.cpp	altrep	r_helper	void (const char *, enum charr::shared::read_lines::FileCondition, int) noexcept	true				external	1
decl:c:@N@charr@N@altrep_backend@N@read_lines@F@emit_invalid_warning#*1C#	function	emit_invalid_warning	charr::altrep_backend::read_lines::emit_invalid_warning	charr::altrep_backend::read_lines	charr::altrep_backend	true	src/altrep_backend/ci_search_other_split.cpp	74	unit:src/altrep_backend/ci_search_other_split.cpp	altrep	r_helper	void (const char *) noexcept	true				external	1
decl:c:@N@charr@N@altrep_backend@N@regex@F@prepare_options#*$@S@SEXPREC#	function	prepare_options	charr::altrep_backend::regex::prepare_options	charr::altrep_backend::regex	charr::altrep_backend::regex	true	src/altrep_backend/regex/options_r.cpp	15	unit:src/altrep_backend/regex/options_r.cpp	altrep	r_helper	struct charr::shared::RegexOptions (struct SEXPREC *) noexcept	true				external	8
decl:c:@N@charr@N@altrep_backend@N@replace_na@F@has_utf8_bom#*1C#I#	function	has_utf8_bom	charr::altrep_backend::replace_na::has_utf8_bom	charr::altrep_backend::replace_na	charr::altrep_backend	true	src/altrep_backend/ci_replace_na.cpp	56	unit:src/altrep_backend/ci_replace_na.cpp	altrep	neutral_helper	_Bool (const char *, int) noexcept	true				external	1
decl:c:@N@charr@N@altrep_backend@N@replace_na@F@is_direct_source#&1$@S@charport_strview#	function	is_direct_source	charr::altrep_backend::replace_na::is_direct_source	charr::altrep_backend::replace_na	charr::altrep_backend	true	src/altrep_backend/ci_replace_na.cpp	67	unit:src/altrep_backend/ci_replace_na.cpp	altrep	neutral_helper	_Bool (const struct charport_strview &) noexcept	true				external	1
decl:c:@N@charr@N@altrep_backend@N@replace_na@F@resolve_output_encoding#$@N@charr@N@shared@S@StringView#	function	resolve_output_encoding	charr::altrep_backend::replace_na::resolve_output_encoding	charr::altrep_backend::replace_na	charr::altrep_backend	true	src/altrep_backend/ci_replace_na.cpp	78	unit:src/altrep_backend/ci_replace_na.cpp	altrep	neutral_helper	struct charr::shared::StringView (struct charr::shared::StringView) noexcept	true				external	1
decl:c:@N@charr@N@altrep_backend@N@reverse@F@has_utf8_bom#*1C#I#	function	has_utf8_bom	charr::altrep_backend::reverse::has_utf8_bom	charr::altrep_backend::reverse	charr::altrep_backend	true	src/altrep_backend/ci_reverse.cpp	56	unit:src/altrep_backend/ci_reverse.cpp	altrep	neutral_helper	_Bool (const char *, int) noexcept	true				external	1
decl:c:@N@charr@N@altrep_backend@N@reverse@F@normalize_input#&1$@S@charport_strview#&$@N@charr@N@shared@S@NativeToUtf8#	function	normalize_input	charr::altrep_backend::reverse::normalize_input	charr::altrep_backend::reverse	charr::altrep_backend	true	src/altrep_backend/ci_reverse.cpp	66	unit:src/altrep_backend/ci_reverse.cpp	altrep	cxx_helper	struct charr::altrep_backend::reverse::ReverseInput (const struct charport_strview &, class charr::shared::NativeToUtf8 &)	false				external	1
decl:c:@N@charr@N@altrep_backend@N@reverse@F@reverse_input#&1$@N@charr@N@altrep_backend@N@reverse@S@ReverseInput#*C#	function	reverse_input	charr::altrep_backend::reverse::reverse_input	charr::altrep_backend::reverse	charr::altrep_backend	true	src/altrep_backend/ci_reverse.cpp	148	unit:src/altrep_backend/ci_reverse.cpp	altrep	cxx_helper	void (const struct charr::altrep_backend::reverse::ReverseInput &, char *)	false				external	1
decl:c:@N@charr@N@altrep_backend@N@reverse@F@reverse_utf8#&1$@N@charr@N@altrep_backend@N@reverse@S@ReverseInput#*C#	function	reverse_utf8	charr::altrep_backend::reverse::reverse_utf8	charr::altrep_backend::reverse	charr::altrep_backend	true	src/altrep_backend/ci_reverse.cpp	106	unit:src/altrep_backend/ci_reverse.cpp	altrep	cxx_helper	void (const struct charr::altrep_backend::reverse::ReverseInput &, char *)	false				external	1
decl:c:@N@charr@N@altrep_backend@N@reverse@S@ReverseInput	struct	ReverseInput	charr::altrep_backend::reverse::ReverseInput	charr::altrep_backend::reverse	charr::altrep_backend	true	src/altrep_backend/ci_reverse.cpp	50	unit:src/altrep_backend/ci_reverse.cpp	altrep					false	true	external	1
decl:c:@N@charr@N@altrep_backend@N@search_boundaries_count@F@emit_fallback_warning_r#	function	emit_fallback_warning_r	charr::altrep_backend::search_boundaries_count::emit_fallback_warning_r	charr::altrep_backend::search_boundaries_count	charr::altrep_backend	true	src/altrep_backend/ci_search_boundaries_count.cpp	96	unit:src/altrep_backend/ci_search_boundaries_count.cpp	altrep	r_helper	void (void) noexcept	true				external	1
decl:c:@N@charr@N@altrep_backend@N@search_boundaries_count@F@require_icu_success#$@E@UErrorCode#	function	require_icu_success	charr::altrep_backend::search_boundaries_count::require_icu_success	charr::altrep_backend::search_boundaries_count	charr::altrep_backend	true	src/altrep_backend/ci_search_boundaries_count.cpp	89	unit:src/altrep_backend/ci_search_boundaries_count.cpp	altrep	cxx_helper	void (enum UErrorCode)	false				external	1
decl:c:@N@charr@N@altrep_backend@N@search_boundaries_count@F@scan_direct_input#&1$@N@charport@S@StrViews#	function	scan_direct_input	charr::altrep_backend::search_boundaries_count::scan_direct_input	charr::altrep_backend::search_boundaries_count	charr::altrep_backend	true	src/altrep_backend/ci_search_boundaries_count.cpp	62	unit:src/altrep_backend/ci_search_boundaries_count.cpp	altrep	cxx_helper	struct charr::altrep_backend::search_boundaries_count::InputScan (const class charport::StrViews &)	false				external	1
decl:c:@N@charr@N@altrep_backend@N@search_boundaries_count@S@InputScan	struct	InputScan	charr::altrep_backend::search_boundaries_count::InputScan	charr::altrep_backend::search_boundaries_count	charr::altrep_backend	true	src/altrep_backend/ci_search_boundaries_count.cpp	56	unit:src/altrep_backend/ci_search_boundaries_count.cpp	altrep					false	true	external	1
decl:c:@N@charr@N@altrep_backend@N@search_boundaries_extract@F@boundary_record#&1$@N@charr@N@shared@S@StringView#&1$@N@charr@N@shared@S@BoundaryRange#	function	boundary_record	charr::altrep_backend::search_boundaries_extract::boundary_record	charr::altrep_backend::search_boundaries_extract	charr::altrep_backend	true	src/altrep_backend/ci_search_boundaries_extract.cpp	100	unit:src/altrep_backend/ci_search_boundaries_extract.cpp	altrep	neutral_helper	struct charport_strview (const struct charr::shared::StringView &, const struct charr::shared::BoundaryRange &) noexcept	true				external	1
decl:c:@N@charr@N@altrep_backend@N@search_boundaries_extract@F@emit_fallback_warning_r#	function	emit_fallback_warning_r	charr::altrep_backend::search_boundaries_extract::emit_fallback_warning_r	charr::altrep_backend::search_boundaries_extract	charr::altrep_backend	true	src/altrep_backend/ci_search_boundaries_extract.cpp	112	unit:src/altrep_backend/ci_search_boundaries_extract.cpp	altrep	r_helper	void (void) noexcept	true				external	1
decl:c:@N@charr@N@altrep_backend@N@search_boundaries_extract@F@ensure_iterator#&$@N@charr@N@shared@S@BoundaryIterator#&1$@N@charr@N@shared@S@BoundaryOptions#&b#S4_#	function	ensure_iterator	charr::altrep_backend::search_boundaries_extract::ensure_iterator	charr::altrep_backend::search_boundaries_extract	charr::altrep_backend	true	src/altrep_backend/ci_search_boundaries_extract.cpp	65	unit:src/altrep_backend/ci_search_boundaries_extract.cpp	altrep	cxx_helper	void (class charr::shared::BoundaryIterator &, const struct charr::shared::BoundaryOptions &, _Bool &, _Bool &)	false				external	1
decl:c:@N@charr@N@altrep_backend@N@search_boundaries_extract@F@normalize_input#&1$@N@charport@S@StrViews#&$@N@charr@N@shared@S@NativeToUtf8#&$@N@charr@N@shared@S@SliceArena#&$@N@std@S@vector>#$@N@charr@N@shared@S@StringView#$@N@std@S@allocator>#S8_#	function	normalize_input	charr::altrep_backend::search_boundaries_extract::normalize_input	charr::altrep_backend::search_boundaries_extract	charr::altrep_backend	true	src/altrep_backend/ci_search_boundaries_extract.cpp	81	unit:src/altrep_backend/ci_search_boundaries_extract.cpp	altrep	cxx_helper	void (const class charport::StrViews &, class charr::shared::NativeToUtf8 &, class charr::shared::SliceArena &, class std::vector<struct charr::shared::StringView> &)	false				external	1
decl:c:@N@charr@N@altrep_backend@N@search_boundaries_extract@F@require_icu_success#$@E@UErrorCode#	function	require_icu_success	charr::altrep_backend::search_boundaries_extract::require_icu_success	charr::altrep_backend::search_boundaries_extract	charr::altrep_backend	true	src/altrep_backend/ci_search_boundaries_extract.cpp	58	unit:src/altrep_backend/ci_search_boundaries_extract.cpp	altrep	cxx_helper	void (enum UErrorCode)	false				external	1
decl:c:@N@charr@N@altrep_backend@N@search_boundaries_locate@F@emit_fallback_warning_r#	function	emit_fallback_warning_r	charr::altrep_backend::search_boundaries_locate::emit_fallback_warning_r	charr::altrep_backend::search_boundaries_locate	charr::altrep_backend	true	src/altrep_backend/ci_search_boundaries_locate.cpp	99	unit:src/altrep_backend/ci_search_boundaries_locate.cpp	altrep	r_helper	void (void) noexcept	true				external	1
decl:c:@N@charr@N@altrep_backend@N@search_boundaries_locate@F@ensure_iterator#&$@N@charr@N@shared@S@BoundaryIterator#&1$@N@charr@N@shared@S@BoundaryOptions#&b#S4_#	function	ensure_iterator	charr::altrep_backend::search_boundaries_locate::ensure_iterator	charr::altrep_backend::search_boundaries_locate	charr::altrep_backend	true	src/altrep_backend/ci_search_boundaries_locate.cpp	64	unit:src/altrep_backend/ci_search_boundaries_locate.cpp	altrep	cxx_helper	void (class charr::shared::BoundaryIterator &, const struct charr::shared::BoundaryOptions &, _Bool &, _Bool &)	false				external	1
decl:c:@N@charr@N@altrep_backend@N@search_boundaries_locate@F@normalize_input#&1$@N@charport@S@StrViews#&$@N@charr@N@shared@S@NativeToUtf8#&$@N@charr@N@shared@S@SliceArena#&$@N@std@S@vector>#$@N@charr@N@shared@S@StringView#$@N@std@S@allocator>#S8_#	function	normalize_input	charr::altrep_backend::search_boundaries_locate::normalize_input	charr::altrep_backend::search_boundaries_locate	charr::altrep_backend	true	src/altrep_backend/ci_search_boundaries_locate.cpp	80	unit:src/altrep_backend/ci_search_boundaries_locate.cpp	altrep	cxx_helper	void (const class charport::StrViews &, class charr::shared::NativeToUtf8 &, class charr::shared::SliceArena &, class std::vector<struct charr::shared::StringView> &)	false				external	1
decl:c:@N@charr@N@altrep_backend@N@search_boundaries_locate@F@require_icu_success#$@E@UErrorCode#	function	require_icu_success	charr::altrep_backend::search_boundaries_locate::require_icu_success	charr::altrep_backend::search_boundaries_locate	charr::altrep_backend	true	src/altrep_backend/ci_search_boundaries_locate.cpp	57	unit:src/altrep_backend/ci_search_boundaries_locate.cpp	altrep	cxx_helper	void (enum UErrorCode)	false				external	1
decl:c:@N@charr@N@altrep_backend@N@search_boundaries_split@F@boundary_record#&1$@N@charr@N@shared@S@StringView#&1$@N@charr@N@shared@S@BoundaryRange#	function	boundary_record	charr::altrep_backend::search_boundaries_split::boundary_record	charr::altrep_backend::search_boundaries_split	charr::altrep_backend	true	src/altrep_backend/ci_search_boundaries_split.cpp	116	unit:src/altrep_backend/ci_search_boundaries_split.cpp	altrep	neutral_helper	struct charport_strview (const struct charr::shared::StringView &, const struct charr::shared::BoundaryRange &) noexcept	true				external	1
decl:c:@N@charr@N@altrep_backend@N@search_boundaries_split@F@emit_fallback_warning_r#	function	emit_fallback_warning_r	charr::altrep_backend::search_boundaries_split::emit_fallback_warning_r	charr::altrep_backend::search_boundaries_split	charr::altrep_backend	true	src/altrep_backend/ci_search_boundaries_split.cpp	135	unit:src/altrep_backend/ci_search_boundaries_split.cpp	altrep	r_helper	void (void) noexcept	true				external	1
decl:c:@N@charr@N@altrep_backend@N@search_boundaries_split@F@emit_recycling_warning_r#	function	emit_recycling_warning_r	charr::altrep_backend::search_boundaries_split::emit_recycling_warning_r	charr::altrep_backend::search_boundaries_split	charr::altrep_backend	true	src/altrep_backend/ci_search_boundaries_split.cpp	129	unit:src/altrep_backend/ci_search_boundaries_split.cpp	altrep	r_helper	void (void) noexcept	true				external	1
decl:c:@N@charr@N@altrep_backend@N@search_boundaries_split@F@ensure_iterator#&$@N@charr@N@shared@S@BoundaryIterator#&1$@N@charr@N@shared@S@BoundaryOptions#&b#S4_#	function	ensure_iterator	charr::altrep_backend::search_boundaries_split::ensure_iterator	charr::altrep_backend::search_boundaries_split	charr::altrep_backend	true	src/altrep_backend/ci_search_boundaries_split.cpp	81	unit:src/altrep_backend/ci_search_boundaries_split.cpp	altrep	cxx_helper	void (class charr::shared::BoundaryIterator &, const struct charr::shared::BoundaryOptions &, _Bool &, _Bool &)	false				external	1
decl:c:@N@charr@N@altrep_backend@N@search_boundaries_split@F@normalize_input#&1$@N@charport@S@StrViews#&$@N@charr@N@shared@S@NativeToUtf8#&$@N@charr@N@shared@S@SliceArena#&$@N@std@S@vector>#$@N@charr@N@shared@S@StringView#$@N@std@S@allocator>#S8_#	function	normalize_input	charr::altrep_backend::search_boundaries_split::normalize_input	charr::altrep_backend::search_boundaries_split	charr::altrep_backend	true	src/altrep_backend/ci_search_boundaries_split.cpp	97	unit:src/altrep_backend/ci_search_boundaries_split.cpp	altrep	cxx_helper	void (const class charport::StrViews &, class charr::shared::NativeToUtf8 &, class charr::shared::SliceArena &, class std::vector<struct charr::shared::StringView> &)	false				external	1
decl:c:@N@charr@N@altrep_backend@N@search_boundaries_split@F@recycling_length#I#I#&b#	function	recycling_length	charr::altrep_backend::search_boundaries_split::recycling_length	charr::altrep_backend::search_boundaries_split	charr::altrep_backend	true	src/altrep_backend/ci_search_boundaries_split.cpp	61	unit:src/altrep_backend/ci_search_boundaries_split.cpp	altrep	neutral_helper	int (int, int, _Bool &) noexcept	true				external	1
decl:c:@N@charr@N@altrep_backend@N@search_boundaries_split@F@require_icu_success#$@E@UErrorCode#	function	require_icu_success	charr::altrep_backend::search_boundaries_split::require_icu_success	charr::altrep_backend::search_boundaries_split	charr::altrep_backend	true	src/altrep_backend/ci_search_boundaries_split.cpp	74	unit:src/altrep_backend/ci_search_boundaries_split.cpp	altrep	cxx_helper	void (enum UErrorCode)	false				external	1
decl:c:@N@charr@N@altrep_backend@N@search_class_replace@F@compile_patterns#&1$@N@std@S@vector>#$@N@charr@N@shared@S@StringView#$@N@std@S@allocator>#S2_#&$@N@charr@N@shared@S@CharacterClassSet#	function	compile_patterns	charr::altrep_backend::search_class_replace::compile_patterns	charr::altrep_backend::search_class_replace	charr::altrep_backend	true	src/altrep_backend/ci_search_class_replace.cpp	101	unit:src/altrep_backend/ci_search_class_replace.cpp	altrep	cxx_helper	void (const class std::vector<struct charr::shared::StringView> &, class charr::shared::CharacterClassSet &)	false				external	1
decl:c:@N@charr@N@altrep_backend@N@search_class_replace@F@emit_recycling_warning#b#	function	emit_recycling_warning	charr::altrep_backend::search_class_replace::emit_recycling_warning	charr::altrep_backend::search_class_replace	charr::altrep_backend	true	src/altrep_backend/ci_search_class_replace.cpp	303	unit:src/altrep_backend/ci_search_class_replace.cpp	altrep	r_helper	void (_Bool) noexcept	true				external	1
decl:c:@N@charr@N@altrep_backend@N@search_class_replace@F@normalize_views#&1$@N@charport@S@StrViews#&$@N@charr@N@shared@S@NativeToUtf8#&$@N@charr@N@shared@S@SliceArena#&$@N@std@S@vector>#$@N@charr@N@shared@S@StringView#$@N@std@S@allocator>#S8_#	function	normalize_views	charr::altrep_backend::search_class_replace::normalize_views	charr::altrep_backend::search_class_replace	charr::altrep_backend	true	src/altrep_backend/ci_search_class_replace.cpp	82	unit:src/altrep_backend/ci_search_class_replace.cpp	altrep	cxx_helper	void (const class charport::StrViews &, class charr::shared::NativeToUtf8 &, class charr::shared::SliceArena &, class std::vector<struct charr::shared::StringView> &)	false				external	1
decl:c:@N@charr@N@altrep_backend@N@search_class_replace@F@recycling_length#I#I#I#&b#	function	recycling_length	charr::altrep_backend::search_class_replace::recycling_length	charr::altrep_backend::search_class_replace	charr::altrep_backend	true	src/altrep_backend/ci_search_class_replace.cpp	57	unit:src/altrep_backend/ci_search_class_replace.cpp	altrep	neutral_helper	int (int, int, int, _Bool &) noexcept	true				external	1
decl:c:@N@charr@N@altrep_backend@N@search_class_replace@F@replace_sequential#&1$@N@std@S@vector>#$@N@charr@N@shared@S@StringView#$@N@std@S@allocator>#S2_#S0_#&1$@N@charr@N@shared@S@CharacterClassSet#b#&S1_#&$@N@std@S@vector>#$@N@charr@N@shared@S@ByteRange#$@N@std@S@allocator>#S9_#&$@N@charr@N@shared@S@SliceArena#&$@N@charr@N@altrep_backend@N@io@S@OutputBuilder#	function	replace_sequential	charr::altrep_backend::search_class_replace::replace_sequential	charr::altrep_backend::search_class_replace	charr::altrep_backend	true	src/altrep_backend/ci_search_class_replace.cpp	204	unit:src/altrep_backend/ci_search_class_replace.cpp	altrep	cxx_helper	void (const class std::vector<struct charr::shared::StringView> &, const class std::vector<struct charr::shared::StringView> &, const class charr::shared::CharacterClassSet &, _Bool, class std::vector<struct charr::shared::StringView> &, class std::vector<struct charr::shared::ByteRange> &, class charr::shared::SliceArena &, class charr::altrep_backend::io::OutputBuilder &)	false				external	1
decl:c:@N@charr@N@altrep_backend@N@search_class_replace@F@replace_vectorized#&1$@N@std@S@vector>#$@N@charr@N@shared@S@StringView#$@N@std@S@allocator>#S2_#S0_#&1$@N@charr@N@shared@S@CharacterClassSet#I#b#&$@N@std@S@vector>#$@N@charr@N@shared@S@ByteRange#$@N@std@S@allocator>#S8_#&$@N@charr@N@altrep_backend@N@io@S@OutputBuilder#	function	replace_vectorized	charr::altrep_backend::search_class_replace::replace_vectorized	charr::altrep_backend::search_class_replace	charr::altrep_backend	true	src/altrep_backend/ci_search_class_replace.cpp	112	unit:src/altrep_backend/ci_search_class_replace.cpp	altrep	cxx_helper	void (const class std::vector<struct charr::shared::StringView> &, const class std::vector<struct charr::shared::StringView> &, const class charr::shared::CharacterClassSet &, int, _Bool, class std::vector<struct charr::shared::ByteRange> &, class charr::altrep_backend::io::OutputBuilder &)	false				external	1
decl:c:@N@charr@N@altrep_backend@N@search_class_replace@F@require_sequential_lengths#I#I#	function	require_sequential_lengths	charr::altrep_backend::search_class_replace::require_sequential_lengths	charr::altrep_backend::search_class_replace	charr::altrep_backend	true	src/altrep_backend/ci_search_class_replace.cpp	291	unit:src/altrep_backend/ci_search_class_replace.cpp	altrep	r_helper	void (int, int) noexcept	true				external	1
decl:c:@N@charr@N@altrep_backend@N@search_class_replace@F@sequential_subject_is_ascii#&1$@N@charr@N@shared@S@StringView#	function	sequential_subject_is_ascii	charr::altrep_backend::search_class_replace::sequential_subject_is_ascii	charr::altrep_backend::search_class_replace	charr::altrep_backend	true	src/altrep_backend/ci_search_class_replace.cpp	190	unit:src/altrep_backend/ci_search_class_replace.cpp	altrep	neutral_helper	_Bool (const struct charr::shared::StringView &) noexcept	true				external	1
decl:c:@N@charr@N@altrep_backend@N@search_class_trim@F@add_payload_length#&l#I#	function	add_payload_length	charr::altrep_backend::search_class_trim::add_payload_length	charr::altrep_backend::search_class_trim	charr::altrep_backend	true	src/altrep_backend/ci_search_class_trim.cpp	276	unit:src/altrep_backend/ci_search_class_trim.cpp	altrep	cxx_helper	void (unsigned long &, int)	false				external	1
decl:c:@N@charr@N@altrep_backend@N@search_class_trim@F@emit_warnings#b#	function	emit_warnings	charr::altrep_backend::search_class_trim::emit_warnings	charr::altrep_backend::search_class_trim	charr::altrep_backend	true	src/altrep_backend/ci_search_class_trim.cpp	477	unit:src/altrep_backend/ci_search_class_trim.cpp	altrep	r_helper	void (_Bool) noexcept	true				external	1
decl:c:@N@charr@N@altrep_backend@N@search_class_trim@F@make_scalar_pattern#&1$@N@charr@N@shared@S@CharacterClassSet#	function	make_scalar_pattern	charr::altrep_backend::search_class_trim::make_scalar_pattern	charr::altrep_backend::search_class_trim	charr::altrep_backend	true	src/altrep_backend/ci_search_class_trim.cpp	223	unit:src/altrep_backend/ci_search_class_trim.cpp	altrep	cxx_helper	struct charr::altrep_backend::search_class_trim::ScalarTrimPattern (const class charr::shared::CharacterClassSet &)	false				external	1
decl:c:@N@charr@N@altrep_backend@N@search_class_trim@F@normalize_views#&1$@N@charport@S@StrViews#&$@N@charr@N@shared@S@NativeToUtf8#&$@N@charr@N@shared@S@SliceArena#&$@N@std@S@vector>#$@N@charr@N@shared@S@StringView#$@N@std@S@allocator>#S8_#b#	function	normalize_views	charr::altrep_backend::search_class_trim::normalize_views	charr::altrep_backend::search_class_trim	charr::altrep_backend	true	src/altrep_backend/ci_search_class_trim.cpp	155	unit:src/altrep_backend/ci_search_class_trim.cpp	altrep	cxx_helper	void (const class charport::StrViews &, class charr::shared::NativeToUtf8 &, class charr::shared::SliceArena &, class std::vector<struct charr::shared::StringView> &, _Bool)	false				external	1
decl:c:@N@charr@N@altrep_backend@N@search_class_trim@F@recycling_length#I#I#&b#	function	recycling_length	charr::altrep_backend::search_class_trim::recycling_length	charr::altrep_backend::search_class_trim	charr::altrep_backend	true	src/altrep_backend/ci_search_class_trim.cpp	138	unit:src/altrep_backend/ci_search_class_trim.cpp	altrep	neutral_helper	int (int, int, _Bool &) noexcept	true				external	1
decl:c:@N@charr@N@altrep_backend@N@search_class_trim@F@require_icu_success#$@E@UErrorCode#	function	require_icu_success	charr::altrep_backend::search_class_trim::require_icu_success	charr::altrep_backend::search_class_trim	charr::altrep_backend	true	src/altrep_backend/ci_search_class_trim.cpp	177	unit:src/altrep_backend/ci_search_class_trim.cpp	altrep	cxx_helper	void (enum UErrorCode)	false				external	1
decl:c:@N@charr@N@altrep_backend@N@search_class_trim@F@retained_contains#&1$@N@icu_78@S@UnicodeSet#*1c#I#	function	retained_contains	charr::altrep_backend::search_class_trim::retained_contains	charr::altrep_backend::search_class_trim	charr::altrep_backend	true	src/altrep_backend/ci_search_class_trim.cpp	73	unit:src/altrep_backend/ci_search_class_trim.cpp	altrep	neutral_helper	_Bool (const class icu_78::UnicodeSet &, const unsigned char *, int) noexcept	true				external	1
decl:c:@N@charr@N@altrep_backend@N@search_class_trim@F@source_is_direct_utf8#&1$@N@charport@S@StrViews#	function	source_is_direct_utf8	charr::altrep_backend::search_class_trim::source_is_direct_utf8	charr::altrep_backend::search_class_trim	charr::altrep_backend	true	src/altrep_backend/ci_search_class_trim.cpp	241	unit:src/altrep_backend/ci_search_class_trim.cpp	altrep	cxx_helper	_Bool (const class charport::StrViews &)	false				external	1
decl:c:@N@charr@N@altrep_backend@N@search_class_trim@F@strip_input_bom#&1$@S@charport_strview#&1$@N@charr@N@shared@S@StringView#	function	strip_input_bom	charr::altrep_backend::search_class_trim::strip_input_bom	charr::altrep_backend::search_class_trim	charr::altrep_backend	true	src/altrep_backend/ci_search_class_trim.cpp	184	unit:src/altrep_backend/ci_search_class_trim.cpp	altrep	neutral_helper	_Bool (const struct charport_strview &, const struct charr::shared::StringView &) noexcept	true				external	1
decl:c:@N@charr@N@altrep_backend@N@search_class_trim@F@trimmed_encoding#&1$@S@charport_strview#&1$@N@charr@N@shared@S@StringView#&1$@N@charr@N@altrep_backend@N@search_class_trim@S@TrimSlice#	function	trimmed_encoding	charr::altrep_backend::search_class_trim::trimmed_encoding	charr::altrep_backend::search_class_trim	charr::altrep_backend	true	src/altrep_backend/ci_search_class_trim.cpp	199	unit:src/altrep_backend/ci_search_class_trim.cpp	altrep	neutral_helper	struct cetype_ext_t (const struct charport_strview &, const struct charr::shared::StringView &, const struct charr::altrep_backend::search_class_trim::TrimSlice &) noexcept	true				external	1
decl:c:@N@charr@N@altrep_backend@N@search_class_trim@FT@>1#Nbselect_pattern#I#&1$@N@charr@N@shared@S@CharacterClassSet#&1$@N@charr@N@altrep_backend@N@search_class_trim@S@ScalarTrimPattern#&b#&*1c#*1$@N@icu_78@S@UnicodeSet#	function	select_pattern	charr::altrep_backend::search_class_trim::select_pattern	charr::altrep_backend::search_class_trim	charr::altrep_backend	true	src/altrep_backend/ci_search_class_trim.cpp	288	unit:src/altrep_backend/ci_search_class_trim.cpp	altrep	cxx_helper	const class icu_78::UnicodeSet *(int, const class charr::shared::CharacterClassSet &, const struct charr::altrep_backend::search_class_trim::ScalarTrimPattern &, _Bool &, const unsigned char *&)	false				external	1
decl:c:@N@charr@N@altrep_backend@N@search_class_trim@FT@>2#Nb#Nbcompute_trim#&1$@N@charport@S@StrViews#S0_#I#b#&$@N@charr@N@shared@S@NativeToUtf8#S2_#&$@N@charr@N@shared@S@SliceArena#S4_#&$@N@std@S@vector>#$@N@charr@N@shared@S@StringView#$@N@std@S@allocator>#S8_#S6_#&$@N@charr@N@shared@S@CharacterClassSet#&$@N@charport@N@charvec@S@Store#v#	function	compute_trim	charr::altrep_backend::search_class_trim::compute_trim	charr::altrep_backend::search_class_trim	charr::altrep_backend	true	src/altrep_backend/ci_search_class_trim.cpp	431	unit:src/altrep_backend/ci_search_class_trim.cpp	altrep	cxx_helper	void (const class charport::StrViews &, const class charport::StrViews &, int, _Bool, class charr::shared::NativeToUtf8 &, class charr::shared::NativeToUtf8 &, class charr::shared::SliceArena &, class charr::shared::SliceArena &, class std::vector<struct charr::shared::StringView> &, class std::vector<struct charr::shared::StringView> &, class charr::shared::CharacterClassSet &, class charport::charvec::Store &)	false				external	1
decl:c:@N@charr@N@altrep_backend@N@search_class_trim@FT@>2#Nb#Nbtrim_slice#*1C#I#&1$@N@icu_78@S@UnicodeSet#*1c#b#$@N@charr@N@altrep_backend@N@search_class_trim@S@TrimSlice#	function	trim_slice	charr::altrep_backend::search_class_trim::trim_slice	charr::altrep_backend::search_class_trim	charr::altrep_backend	true	src/altrep_backend/ci_search_class_trim.cpp	86	unit:src/altrep_backend/ci_search_class_trim.cpp	altrep	cxx_helper	struct charr::altrep_backend::search_class_trim::TrimSlice (const char *, int, const class icu_78::UnicodeSet &, const unsigned char *, _Bool)	false				external	1
decl:c:@N@charr@N@altrep_backend@N@search_class_trim@FT@>3#Nb#Nb#Nbtrim_dispatch#&1$@N@charport@S@StrViews#&1$@N@std@S@vector>#$@N@charr@N@shared@S@StringView#$@N@std@S@allocator>#S4_#I#&1$@N@charr@N@shared@S@CharacterClassSet#&$@N@charport@N@charvec@S@Store#v#	function	trim_dispatch	charr::altrep_backend::search_class_trim::trim_dispatch	charr::altrep_backend::search_class_trim	charr::altrep_backend	true	src/altrep_backend/ci_search_class_trim.cpp	387	unit:src/altrep_backend/ci_search_class_trim.cpp	altrep	cxx_helper	void (const class charport::StrViews &, const class std::vector<struct charr::shared::StringView> &, int, const class charr::shared::CharacterClassSet &, class charport::charvec::Store &)	false				external	1
decl:c:@N@charr@N@altrep_backend@N@search_class_trim@FT@>5#Nb#Nb#Nb#Nb#Nbtrim_records#&1$@N@charport@S@StrViews#&1$@N@std@S@vector>#$@N@charr@N@shared@S@StringView#$@N@std@S@allocator>#S4_#I#&1$@N@charr@N@shared@S@CharacterClassSet#&1$@N@charr@N@altrep_backend@N@search_class_trim@S@ScalarTrimPattern#&$@N@charport@N@charvec@S@Store#v#	function	trim_records	charr::altrep_backend::search_class_trim::trim_records	charr::altrep_backend::search_class_trim	charr::altrep_backend	true	src/altrep_backend/ci_search_class_trim.cpp	313	unit:src/altrep_backend/ci_search_class_trim.cpp	altrep	cxx_helper	void (const class charport::StrViews &, const class std::vector<struct charr::shared::StringView> &, int, const class charr::shared::CharacterClassSet &, const struct charr::altrep_backend::search_class_trim::ScalarTrimPattern &, class charport::charvec::Store &)	false				external	1
decl:c:@N@charr@N@altrep_backend@N@search_class_trim@S@ScalarTrimPattern	struct	ScalarTrimPattern	charr::altrep_backend::search_class_trim::ScalarTrimPattern	charr::altrep_backend::search_class_trim	charr::altrep_backend	true	src/altrep_backend/ci_search_class_trim.cpp	66	unit:src/altrep_backend/ci_search_class_trim.cpp	altrep					false	true	external	1
decl:c:@N@charr@N@altrep_backend@N@search_class_trim@S@TrimSlice	struct	TrimSlice	charr::altrep_backend::search_class_trim::TrimSlice	charr::altrep_backend::search_class_trim	charr::altrep_backend	true	src/altrep_backend/ci_search_class_trim.cpp	59	unit:src/altrep_backend/ci_search_class_trim.cpp	altrep					false	true	external	1
decl:c:@N@charr@N@altrep_backend@N@search_coll_count@F@count_empty_patterns#&1$@N@charr@N@shared@S@CollationInputs#	function	count_empty_patterns	charr::altrep_backend::search_coll_count::count_empty_patterns	charr::altrep_backend::search_coll_count	charr::altrep_backend	true	src/altrep_backend/ci_search_coll_count.cpp	117	unit:src/altrep_backend/ci_search_coll_count.cpp	altrep	cxx_helper	int (const class charr::shared::CollationInputs &) noexcept	true				external	1
decl:c:@N@charr@N@altrep_backend@N@search_coll_count@F@count_inputs#&1$@N@charport@S@StrViews#&1$@N@charr@N@shared@S@CollationInputs#I#*$@S@UCollator#&$@N@charr@N@shared@S@CollationCursor#&$@N@charr@N@shared@S@CollationMatcher#*I#	function	count_inputs	charr::altrep_backend::search_coll_count::count_inputs	charr::altrep_backend::search_coll_count	charr::altrep_backend	true	src/altrep_backend/ci_search_coll_count.cpp	131	unit:src/altrep_backend/ci_search_coll_count.cpp	altrep	cxx_helper	void (const class charport::StrViews &, const class charr::shared::CollationInputs &, int, struct UCollator *, class charr::shared::CollationCursor &, class charr::shared::CollationMatcher &, int *)	false				external	1
decl:c:@N@charr@N@altrep_backend@N@search_coll_count@F@emit_warnings#b#b#I#	function	emit_warnings	charr::altrep_backend::search_coll_count::emit_warnings	charr::altrep_backend::search_coll_count	charr::altrep_backend	true	src/altrep_backend/ci_search_coll_count.cpp	184	unit:src/altrep_backend/ci_search_coll_count.cpp	altrep	r_helper	void (_Bool, _Bool, int) noexcept	true				external	1
decl:c:@N@charr@N@altrep_backend@N@search_coll_count@F@normalize_views#&$@N@charport@S@StrViews#&$@N@charr@N@shared@S@NativeToUtf8#&$@N@charr@N@shared@S@SliceArena#	function	normalize_views	charr::altrep_backend::search_coll_count::normalize_views	charr::altrep_backend::search_coll_count	charr::altrep_backend	true	src/altrep_backend/ci_search_coll_count.cpp	80	unit:src/altrep_backend/ci_search_coll_count.cpp	altrep	cxx_helper	void (class charport::StrViews &, class charr::shared::NativeToUtf8 &, class charr::shared::SliceArena &)	false				external	1
decl:c:@N@charr@N@altrep_backend@N@search_coll_count@F@recycling_length#I#I#&b#	function	recycling_length	charr::altrep_backend::search_coll_count::recycling_length	charr::altrep_backend::search_coll_count	charr::altrep_backend	true	src/altrep_backend/ci_search_coll_count.cpp	56	unit:src/altrep_backend/ci_search_coll_count.cpp	altrep	neutral_helper	int (int, int, _Bool &) noexcept	true				external	1
decl:c:@N@charr@N@altrep_backend@N@search_coll_count@F@require_icu_success#$@E@UErrorCode#	function	require_icu_success	charr::altrep_backend::search_coll_count::require_icu_success	charr::altrep_backend::search_coll_count	charr::altrep_backend	true	src/altrep_backend/ci_search_coll_count.cpp	73	unit:src/altrep_backend/ci_search_coll_count.cpp	altrep	cxx_helper	void (enum UErrorCode)	false				external	1
decl:c:@N@charr@N@altrep_backend@N@search_coll_count@F@stage_utf16#&1$@N@charport@S@StrViews#&$@N@charr@N@shared@S@CollationInputs#	function	stage_utf16	charr::altrep_backend::search_coll_count::stage_utf16	charr::altrep_backend::search_coll_count	charr::altrep_backend	true	src/altrep_backend/ci_search_coll_count.cpp	102	unit:src/altrep_backend/ci_search_coll_count.cpp	altrep	cxx_helper	void (const class charport::StrViews &, class charr::shared::CollationInputs &)	false				external	1
decl:c:@N@charr@N@altrep_backend@N@search_coll_detect@F@count_empty_patterns#&1$@N@charr@N@shared@S@CollationInputs#	function	count_empty_patterns	charr::altrep_backend::search_coll_detect::count_empty_patterns	charr::altrep_backend::search_coll_detect	charr::altrep_backend	true	src/altrep_backend/ci_search_coll_detect.cpp	118	unit:src/altrep_backend/ci_search_coll_detect.cpp	altrep	cxx_helper	int (const class charr::shared::CollationInputs &) noexcept	true				external	1
decl:c:@N@charr@N@altrep_backend@N@search_coll_detect@F@detect_inputs#&1$@N@charport@S@StrViews#&1$@N@charr@N@shared@S@CollationInputs#I#*$@S@UCollator#b#&I#&$@N@charr@N@shared@S@CollationCursor#&$@N@charr@N@shared@S@CollationMatcher#*I#	function	detect_inputs	charr::altrep_backend::search_coll_detect::detect_inputs	charr::altrep_backend::search_coll_detect	charr::altrep_backend	true	src/altrep_backend/ci_search_coll_detect.cpp	132	unit:src/altrep_backend/ci_search_coll_detect.cpp	altrep	cxx_helper	void (const class charport::StrViews &, const class charr::shared::CollationInputs &, int, struct UCollator *, _Bool, int &, class charr::shared::CollationCursor &, class charr::shared::CollationMatcher &, int *)	false				external	1
decl:c:@N@charr@N@altrep_backend@N@search_coll_detect@F@emit_warnings#b#b#I#	function	emit_warnings	charr::altrep_backend::search_coll_detect::emit_warnings	charr::altrep_backend::search_coll_detect	charr::altrep_backend	true	src/altrep_backend/ci_search_coll_detect.cpp	193	unit:src/altrep_backend/ci_search_coll_detect.cpp	altrep	r_helper	void (_Bool, _Bool, int) noexcept	true				external	1
decl:c:@N@charr@N@altrep_backend@N@search_coll_detect@F@normalize_views#&$@N@charport@S@StrViews#&$@N@charr@N@shared@S@NativeToUtf8#&$@N@charr@N@shared@S@SliceArena#	function	normalize_views	charr::altrep_backend::search_coll_detect::normalize_views	charr::altrep_backend::search_coll_detect	charr::altrep_backend	true	src/altrep_backend/ci_search_coll_detect.cpp	81	unit:src/altrep_backend/ci_search_coll_detect.cpp	altrep	cxx_helper	void (class charport::StrViews &, class charr::shared::NativeToUtf8 &, class charr::shared::SliceArena &)	false				external	1
decl:c:@N@charr@N@altrep_backend@N@search_coll_detect@F@recycling_length#I#I#&b#	function	recycling_length	charr::altrep_backend::search_coll_detect::recycling_length	charr::altrep_backend::search_coll_detect	charr::altrep_backend	true	src/altrep_backend/ci_search_coll_detect.cpp	57	unit:src/altrep_backend/ci_search_coll_detect.cpp	altrep	neutral_helper	int (int, int, _Bool &) noexcept	true				external	1
decl:c:@N@charr@N@altrep_backend@N@search_coll_detect@F@require_icu_success#$@E@UErrorCode#	function	require_icu_success	charr::altrep_backend::search_coll_detect::require_icu_success	charr::altrep_backend::search_coll_detect	charr::altrep_backend	true	src/altrep_backend/ci_search_coll_detect.cpp	74	unit:src/altrep_backend/ci_search_coll_detect.cpp	altrep	cxx_helper	void (enum UErrorCode)	false				external	1
decl:c:@N@charr@N@altrep_backend@N@search_coll_detect@F@stage_utf16#&1$@N@charport@S@StrViews#&$@N@charr@N@shared@S@CollationInputs#	function	stage_utf16	charr::altrep_backend::search_coll_detect::stage_utf16	charr::altrep_backend::search_coll_detect	charr::altrep_backend	true	src/altrep_backend/ci_search_coll_detect.cpp	103	unit:src/altrep_backend/ci_search_coll_detect.cpp	altrep	cxx_helper	void (const class charport::StrViews &, class charr::shared::CollationInputs &)	false				external	1
decl:c:@N@charr@N@altrep_backend@N@search_coll_extract@F@build_all_inputs#&1$@N@charport@S@StrViews#&1$@N@charr@N@shared@S@CollationInputs#I#*$@S@UCollator#b#&$@N@charr@N@shared@S@CollationCursor#&$@N@charr@N@shared@S@CollationMatcher#&$@N@std@S@vector>#$@N@charr@N@shared@S@CollationRange#$@N@std@S@allocator>#S12_#&$@N@std@S@vector>#C#$@N@std@S@allocator>#C#&$@N@std@S@vector>#$@N@charport@N@charvec@S@Store#$@N@std@S@allocator>#S19_#&$@N@charr@N@altrep_backend@N@io@S@GrowableOutputBuilder#&I#	function	build_all_inputs	charr::altrep_backend::search_coll_extract::build_all_inputs	charr::altrep_backend::search_coll_extract	charr::altrep_backend	true	src/altrep_backend/ci_search_coll_extract.cpp	203	unit:src/altrep_backend/ci_search_coll_extract.cpp	altrep	cxx_helper	void (const class charport::StrViews &, const class charr::shared::CollationInputs &, int, struct UCollator *, _Bool, class charr::shared::CollationCursor &, class charr::shared::CollationMatcher &, class std::vector<struct charr::shared::CollationRange> &, class std::vector<char> &, class std::vector<class charport::charvec::Store> &, class charr::altrep_backend::io::GrowableOutputBuilder &, int &)	false				external	1
decl:c:@N@charr@N@altrep_backend@N@search_coll_extract@F@build_first_inputs#&1$@N@charport@S@StrViews#&1$@N@charr@N@shared@S@CollationInputs#I#*$@S@UCollator#&$@N@charr@N@shared@S@CollationCursor#&$@N@charr@N@shared@S@CollationMatcher#&$@N@std@S@vector>#C#$@N@std@S@allocator>#C#&$@N@charr@N@altrep_backend@N@io@S@OutputBuilder#	function	build_first_inputs	charr::altrep_backend::search_coll_extract::build_first_inputs	charr::altrep_backend::search_coll_extract	charr::altrep_backend	true	src/altrep_backend/ci_search_coll_extract.cpp	134	unit:src/altrep_backend/ci_search_coll_extract.cpp	altrep	cxx_helper	void (const class charport::StrViews &, const class charr::shared::CollationInputs &, int, struct UCollator *, class charr::shared::CollationCursor &, class charr::shared::CollationMatcher &, class std::vector<char> &, class charr::altrep_backend::io::OutputBuilder &)	false				external	1
decl:c:@N@charr@N@altrep_backend@N@search_coll_extract@F@count_empty_patterns#&1$@N@charr@N@shared@S@CollationInputs#	function	count_empty_patterns	charr::altrep_backend::search_coll_extract::count_empty_patterns	charr::altrep_backend::search_coll_extract	charr::altrep_backend	true	src/altrep_backend/ci_search_coll_extract.cpp	120	unit:src/altrep_backend/ci_search_coll_extract.cpp	altrep	cxx_helper	int (const class charr::shared::CollationInputs &)	false				external	1
decl:c:@N@charr@N@altrep_backend@N@search_coll_extract@F@emit_warnings#b#b#I#	function	emit_warnings	charr::altrep_backend::search_coll_extract::emit_warnings	charr::altrep_backend::search_coll_extract	charr::altrep_backend	true	src/altrep_backend/ci_search_coll_extract.cpp	320	unit:src/altrep_backend/ci_search_coll_extract.cpp	altrep	r_helper	void (_Bool, _Bool, int) noexcept	true				external	1
decl:c:@N@charr@N@altrep_backend@N@search_coll_extract@F@normalize_views#&$@N@charport@S@StrViews#&$@N@charr@N@shared@S@NativeToUtf8#&$@N@charr@N@shared@S@SliceArena#	function	normalize_views	charr::altrep_backend::search_coll_extract::normalize_views	charr::altrep_backend::search_coll_extract	charr::altrep_backend	true	src/altrep_backend/ci_search_coll_extract.cpp	83	unit:src/altrep_backend/ci_search_coll_extract.cpp	altrep	cxx_helper	void (class charport::StrViews &, class charr::shared::NativeToUtf8 &, class charr::shared::SliceArena &)	false				external	1
decl:c:@N@charr@N@altrep_backend@N@search_coll_extract@F@recycling_length#I#I#&b#	function	recycling_length	charr::altrep_backend::search_coll_extract::recycling_length	charr::altrep_backend::search_coll_extract	charr::altrep_backend	true	src/altrep_backend/ci_search_coll_extract.cpp	59	unit:src/altrep_backend/ci_search_coll_extract.cpp	altrep	neutral_helper	int (int, int, _Bool &) noexcept	true				external	1
decl:c:@N@charr@N@altrep_backend@N@search_coll_extract@F@require_icu_success#$@E@UErrorCode#	function	require_icu_success	charr::altrep_backend::search_coll_extract::require_icu_success	charr::altrep_backend::search_coll_extract	charr::altrep_backend	true	src/altrep_backend/ci_search_coll_extract.cpp	76	unit:src/altrep_backend/ci_search_coll_extract.cpp	altrep	cxx_helper	void (enum UErrorCode)	false				external	1
decl:c:@N@charr@N@altrep_backend@N@search_coll_extract@F@stage_utf16#&1$@N@charport@S@StrViews#&$@N@charr@N@shared@S@CollationInputs#	function	stage_utf16	charr::altrep_backend::search_coll_extract::stage_utf16	charr::altrep_backend::search_coll_extract	charr::altrep_backend	true	src/altrep_backend/ci_search_coll_extract.cpp	105	unit:src/altrep_backend/ci_search_coll_extract.cpp	altrep	cxx_helper	void (const class charport::StrViews &, class charr::shared::CollationInputs &)	false				external	1
decl:c:@N@charr@N@altrep_backend@N@search_coll_locate@F@count_empty_patterns#&1$@N@charr@N@shared@S@CollationInputs#	function	count_empty_patterns	charr::altrep_backend::search_coll_locate::count_empty_patterns	charr::altrep_backend::search_coll_locate	charr::altrep_backend	true	src/altrep_backend/ci_search_coll_locate.cpp	119	unit:src/altrep_backend/ci_search_coll_locate.cpp	altrep	cxx_helper	int (const class charr::shared::CollationInputs &)	false				external	1
decl:c:@N@charr@N@altrep_backend@N@search_coll_locate@F@emit_warnings#b#b#I#	function	emit_warnings	charr::altrep_backend::search_coll_locate::emit_warnings	charr::altrep_backend::search_coll_locate	charr::altrep_backend	true	src/altrep_backend/ci_search_coll_locate.cpp	251	unit:src/altrep_backend/ci_search_coll_locate.cpp	altrep	r_helper	void (_Bool, _Bool, int) noexcept	true				external	1
decl:c:@N@charr@N@altrep_backend@N@search_coll_locate@F@fill_all_matches#&1$@N@charport@S@StrViews#I#&1$@N@charr@N@shared@S@CollationInput#*$@S@UCollator#b#&$@N@charr@N@shared@S@CollationCursor#&$@N@charr@N@shared@S@CollationMatcher#&$@N@std@S@vector>#$@N@charr@N@shared@S@CollationRange#$@N@std@S@allocator>#S12_#	function	fill_all_matches	charr::altrep_backend::search_coll_locate::fill_all_matches	charr::altrep_backend::search_coll_locate	charr::altrep_backend	true	src/altrep_backend/ci_search_coll_locate.cpp	215	unit:src/altrep_backend/ci_search_coll_locate.cpp	altrep	cxx_helper	_Bool (const class charport::StrViews &, int, const struct charr::shared::CollationInput &, struct UCollator *, _Bool, class charr::shared::CollationCursor &, class charr::shared::CollationMatcher &, class std::vector<struct charr::shared::CollationRange> &)	false				external	1
decl:c:@N@charr@N@altrep_backend@N@search_coll_locate@F@fill_first_inputs#&1$@N@charport@S@StrViews#&1$@N@charr@N@shared@S@CollationInputs#I#*$@S@UCollator#b#&$@N@charr@N@shared@S@CollationCursor#&$@N@charr@N@shared@S@CollationMatcher#*I#	function	fill_first_inputs	charr::altrep_backend::search_coll_locate::fill_first_inputs	charr::altrep_backend::search_coll_locate	charr::altrep_backend	true	src/altrep_backend/ci_search_coll_locate.cpp	142	unit:src/altrep_backend/ci_search_coll_locate.cpp	altrep	cxx_helper	void (const class charport::StrViews &, const class charr::shared::CollationInputs &, int, struct UCollator *, _Bool, class charr::shared::CollationCursor &, class charr::shared::CollationMatcher &, int *)	false				external	1
decl:c:@N@charr@N@altrep_backend@N@search_coll_locate@F@no_match_range#b#	function	no_match_range	charr::altrep_backend::search_coll_locate::no_match_range	charr::altrep_backend::search_coll_locate	charr::altrep_backend	true	src/altrep_backend/ci_search_coll_locate.cpp	133	unit:src/altrep_backend/ci_search_coll_locate.cpp	altrep	neutral_helper	struct charr::shared::CollationRange (_Bool) noexcept	true				external	1
decl:c:@N@charr@N@altrep_backend@N@search_coll_locate@F@normalize_views#&$@N@charport@S@StrViews#&$@N@charr@N@shared@S@NativeToUtf8#&$@N@charr@N@shared@S@SliceArena#	function	normalize_views	charr::altrep_backend::search_coll_locate::normalize_views	charr::altrep_backend::search_coll_locate	charr::altrep_backend	true	src/altrep_backend/ci_search_coll_locate.cpp	82	unit:src/altrep_backend/ci_search_coll_locate.cpp	altrep	cxx_helper	void (class charport::StrViews &, class charr::shared::NativeToUtf8 &, class charr::shared::SliceArena &)	false				external	1
decl:c:@N@charr@N@altrep_backend@N@search_coll_locate@F@recycling_length#I#I#&b#	function	recycling_length	charr::altrep_backend::search_coll_locate::recycling_length	charr::altrep_backend::search_coll_locate	charr::altrep_backend	true	src/altrep_backend/ci_search_coll_locate.cpp	58	unit:src/altrep_backend/ci_search_coll_locate.cpp	altrep	neutral_helper	int (int, int, _Bool &) noexcept	true				external	1
decl:c:@N@charr@N@altrep_backend@N@search_coll_locate@F@require_icu_success#$@E@UErrorCode#	function	require_icu_success	charr::altrep_backend::search_coll_locate::require_icu_success	charr::altrep_backend::search_coll_locate	charr::altrep_backend	true	src/altrep_backend/ci_search_coll_locate.cpp	75	unit:src/altrep_backend/ci_search_coll_locate.cpp	altrep	cxx_helper	void (enum UErrorCode)	false				external	1
decl:c:@N@charr@N@altrep_backend@N@search_coll_locate@F@stage_utf16#&1$@N@charport@S@StrViews#&$@N@charr@N@shared@S@CollationInputs#	function	stage_utf16	charr::altrep_backend::search_coll_locate::stage_utf16	charr::altrep_backend::search_coll_locate	charr::altrep_backend	true	src/altrep_backend/ci_search_coll_locate.cpp	104	unit:src/altrep_backend/ci_search_coll_locate.cpp	altrep	cxx_helper	void (const class charport::StrViews &, class charr::shared::CollationInputs &)	false				external	1
decl:c:@N@charr@N@altrep_backend@N@search_coll_replace@F@count_empty_patterns#&1$@N@charr@N@shared@S@CollationInputs#	function	count_empty_patterns	charr::altrep_backend::search_coll_replace::count_empty_patterns	charr::altrep_backend::search_coll_replace	charr::altrep_backend	true	src/altrep_backend/ci_search_coll_replace.cpp	129	unit:src/altrep_backend/ci_search_coll_replace.cpp	altrep	cxx_helper	int (const class charr::shared::CollationInputs &) noexcept	true				external	1
decl:c:@N@charr@N@altrep_backend@N@search_coll_replace@F@emit_warnings#b#b#I#	function	emit_warnings	charr::altrep_backend::search_coll_replace::emit_warnings	charr::altrep_backend::search_coll_replace	charr::altrep_backend	true	src/altrep_backend/ci_search_coll_replace.cpp	397	unit:src/altrep_backend/ci_search_coll_replace.cpp	altrep	r_helper	void (_Bool, _Bool, int) noexcept	true				external	1
decl:c:@N@charr@N@altrep_backend@N@search_coll_replace@F@normalize_views#&$@N@charport@S@StrViews#&$@N@charr@N@shared@S@NativeToUtf8#&$@N@charr@N@shared@S@SliceArena#	function	normalize_views	charr::altrep_backend::search_coll_replace::normalize_views	charr::altrep_backend::search_coll_replace	charr::altrep_backend	true	src/altrep_backend/ci_search_coll_replace.cpp	92	unit:src/altrep_backend/ci_search_coll_replace.cpp	altrep	cxx_helper	void (class charport::StrViews &, class charr::shared::NativeToUtf8 &, class charr::shared::SliceArena &)	false				external	1
decl:c:@N@charr@N@altrep_backend@N@search_coll_replace@F@recycling_length#I#I#I#&b#	function	recycling_length	charr::altrep_backend::search_coll_replace::recycling_length	charr::altrep_backend::search_coll_replace	charr::altrep_backend	true	src/altrep_backend/ci_search_coll_replace.cpp	60	unit:src/altrep_backend/ci_search_coll_replace.cpp	altrep	neutral_helper	int (int, int, int, _Bool &) noexcept	true				external	1
decl:c:@N@charr@N@altrep_backend@N@search_coll_replace@F@replace_one#&1$@N@charr@N@shared@S@StringView#*1v#&1$@N@charr@N@shared@S@CollationInput#S3_#*$@S@UCollator#b#I#&$@N@charr@N@shared@S@CollationCursor#&$@N@charr@N@shared@S@CollationMatcher#&$@N@std@S@vector>#$@N@charr@N@shared@S@CollationRange#$@N@std@S@allocator>#S13_#&$@N@icu_78@S@UnicodeString#&$@N@std@S@vector>#C#$@N@std@S@allocator>#C#&$@N@charr@N@altrep_backend@N@io@S@OutputBuilder#	function	replace_one	charr::altrep_backend::search_coll_replace::replace_one	charr::altrep_backend::search_coll_replace	charr::altrep_backend	true	src/altrep_backend/ci_search_coll_replace.cpp	190	unit:src/altrep_backend/ci_search_coll_replace.cpp	altrep	cxx_helper	void (const struct charr::shared::StringView &, const void *, const struct charr::shared::CollationInput &, const struct charr::shared::CollationInput &, struct UCollator *, _Bool, int, class charr::shared::CollationCursor &, class charr::shared::CollationMatcher &, class std::vector<struct charr::shared::CollationRange> &, class icu_78::UnicodeString &, class std::vector<char> &, class charr::altrep_backend::io::OutputBuilder &)	false				external	1
decl:c:@N@charr@N@altrep_backend@N@search_coll_replace@F@replace_sequential#&$@N@charr@N@shared@S@CollationInputs#&1S1_#S2_#*$@S@UCollator#&$@N@charr@N@shared@S@CollationMatcher#&$@N@std@S@vector>#$@N@charr@N@shared@S@CollationRange#$@N@std@S@allocator>#S9_#&$@N@icu_78@S@UnicodeString#&$@N@std@S@vector>#C#$@N@std@S@allocator>#C#&$@N@charr@N@altrep_backend@N@io@S@OutputBuilder#&I#	function	replace_sequential	charr::altrep_backend::search_coll_replace::replace_sequential	charr::altrep_backend::search_coll_replace	charr::altrep_backend	true	src/altrep_backend/ci_search_coll_replace.cpp	313	unit:src/altrep_backend/ci_search_coll_replace.cpp	altrep	cxx_helper	void (class charr::shared::CollationInputs &, const class charr::shared::CollationInputs &, const class charr::shared::CollationInputs &, struct UCollator *, class charr::shared::CollationMatcher &, class std::vector<struct charr::shared::CollationRange> &, class icu_78::UnicodeString &, class std::vector<char> &, class charr::altrep_backend::io::OutputBuilder &, int &)	false				external	1
decl:c:@N@charr@N@altrep_backend@N@search_coll_replace@F@replace_vectorized#&1$@N@charport@S@StrViews#&1$@N@charr@N@shared@S@CollationInputs#S2_#I#*$@S@UCollator#b#&$@N@charr@N@shared@S@CollationCursor#&$@N@charr@N@shared@S@CollationMatcher#&$@N@std@S@vector>#$@N@charr@N@shared@S@CollationRange#$@N@std@S@allocator>#S12_#&$@N@icu_78@S@UnicodeString#&$@N@std@S@vector>#C#$@N@std@S@allocator>#C#&$@N@charr@N@altrep_backend@N@io@S@OutputBuilder#	function	replace_vectorized	charr::altrep_backend::search_coll_replace::replace_vectorized	charr::altrep_backend::search_coll_replace	charr::altrep_backend	true	src/altrep_backend/ci_search_coll_replace.cpp	265	unit:src/altrep_backend/ci_search_coll_replace.cpp	altrep	cxx_helper	void (const class charport::StrViews &, const class charr::shared::CollationInputs &, const class charr::shared::CollationInputs &, int, struct UCollator *, _Bool, class charr::shared::CollationCursor &, class charr::shared::CollationMatcher &, class std::vector<struct charr::shared::CollationRange> &, class icu_78::UnicodeString &, class std::vector<char> &, class charr::altrep_backend::io::OutputBuilder &)	false				external	1
decl:c:@N@charr@N@altrep_backend@N@search_coll_replace@F@require_icu_success#$@E@UErrorCode#	function	require_icu_success	charr::altrep_backend::search_coll_replace::require_icu_success	charr::altrep_backend::search_coll_replace	charr::altrep_backend	true	src/altrep_backend/ci_search_coll_replace.cpp	85	unit:src/altrep_backend/ci_search_coll_replace.cpp	altrep	cxx_helper	void (enum UErrorCode)	false				external	1
decl:c:@N@charr@N@altrep_backend@N@search_coll_replace@F@require_sequential_lengths#I#I#	function	require_sequential_lengths	charr::altrep_backend::search_coll_replace::require_sequential_lengths	charr::altrep_backend::search_coll_replace	charr::altrep_backend	true	src/altrep_backend/ci_search_coll_replace.cpp	385	unit:src/altrep_backend/ci_search_coll_replace.cpp	altrep	r_helper	void (int, int) noexcept	true				external	1
decl:c:@N@charr@N@altrep_backend@N@search_coll_replace@F@set_utf16_output#&1$@N@charr@N@shared@S@CollationInput#I#&$@N@std@S@vector>#C#$@N@std@S@allocator>#C#&$@N@charr@N@altrep_backend@N@io@S@OutputBuilder#	function	set_utf16_output	charr::altrep_backend::search_coll_replace::set_utf16_output	charr::altrep_backend::search_coll_replace	charr::altrep_backend	true	src/altrep_backend/ci_search_coll_replace.cpp	143	unit:src/altrep_backend/ci_search_coll_replace.cpp	altrep	cxx_helper	void (const struct charr::shared::CollationInput &, int, class std::vector<char> &, class charr::altrep_backend::io::OutputBuilder &)	false				external	1
decl:c:@N@charr@N@altrep_backend@N@search_coll_replace@F@stage_utf16#&1$@N@charport@S@StrViews#&$@N@charr@N@shared@S@CollationInputs#	function	stage_utf16	charr::altrep_backend::search_coll_replace::stage_utf16	charr::altrep_backend::search_coll_replace	charr::altrep_backend	true	src/altrep_backend/ci_search_coll_replace.cpp	114	unit:src/altrep_backend/ci_search_coll_replace.cpp	altrep	cxx_helper	void (const class charport::StrViews &, class charr::shared::CollationInputs &)	false				external	1
decl:c:@N@charr@N@altrep_backend@N@search_coll_replace@F@unchanged_utf8_is_lossless#&1$@N@charr@N@shared@S@StringView#	function	unchanged_utf8_is_lossless	charr::altrep_backend::search_coll_replace::unchanged_utf8_is_lossless	charr::altrep_backend::search_coll_replace	charr::altrep_backend	true	src/altrep_backend/ci_search_coll_replace.cpp	166	unit:src/altrep_backend/ci_search_coll_replace.cpp	altrep	neutral_helper	_Bool (const struct charr::shared::StringView &) noexcept	true				external	1
decl:c:@N@charr@N@altrep_backend@N@search_coll_split@F@build_store#&1$@N@charr@N@shared@S@StringView#&1$@N@charr@N@shared@S@CollationInput#&1$@N@std@S@vector>#$@N@charr@N@shared@S@CollationRange#$@N@std@S@allocator>#S6_#b#&$@N@std@S@vector>#C#$@N@std@S@allocator>#C#&$@N@charr@N@altrep_backend@N@io@S@OutputBuilder#&$@N@charport@N@charvec@S@Store#	function	build_store	charr::altrep_backend::search_coll_split::build_store	charr::altrep_backend::search_coll_split	charr::altrep_backend	true	src/altrep_backend/ci_search_coll_split.cpp	202	unit:src/altrep_backend/ci_search_coll_split.cpp	altrep	cxx_helper	void (const struct charr::shared::StringView &, const struct charr::shared::CollationInput &, const class std::vector<struct charr::shared::CollationRange> &, _Bool, class std::vector<char> &, class charr::altrep_backend::io::OutputBuilder &, class charport::charvec::Store &)	false				external	1
decl:c:@N@charr@N@altrep_backend@N@search_coll_split@F@count_empty_patterns#&1$@N@charr@N@shared@S@CollationInputs#	function	count_empty_patterns	charr::altrep_backend::search_coll_split::count_empty_patterns	charr::altrep_backend::search_coll_split	charr::altrep_backend	true	src/altrep_backend/ci_search_coll_split.cpp	142	unit:src/altrep_backend/ci_search_coll_split.cpp	altrep	cxx_helper	int (const class charr::shared::CollationInputs &)	false				external	1
decl:c:@N@charr@N@altrep_backend@N@search_coll_split@F@emit_warnings#b#b#I#	function	emit_warnings	charr::altrep_backend::search_coll_split::emit_warnings	charr::altrep_backend::search_coll_split	charr::altrep_backend	true	src/altrep_backend/ci_search_coll_split.cpp	260	unit:src/altrep_backend/ci_search_coll_split.cpp	altrep	r_helper	void (_Bool, _Bool, int) noexcept	true				external	1
decl:c:@N@charr@N@altrep_backend@N@search_coll_split@F@field_record#&1$@N@charr@N@shared@S@StringView#&1$@N@charr@N@shared@S@CollationInput#&1$@N@charr@N@shared@S@CollationRange#&$@N@std@S@vector>#C#$@N@std@S@allocator>#C#	function	field_record	charr::altrep_backend::search_coll_split::field_record	charr::altrep_backend::search_coll_split	charr::altrep_backend	true	src/altrep_backend/ci_search_coll_split.cpp	174	unit:src/altrep_backend/ci_search_coll_split.cpp	altrep	cxx_helper	struct charport_strview (const struct charr::shared::StringView &, const struct charr::shared::CollationInput &, const struct charr::shared::CollationRange &, class std::vector<char> &)	false				external	1
decl:c:@N@charr@N@altrep_backend@N@search_coll_split@F@normalize_views#&$@N@charport@S@StrViews#&$@N@charr@N@shared@S@NativeToUtf8#&$@N@charr@N@shared@S@SliceArena#	function	normalize_views	charr::altrep_backend::search_coll_split::normalize_views	charr::altrep_backend::search_coll_split	charr::altrep_backend	true	src/altrep_backend/ci_search_coll_split.cpp	120	unit:src/altrep_backend/ci_search_coll_split.cpp	altrep	cxx_helper	void (class charport::StrViews &, class charr::shared::NativeToUtf8 &, class charr::shared::SliceArena &)	false				external	1
decl:c:@N@charr@N@altrep_backend@N@search_coll_split@F@recycling_length#I#I#I#I#&b#	function	recycling_length	charr::altrep_backend::search_coll_split::recycling_length	charr::altrep_backend::search_coll_split	charr::altrep_backend	true	src/altrep_backend/ci_search_coll_split.cpp	60	unit:src/altrep_backend/ci_search_coll_split.cpp	altrep	neutral_helper	int (int, int, int, int, _Bool &) noexcept	true				external	1
decl:c:@N@charr@N@altrep_backend@N@search_coll_split@F@requested_columns#*1I#I#	function	requested_columns	charr::altrep_backend::search_coll_split::requested_columns	charr::altrep_backend::search_coll_split	charr::altrep_backend	true	src/altrep_backend/ci_search_coll_split.cpp	247	unit:src/altrep_backend/ci_search_coll_split.cpp	altrep	neutral_helper	int (const int *, int) noexcept	true				external	1
decl:c:@N@charr@N@altrep_backend@N@search_coll_split@F@require_icu_success#$@E@UErrorCode#	function	require_icu_success	charr::altrep_backend::search_coll_split::require_icu_success	charr::altrep_backend::search_coll_split	charr::altrep_backend	true	src/altrep_backend/ci_search_coll_split.cpp	89	unit:src/altrep_backend/ci_search_coll_split.cpp	altrep	cxx_helper	void (enum UErrorCode)	false				external	1
decl:c:@N@charr@N@altrep_backend@N@search_coll_split@F@set_scalar_empty#&$@N@charport@N@charvec@S@Store#	function	set_scalar_empty	charr::altrep_backend::search_coll_split::set_scalar_empty	charr::altrep_backend::search_coll_split	charr::altrep_backend	true	src/altrep_backend/ci_search_coll_split.cpp	164	unit:src/altrep_backend/ci_search_coll_split.cpp	altrep	cxx_helper	void (class charport::charvec::Store &)	false				external	1
decl:c:@N@charr@N@altrep_backend@N@search_coll_split@F@set_scalar_missing#&$@N@charport@N@charvec@S@Store#	function	set_scalar_missing	charr::altrep_backend::search_coll_split::set_scalar_missing	charr::altrep_backend::search_coll_split	charr::altrep_backend	true	src/altrep_backend/ci_search_coll_split.cpp	156	unit:src/altrep_backend/ci_search_coll_split.cpp	altrep	cxx_helper	void (class charport::charvec::Store &)	false				external	1
decl:c:@N@charr@N@altrep_backend@N@search_coll_split@F@stage_utf16#&1$@N@charport@S@StrViews#&$@N@charr@N@shared@S@NativeToUtf8#&$@N@charr@N@shared@S@SliceArena#&$@N@charr@N@shared@S@CollationInputs#	function	stage_utf16	charr::altrep_backend::search_coll_split::stage_utf16	charr::altrep_backend::search_coll_split	charr::altrep_backend	true	src/altrep_backend/ci_search_coll_split.cpp	96	unit:src/altrep_backend/ci_search_coll_split.cpp	altrep	cxx_helper	void (const class charport::StrViews &, class charr::shared::NativeToUtf8 &, class charr::shared::SliceArena &, class charr::shared::CollationInputs &)	false				external	1
decl:c:@N@charr@N@altrep_backend@N@search_coll_startsendswith@F@count_empty_patterns#&1$@N@charr@N@shared@S@CollationInputs#	function	count_empty_patterns	charr::altrep_backend::search_coll_startsendswith::count_empty_patterns	charr::altrep_backend::search_coll_startsendswith	charr::altrep_backend	true	src/altrep_backend/ci_search_coll_startsendswith.cpp	119	unit:src/altrep_backend/ci_search_coll_startsendswith.cpp	altrep	cxx_helper	int (const class charr::shared::CollationInputs &)	false				external	1
decl:c:@N@charr@N@altrep_backend@N@search_coll_startsendswith@F@emit_warnings#b#b#I#	function	emit_warnings	charr::altrep_backend::search_coll_startsendswith::emit_warnings	charr::altrep_backend::search_coll_startsendswith	charr::altrep_backend	true	src/altrep_backend/ci_search_coll_startsendswith.cpp	205	unit:src/altrep_backend/ci_search_coll_startsendswith.cpp	altrep	r_helper	void (_Bool, _Bool, int) noexcept	true				external	1
decl:c:@N@charr@N@altrep_backend@N@search_coll_startsendswith@F@match_inputs#&1$@N@charport@S@StrViews#&1$@N@charr@N@shared@S@CollationInputs#*1I#I#I#*$@S@UCollator#b#b#&$@N@charr@N@shared@S@CollationCursor#&$@N@charr@N@shared@S@CollationMatcher#*I#	function	match_inputs	charr::altrep_backend::search_coll_startsendswith::match_inputs	charr::altrep_backend::search_coll_startsendswith	charr::altrep_backend	true	src/altrep_backend/ci_search_coll_startsendswith.cpp	133	unit:src/altrep_backend/ci_search_coll_startsendswith.cpp	altrep	cxx_helper	void (const class charport::StrViews &, const class charr::shared::CollationInputs &, const int *, int, int, struct UCollator *, _Bool, _Bool, class charr::shared::CollationCursor &, class charr::shared::CollationMatcher &, int *)	false				external	1
decl:c:@N@charr@N@altrep_backend@N@search_coll_startsendswith@F@normalize_views#&$@N@charport@S@StrViews#&$@N@charr@N@shared@S@NativeToUtf8#&$@N@charr@N@shared@S@SliceArena#	function	normalize_views	charr::altrep_backend::search_coll_startsendswith::normalize_views	charr::altrep_backend::search_coll_startsendswith	charr::altrep_backend	true	src/altrep_backend/ci_search_coll_startsendswith.cpp	82	unit:src/altrep_backend/ci_search_coll_startsendswith.cpp	altrep	cxx_helper	void (class charport::StrViews &, class charr::shared::NativeToUtf8 &, class charr::shared::SliceArena &)	false				external	1
decl:c:@N@charr@N@altrep_backend@N@search_coll_startsendswith@F@recycling_length#I#I#I#&b#	function	recycling_length	charr::altrep_backend::search_coll_startsendswith::recycling_length	charr::altrep_backend::search_coll_startsendswith	charr::altrep_backend	true	src/altrep_backend/ci_search_coll_startsendswith.cpp	58	unit:src/altrep_backend/ci_search_coll_startsendswith.cpp	altrep	neutral_helper	int (int, int, int, _Bool &) noexcept	true				external	1
decl:c:@N@charr@N@altrep_backend@N@search_coll_startsendswith@F@require_icu_success#$@E@UErrorCode#	function	require_icu_success	charr::altrep_backend::search_coll_startsendswith::require_icu_success	charr::altrep_backend::search_coll_startsendswith	charr::altrep_backend	true	src/altrep_backend/ci_search_coll_startsendswith.cpp	75	unit:src/altrep_backend/ci_search_coll_startsendswith.cpp	altrep	cxx_helper	void (enum UErrorCode)	false				external	1
decl:c:@N@charr@N@altrep_backend@N@search_coll_startsendswith@F@stage_utf16#&1$@N@charport@S@StrViews#&$@N@charr@N@shared@S@CollationInputs#	function	stage_utf16	charr::altrep_backend::search_coll_startsendswith::stage_utf16	charr::altrep_backend::search_coll_startsendswith	charr::altrep_backend	true	src/altrep_backend/ci_search_coll_startsendswith.cpp	104	unit:src/altrep_backend/ci_search_coll_startsendswith.cpp	altrep	cxx_helper	void (const class charport::StrViews &, class charr::shared::CollationInputs &)	false				external	1
decl:c:@N@charr@N@altrep_backend@N@search_fixed_count@F@count_ascii_byte#*1C#I#c#	function	count_ascii_byte	charr::altrep_backend::search_fixed_count::count_ascii_byte	charr::altrep_backend::search_fixed_count	charr::altrep_backend	true	src/altrep_backend/ci_search_fixed_count.cpp	57	unit:src/altrep_backend/ci_search_fixed_count.cpp	altrep	neutral_helper	int (const char *, int, unsigned char) noexcept	true				external	1
decl:c:@N@charr@N@altrep_backend@N@search_fixed_count@F@count_ascii_scalar_direct#&1$@N@charport@S@StrViews#S0_#I#I#$@N@charr@N@shared@S@FixedSearchOptions#*I#&I#	function	count_ascii_scalar_direct	charr::altrep_backend::search_fixed_count::count_ascii_scalar_direct	charr::altrep_backend::search_fixed_count	charr::altrep_backend	true	src/altrep_backend/ci_search_fixed_count.cpp	95	unit:src/altrep_backend/ci_search_fixed_count.cpp	altrep	neutral_helper	_Bool (const class charport::StrViews &, const class charport::StrViews &, int, int, struct charr::shared::FixedSearchOptions, int *, int &) noexcept	true				external	1
decl:c:@N@charr@N@altrep_backend@N@search_fixed_count@F@count_empty_patterns#&1$@N@std@S@vector>#$@N@charr@N@shared@S@StringView#$@N@std@S@allocator>#S2_#	function	count_empty_patterns	charr::altrep_backend::search_fixed_count::count_empty_patterns	charr::altrep_backend::search_fixed_count	charr::altrep_backend	true	src/altrep_backend/ci_search_fixed_count.cpp	157	unit:src/altrep_backend/ci_search_fixed_count.cpp	altrep	neutral_helper	int (const class std::vector<struct charr::shared::StringView> &) noexcept	true				external	1
decl:c:@N@charr@N@altrep_backend@N@search_fixed_count@F@count_general#&1$@N@std@S@vector>#$@N@charr@N@shared@S@StringView#$@N@std@S@allocator>#S2_#S0_#I#I#$@N@charr@N@shared@S@FixedSearchOptions#&$@N@charr@N@shared@S@FixedMatcher#*I#	function	count_general	charr::altrep_backend::search_fixed_count::count_general	charr::altrep_backend::search_fixed_count	charr::altrep_backend	true	src/altrep_backend/ci_search_fixed_count.cpp	171	unit:src/altrep_backend/ci_search_fixed_count.cpp	altrep	cxx_helper	void (const class std::vector<struct charr::shared::StringView> &, const class std::vector<struct charr::shared::StringView> &, int, int, struct charr::shared::FixedSearchOptions, class charr::shared::FixedMatcher &, int *)	false				external	1
decl:c:@N@charr@N@altrep_backend@N@search_fixed_count@F@direct_ascii_encoding#$@N@charr@N@shared@E@StringEncoding#	function	direct_ascii_encoding	charr::altrep_backend::search_fixed_count::direct_ascii_encoding	charr::altrep_backend::search_fixed_count	charr::altrep_backend	true	src/altrep_backend/ci_search_fixed_count.cpp	71	unit:src/altrep_backend/ci_search_fixed_count.cpp	altrep	neutral_helper	_Bool (enum charr::shared::StringEncoding) noexcept	true				external	1
decl:c:@N@charr@N@altrep_backend@N@search_fixed_count@F@emit_warnings#b#I#	function	emit_warnings	charr::altrep_backend::search_fixed_count::emit_warnings	charr::altrep_backend::search_fixed_count	charr::altrep_backend	true	src/altrep_backend/ci_search_fixed_count.cpp	218	unit:src/altrep_backend/ci_search_fixed_count.cpp	altrep	r_helper	void (_Bool, int) noexcept	true				external	1
decl:c:@N@charr@N@altrep_backend@N@search_fixed_count@F@normalize_views#&1$@N@charport@S@StrViews#I#&$@N@charr@N@shared@S@NativeToUtf8#&$@N@charr@N@shared@S@SliceArena#&$@N@std@S@vector>#$@N@charr@N@shared@S@StringView#$@N@std@S@allocator>#S8_#	function	normalize_views	charr::altrep_backend::search_fixed_count::normalize_views	charr::altrep_backend::search_fixed_count	charr::altrep_backend	true	src/altrep_backend/ci_search_fixed_count.cpp	140	unit:src/altrep_backend/ci_search_fixed_count.cpp	altrep	cxx_helper	void (const class charport::StrViews &, int, class charr::shared::NativeToUtf8 &, class charr::shared::SliceArena &, class std::vector<struct charr::shared::StringView> &)	false				external	1
decl:c:@N@charr@N@altrep_backend@N@search_fixed_count@F@recycling_length#I#I#&b#	function	recycling_length	charr::altrep_backend::search_fixed_count::recycling_length	charr::altrep_backend::search_fixed_count	charr::altrep_backend	true	src/altrep_backend/ci_search_fixed_count.cpp	81	unit:src/altrep_backend/ci_search_fixed_count.cpp	altrep	neutral_helper	int (int, int, _Bool &) noexcept	true				external	1
decl:c:@N@charr@N@altrep_backend@N@search_fixed_detect@F@contains_ascii_byte#*1C#I#c#	function	contains_ascii_byte	charr::altrep_backend::search_fixed_detect::contains_ascii_byte	charr::altrep_backend::search_fixed_detect	charr::altrep_backend	true	src/altrep_backend/ci_search_fixed_detect.cpp	68	unit:src/altrep_backend/ci_search_fixed_detect.cpp	altrep	neutral_helper	_Bool (const char *, int, unsigned char) noexcept	true				external	1
decl:c:@N@charr@N@altrep_backend@N@search_fixed_detect@F@count_empty_patterns#&1$@N@std@S@vector>#$@N@charr@N@shared@S@StringView#$@N@std@S@allocator>#S2_#	function	count_empty_patterns	charr::altrep_backend::search_fixed_detect::count_empty_patterns	charr::altrep_backend::search_fixed_detect	charr::altrep_backend	true	src/altrep_backend/ci_search_fixed_detect.cpp	169	unit:src/altrep_backend/ci_search_fixed_detect.cpp	altrep	neutral_helper	int (const class std::vector<struct charr::shared::StringView> &) noexcept	true				external	1
decl:c:@N@charr@N@altrep_backend@N@search_fixed_detect@F@detect_ascii_scalar_direct#&1$@N@charport@S@StrViews#S0_#I#I#$@N@charr@N@shared@S@FixedSearchOptions#b#&I#*I#S3_#	function	detect_ascii_scalar_direct	charr::altrep_backend::search_fixed_detect::detect_ascii_scalar_direct	charr::altrep_backend::search_fixed_detect	charr::altrep_backend	true	src/altrep_backend/ci_search_fixed_detect.cpp	97	unit:src/altrep_backend/ci_search_fixed_detect.cpp	altrep	neutral_helper	_Bool (const class charport::StrViews &, const class charport::StrViews &, int, int, struct charr::shared::FixedSearchOptions, _Bool, int &, int *, int &) noexcept	true				external	1
decl:c:@N@charr@N@altrep_backend@N@search_fixed_detect@F@detect_general#&1$@N@std@S@vector>#$@N@charr@N@shared@S@StringView#$@N@std@S@allocator>#S2_#S0_#I#I#$@N@charr@N@shared@S@FixedSearchOptions#b#&I#&$@N@charr@N@shared@S@FixedMatcher#*I#	function	detect_general	charr::altrep_backend::search_fixed_detect::detect_general	charr::altrep_backend::search_fixed_detect	charr::altrep_backend	true	src/altrep_backend/ci_search_fixed_detect.cpp	183	unit:src/altrep_backend/ci_search_fixed_detect.cpp	altrep	cxx_helper	void (const class std::vector<struct charr::shared::StringView> &, const class std::vector<struct charr::shared::StringView> &, int, int, struct charr::shared::FixedSearchOptions, _Bool, int &, class charr::shared::FixedMatcher &, int *)	false				external	1
decl:c:@N@charr@N@altrep_backend@N@search_fixed_detect@F@direct_ascii_encoding#$@N@charr@N@shared@E@StringEncoding#	function	direct_ascii_encoding	charr::altrep_backend::search_fixed_detect::direct_ascii_encoding	charr::altrep_backend::search_fixed_detect	charr::altrep_backend	true	src/altrep_backend/ci_search_fixed_detect.cpp	58	unit:src/altrep_backend/ci_search_fixed_detect.cpp	altrep	neutral_helper	_Bool (enum charr::shared::StringEncoding) noexcept	true				external	1
decl:c:@N@charr@N@altrep_backend@N@search_fixed_detect@F@emit_warnings#b#I#	function	emit_warnings	charr::altrep_backend::search_fixed_detect::emit_warnings	charr::altrep_backend::search_fixed_detect	charr::altrep_backend	true	src/altrep_backend/ci_search_fixed_detect.cpp	239	unit:src/altrep_backend/ci_search_fixed_detect.cpp	altrep	r_helper	void (_Bool, int) noexcept	true				external	1
decl:c:@N@charr@N@altrep_backend@N@search_fixed_detect@F@normalize_views#&1$@N@charport@S@StrViews#I#&$@N@charr@N@shared@S@NativeToUtf8#&$@N@charr@N@shared@S@SliceArena#&$@N@std@S@vector>#$@N@charr@N@shared@S@StringView#$@N@std@S@allocator>#S8_#	function	normalize_views	charr::altrep_backend::search_fixed_detect::normalize_views	charr::altrep_backend::search_fixed_detect	charr::altrep_backend	true	src/altrep_backend/ci_search_fixed_detect.cpp	152	unit:src/altrep_backend/ci_search_fixed_detect.cpp	altrep	cxx_helper	void (const class charport::StrViews &, int, class charr::shared::NativeToUtf8 &, class charr::shared::SliceArena &, class std::vector<struct charr::shared::StringView> &)	false				external	1
decl:c:@N@charr@N@altrep_backend@N@search_fixed_detect@F@recycling_length#I#I#&b#	function	recycling_length	charr::altrep_backend::search_fixed_detect::recycling_length	charr::altrep_backend::search_fixed_detect	charr::altrep_backend	true	src/altrep_backend/ci_search_fixed_detect.cpp	83	unit:src/altrep_backend/ci_search_fixed_detect.cpp	altrep	neutral_helper	int (int, int, _Bool &) noexcept	true				external	1
decl:c:@N@charr@N@altrep_backend@N@search_fixed_extract@F@count_empty_patterns#&1$@N@std@S@vector>#$@N@charr@N@shared@S@StringView#$@N@std@S@allocator>#S2_#	function	count_empty_patterns	charr::altrep_backend::search_fixed_extract::count_empty_patterns	charr::altrep_backend::search_fixed_extract	charr::altrep_backend	true	src/altrep_backend/ci_search_fixed_extract.cpp	101	unit:src/altrep_backend/ci_search_fixed_extract.cpp	altrep	cxx_helper	int (const class std::vector<struct charr::shared::StringView> &)	false				external	1
decl:c:@N@charr@N@altrep_backend@N@search_fixed_extract@F@emit_warnings_r#b#I#	function	emit_warnings_r	charr::altrep_backend::search_fixed_extract::emit_warnings_r	charr::altrep_backend::search_fixed_extract	charr::altrep_backend	true	src/altrep_backend/ci_search_fixed_extract.cpp	209	unit:src/altrep_backend/ci_search_fixed_extract.cpp	altrep	r_helper	void (_Bool, int) noexcept	true				external	1
decl:c:@N@charr@N@altrep_backend@N@search_fixed_extract@F@normalize_views#&1$@N@charport@S@StrViews#&$@N@charr@N@shared@S@NativeToUtf8#&$@N@charr@N@shared@S@SliceArena#&$@N@std@S@vector>#$@N@charr@N@shared@S@StringView#$@N@std@S@allocator>#S8_#	function	normalize_views	charr::altrep_backend::search_fixed_extract::normalize_views	charr::altrep_backend::search_fixed_extract	charr::altrep_backend	true	src/altrep_backend/ci_search_fixed_extract.cpp	81	unit:src/altrep_backend/ci_search_fixed_extract.cpp	altrep	cxx_helper	void (const class charport::StrViews &, class charr::shared::NativeToUtf8 &, class charr::shared::SliceArena &, class std::vector<struct charr::shared::StringView> &)	false				external	1
decl:c:@N@charr@N@altrep_backend@N@search_fixed_extract@F@recycling_length#I#I#&b#	function	recycling_length	charr::altrep_backend::search_fixed_extract::recycling_length	charr::altrep_backend::search_fixed_extract	charr::altrep_backend	true	src/altrep_backend/ci_search_fixed_extract.cpp	63	unit:src/altrep_backend/ci_search_fixed_extract.cpp	altrep	neutral_helper	int (int, int, _Bool &) noexcept	true				external	1
decl:c:@N@charr@N@altrep_backend@N@search_fixed_extract@F@set_empty_store#&$@N@charport@N@charvec@S@Store#	function	set_empty_store	charr::altrep_backend::search_fixed_extract::set_empty_store	charr::altrep_backend::search_fixed_extract	charr::altrep_backend	true	src/altrep_backend/ci_search_fixed_extract.cpp	124	unit:src/altrep_backend/ci_search_fixed_extract.cpp	altrep	cxx_helper	void (class charport::charvec::Store &)	false				external	1
decl:c:@N@charr@N@altrep_backend@N@search_fixed_extract@F@set_matched_store#&1$@N@charr@N@shared@S@FixedExtractPlan#&1$@N@charr@N@shared@S@FixedExtractRow#&1$@N@std@S@vector>#$@N@charr@N@shared@S@StringView#$@N@std@S@allocator>#S6_#&$@N@charr@N@altrep_backend@N@io@S@OutputBuilder#&$@N@charport@N@charvec@S@Store#	function	set_matched_store	charr::altrep_backend::search_fixed_extract::set_matched_store	charr::altrep_backend::search_fixed_extract	charr::altrep_backend	true	src/altrep_backend/ci_search_fixed_extract.cpp	163	unit:src/altrep_backend/ci_search_fixed_extract.cpp	altrep	cxx_helper	void (const struct charr::shared::FixedExtractPlan &, const struct charr::shared::FixedExtractRow &, const class std::vector<struct charr::shared::StringView> &, class charr::altrep_backend::io::OutputBuilder &, class charport::charvec::Store &)	false				external	1
decl:c:@N@charr@N@altrep_backend@N@search_fixed_extract@F@set_missing_store#&$@N@charport@N@charvec@S@Store#	function	set_missing_store	charr::altrep_backend::search_fixed_extract::set_missing_store	charr::altrep_backend::search_fixed_extract	charr::altrep_backend	true	src/altrep_backend/ci_search_fixed_extract.cpp	114	unit:src/altrep_backend/ci_search_fixed_extract.cpp	altrep	cxx_helper	void (class charport::charvec::Store &)	false				external	1
decl:c:@N@charr@N@altrep_backend@N@search_fixed_extract@F@set_repeated_store#&1$@N@charr@N@shared@S@StringView#I#&$@N@charport@N@charvec@S@Store#	function	set_repeated_store	charr::altrep_backend::search_fixed_extract::set_repeated_store	charr::altrep_backend::search_fixed_extract	charr::altrep_backend	true	src/altrep_backend/ci_search_fixed_extract.cpp	132	unit:src/altrep_backend/ci_search_fixed_extract.cpp	altrep	cxx_helper	void (const struct charr::shared::StringView &, int, class charport::charvec::Store &)	false				external	1
decl:c:@N@charr@N@altrep_backend@N@search_fixed_extract_first@F@count_empty_patterns#&1$@N@std@S@vector>#$@N@charr@N@shared@S@StringView#$@N@std@S@allocator>#S2_#	function	count_empty_patterns	charr::altrep_backend::search_fixed_extract_first::count_empty_patterns	charr::altrep_backend::search_fixed_extract_first	charr::altrep_backend	true	src/altrep_backend/ci_search_fixed_extract_first.cpp	174	unit:src/altrep_backend/ci_search_fixed_extract_first.cpp	altrep	neutral_helper	int (const class std::vector<struct charr::shared::StringView> &) noexcept	true				external	1
decl:c:@N@charr@N@altrep_backend@N@search_fixed_extract_first@F@direct_view#&1$@S@charport_strview#&S1_#&b#	function	direct_view	charr::altrep_backend::search_fixed_extract_first::direct_view	charr::altrep_backend::search_fixed_extract_first	charr::altrep_backend	true	src/altrep_backend/ci_search_fixed_extract_first.cpp	46	unit:src/altrep_backend/ci_search_fixed_extract_first.cpp	altrep	neutral_helper	_Bool (const struct charport_strview &, struct charport_strview &, _Bool &) noexcept	true				external	1
decl:c:@N@charr@N@altrep_backend@N@search_fixed_extract_first@F@emit_empty_pattern_warnings#I#	function	emit_empty_pattern_warnings	charr::altrep_backend::search_fixed_extract_first::emit_empty_pattern_warnings	charr::altrep_backend::search_fixed_extract_first	charr::altrep_backend	true	src/altrep_backend/ci_search_fixed_extract_first.cpp	188	unit:src/altrep_backend/ci_search_fixed_extract_first.cpp	altrep	r_helper	void (int) noexcept	true				external	1
decl:c:@N@charr@N@altrep_backend@N@search_fixed_extract_first@F@extract_direct#&1$@N@charport@S@StrViews#S0_#$@N@charr@N@shared@S@FixedSearchOptions#I#&$@N@charr@N@altrep_backend@N@io@S@OutputBuilder#	function	extract_direct	charr::altrep_backend::search_fixed_extract_first::extract_direct	charr::altrep_backend::search_fixed_extract_first	charr::altrep_backend	true	src/altrep_backend/ci_search_fixed_extract_first.cpp	94	unit:src/altrep_backend/ci_search_fixed_extract_first.cpp	altrep	cxx_helper	_Bool (const class charport::StrViews &, const class charport::StrViews &, struct charr::shared::FixedSearchOptions, int, class charr::altrep_backend::io::OutputBuilder &)	false				external	1
decl:c:@N@charr@N@altrep_backend@N@search_fixed_extract_first@F@matched_output_view#*1C#I#	function	matched_output_view	charr::altrep_backend::search_fixed_extract_first::matched_output_view	charr::altrep_backend::search_fixed_extract_first	charr::altrep_backend	true	src/altrep_backend/ci_search_fixed_extract_first.cpp	79	unit:src/altrep_backend/ci_search_fixed_extract_first.cpp	altrep	neutral_helper	struct charport_strview (const char *, int) noexcept	true				external	1
decl:c:@N@charr@N@altrep_backend@N@search_fixed_extract_first@F@normalize_views#&1$@N@charport@S@StrViews#&$@N@charr@N@shared@S@NativeToUtf8#&$@N@charr@N@shared@S@SliceArena#&$@N@std@S@vector>#$@N@charr@N@shared@S@StringView#$@N@std@S@allocator>#S8_#	function	normalize_views	charr::altrep_backend::search_fixed_extract_first::normalize_views	charr::altrep_backend::search_fixed_extract_first	charr::altrep_backend	true	src/altrep_backend/ci_search_fixed_extract_first.cpp	158	unit:src/altrep_backend/ci_search_fixed_extract_first.cpp	altrep	cxx_helper	void (const class charport::StrViews &, class charr::shared::NativeToUtf8 &, class charr::shared::SliceArena &, class std::vector<struct charr::shared::StringView> &)	false				external	1
decl:c:@N@charr@N@altrep_backend@N@search_fixed_extract_first@F@recycling_length#I#I#&b#	function	recycling_length	charr::altrep_backend::search_fixed_extract_first::recycling_length	charr::altrep_backend::search_fixed_extract_first	charr::altrep_backend	true	src/altrep_backend/ci_search_fixed_extract_first.cpp	28	unit:src/altrep_backend/ci_search_fixed_extract_first.cpp	altrep	neutral_helper	int (int, int, _Bool &) noexcept	true				external	1
decl:c:@N@charr@N@altrep_backend@N@search_fixed_locate@F@count_empty_patterns#&1$@N@std@S@vector>#$@N@charr@N@shared@S@StringView#$@N@std@S@allocator>#S2_#	function	count_empty_patterns	charr::altrep_backend::search_fixed_locate::count_empty_patterns	charr::altrep_backend::search_fixed_locate	charr::altrep_backend	true	src/altrep_backend/ci_search_fixed_locate.cpp	363	unit:src/altrep_backend/ci_search_fixed_locate.cpp	altrep	neutral_helper	int (const class std::vector<struct charr::shared::StringView> &) noexcept	true				external	1
decl:c:@N@charr@N@altrep_backend@N@search_fixed_locate@F@count_fixed_byte#*1C#I#c#	function	count_fixed_byte	charr::altrep_backend::search_fixed_locate::count_fixed_byte	charr::altrep_backend::search_fixed_locate	charr::altrep_backend	true	src/altrep_backend/ci_search_fixed_locate.cpp	134	unit:src/altrep_backend/ci_search_fixed_locate.cpp	altrep	neutral_helper	int (const char *, int, unsigned char) noexcept	true				external	1
decl:c:@N@charr@N@altrep_backend@N@search_fixed_locate@F@direct_ascii_encoding#$@N@charr@N@shared@E@StringEncoding#	function	direct_ascii_encoding	charr::altrep_backend::search_fixed_locate::direct_ascii_encoding	charr::altrep_backend::search_fixed_locate	charr::altrep_backend	true	src/altrep_backend/ci_search_fixed_locate.cpp	67	unit:src/altrep_backend/ci_search_fixed_locate.cpp	altrep	neutral_helper	_Bool (enum charr::shared::StringEncoding) noexcept	true				external	1
decl:c:@N@charr@N@altrep_backend@N@search_fixed_locate@F@direct_fixed_pattern#&1$@S@charport_strview#&c#	function	direct_fixed_pattern	charr::altrep_backend::search_fixed_locate::direct_fixed_pattern	charr::altrep_backend::search_fixed_locate	charr::altrep_backend	true	src/altrep_backend/ci_search_fixed_locate.cpp	120	unit:src/altrep_backend/ci_search_fixed_locate.cpp	altrep	neutral_helper	_Bool (const struct charport_strview &, unsigned char &) noexcept	true				external	1
decl:c:@N@charr@N@altrep_backend@N@search_fixed_locate@F@direct_fixed_string#&1$@S@charport_strview#&$@N@charr@N@altrep_backend@N@search_fixed_locate@S@DirectFixedString#	function	direct_fixed_string	charr::altrep_backend::search_fixed_locate::direct_fixed_string	charr::altrep_backend::search_fixed_locate	charr::altrep_backend	true	src/altrep_backend/ci_search_fixed_locate.cpp	88	unit:src/altrep_backend/ci_search_fixed_locate.cpp	altrep	neutral_helper	_Bool (const struct charport_strview &, struct charr::altrep_backend::search_fixed_locate::DirectFixedString &) noexcept	true				external	1
decl:c:@N@charr@N@altrep_backend@N@search_fixed_locate@F@emit_warnings#b#I#	function	emit_warnings	charr::altrep_backend::search_fixed_locate::emit_warnings	charr::altrep_backend::search_fixed_locate	charr::altrep_backend	true	src/altrep_backend/ci_search_fixed_locate.cpp	484	unit:src/altrep_backend/ci_search_fixed_locate.cpp	altrep	r_helper	void (_Bool, int) noexcept	true				external	1
decl:c:@N@charr@N@altrep_backend@N@search_fixed_locate@F@fill_all_matches#&1$@N@charr@N@shared@S@StringView#S0_#$@N@charr@N@shared@S@FixedSearchOptions#b#&$@N@charr@N@shared@S@FixedMatcher#&$@N@std@S@vector>#$@N@charr@N@shared@S@ByteRange#$@N@std@S@allocator>#S7_#	function	fill_all_matches	charr::altrep_backend::search_fixed_locate::fill_all_matches	charr::altrep_backend::search_fixed_locate	charr::altrep_backend	true	src/altrep_backend/ci_search_fixed_locate.cpp	454	unit:src/altrep_backend/ci_search_fixed_locate.cpp	altrep	cxx_helper	_Bool (const struct charr::shared::StringView &, const struct charr::shared::StringView &, struct charr::shared::FixedSearchOptions, _Bool, class charr::shared::FixedMatcher &, class std::vector<struct charr::shared::ByteRange> &)	false				external	1
decl:c:@N@charr@N@altrep_backend@N@search_fixed_locate@F@fill_fixed_byte_occurrences#&1$@N@charr@N@altrep_backend@N@search_fixed_locate@S@DirectFixedString#c#*I#S2_#I#b#	function	fill_fixed_byte_occurrences	charr::altrep_backend::search_fixed_locate::fill_fixed_byte_occurrences	charr::altrep_backend::search_fixed_locate	charr::altrep_backend	true	src/altrep_backend/ci_search_fixed_locate.cpp	183	unit:src/altrep_backend/ci_search_fixed_locate.cpp	altrep	neutral_helper	void (const struct charr::altrep_backend::search_fixed_locate::DirectFixedString &, unsigned char, int *, int *, int, _Bool) noexcept	true				external	1
decl:c:@N@charr@N@altrep_backend@N@search_fixed_locate@F@first_fixed_byte#*1C#I#c#	function	first_fixed_byte	charr::altrep_backend::search_fixed_locate::first_fixed_byte	charr::altrep_backend::search_fixed_locate	charr::altrep_backend	true	src/altrep_backend/ci_search_fixed_locate.cpp	151	unit:src/altrep_backend/ci_search_fixed_locate.cpp	altrep	neutral_helper	int (const char *, int, unsigned char) noexcept	true				external	1
decl:c:@N@charr@N@altrep_backend@N@search_fixed_locate@F@fixed_codepoint_position#&1$@N@charr@N@altrep_backend@N@search_fixed_locate@S@DirectFixedString#I#	function	fixed_codepoint_position	charr::altrep_backend::search_fixed_locate::fixed_codepoint_position	charr::altrep_backend::search_fixed_locate	charr::altrep_backend	true	src/altrep_backend/ci_search_fixed_locate.cpp	163	unit:src/altrep_backend/ci_search_fixed_locate.cpp	altrep	neutral_helper	int (const struct charr::altrep_backend::search_fixed_locate::DirectFixedString &, int) noexcept	true				external	1
decl:c:@N@charr@N@altrep_backend@N@search_fixed_locate@F@has_utf8_bom#*1C#I#	function	has_utf8_bom	charr::altrep_backend::search_fixed_locate::has_utf8_bom	charr::altrep_backend::search_fixed_locate	charr::altrep_backend	true	src/altrep_backend/ci_search_fixed_locate.cpp	77	unit:src/altrep_backend/ci_search_fixed_locate.cpp	altrep	neutral_helper	_Bool (const char *, int) noexcept	true				external	1
decl:c:@N@charr@N@altrep_backend@N@search_fixed_locate@F@locate_all_ascii_scalar_direct#&1$@N@charport@S@StrViews#S0_#I#I#$@N@charr@N@shared@S@FixedSearchOptions#b#b#&$@N@charr@N@shared@S@ProtHelper#I#&*$@S@SEXPREC#S6_#&I#	function	locate_all_ascii_scalar_direct	charr::altrep_backend::search_fixed_locate::locate_all_ascii_scalar_direct	charr::altrep_backend::search_fixed_locate	charr::altrep_backend	true	src/altrep_backend/ci_search_fixed_locate.cpp	279	unit:src/altrep_backend/ci_search_fixed_locate.cpp	altrep	r_helper	_Bool (const class charport::StrViews &, const class charport::StrViews &, int, int, struct charr::shared::FixedSearchOptions, _Bool, _Bool, class charr::shared::ProtHelper &, int, struct SEXPREC *&, struct SEXPREC *, int &) noexcept	true				external	1
decl:c:@N@charr@N@altrep_backend@N@search_fixed_locate@F@locate_first_ascii_scalar_direct#&1$@N@charport@S@StrViews#S0_#I#I#$@N@charr@N@shared@S@FixedSearchOptions#b#*I#&I#	function	locate_first_ascii_scalar_direct	charr::altrep_backend::search_fixed_locate::locate_first_ascii_scalar_direct	charr::altrep_backend::search_fixed_locate	charr::altrep_backend	true	src/altrep_backend/ci_search_fixed_locate.cpp	231	unit:src/altrep_backend/ci_search_fixed_locate.cpp	altrep	neutral_helper	_Bool (const class charport::StrViews &, const class charport::StrViews &, int, int, struct charr::shared::FixedSearchOptions, _Bool, int *, int &) noexcept	true				external	1
decl:c:@N@charr@N@altrep_backend@N@search_fixed_locate@F@locate_first_general#&1$@N@std@S@vector>#$@N@charr@N@shared@S@StringView#$@N@std@S@allocator>#S2_#S0_#I#I#$@N@charr@N@shared@S@FixedSearchOptions#b#&$@N@charr@N@shared@S@FixedMatcher#*I#	function	locate_first_general	charr::altrep_backend::search_fixed_locate::locate_first_general	charr::altrep_backend::search_fixed_locate	charr::altrep_backend	true	src/altrep_backend/ci_search_fixed_locate.cpp	386	unit:src/altrep_backend/ci_search_fixed_locate.cpp	altrep	cxx_helper	void (const class std::vector<struct charr::shared::StringView> &, const class std::vector<struct charr::shared::StringView> &, int, int, struct charr::shared::FixedSearchOptions, _Bool, class charr::shared::FixedMatcher &, int *)	false				external	1
decl:c:@N@charr@N@altrep_backend@N@search_fixed_locate@F@no_match_range#b#	function	no_match_range	charr::altrep_backend::search_fixed_locate::no_match_range	charr::altrep_backend::search_fixed_locate	charr::altrep_backend	true	src/altrep_backend/ci_search_fixed_locate.cpp	377	unit:src/altrep_backend/ci_search_fixed_locate.cpp	altrep	neutral_helper	struct charr::shared::ByteRange (_Bool) noexcept	true				external	1
decl:c:@N@charr@N@altrep_backend@N@search_fixed_locate@F@normalize_views#&1$@N@charport@S@StrViews#I#&$@N@charr@N@shared@S@NativeToUtf8#&$@N@charr@N@shared@S@SliceArena#&$@N@std@S@vector>#$@N@charr@N@shared@S@StringView#$@N@std@S@allocator>#S8_#	function	normalize_views	charr::altrep_backend::search_fixed_locate::normalize_views	charr::altrep_backend::search_fixed_locate	charr::altrep_backend	true	src/altrep_backend/ci_search_fixed_locate.cpp	346	unit:src/altrep_backend/ci_search_fixed_locate.cpp	altrep	cxx_helper	void (const class charport::StrViews &, int, class charr::shared::NativeToUtf8 &, class charr::shared::SliceArena &, class std::vector<struct charr::shared::StringView> &)	false				external	1
decl:c:@N@charr@N@altrep_backend@N@search_fixed_locate@F@recycling_length#I#I#&b#	function	recycling_length	charr::altrep_backend::search_fixed_locate::recycling_length	charr::altrep_backend::search_fixed_locate	charr::altrep_backend	true	src/altrep_backend/ci_search_fixed_locate.cpp	217	unit:src/altrep_backend/ci_search_fixed_locate.cpp	altrep	neutral_helper	int (int, int, _Bool &) noexcept	true				external	1
decl:c:@N@charr@N@altrep_backend@N@search_fixed_locate@S@DirectFixedString	struct	DirectFixedString	charr::altrep_backend::search_fixed_locate::DirectFixedString	charr::altrep_backend::search_fixed_locate	charr::altrep_backend	true	src/altrep_backend/ci_search_fixed_locate.cpp	59	unit:src/altrep_backend/ci_search_fixed_locate.cpp	altrep					false	true	external	1
decl:c:@N@charr@N@altrep_backend@N@search_fixed_replace@F@checked_direct_size#I#I#l#l#	function	checked_direct_size	charr::altrep_backend::search_fixed_replace::checked_direct_size	charr::altrep_backend::search_fixed_replace	charr::altrep_backend	true	src/altrep_backend/ci_search_fixed_replace.cpp	110	unit:src/altrep_backend/ci_search_fixed_replace.cpp	altrep	cxx_helper	unsigned long (int, int, unsigned long, unsigned long)	false				external	1
decl:c:@N@charr@N@altrep_backend@N@search_fixed_replace@F@count_empty_patterns#&1$@N@std@S@vector>#$@N@charr@N@shared@S@StringView#$@N@std@S@allocator>#S2_#	function	count_empty_patterns	charr::altrep_backend::search_fixed_replace::count_empty_patterns	charr::altrep_backend::search_fixed_replace	charr::altrep_backend	true	src/altrep_backend/ci_search_fixed_replace.cpp	405	unit:src/altrep_backend/ci_search_fixed_replace.cpp	altrep	neutral_helper	int (const class std::vector<struct charr::shared::StringView> &) noexcept	true				external	1
decl:c:@N@charr@N@altrep_backend@N@search_fixed_replace@F@direct_view#&1$@S@charport_strview#&$@N@charr@N@altrep_backend@N@search_fixed_replace@S@DirectView#	function	direct_view	charr::altrep_backend::search_fixed_replace::direct_view	charr::altrep_backend::search_fixed_replace	charr::altrep_backend	true	src/altrep_backend/ci_search_fixed_replace.cpp	69	unit:src/altrep_backend/ci_search_fixed_replace.cpp	altrep	neutral_helper	_Bool (const struct charport_strview &, struct charr::altrep_backend::search_fixed_replace::DirectView &) noexcept	true				external	1
decl:c:@N@charr@N@altrep_backend@N@search_fixed_replace@F@emit_warnings#b#I#	function	emit_warnings	charr::altrep_backend::search_fixed_replace::emit_warnings	charr::altrep_backend::search_fixed_replace	charr::altrep_backend	true	src/altrep_backend/ci_search_fixed_replace.cpp	643	unit:src/altrep_backend/ci_search_fixed_replace.cpp	altrep	r_helper	void (_Bool, int) noexcept	true				external	1
decl:c:@N@charr@N@altrep_backend@N@search_fixed_replace@F@find_first_byte#&1$@N@charr@N@altrep_backend@N@search_fixed_replace@S@DirectView#c#	function	find_first_byte	charr::altrep_backend::search_fixed_replace::find_first_byte	charr::altrep_backend::search_fixed_replace	charr::altrep_backend	true	src/altrep_backend/ci_search_fixed_replace.cpp	134	unit:src/altrep_backend/ci_search_fixed_replace.cpp	altrep	neutral_helper	int (const struct charr::altrep_backend::search_fixed_replace::DirectView &, unsigned char) noexcept	true				external	1
decl:c:@N@charr@N@altrep_backend@N@search_fixed_replace@F@matched_byte_count#&1$@N@std@S@vector>#$@N@charr@N@shared@S@ByteRange#$@N@std@S@allocator>#S2_#	function	matched_byte_count	charr::altrep_backend::search_fixed_replace::matched_byte_count	charr::altrep_backend::search_fixed_replace	charr::altrep_backend	true	src/altrep_backend/ci_search_fixed_replace.cpp	418	unit:src/altrep_backend/ci_search_fixed_replace.cpp	altrep	cxx_helper	unsigned long (const class std::vector<struct charr::shared::ByteRange> &)	false				external	1
decl:c:@N@charr@N@altrep_backend@N@search_fixed_replace@F@normalize_views#&1$@N@charport@S@StrViews#&$@N@charr@N@shared@S@NativeToUtf8#&$@N@charr@N@shared@S@SliceArena#&$@N@std@S@vector>#$@N@charr@N@shared@S@StringView#$@N@std@S@allocator>#S8_#	function	normalize_views	charr::altrep_backend::search_fixed_replace::normalize_views	charr::altrep_backend::search_fixed_replace	charr::altrep_backend	true	src/altrep_backend/ci_search_fixed_replace.cpp	389	unit:src/altrep_backend/ci_search_fixed_replace.cpp	altrep	cxx_helper	void (const class charport::StrViews &, class charr::shared::NativeToUtf8 &, class charr::shared::SliceArena &, class std::vector<struct charr::shared::StringView> &)	false				external	1
decl:c:@N@charr@N@altrep_backend@N@search_fixed_replace@F@recycling_length#I#I#I#&b#	function	recycling_length	charr::altrep_backend::search_fixed_replace::recycling_length	charr::altrep_backend::search_fixed_replace	charr::altrep_backend	true	src/altrep_backend/ci_search_fixed_replace.cpp	364	unit:src/altrep_backend/ci_search_fixed_replace.cpp	altrep	neutral_helper	int (int, int, int, _Bool &) noexcept	true				external	1
decl:c:@N@charr@N@altrep_backend@N@search_fixed_replace@F@replace_one#&1$@N@charr@N@shared@S@StringView#S0_#S0_#$@N@charr@N@shared@S@FixedSearchOptions#b#&$@N@charr@N@shared@S@FixedMatcher#&$@N@std@S@vector>#$@N@charr@N@shared@S@ByteRange#$@N@std@S@allocator>#S7_#&$@N@charr@N@altrep_backend@N@io@S@OutputBuilder#I#	function	replace_one	charr::altrep_backend::search_fixed_replace::replace_one	charr::altrep_backend::search_fixed_replace	charr::altrep_backend	true	src/altrep_backend/ci_search_fixed_replace.cpp	435	unit:src/altrep_backend/ci_search_fixed_replace.cpp	altrep	cxx_helper	void (const struct charr::shared::StringView &, const struct charr::shared::StringView &, const struct charr::shared::StringView &, struct charr::shared::FixedSearchOptions, _Bool, class charr::shared::FixedMatcher &, class std::vector<struct charr::shared::ByteRange> &, class charr::altrep_backend::io::OutputBuilder &, int)	false				external	1
decl:c:@N@charr@N@altrep_backend@N@search_fixed_replace@F@replace_scalar_byte_direct#&1$@N@charport@S@StrViews#&1$@S@charport_strview#S2_#I#$@N@charr@N@shared@S@FixedSearchOptions#b#&$@N@charr@N@altrep_backend@N@io@S@OutputBuilder#&I#	function	replace_scalar_byte_direct	charr::altrep_backend::search_fixed_replace::replace_scalar_byte_direct	charr::altrep_backend::search_fixed_replace	charr::altrep_backend	true	src/altrep_backend/ci_search_fixed_replace.cpp	247	unit:src/altrep_backend/ci_search_fixed_replace.cpp	altrep	cxx_helper	_Bool (const class charport::StrViews &, const struct charport_strview &, const struct charport_strview &, int, struct charr::shared::FixedSearchOptions, _Bool, class charr::altrep_backend::io::OutputBuilder &, int &)	false				external	1
decl:c:@N@charr@N@altrep_backend@N@search_fixed_replace@F@replace_sequential#&1$@N@std@S@vector>#$@N@charr@N@shared@S@StringView#$@N@std@S@allocator>#S2_#S0_#S0_#$@N@charr@N@shared@S@FixedSearchOptions#&S1_#&$@N@charr@N@shared@S@FixedMatcher#&$@N@std@S@vector>#$@N@charr@N@shared@S@ByteRange#$@N@std@S@allocator>#S10_#&$@N@charr@N@shared@S@SliceArena#&$@N@charr@N@altrep_backend@N@io@S@OutputBuilder#&I#	function	replace_sequential	charr::altrep_backend::search_fixed_replace::replace_sequential	charr::altrep_backend::search_fixed_replace	charr::altrep_backend	true	src/altrep_backend/ci_search_fixed_replace.cpp	544	unit:src/altrep_backend/ci_search_fixed_replace.cpp	altrep	cxx_helper	void (const class std::vector<struct charr::shared::StringView> &, const class std::vector<struct charr::shared::StringView> &, const class std::vector<struct charr::shared::StringView> &, struct charr::shared::FixedSearchOptions, class std::vector<struct charr::shared::StringView> &, class charr::shared::FixedMatcher &, class std::vector<struct charr::shared::ByteRange> &, class charr::shared::SliceArena &, class charr::altrep_backend::io::OutputBuilder &, int &)	false				external	1
decl:c:@N@charr@N@altrep_backend@N@search_fixed_replace@F@replace_vectorized#&1$@N@std@S@vector>#$@N@charr@N@shared@S@StringView#$@N@std@S@allocator>#S2_#S0_#S0_#I#I#$@N@charr@N@shared@S@FixedSearchOptions#b#&$@N@charr@N@shared@S@FixedMatcher#&$@N@std@S@vector>#$@N@charr@N@shared@S@ByteRange#$@N@std@S@allocator>#S9_#&$@N@charr@N@altrep_backend@N@io@S@OutputBuilder#	function	replace_vectorized	charr::altrep_backend::search_fixed_replace::replace_vectorized	charr::altrep_backend::search_fixed_replace	charr::altrep_backend	true	src/altrep_backend/ci_search_fixed_replace.cpp	492	unit:src/altrep_backend/ci_search_fixed_replace.cpp	altrep	cxx_helper	void (const class std::vector<struct charr::shared::StringView> &, const class std::vector<struct charr::shared::StringView> &, const class std::vector<struct charr::shared::StringView> &, int, int, struct charr::shared::FixedSearchOptions, _Bool, class charr::shared::FixedMatcher &, class std::vector<struct charr::shared::ByteRange> &, class charr::altrep_backend::io::OutputBuilder &)	false				external	1
decl:c:@N@charr@N@altrep_backend@N@search_fixed_replace@F@require_sequential_lengths#I#I#	function	require_sequential_lengths	charr::altrep_backend::search_fixed_replace::require_sequential_lengths	charr::altrep_backend::search_fixed_replace	charr::altrep_backend	true	src/altrep_backend/ci_search_fixed_replace.cpp	631	unit:src/altrep_backend/ci_search_fixed_replace.cpp	altrep	r_helper	void (int, int) noexcept	true				external	1
decl:c:@N@charr@N@altrep_backend@N@search_fixed_replace@F@scan_all_bytes#&1$@N@charr@N@altrep_backend@N@search_fixed_replace@S@DirectView#c#&b#	function	scan_all_bytes	charr::altrep_backend::search_fixed_replace::scan_all_bytes	charr::altrep_backend::search_fixed_replace	charr::altrep_backend	true	src/altrep_backend/ci_search_fixed_replace.cpp	151	unit:src/altrep_backend/ci_search_fixed_replace.cpp	altrep	neutral_helper	unsigned long (const struct charr::altrep_backend::search_fixed_replace::DirectView &, unsigned char, _Bool &) noexcept	true				external	1
decl:c:@N@charr@N@altrep_backend@N@search_fixed_replace@F@span_is_ascii#*1C#I#	function	span_is_ascii	charr::altrep_backend::search_fixed_replace::span_is_ascii	charr::altrep_backend::search_fixed_replace	charr::altrep_backend	true	src/altrep_backend/ci_search_fixed_replace.cpp	97	unit:src/altrep_backend/ci_search_fixed_replace.cpp	altrep	neutral_helper	_Bool (const char *, int) noexcept	true				external	1
decl:c:@N@charr@N@altrep_backend@N@search_fixed_replace@F@write_all_bytes#*C#&1$@N@charr@N@altrep_backend@N@search_fixed_replace@S@DirectView#c#S1_#	function	write_all_bytes	charr::altrep_backend::search_fixed_replace::write_all_bytes	charr::altrep_backend::search_fixed_replace	charr::altrep_backend	true	src/altrep_backend/ci_search_fixed_replace.cpp	198	unit:src/altrep_backend/ci_search_fixed_replace.cpp	altrep	neutral_helper	void (char *, const struct charr::altrep_backend::search_fixed_replace::DirectView &, unsigned char, const struct charr::altrep_backend::search_fixed_replace::DirectView &) noexcept	true				external	1
decl:c:@N@charr@N@altrep_backend@N@search_fixed_replace@F@write_first_byte#*C#&1$@N@charr@N@altrep_backend@N@search_fixed_replace@S@DirectView#I#S1_#	function	write_first_byte	charr::altrep_backend::search_fixed_replace::write_first_byte	charr::altrep_backend::search_fixed_replace	charr::altrep_backend	true	src/altrep_backend/ci_search_fixed_replace.cpp	170	unit:src/altrep_backend/ci_search_fixed_replace.cpp	altrep	neutral_helper	void (char *, const struct charr::altrep_backend::search_fixed_replace::DirectView &, int, const struct charr::altrep_backend::search_fixed_replace::DirectView &) noexcept	true				external	1
decl:c:@N@charr@N@altrep_backend@N@search_fixed_replace@S@DirectView	struct	DirectView	charr::altrep_backend::search_fixed_replace::DirectView	charr::altrep_backend::search_fixed_replace	charr::altrep_backend	true	src/altrep_backend/ci_search_fixed_replace.cpp	61	unit:src/altrep_backend/ci_search_fixed_replace.cpp	altrep					false	true	external	1
decl:c:@N@charr@N@altrep_backend@N@search_fixed_split@F@build_store#&1$@N@charr@N@shared@S@StringView#&1$@N@std@S@vector>#$@N@charr@N@shared@S@ByteRange#$@N@std@S@allocator>#S4_#b#&$@N@charr@N@altrep_backend@N@io@S@OutputBuilder#&$@N@charport@N@charvec@S@Store#	function	build_store	charr::altrep_backend::search_fixed_split::build_store	charr::altrep_backend::search_fixed_split	charr::altrep_backend	true	src/altrep_backend/ci_search_fixed_split.cpp	162	unit:src/altrep_backend/ci_search_fixed_split.cpp	altrep	cxx_helper	void (const struct charr::shared::StringView &, const class std::vector<struct charr::shared::ByteRange> &, _Bool, class charr::altrep_backend::io::OutputBuilder &, class charport::charvec::Store &)	false				external	1
decl:c:@N@charr@N@altrep_backend@N@search_fixed_split@F@count_empty_patterns#&1$@N@std@S@vector>#$@N@charr@N@shared@S@StringView#$@N@std@S@allocator>#S2_#	function	count_empty_patterns	charr::altrep_backend::search_fixed_split::count_empty_patterns	charr::altrep_backend::search_fixed_split	charr::altrep_backend	true	src/altrep_backend/ci_search_fixed_split.cpp	122	unit:src/altrep_backend/ci_search_fixed_split.cpp	altrep	cxx_helper	int (const class std::vector<struct charr::shared::StringView> &)	false				external	1
decl:c:@N@charr@N@altrep_backend@N@search_fixed_split@F@emit_warnings_r#b#I#	function	emit_warnings_r	charr::altrep_backend::search_fixed_split::emit_warnings_r	charr::altrep_backend::search_fixed_split	charr::altrep_backend	true	src/altrep_backend/ci_search_fixed_split.cpp	210	unit:src/altrep_backend/ci_search_fixed_split.cpp	altrep	r_helper	void (_Bool, int) noexcept	true				external	1
decl:c:@N@charr@N@altrep_backend@N@search_fixed_split@F@field_encoding#&1$@N@charr@N@shared@S@StringView#	function	field_encoding	charr::altrep_backend::search_fixed_split::field_encoding	charr::altrep_backend::search_fixed_split	charr::altrep_backend	true	src/altrep_backend/ci_search_fixed_split.cpp	136	unit:src/altrep_backend/ci_search_fixed_split.cpp	altrep	neutral_helper	struct cetype_ext_t (const struct charr::shared::StringView &) noexcept	true				external	1
decl:c:@N@charr@N@altrep_backend@N@search_fixed_split@F@normalize_views#&1$@N@charport@S@StrViews#&$@N@charr@N@shared@S@NativeToUtf8#&$@N@charr@N@shared@S@SliceArena#&$@N@std@S@vector>#$@N@charr@N@shared@S@StringView#$@N@std@S@allocator>#S8_#	function	normalize_views	charr::altrep_backend::search_fixed_split::normalize_views	charr::altrep_backend::search_fixed_split	charr::altrep_backend	true	src/altrep_backend/ci_search_fixed_split.cpp	102	unit:src/altrep_backend/ci_search_fixed_split.cpp	altrep	cxx_helper	void (const class charport::StrViews &, class charr::shared::NativeToUtf8 &, class charr::shared::SliceArena &, class std::vector<struct charr::shared::StringView> &)	false				external	1
decl:c:@N@charr@N@altrep_backend@N@search_fixed_split@F@recycling_length#I#I#I#I#&b#	function	recycling_length	charr::altrep_backend::search_fixed_split::recycling_length	charr::altrep_backend::search_fixed_split	charr::altrep_backend	true	src/altrep_backend/ci_search_fixed_split.cpp	60	unit:src/altrep_backend/ci_search_fixed_split.cpp	altrep	neutral_helper	int (int, int, int, int, _Bool &) noexcept	true				external	1
decl:c:@N@charr@N@altrep_backend@N@search_fixed_split@F@requested_columns#*1I#I#	function	requested_columns	charr::altrep_backend::search_fixed_split::requested_columns	charr::altrep_backend::search_fixed_split	charr::altrep_backend	true	src/altrep_backend/ci_search_fixed_split.cpp	89	unit:src/altrep_backend/ci_search_fixed_split.cpp	altrep	neutral_helper	int (const int *, int) noexcept	true				external	1
decl:c:@N@charr@N@altrep_backend@N@search_fixed_split@F@set_scalar_empty#&$@N@charport@N@charvec@S@Store#	function	set_scalar_empty	charr::altrep_backend::search_fixed_split::set_scalar_empty	charr::altrep_backend::search_fixed_split	charr::altrep_backend	true	src/altrep_backend/ci_search_fixed_split.cpp	154	unit:src/altrep_backend/ci_search_fixed_split.cpp	altrep	cxx_helper	void (class charport::charvec::Store &)	false				external	1
decl:c:@N@charr@N@altrep_backend@N@search_fixed_split@F@set_scalar_missing#&$@N@charport@N@charvec@S@Store#	function	set_scalar_missing	charr::altrep_backend::search_fixed_split::set_scalar_missing	charr::altrep_backend::search_fixed_split	charr::altrep_backend	true	src/altrep_backend/ci_search_fixed_split.cpp	146	unit:src/altrep_backend/ci_search_fixed_split.cpp	altrep	cxx_helper	void (class charport::charvec::Store &)	false				external	1
decl:c:@N@charr@N@altrep_backend@N@search_fixed_startsendswith@F@count_empty_patterns#&1$@N@std@S@vector>#$@N@charr@N@shared@S@StringView#$@N@std@S@allocator>#S2_#	function	count_empty_patterns	charr::altrep_backend::search_fixed_startsendswith::count_empty_patterns	charr::altrep_backend::search_fixed_startsendswith	charr::altrep_backend	true	src/altrep_backend/ci_search_fixed_startsendswith.cpp	182	unit:src/altrep_backend/ci_search_fixed_startsendswith.cpp	altrep	neutral_helper	int (const class std::vector<struct charr::shared::StringView> &) noexcept	true				external	1
decl:c:@N@charr@N@altrep_backend@N@search_fixed_startsendswith@F@direct_scalar_default#&1$@N@charport@S@StrViews#S0_#I#$@N@charr@N@shared@S@FixedSearchOptions#b#b#*I#&I#	function	direct_scalar_default	charr::altrep_backend::search_fixed_startsendswith::direct_scalar_default	charr::altrep_backend::search_fixed_startsendswith	charr::altrep_backend	true	src/altrep_backend/ci_search_fixed_startsendswith.cpp	122	unit:src/altrep_backend/ci_search_fixed_startsendswith.cpp	altrep	neutral_helper	_Bool (const class charport::StrViews &, const class charport::StrViews &, int, struct charr::shared::FixedSearchOptions, _Bool, _Bool, int *, int &) noexcept	true				external	1
decl:c:@N@charr@N@altrep_backend@N@search_fixed_startsendswith@F@direct_utf8_view#&1$@S@charport_strview#&$@N@charr@N@shared@S@StringView#	function	direct_utf8_view	charr::altrep_backend::search_fixed_startsendswith::direct_utf8_view	charr::altrep_backend::search_fixed_startsendswith	charr::altrep_backend	true	src/altrep_backend/ci_search_fixed_startsendswith.cpp	69	unit:src/altrep_backend/ci_search_fixed_startsendswith.cpp	altrep	neutral_helper	_Bool (const struct charport_strview &, struct charr::shared::StringView &) noexcept	true				external	1
decl:c:@N@charr@N@altrep_backend@N@search_fixed_startsendswith@F@emit_warnings#b#I#	function	emit_warnings	charr::altrep_backend::search_fixed_startsendswith::emit_warnings	charr::altrep_backend::search_fixed_startsendswith	charr::altrep_backend	true	src/altrep_backend/ci_search_fixed_startsendswith.cpp	286	unit:src/altrep_backend/ci_search_fixed_startsendswith.cpp	altrep	r_helper	void (_Bool, int) noexcept	true				external	1
decl:c:@N@charr@N@altrep_backend@N@search_fixed_startsendswith@F@has_utf8_bom#*1C#I#	function	has_utf8_bom	charr::altrep_backend::search_fixed_startsendswith::has_utf8_bom	charr::altrep_backend::search_fixed_startsendswith	charr::altrep_backend	true	src/altrep_backend/ci_search_fixed_startsendswith.cpp	58	unit:src/altrep_backend/ci_search_fixed_startsendswith.cpp	altrep	neutral_helper	_Bool (const char *, int) noexcept	true				external	1
decl:c:@N@charr@N@altrep_backend@N@search_fixed_startsendswith@F@match_general#&1$@N@std@S@vector>#$@N@charr@N@shared@S@StringView#$@N@std@S@allocator>#S2_#S0_#*1I#I#I#I#b#b#b#*I#	function	match_general	charr::altrep_backend::search_fixed_startsendswith::match_general	charr::altrep_backend::search_fixed_startsendswith	charr::altrep_backend	true	src/altrep_backend/ci_search_fixed_startsendswith.cpp	196	unit:src/altrep_backend/ci_search_fixed_startsendswith.cpp	altrep	neutral_helper	void (const class std::vector<struct charr::shared::StringView> &, const class std::vector<struct charr::shared::StringView> &, const int *, int, int, int, _Bool, _Bool, _Bool, int *) noexcept	true				external	1
decl:c:@N@charr@N@altrep_backend@N@search_fixed_startsendswith@F@normalize_views#&1$@N@charport@S@StrViews#I#&$@N@charr@N@shared@S@NativeToUtf8#&$@N@charr@N@shared@S@SliceArena#&$@N@std@S@vector>#$@N@charr@N@shared@S@StringView#$@N@std@S@allocator>#S8_#	function	normalize_views	charr::altrep_backend::search_fixed_startsendswith::normalize_views	charr::altrep_backend::search_fixed_startsendswith	charr::altrep_backend	true	src/altrep_backend/ci_search_fixed_startsendswith.cpp	165	unit:src/altrep_backend/ci_search_fixed_startsendswith.cpp	altrep	cxx_helper	void (const class charport::StrViews &, int, class charr::shared::NativeToUtf8 &, class charr::shared::SliceArena &, class std::vector<struct charr::shared::StringView> &)	false				external	1
decl:c:@N@charr@N@altrep_backend@N@search_fixed_startsendswith@F@recycling_length#I#I#I#&b#	function	recycling_length	charr::altrep_backend::search_fixed_startsendswith::recycling_length	charr::altrep_backend::search_fixed_startsendswith	charr::altrep_backend	true	src/altrep_backend/ci_search_fixed_startsendswith.cpp	105	unit:src/altrep_backend/ci_search_fixed_startsendswith.cpp	altrep	neutral_helper	int (int, int, int, _Bool &) noexcept	true				external	1
decl:c:@N@charr@N@altrep_backend@N@search_regex_count@F@bind_pattern#&$@N@charr@N@shared@S@RegexMatcher#&1$@N@charr@N@shared@S@RegexInput#&1$@N@charr@N@shared@S@RegexPatterns#l#	function	bind_pattern	charr::altrep_backend::search_regex_count::bind_pattern	charr::altrep_backend::search_regex_count	charr::altrep_backend	true	src/altrep_backend/ci_search_regex_count.cpp	92	unit:src/altrep_backend/ci_search_regex_count.cpp	altrep	cxx_helper	void (class charr::shared::RegexMatcher &, const struct charr::shared::RegexInput &, const class charr::shared::RegexPatterns &, unsigned long)	false				external	1
decl:c:@N@charr@N@altrep_backend@N@search_regex_count@F@emit_empty_pattern_warnings#I#	function	emit_empty_pattern_warnings	charr::altrep_backend::search_regex_count::emit_empty_pattern_warnings	charr::altrep_backend::search_regex_count	charr::altrep_backend	true	src/altrep_backend/ci_search_regex_count.cpp	110	unit:src/altrep_backend/ci_search_regex_count.cpp	altrep	r_helper	void (int) noexcept	true				external	1
decl:c:@N@charr@N@altrep_backend@N@search_regex_count@F@recycling_length#I#I#&b#	function	recycling_length	charr::altrep_backend::search_regex_count::recycling_length	charr::altrep_backend::search_regex_count	charr::altrep_backend	true	src/altrep_backend/ci_search_regex_count.cpp	57	unit:src/altrep_backend/ci_search_regex_count.cpp	altrep	neutral_helper	int (int, int, _Bool &) noexcept	true				external	1
decl:c:@N@charr@N@altrep_backend@N@search_regex_count@F@throw_regex_error#$@E@UErrorCode#b#&1$@N@charr@N@shared@S@RegexPatterns#l#	function	throw_regex_error	charr::altrep_backend::search_regex_count::throw_regex_error	charr::altrep_backend::search_regex_count	charr::altrep_backend	true	src/altrep_backend/ci_search_regex_count.cpp	76	unit:src/altrep_backend/ci_search_regex_count.cpp	altrep	cxx_helper	void (enum UErrorCode, _Bool, const class charr::shared::RegexPatterns &, unsigned long)	false				external	1
decl:c:@N@charr@N@altrep_backend@N@search_regex_detect@F@bind_pattern#&$@N@charr@N@shared@S@RegexMatcher#&1$@N@charr@N@shared@S@RegexInput#&1$@N@charr@N@shared@S@RegexPatterns#l#	function	bind_pattern	charr::altrep_backend::search_regex_detect::bind_pattern	charr::altrep_backend::search_regex_detect	charr::altrep_backend	true	src/altrep_backend/ci_search_regex_detect.cpp	92	unit:src/altrep_backend/ci_search_regex_detect.cpp	altrep	cxx_helper	void (class charr::shared::RegexMatcher &, const struct charr::shared::RegexInput &, const class charr::shared::RegexPatterns &, unsigned long)	false				external	1
decl:c:@N@charr@N@altrep_backend@N@search_regex_detect@F@emit_empty_pattern_warnings#I#	function	emit_empty_pattern_warnings	charr::altrep_backend::search_regex_detect::emit_empty_pattern_warnings	charr::altrep_backend::search_regex_detect	charr::altrep_backend	true	src/altrep_backend/ci_search_regex_detect.cpp	110	unit:src/altrep_backend/ci_search_regex_detect.cpp	altrep	r_helper	void (int) noexcept	true				external	1
decl:c:@N@charr@N@altrep_backend@N@search_regex_detect@F@recycling_length#I#I#&b#	function	recycling_length	charr::altrep_backend::search_regex_detect::recycling_length	charr::altrep_backend::search_regex_detect	charr::altrep_backend	true	src/altrep_backend/ci_search_regex_detect.cpp	57	unit:src/altrep_backend/ci_search_regex_detect.cpp	altrep	neutral_helper	int (int, int, _Bool &) noexcept	true				external	1
decl:c:@N@charr@N@altrep_backend@N@search_regex_detect@F@throw_regex_error#$@E@UErrorCode#b#&1$@N@charr@N@shared@S@RegexPatterns#l#	function	throw_regex_error	charr::altrep_backend::search_regex_detect::throw_regex_error	charr::altrep_backend::search_regex_detect	charr::altrep_backend	true	src/altrep_backend/ci_search_regex_detect.cpp	76	unit:src/altrep_backend/ci_search_regex_detect.cpp	altrep	cxx_helper	void (enum UErrorCode, _Bool, const class charr::shared::RegexPatterns &, unsigned long)	false				external	1
decl:c:@N@charr@N@altrep_backend@N@search_regex_extract@F@bind_pattern#&$@N@charr@N@shared@S@RegexMatcher#&1$@N@charr@N@shared@S@RegexInput#&1$@N@charr@N@shared@S@RegexPatterns#l#	function	bind_pattern	charr::altrep_backend::search_regex_extract::bind_pattern	charr::altrep_backend::search_regex_extract	charr::altrep_backend	true	src/altrep_backend/ci_search_regex_extract.cpp	136	unit:src/altrep_backend/ci_search_regex_extract.cpp	altrep	cxx_helper	void (class charr::shared::RegexMatcher &, const struct charr::shared::RegexInput &, const class charr::shared::RegexPatterns &, unsigned long)	false				external	1
decl:c:@N@charr@N@altrep_backend@N@search_regex_extract@F@build_store#&1$@N@charr@N@shared@S@StringView#&1$@N@std@S@vector>#$@N@charr@N@shared@S@RegexRange#$@N@std@S@allocator>#S4_#b#&$@N@charr@N@altrep_backend@N@io@S@OutputBuilder#&$@N@charport@N@charvec@S@Store#	function	build_store	charr::altrep_backend::search_regex_extract::build_store	charr::altrep_backend::search_regex_extract	charr::altrep_backend	true	src/altrep_backend/ci_search_regex_extract.cpp	164	unit:src/altrep_backend/ci_search_regex_extract.cpp	altrep	cxx_helper	void (const struct charr::shared::StringView &, const class std::vector<struct charr::shared::RegexRange> &, _Bool, class charr::altrep_backend::io::OutputBuilder &, class charport::charvec::Store &)	false				external	1
decl:c:@N@charr@N@altrep_backend@N@search_regex_extract@F@emit_empty_pattern_warnings_r#I#	function	emit_empty_pattern_warnings_r	charr::altrep_backend::search_regex_extract::emit_empty_pattern_warnings_r	charr::altrep_backend::search_regex_extract	charr::altrep_backend	true	src/altrep_backend/ci_search_regex_extract.cpp	202	unit:src/altrep_backend/ci_search_regex_extract.cpp	altrep	r_helper	void (int) noexcept	true				external	1
decl:c:@N@charr@N@altrep_backend@N@search_regex_extract@F@normalize_patterns#&1$@N@charport@S@StrViews#&$@N@charr@N@shared@S@NativeToUtf8#&$@N@charr@N@shared@S@SliceArena#&$@N@charr@N@shared@S@RegexPatterns#	function	normalize_patterns	charr::altrep_backend::search_regex_extract::normalize_patterns	charr::altrep_backend::search_regex_extract	charr::altrep_backend	true	src/altrep_backend/ci_search_regex_extract.cpp	98	unit:src/altrep_backend/ci_search_regex_extract.cpp	altrep	cxx_helper	void (const class charport::StrViews &, class charr::shared::NativeToUtf8 &, class charr::shared::SliceArena &, class charr::shared::RegexPatterns &)	false				external	1
decl:c:@N@charr@N@altrep_backend@N@search_regex_extract@F@normalize_subjects#&1$@N@charport@S@StrViews#&$@N@charr@N@shared@S@NativeToUtf8#&$@N@charr@N@shared@S@SliceArena#&$@N@std@S@vector>#$@N@charr@N@shared@S@StringView#$@N@std@S@allocator>#S8_#	function	normalize_subjects	charr::altrep_backend::search_regex_extract::normalize_subjects	charr::altrep_backend::search_regex_extract	charr::altrep_backend	true	src/altrep_backend/ci_search_regex_extract.cpp	79	unit:src/altrep_backend/ci_search_regex_extract.cpp	altrep	cxx_helper	void (const class charport::StrViews &, class charr::shared::NativeToUtf8 &, class charr::shared::SliceArena &, class std::vector<struct charr::shared::StringView> &)	false				external	1
decl:c:@N@charr@N@altrep_backend@N@search_regex_extract@F@recycling_length#I#I#&b#	function	recycling_length	charr::altrep_backend::search_regex_extract::recycling_length	charr::altrep_backend::search_regex_extract	charr::altrep_backend	true	src/altrep_backend/ci_search_regex_extract.cpp	60	unit:src/altrep_backend/ci_search_regex_extract.cpp	altrep	neutral_helper	int (int, int, _Bool &) noexcept	true				external	1
decl:c:@N@charr@N@altrep_backend@N@search_regex_extract@F@set_scalar_missing#&$@N@charport@N@charvec@S@Store#	function	set_scalar_missing	charr::altrep_backend::search_regex_extract::set_scalar_missing	charr::altrep_backend::search_regex_extract	charr::altrep_backend	true	src/altrep_backend/ci_search_regex_extract.cpp	154	unit:src/altrep_backend/ci_search_regex_extract.cpp	altrep	cxx_helper	void (class charport::charvec::Store &)	false				external	1
decl:c:@N@charr@N@altrep_backend@N@search_regex_extract@F@throw_regex_error#$@E@UErrorCode#b#&1$@N@charr@N@shared@S@RegexPatterns#l#	function	throw_regex_error	charr::altrep_backend::search_regex_extract::throw_regex_error	charr::altrep_backend::search_regex_extract	charr::altrep_backend	true	src/altrep_backend/ci_search_regex_extract.cpp	120	unit:src/altrep_backend/ci_search_regex_extract.cpp	altrep	cxx_helper	void (enum UErrorCode, _Bool, const class charr::shared::RegexPatterns &, unsigned long)	false				external	1
decl:c:@N@charr@N@altrep_backend@N@search_regex_locate@F@bind_pattern#&$@N@charr@N@shared@S@RegexMatcher#&1$@N@charr@N@shared@S@RegexInput#&1$@N@charr@N@shared@S@RegexPatterns#l#	function	bind_pattern	charr::altrep_backend::search_regex_locate::bind_pattern	charr::altrep_backend::search_regex_locate	charr::altrep_backend	true	src/altrep_backend/ci_search_regex_locate.cpp	142	unit:src/altrep_backend/ci_search_regex_locate.cpp	altrep	cxx_helper	void (class charr::shared::RegexMatcher &, const struct charr::shared::RegexInput &, const class charr::shared::RegexPatterns &, unsigned long)	false				external	1
decl:c:@N@charr@N@altrep_backend@N@search_regex_locate@F@capture_names_present#&1$@N@std@S@vector>#$@N@std@N@__cxx11@S@basic_string>#C#$@N@std@S@char_traits>#C#$@N@std@S@allocator>#C#$@N@std@S@allocator>#S2_#	function	capture_names_present	charr::altrep_backend::search_regex_locate::capture_names_present	charr::altrep_backend::search_regex_locate	charr::altrep_backend	true	src/altrep_backend/ci_search_regex_locate.cpp	297	unit:src/altrep_backend/ci_search_regex_locate.cpp	altrep	neutral_helper	_Bool (const class std::vector<class std::basic_string<char> > &) noexcept	true				external	1
decl:c:@N@charr@N@altrep_backend@N@search_regex_locate@F@capture_names_r#&1$@N@std@S@vector>#$@N@std@N@__cxx11@S@basic_string>#C#$@N@std@S@char_traits>#C#$@N@std@S@allocator>#C#$@N@std@S@allocator>#S2_#	function	capture_names_r	charr::altrep_backend::search_regex_locate::capture_names_r	charr::altrep_backend::search_regex_locate	charr::altrep_backend	true	src/altrep_backend/ci_search_regex_locate.cpp	364	unit:src/altrep_backend/ci_search_regex_locate.cpp	altrep	r_helper	struct SEXPREC *(const class std::vector<class std::basic_string<char> > &) noexcept	true				external	1
decl:c:@N@charr@N@altrep_backend@N@search_regex_locate@F@emit_warnings_r#b#I#	function	emit_warnings_r	charr::altrep_backend::search_regex_locate::emit_warnings_r	charr::altrep_backend::search_regex_locate	charr::altrep_backend	true	src/altrep_backend/ci_search_regex_locate.cpp	387	unit:src/altrep_backend/ci_search_regex_locate.cpp	altrep	r_helper	void (_Bool, int) noexcept	true				external	1
decl:c:@N@charr@N@altrep_backend@N@search_regex_locate@F@ensure_capture_columns#&$@N@std@S@vector>#$@N@std@S@vector>#$@N@charr@N@shared@S@RegexRange#$@N@std@S@allocator>#S3_#$@N@std@S@allocator>#S2_#l#l#	function	ensure_capture_columns	charr::altrep_backend::search_regex_locate::ensure_capture_columns	charr::altrep_backend::search_regex_locate	charr::altrep_backend	true	src/altrep_backend/ci_search_regex_locate.cpp	248	unit:src/altrep_backend/ci_search_regex_locate.cpp	altrep	cxx_helper	void (class std::vector<class std::vector<struct charr::shared::RegexRange> > &, unsigned long, unsigned long)	false				external	1
decl:c:@N@charr@N@altrep_backend@N@search_regex_locate@F@fill_capture_matrix_r#*$@S@SEXPREC#&1$@N@std@S@vector>#$@N@charr@N@shared@S@RegexRange#$@N@std@S@allocator>#S4_#	function	fill_capture_matrix_r	charr::altrep_backend::search_regex_locate::fill_capture_matrix_r	charr::altrep_backend::search_regex_locate	charr::altrep_backend	true	src/altrep_backend/ci_search_regex_locate.cpp	347	unit:src/altrep_backend/ci_search_regex_locate.cpp	altrep	r_helper	void (struct SEXPREC *, const class std::vector<struct charr::shared::RegexRange> &) noexcept	true				external	1
decl:c:@N@charr@N@altrep_backend@N@search_regex_locate@F@locate_all#&$@N@charr@N@shared@S@RegexMatcher#&1$@N@charr@N@shared@S@StringView#*1v#b#b#&1$@N@charr@N@shared@S@RegexPatterns#l#&$@N@std@S@vector>#$@N@charr@N@shared@S@RegexRange#$@N@std@S@allocator>#S9_#&$@N@std@S@vector>#S8_#$@N@std@S@allocator>#S8_#	function	locate_all	charr::altrep_backend::search_regex_locate::locate_all	charr::altrep_backend::search_regex_locate	charr::altrep_backend	true	src/altrep_backend/ci_search_regex_locate.cpp	211	unit:src/altrep_backend/ci_search_regex_locate.cpp	altrep	cxx_helper	void (class charr::shared::RegexMatcher &, const struct charr::shared::StringView &, const void *, _Bool, _Bool, const class charr::shared::RegexPatterns &, unsigned long, class std::vector<struct charr::shared::RegexRange> &, class std::vector<class std::vector<struct charr::shared::RegexRange> > &)	false				external	1
decl:c:@N@charr@N@altrep_backend@N@search_regex_locate@F@locate_first#&$@N@charr@N@shared@S@RegexMatcher#&1$@N@charr@N@shared@S@StringView#*1v#b#b#&1$@N@charr@N@shared@S@RegexPatterns#l#&$@N@charr@N@shared@S@RegexRange#&$@N@std@S@vector>#S8_#$@N@std@S@allocator>#S8_#	function	locate_first	charr::altrep_backend::search_regex_locate::locate_first	charr::altrep_backend::search_regex_locate	charr::altrep_backend	true	src/altrep_backend/ci_search_regex_locate.cpp	174	unit:src/altrep_backend/ci_search_regex_locate.cpp	altrep	cxx_helper	_Bool (class charr::shared::RegexMatcher &, const struct charr::shared::StringView &, const void *, _Bool, _Bool, const class charr::shared::RegexPatterns &, unsigned long, struct charr::shared::RegexRange &, class std::vector<struct charr::shared::RegexRange> &)	false				external	1
decl:c:@N@charr@N@altrep_backend@N@search_regex_locate@F@normalize_input#&1$@N@charr@N@shared@S@StringView#&$@N@charr@N@shared@S@NativeToUtf8#&$@N@charr@N@shared@S@SliceArena#	function	normalize_input	charr::altrep_backend::search_regex_locate::normalize_input	charr::altrep_backend::search_regex_locate	charr::altrep_backend	true	src/altrep_backend/ci_search_regex_locate.cpp	77	unit:src/altrep_backend/ci_search_regex_locate.cpp	altrep	cxx_helper	struct charr::shared::StringView (const struct charr::shared::StringView &, class charr::shared::NativeToUtf8 &, class charr::shared::SliceArena &)	false				external	1
decl:c:@N@charr@N@altrep_backend@N@search_regex_locate@F@normalize_inputs#&1$@N@charport@S@StrViews#&$@N@charr@N@shared@S@NativeToUtf8#&$@N@charr@N@shared@S@SliceArena#&$@N@std@S@vector>#$@N@charr@N@shared@S@StringView#$@N@std@S@allocator>#S8_#	function	normalize_inputs	charr::altrep_backend::search_regex_locate::normalize_inputs	charr::altrep_backend::search_regex_locate	charr::altrep_backend	true	src/altrep_backend/ci_search_regex_locate.cpp	91	unit:src/altrep_backend/ci_search_regex_locate.cpp	altrep	cxx_helper	void (const class charport::StrViews &, class charr::shared::NativeToUtf8 &, class charr::shared::SliceArena &, class std::vector<struct charr::shared::StringView> &)	false				external	1
decl:c:@N@charr@N@altrep_backend@N@search_regex_locate@F@normalize_patterns#&1$@N@charport@S@StrViews#&$@N@charr@N@shared@S@NativeToUtf8#&$@N@charr@N@shared@S@SliceArena#&$@N@charr@N@shared@S@RegexPatterns#	function	normalize_patterns	charr::altrep_backend::search_regex_locate::normalize_patterns	charr::altrep_backend::search_regex_locate	charr::altrep_backend	true	src/altrep_backend/ci_search_regex_locate.cpp	107	unit:src/altrep_backend/ci_search_regex_locate.cpp	altrep	cxx_helper	void (const class charport::StrViews &, class charr::shared::NativeToUtf8 &, class charr::shared::SliceArena &, class charr::shared::RegexPatterns &)	false				external	1
decl:c:@N@charr@N@altrep_backend@N@search_regex_locate@F@ranges_matrix_r#&1$@N@std@S@vector>#$@N@charr@N@shared@S@RegexRange#$@N@std@S@allocator>#S2_#b#b#b#	function	ranges_matrix_r	charr::altrep_backend::search_regex_locate::ranges_matrix_r	charr::altrep_backend::search_regex_locate	charr::altrep_backend	true	src/altrep_backend/ci_search_regex_locate.cpp	309	unit:src/altrep_backend/ci_search_regex_locate.cpp	altrep	r_helper	struct SEXPREC *(const class std::vector<struct charr::shared::RegexRange> &, _Bool, _Bool, _Bool) noexcept	true				external	1
decl:c:@N@charr@N@altrep_backend@N@search_regex_locate@F@read_capture_names#&1$@N@charr@N@shared@S@RegexMatcher#&1$@N@charr@N@shared@S@RegexPatterns#l#&$@N@std@S@vector>#$@N@std@N@__cxx11@S@basic_string>#C#$@N@std@S@char_traits>#C#$@N@std@S@allocator>#C#$@N@std@S@allocator>#S6_#	function	read_capture_names	charr::altrep_backend::search_regex_locate::read_capture_names	charr::altrep_backend::search_regex_locate	charr::altrep_backend	true	src/altrep_backend/ci_search_regex_locate.cpp	160	unit:src/altrep_backend/ci_search_regex_locate.cpp	altrep	cxx_helper	void (const class charr::shared::RegexMatcher &, const class charr::shared::RegexPatterns &, unsigned long, class std::vector<class std::basic_string<char> > &)	false				external	1
decl:c:@N@charr@N@altrep_backend@N@search_regex_locate@F@recycling_length#I#I#&b#	function	recycling_length	charr::altrep_backend::search_regex_locate::recycling_length	charr::altrep_backend::search_regex_locate	charr::altrep_backend	true	src/altrep_backend/ci_search_regex_locate.cpp	58	unit:src/altrep_backend/ci_search_regex_locate.cpp	altrep	neutral_helper	int (int, int, _Bool &) noexcept	true				external	1
decl:c:@N@charr@N@altrep_backend@N@search_regex_locate@F@set_no_match_captures#&$@N@std@S@vector>#$@N@std@S@vector>#$@N@charr@N@shared@S@RegexRange#$@N@std@S@allocator>#S3_#$@N@std@S@allocator>#S2_#l#l#b#	function	set_no_match_captures	charr::altrep_backend::search_regex_locate::set_no_match_captures	charr::altrep_backend::search_regex_locate	charr::altrep_backend	true	src/altrep_backend/ci_search_regex_locate.cpp	266	unit:src/altrep_backend/ci_search_regex_locate.cpp	altrep	neutral_helper	void (class std::vector<class std::vector<struct charr::shared::RegexRange> > &, unsigned long, unsigned long, _Bool) noexcept	true				external	1
decl:c:@N@charr@N@altrep_backend@N@search_regex_locate@F@store_captures#&1$@N@std@S@vector>#$@N@charr@N@shared@S@RegexRange#$@N@std@S@allocator>#S2_#&$@N@std@S@vector>#S1_#$@N@std@S@allocator>#S1_#l#b#	function	store_captures	charr::altrep_backend::search_regex_locate::store_captures	charr::altrep_backend::search_regex_locate	charr::altrep_backend	true	src/altrep_backend/ci_search_regex_locate.cpp	279	unit:src/altrep_backend/ci_search_regex_locate.cpp	altrep	neutral_helper	void (const class std::vector<struct charr::shared::RegexRange> &, class std::vector<class std::vector<struct charr::shared::RegexRange> > &, unsigned long, _Bool) noexcept	true				external	1
decl:c:@N@charr@N@altrep_backend@N@search_regex_locate@F@throw_regex_error#$@E@UErrorCode#b#&1$@N@charr@N@shared@S@RegexPatterns#l#	function	throw_regex_error	charr::altrep_backend::search_regex_locate::throw_regex_error	charr::altrep_backend::search_regex_locate	charr::altrep_backend	true	src/altrep_backend/ci_search_regex_locate.cpp	126	unit:src/altrep_backend/ci_search_regex_locate.cpp	altrep	cxx_helper	void (enum UErrorCode, _Bool, const class charr::shared::RegexPatterns &, unsigned long)	false				external	1
decl:c:@N@charr@N@altrep_backend@N@search_regex_match@F@bind_pattern#&$@N@charr@N@shared@S@RegexMatcher#&1$@N@charr@N@shared@S@RegexInput#&1$@N@charr@N@shared@S@RegexPatterns#l#	function	bind_pattern	charr::altrep_backend::search_regex_match::bind_pattern	charr::altrep_backend::search_regex_match	charr::altrep_backend	true	src/altrep_backend/ci_search_regex_match.cpp	154	unit:src/altrep_backend/ci_search_regex_match.cpp	altrep	cxx_helper	void (class charr::shared::RegexMatcher &, const struct charr::shared::RegexInput &, const class charr::shared::RegexPatterns &, unsigned long)	false				external	1
decl:c:@N@charr@N@altrep_backend@N@search_regex_match@F@build_all_matches#&$@N@charr@N@altrep_backend@N@io@S@OutputBuilder#&1$@N@charr@N@shared@S@StringView#&1$@N@std@S@vector>#$@N@charr@N@shared@S@RegexRange#$@N@std@S@allocator>#S6_#&1$@N@std@S@vector>#S5_#$@N@std@S@allocator>#S5_#b#&1$@S@charport_strview#&I#S13_#	function	build_all_matches	charr::altrep_backend::search_regex_match::build_all_matches	charr::altrep_backend::search_regex_match	charr::altrep_backend	true	src/altrep_backend/ci_search_regex_match.cpp	374	unit:src/altrep_backend/ci_search_regex_match.cpp	altrep	cxx_helper	void (class charr::altrep_backend::io::OutputBuilder &, const struct charr::shared::StringView &, const class std::vector<struct charr::shared::RegexRange> &, const class std::vector<class std::vector<struct charr::shared::RegexRange> > &, _Bool, const struct charport_strview &, int &, int &)	false				external	1
decl:c:@N@charr@N@altrep_backend@N@search_regex_match@F@capture_dimnames_r#&1$@N@std@S@vector>#$@N@std@N@__cxx11@S@basic_string>#C#$@N@std@S@char_traits>#C#$@N@std@S@allocator>#C#$@N@std@S@allocator>#S2_#	function	capture_dimnames_r	charr::altrep_backend::search_regex_match::capture_dimnames_r	charr::altrep_backend::search_regex_match	charr::altrep_backend	true	src/altrep_backend/ci_search_regex_match.cpp	411	unit:src/altrep_backend/ci_search_regex_match.cpp	altrep	r_helper	struct SEXPREC *(const class std::vector<class std::basic_string<char> > &) noexcept	true				external	1
decl:c:@N@charr@N@altrep_backend@N@search_regex_match@F@capture_names_present#&1$@N@std@S@vector>#$@N@std@N@__cxx11@S@basic_string>#C#$@N@std@S@char_traits>#C#$@N@std@S@allocator>#C#$@N@std@S@allocator>#S2_#	function	capture_names_present	charr::altrep_backend::search_regex_match::capture_names_present	charr::altrep_backend::search_regex_match	charr::altrep_backend	true	src/altrep_backend/ci_search_regex_match.cpp	271	unit:src/altrep_backend/ci_search_regex_match.cpp	altrep	neutral_helper	_Bool (const class std::vector<class std::basic_string<char> > &) noexcept	true				external	1
decl:c:@N@charr@N@altrep_backend@N@search_regex_match@F@emit_warnings_r#I#	function	emit_warnings_r	charr::altrep_backend::search_regex_match::emit_warnings_r	charr::altrep_backend::search_regex_match	charr::altrep_backend	true	src/altrep_backend/ci_search_regex_match.cpp	453	unit:src/altrep_backend/ci_search_regex_match.cpp	altrep	r_helper	void (int) noexcept	true				external	1
decl:c:@N@charr@N@altrep_backend@N@search_regex_match@F@ensure_capture_columns#&$@N@std@S@vector>#$@N@std@S@vector>#$@N@charr@N@shared@S@RegexRange#$@N@std@S@allocator>#S3_#$@N@std@S@allocator>#S2_#l#l#	function	ensure_capture_columns	charr::altrep_backend::search_regex_match::ensure_capture_columns	charr::altrep_backend::search_regex_match	charr::altrep_backend	true	src/altrep_backend/ci_search_regex_match.cpp	225	unit:src/altrep_backend/ci_search_regex_match.cpp	altrep	cxx_helper	void (class std::vector<class std::vector<struct charr::shared::RegexRange> > &, unsigned long, unsigned long)	false				external	1
decl:c:@N@charr@N@altrep_backend@N@search_regex_match@F@fill_na#&$@N@charr@N@altrep_backend@N@io@S@OutputBuilder#L#	function	fill_na	charr::altrep_backend::search_regex_match::fill_na	charr::altrep_backend::search_regex_match	charr::altrep_backend	true	src/altrep_backend/ci_search_regex_match.cpp	296	unit:src/altrep_backend/ci_search_regex_match.cpp	altrep	cxx_helper	void (class charr::altrep_backend::io::OutputBuilder &, long)	false				external	1
decl:c:@N@charr@N@altrep_backend@N@search_regex_match@F@fill_staged_first#&$@N@charr@N@altrep_backend@N@io@S@OutputBuilder#I#I#&1$@N@std@S@vector>#$@N@charr@N@shared@S@StringView#$@N@std@S@allocator>#S4_#&1$@N@std@S@vector>#$@N@charr@N@shared@S@RegexRange#$@N@std@S@allocator>#S8_#&1$@N@std@S@vector>#S7_#$@N@std@S@allocator>#S7_#&1$@S@charport_strview#	function	fill_staged_first	charr::altrep_backend::search_regex_match::fill_staged_first	charr::altrep_backend::search_regex_match	charr::altrep_backend	true	src/altrep_backend/ci_search_regex_match.cpp	344	unit:src/altrep_backend/ci_search_regex_match.cpp	altrep	cxx_helper	void (class charr::altrep_backend::io::OutputBuilder &, int, int, const class std::vector<struct charr::shared::StringView> &, const class std::vector<struct charr::shared::RegexRange> &, const class std::vector<class std::vector<struct charr::shared::RegexRange> > &, const struct charport_strview &)	false				external	1
decl:c:@N@charr@N@altrep_backend@N@search_regex_match@F@find_all#&$@N@charr@N@shared@S@RegexMatcher#&1$@N@charr@N@shared@S@StringView#*1v#&1$@N@charr@N@shared@S@RegexPatterns#l#&$@N@std@S@vector>#$@N@charr@N@shared@S@RegexRange#$@N@std@S@allocator>#S9_#&$@N@std@S@vector>#S8_#$@N@std@S@allocator>#S8_#	function	find_all	charr::altrep_backend::search_regex_match::find_all	charr::altrep_backend::search_regex_match	charr::altrep_backend	true	src/altrep_backend/ci_search_regex_match.cpp	206	unit:src/altrep_backend/ci_search_regex_match.cpp	altrep	cxx_helper	void (class charr::shared::RegexMatcher &, const struct charr::shared::StringView &, const void *, const class charr::shared::RegexPatterns &, unsigned long, class std::vector<struct charr::shared::RegexRange> &, class std::vector<class std::vector<struct charr::shared::RegexRange> > &)	false				external	1
decl:c:@N@charr@N@altrep_backend@N@search_regex_match@F@find_first#&$@N@charr@N@shared@S@RegexMatcher#&1$@N@charr@N@shared@S@StringView#*1v#&1$@N@charr@N@shared@S@RegexPatterns#l#&$@N@charr@N@shared@S@RegexRange#&$@N@std@S@vector>#S8_#$@N@std@S@allocator>#S8_#	function	find_first	charr::altrep_backend::search_regex_match::find_first	charr::altrep_backend::search_regex_match	charr::altrep_backend	true	src/altrep_backend/ci_search_regex_match.cpp	186	unit:src/altrep_backend/ci_search_regex_match.cpp	altrep	cxx_helper	_Bool (class charr::shared::RegexMatcher &, const struct charr::shared::StringView &, const void *, const class charr::shared::RegexPatterns &, unsigned long, struct charr::shared::RegexRange &, class std::vector<struct charr::shared::RegexRange> &)	false				external	1
decl:c:@N@charr@N@altrep_backend@N@search_regex_match@F@matched_view#&1$@N@charr@N@shared@S@StringView#&1$@N@charr@N@shared@S@RegexRange#	function	matched_view	charr::altrep_backend::search_regex_match::matched_view	charr::altrep_backend::search_regex_match	charr::altrep_backend	true	src/altrep_backend/ci_search_regex_match.cpp	305	unit:src/altrep_backend/ci_search_regex_match.cpp	altrep	neutral_helper	struct charport_strview (const struct charr::shared::StringView &, const struct charr::shared::RegexRange &) noexcept	true				external	1
decl:c:@N@charr@N@altrep_backend@N@search_regex_match@F@matrix_size#I#I#	function	matrix_size	charr::altrep_backend::search_regex_match::matrix_size	charr::altrep_backend::search_regex_match	charr::altrep_backend	true	src/altrep_backend/ci_search_regex_match.cpp	283	unit:src/altrep_backend/ci_search_regex_match.cpp	altrep	cxx_helper	long (int, int)	false				external	1
decl:c:@N@charr@N@altrep_backend@N@search_regex_match@F@normalize_pattern#&1$@N@charr@N@shared@S@StringView#&$@N@charr@N@shared@S@NativeToUtf8#&$@N@charr@N@shared@S@SliceArena#	function	normalize_pattern	charr::altrep_backend::search_regex_match::normalize_pattern	charr::altrep_backend::search_regex_match	charr::altrep_backend	true	src/altrep_backend/ci_search_regex_match.cpp	89	unit:src/altrep_backend/ci_search_regex_match.cpp	altrep	cxx_helper	struct charr::shared::StringView (const struct charr::shared::StringView &, class charr::shared::NativeToUtf8 &, class charr::shared::SliceArena &)	false				external	1
decl:c:@N@charr@N@altrep_backend@N@search_regex_match@F@normalize_patterns#&1$@N@charport@S@StrViews#&$@N@charr@N@shared@S@NativeToUtf8#&$@N@charr@N@shared@S@SliceArena#&$@N@charr@N@shared@S@RegexPatterns#	function	normalize_patterns	charr::altrep_backend::search_regex_match::normalize_patterns	charr::altrep_backend::search_regex_match	charr::altrep_backend	true	src/altrep_backend/ci_search_regex_match.cpp	119	unit:src/altrep_backend/ci_search_regex_match.cpp	altrep	cxx_helper	void (const class charport::StrViews &, class charr::shared::NativeToUtf8 &, class charr::shared::SliceArena &, class charr::shared::RegexPatterns &)	false				external	1
decl:c:@N@charr@N@altrep_backend@N@search_regex_match@F@normalize_subject#&1$@N@charr@N@shared@S@StringView#&$@N@charr@N@shared@S@NativeToUtf8#&$@N@charr@N@shared@S@SliceArena#	function	normalize_subject	charr::altrep_backend::search_regex_match::normalize_subject	charr::altrep_backend::search_regex_match	charr::altrep_backend	true	src/altrep_backend/ci_search_regex_match.cpp	77	unit:src/altrep_backend/ci_search_regex_match.cpp	altrep	cxx_helper	struct charr::shared::StringView (const struct charr::shared::StringView &, class charr::shared::NativeToUtf8 &, class charr::shared::SliceArena &)	false				external	1
decl:c:@N@charr@N@altrep_backend@N@search_regex_match@F@normalize_subjects#&1$@N@charport@S@StrViews#&$@N@charr@N@shared@S@NativeToUtf8#&$@N@charr@N@shared@S@SliceArena#&$@N@std@S@vector>#$@N@charr@N@shared@S@StringView#$@N@std@S@allocator>#S8_#	function	normalize_subjects	charr::altrep_backend::search_regex_match::normalize_subjects	charr::altrep_backend::search_regex_match	charr::altrep_backend	true	src/altrep_backend/ci_search_regex_match.cpp	103	unit:src/altrep_backend/ci_search_regex_match.cpp	altrep	cxx_helper	void (const class charport::StrViews &, class charr::shared::NativeToUtf8 &, class charr::shared::SliceArena &, class std::vector<struct charr::shared::StringView> &)	false				external	1
decl:c:@N@charr@N@altrep_backend@N@search_regex_match@F@read_capture_names#&1$@N@charr@N@shared@S@RegexMatcher#&1$@N@charr@N@shared@S@RegexPatterns#l#&$@N@std@S@vector>#$@N@std@N@__cxx11@S@basic_string>#C#$@N@std@S@char_traits>#C#$@N@std@S@allocator>#C#$@N@std@S@allocator>#S6_#	function	read_capture_names	charr::altrep_backend::search_regex_match::read_capture_names	charr::altrep_backend::search_regex_match	charr::altrep_backend	true	src/altrep_backend/ci_search_regex_match.cpp	172	unit:src/altrep_backend/ci_search_regex_match.cpp	altrep	cxx_helper	void (const class charr::shared::RegexMatcher &, const class charr::shared::RegexPatterns &, unsigned long, class std::vector<class std::basic_string<char> > &)	false				external	1
decl:c:@N@charr@N@altrep_backend@N@search_regex_match@F@recycling_length#I#I#&b#	function	recycling_length	charr::altrep_backend::search_regex_match::recycling_length	charr::altrep_backend::search_regex_match	charr::altrep_backend	true	src/altrep_backend/ci_search_regex_match.cpp	58	unit:src/altrep_backend/ci_search_regex_match.cpp	altrep	neutral_helper	int (int, int, _Bool &) noexcept	true				external	1
decl:c:@N@charr@N@altrep_backend@N@search_regex_match@F@set_match_cell#&$@N@charr@N@altrep_backend@N@io@S@OutputBuilder#L#&1$@N@charr@N@shared@S@StringView#&1$@N@charr@N@shared@S@RegexRange#&1$@S@charport_strview#	function	set_match_cell	charr::altrep_backend::search_regex_match::set_match_cell	charr::altrep_backend::search_regex_match	charr::altrep_backend	true	src/altrep_backend/ci_search_regex_match.cpp	324	unit:src/altrep_backend/ci_search_regex_match.cpp	altrep	cxx_helper	void (class charr::altrep_backend::io::OutputBuilder &, long, const struct charr::shared::StringView &, const struct charr::shared::RegexRange &, const struct charport_strview &)	false				external	1
decl:c:@N@charr@N@altrep_backend@N@search_regex_match@F@set_matrix_attributes_r#*$@S@SEXPREC#I#I#S0_#	function	set_matrix_attributes_r	charr::altrep_backend::search_regex_match::set_matrix_attributes_r	charr::altrep_backend::search_regex_match	charr::altrep_backend	true	src/altrep_backend/ci_search_regex_match.cpp	436	unit:src/altrep_backend/ci_search_regex_match.cpp	altrep	r_helper	void (struct SEXPREC *, int, int, struct SEXPREC *) noexcept	true				external	1
decl:c:@N@charr@N@altrep_backend@N@search_regex_match@F@stage_match#&1$@N@charr@N@shared@S@RegexRange#&1$@N@std@S@vector>#S1_#$@N@std@S@allocator>#S1_#&S3_#&$@N@std@S@vector>#S3_#$@N@std@S@allocator>#S3_#l#	function	stage_match	charr::altrep_backend::search_regex_match::stage_match	charr::altrep_backend::search_regex_match	charr::altrep_backend	true	src/altrep_backend/ci_search_regex_match.cpp	257	unit:src/altrep_backend/ci_search_regex_match.cpp	altrep	neutral_helper	void (const struct charr::shared::RegexRange &, const class std::vector<struct charr::shared::RegexRange> &, class std::vector<struct charr::shared::RegexRange> &, class std::vector<class std::vector<struct charr::shared::RegexRange> > &, unsigned long) noexcept	true				external	1
decl:c:@N@charr@N@altrep_backend@N@search_regex_match@F@stage_no_match#&$@N@std@S@vector>#$@N@charr@N@shared@S@RegexRange#$@N@std@S@allocator>#S2_#&$@N@std@S@vector>#S1_#$@N@std@S@allocator>#S1_#l#l#	function	stage_no_match	charr::altrep_backend::search_regex_match::stage_no_match	charr::altrep_backend::search_regex_match	charr::altrep_backend	true	src/altrep_backend/ci_search_regex_match.cpp	244	unit:src/altrep_backend/ci_search_regex_match.cpp	altrep	neutral_helper	void (class std::vector<struct charr::shared::RegexRange> &, class std::vector<class std::vector<struct charr::shared::RegexRange> > &, unsigned long, unsigned long) noexcept	true				external	1
decl:c:@N@charr@N@altrep_backend@N@search_regex_match@F@throw_regex_error#$@E@UErrorCode#b#&1$@N@charr@N@shared@S@RegexPatterns#l#	function	throw_regex_error	charr::altrep_backend::search_regex_match::throw_regex_error	charr::altrep_backend::search_regex_match	charr::altrep_backend	true	src/altrep_backend/ci_search_regex_match.cpp	138	unit:src/altrep_backend/ci_search_regex_match.cpp	altrep	cxx_helper	void (enum UErrorCode, _Bool, const class charr::shared::RegexPatterns &, unsigned long)	false				external	1
decl:c:@N@charr@N@altrep_backend@N@search_regex_replace@F@bind_pattern#&$@N@charr@N@shared@S@RegexMatcher#&1$@N@charr@N@shared@S@RegexInput#&1$@N@charr@N@shared@S@RegexPatterns#l#	function	bind_pattern	charr::altrep_backend::search_regex_replace::bind_pattern	charr::altrep_backend::search_regex_replace	charr::altrep_backend	true	src/altrep_backend/ci_search_regex_replace.cpp	151	unit:src/altrep_backend/ci_search_regex_replace.cpp	altrep	cxx_helper	void (class charr::shared::RegexMatcher &, const struct charr::shared::RegexInput &, const class charr::shared::RegexPatterns &, unsigned long)	false				external	1
decl:c:@N@charr@N@altrep_backend@N@search_regex_replace@F@checked_length#*$@S@SEXPREC#	function	checked_length	charr::altrep_backend::search_regex_replace::checked_length	charr::altrep_backend::search_regex_replace	charr::altrep_backend	true	src/altrep_backend/ci_search_regex_replace.cpp	81	unit:src/altrep_backend/ci_search_regex_replace.cpp	altrep	r_helper	int (struct SEXPREC *) noexcept	true				external	1
decl:c:@N@charr@N@altrep_backend@N@search_regex_replace@F@emit_empty_warnings#I#	function	emit_empty_warnings	charr::altrep_backend::search_regex_replace::emit_empty_warnings	charr::altrep_backend::search_regex_replace	charr::altrep_backend	true	src/altrep_backend/ci_search_regex_replace.cpp	331	unit:src/altrep_backend/ci_search_regex_replace.cpp	altrep	r_helper	void (int) noexcept	true				external	1
decl:c:@N@charr@N@altrep_backend@N@search_regex_replace@F@load_utf16#&1$@N@std@S@vector>#$@N@charr@N@shared@S@StringView#$@N@std@S@allocator>#S2_#&$@N@std@S@vector>#$@N@icu_78@S@UnicodeString#$@N@std@S@allocator>#S6_#	function	load_utf16	charr::altrep_backend::search_regex_replace::load_utf16	charr::altrep_backend::search_regex_replace	charr::altrep_backend	true	src/altrep_backend/ci_search_regex_replace.cpp	120	unit:src/altrep_backend/ci_search_regex_replace.cpp	altrep	cxx_helper	void (const class std::vector<struct charr::shared::StringView> &, class std::vector<class icu_78::UnicodeString> &)	false				external	1
decl:c:@N@charr@N@altrep_backend@N@search_regex_replace@F@normalize_input#&1$@N@charr@N@shared@S@StringView#&$@N@charr@N@shared@S@NativeToUtf8#&$@N@charr@N@shared@S@SliceArena#	function	normalize_input	charr::altrep_backend::search_regex_replace::normalize_input	charr::altrep_backend::search_regex_replace	charr::altrep_backend	true	src/altrep_backend/ci_search_regex_replace.cpp	90	unit:src/altrep_backend/ci_search_regex_replace.cpp	altrep	cxx_helper	struct charr::shared::StringView (const struct charr::shared::StringView &, class charr::shared::NativeToUtf8 &, class charr::shared::SliceArena &)	false				external	1
decl:c:@N@charr@N@altrep_backend@N@search_regex_replace@F@normalize_views#&1$@N@charport@S@StrViews#&$@N@charr@N@shared@S@NativeToUtf8#&$@N@charr@N@shared@S@SliceArena#&$@N@std@S@vector>#$@N@charr@N@shared@S@StringView#$@N@std@S@allocator>#S8_#	function	normalize_views	charr::altrep_backend::search_regex_replace::normalize_views	charr::altrep_backend::search_regex_replace	charr::altrep_backend	true	src/altrep_backend/ci_search_regex_replace.cpp	104	unit:src/altrep_backend/ci_search_regex_replace.cpp	altrep	cxx_helper	void (const class charport::StrViews &, class charr::shared::NativeToUtf8 &, class charr::shared::SliceArena &, class std::vector<struct charr::shared::StringView> &)	false				external	1
decl:c:@N@charr@N@altrep_backend@N@search_regex_replace@F@recycling_length#I#I#I#&b#	function	recycling_length	charr::altrep_backend::search_regex_replace::recycling_length	charr::altrep_backend::search_regex_replace	charr::altrep_backend	true	src/altrep_backend/ci_search_regex_replace.cpp	56	unit:src/altrep_backend/ci_search_regex_replace.cpp	altrep	neutral_helper	int (int, int, int, _Bool &) noexcept	true				external	1
decl:c:@N@charr@N@altrep_backend@N@search_regex_replace@F@replace_bound#&$@N@charr@N@shared@S@RegexMatcher#&1$@N@charr@N@shared@S@StringView#*1v#*1$@N@icu_78@S@UnicodeString#$@N@charr@N@shared@E@RegexReplaceMode#&S6_#&1$@N@charr@N@shared@S@RegexPatterns#l#	function	replace_bound	charr::altrep_backend::search_regex_replace::replace_bound	charr::altrep_backend::search_regex_replace	charr::altrep_backend	true	src/altrep_backend/ci_search_regex_replace.cpp	169	unit:src/altrep_backend/ci_search_regex_replace.cpp	altrep	cxx_helper	enum charr::shared::RegexReplaceResult (class charr::shared::RegexMatcher &, const struct charr::shared::StringView &, const void *, const class icu_78::UnicodeString *, enum charr::shared::RegexReplaceMode, class icu_78::UnicodeString &, const class charr::shared::RegexPatterns &, unsigned long)	false				external	1
decl:c:@N@charr@N@altrep_backend@N@search_regex_replace@F@replace_bound#&$@N@charr@N@shared@S@RegexMatcher#&1$@N@icu_78@S@UnicodeString#*1S3_#$@N@charr@N@shared@E@RegexReplaceMode#&S3_#&1$@N@charr@N@shared@S@RegexPatterns#l#	function	replace_bound	charr::altrep_backend::search_regex_replace::replace_bound	charr::altrep_backend::search_regex_replace	charr::altrep_backend	true	src/altrep_backend/ci_search_regex_replace.cpp	190	unit:src/altrep_backend/ci_search_regex_replace.cpp	altrep	cxx_helper	enum charr::shared::RegexReplaceResult (class charr::shared::RegexMatcher &, const class icu_78::UnicodeString &, const class icu_78::UnicodeString *, enum charr::shared::RegexReplaceMode, class icu_78::UnicodeString &, const class charr::shared::RegexPatterns &, unsigned long)	false				external	1
decl:c:@N@charr@N@altrep_backend@N@search_regex_replace@F@replace_sequential#&$@N@std@S@vector>#$@N@icu_78@S@UnicodeString#$@N@std@S@allocator>#S2_#&1$@N@charr@N@shared@S@RegexPatterns#&1S1_#&$@N@charr@N@shared@S@RegexMatcher#&S2_#&I#	function	replace_sequential	charr::altrep_backend::search_regex_replace::replace_sequential	charr::altrep_backend::search_regex_replace	charr::altrep_backend	true	src/altrep_backend/ci_search_regex_replace.cpp	253	unit:src/altrep_backend/ci_search_regex_replace.cpp	altrep	cxx_helper	void (class std::vector<class icu_78::UnicodeString> &, const class charr::shared::RegexPatterns &, const class std::vector<class icu_78::UnicodeString> &, class charr::shared::RegexMatcher &, class icu_78::UnicodeString &, int &)	false				external	1
decl:c:@N@charr@N@altrep_backend@N@search_regex_replace@F@replace_vectorized_record#&1$@N@charr@N@shared@S@StringView#S0_#*1$@N@icu_78@S@UnicodeString#b#&1$@N@charr@N@shared@S@RegexPatterns#*1$@N@charr@N@shared@S@RegexInput#*b#l#&$@N@charr@N@shared@S@RegexMatcher#$@N@charr@N@shared@E@RegexReplaceMode#&S3_#S12_#	function	replace_vectorized_record	charr::altrep_backend::search_regex_replace::replace_vectorized_record	charr::altrep_backend::search_regex_replace	charr::altrep_backend	true	src/altrep_backend/ci_search_regex_replace.cpp	210	unit:src/altrep_backend/ci_search_regex_replace.cpp	altrep	cxx_helper	enum charr::shared::RegexReplaceResult (const struct charr::shared::StringView &, const struct charr::shared::StringView &, const class icu_78::UnicodeString *, _Bool, const class charr::shared::RegexPatterns &, const struct charr::shared::RegexInput *, _Bool *, unsigned long, class charr::shared::RegexMatcher &, enum charr::shared::RegexReplaceMode, class icu_78::UnicodeString &, class icu_78::UnicodeString &)	false				external	1
decl:c:@N@charr@N@altrep_backend@N@search_regex_replace@F@require_sequential_lengths#I#I#	function	require_sequential_lengths	charr::altrep_backend::search_regex_replace::require_sequential_lengths	charr::altrep_backend::search_regex_replace	charr::altrep_backend	true	src/altrep_backend/ci_search_regex_replace.cpp	319	unit:src/altrep_backend/ci_search_regex_replace.cpp	altrep	r_helper	void (int, int) noexcept	true				external	1
decl:c:@N@charr@N@altrep_backend@N@search_regex_replace@F@set_output#&$@N@charr@N@altrep_backend@N@io@S@OutputBuilder#I#&1$@N@icu_78@S@UnicodeString#&$@N@std@S@vector>#C#$@N@std@S@allocator>#C#	function	set_output	charr::altrep_backend::search_regex_replace::set_output	charr::altrep_backend::search_regex_replace	charr::altrep_backend	true	src/altrep_backend/ci_search_regex_replace.cpp	301	unit:src/altrep_backend/ci_search_regex_replace.cpp	altrep	cxx_helper	void (class charr::altrep_backend::io::OutputBuilder &, int, const class icu_78::UnicodeString &, class std::vector<char> &)	false				external	1
decl:c:@N@charr@N@altrep_backend@N@search_regex_replace@F@throw_regex_error#$@E@UErrorCode#b#&1$@N@charr@N@shared@S@RegexPatterns#l#	function	throw_regex_error	charr::altrep_backend::search_regex_replace::throw_regex_error	charr::altrep_backend::search_regex_replace	charr::altrep_backend	true	src/altrep_backend/ci_search_regex_replace.cpp	135	unit:src/altrep_backend/ci_search_regex_replace.cpp	altrep	cxx_helper	void (enum UErrorCode, _Bool, const class charr::shared::RegexPatterns &, unsigned long)	false				external	1
decl:c:@N@charr@N@altrep_backend@N@search_regex_split@F@bind_pattern#&$@N@charr@N@shared@S@RegexMatcher#&1$@N@charr@N@shared@S@RegexInput#&1$@N@charr@N@shared@S@RegexPatterns#l#	function	bind_pattern	charr::altrep_backend::search_regex_split::bind_pattern	charr::altrep_backend::search_regex_split	charr::altrep_backend	true	src/altrep_backend/ci_search_regex_split.cpp	162	unit:src/altrep_backend/ci_search_regex_split.cpp	altrep	cxx_helper	void (class charr::shared::RegexMatcher &, const struct charr::shared::RegexInput &, const class charr::shared::RegexPatterns &, unsigned long)	false				external	1
decl:c:@N@charr@N@altrep_backend@N@search_regex_split@F@build_store#&1$@N@charr@N@shared@S@StringView#&1$@N@std@S@vector>#$@N@charr@N@shared@S@RegexRange#$@N@std@S@allocator>#S4_#b#b#&$@N@charr@N@altrep_backend@N@io@S@OutputBuilder#&$@N@charport@N@charvec@S@Store#	function	build_store	charr::altrep_backend::search_regex_split::build_store	charr::altrep_backend::search_regex_split	charr::altrep_backend	true	src/altrep_backend/ci_search_regex_split.cpp	206	unit:src/altrep_backend/ci_search_regex_split.cpp	altrep	cxx_helper	void (const struct charr::shared::StringView &, const class std::vector<struct charr::shared::RegexRange> &, _Bool, _Bool, class charr::altrep_backend::io::OutputBuilder &, class charport::charvec::Store &)	false				external	1
decl:c:@N@charr@N@altrep_backend@N@search_regex_split@F@emit_empty_pattern_warnings_r#I#	function	emit_empty_pattern_warnings_r	charr::altrep_backend::search_regex_split::emit_empty_pattern_warnings_r	charr::altrep_backend::search_regex_split	charr::altrep_backend	true	src/altrep_backend/ci_search_regex_split.cpp	255	unit:src/altrep_backend/ci_search_regex_split.cpp	altrep	r_helper	void (int) noexcept	true				external	1
decl:c:@N@charr@N@altrep_backend@N@search_regex_split@F@field_encoding#b#	function	field_encoding	charr::altrep_backend::search_regex_split::field_encoding	charr::altrep_backend::search_regex_split	charr::altrep_backend	true	src/altrep_backend/ci_search_regex_split.cpp	180	unit:src/altrep_backend/ci_search_regex_split.cpp	altrep	neutral_helper	struct cetype_ext_t (_Bool) noexcept	true				external	1
decl:c:@N@charr@N@altrep_backend@N@search_regex_split@F@normalize_patterns#&1$@N@charport@S@StrViews#&$@N@charr@N@shared@S@NativeToUtf8#&$@N@charr@N@shared@S@SliceArena#&$@N@charr@N@shared@S@RegexPatterns#	function	normalize_patterns	charr::altrep_backend::search_regex_split::normalize_patterns	charr::altrep_backend::search_regex_split	charr::altrep_backend	true	src/altrep_backend/ci_search_regex_split.cpp	124	unit:src/altrep_backend/ci_search_regex_split.cpp	altrep	cxx_helper	void (const class charport::StrViews &, class charr::shared::NativeToUtf8 &, class charr::shared::SliceArena &, class charr::shared::RegexPatterns &)	false				external	1
decl:c:@N@charr@N@altrep_backend@N@search_regex_split@F@normalize_subjects#&1$@N@charport@S@StrViews#&$@N@charr@N@shared@S@NativeToUtf8#&$@N@charr@N@shared@S@SliceArena#&$@N@std@S@vector>#$@N@charr@N@shared@S@StringView#$@N@std@S@allocator>#S8_#	function	normalize_subjects	charr::altrep_backend::search_regex_split::normalize_subjects	charr::altrep_backend::search_regex_split	charr::altrep_backend	true	src/altrep_backend/ci_search_regex_split.cpp	104	unit:src/altrep_backend/ci_search_regex_split.cpp	altrep	cxx_helper	void (const class charport::StrViews &, class charr::shared::NativeToUtf8 &, class charr::shared::SliceArena &, class std::vector<struct charr::shared::StringView> &)	false				external	1
decl:c:@N@charr@N@altrep_backend@N@search_regex_split@F@recycling_length#I#I#I#I#&b#	function	recycling_length	charr::altrep_backend::search_regex_split::recycling_length	charr::altrep_backend::search_regex_split	charr::altrep_backend	true	src/altrep_backend/ci_search_regex_split.cpp	62	unit:src/altrep_backend/ci_search_regex_split.cpp	altrep	neutral_helper	int (int, int, int, int, _Bool &) noexcept	true				external	1
decl:c:@N@charr@N@altrep_backend@N@search_regex_split@F@requested_columns#*1I#I#	function	requested_columns	charr::altrep_backend::search_regex_split::requested_columns	charr::altrep_backend::search_regex_split	charr::altrep_backend	true	src/altrep_backend/ci_search_regex_split.cpp	91	unit:src/altrep_backend/ci_search_regex_split.cpp	altrep	neutral_helper	int (const int *, int) noexcept	true				external	1
decl:c:@N@charr@N@altrep_backend@N@search_regex_split@F@set_scalar_empty#&$@N@charport@N@charvec@S@Store#	function	set_scalar_empty	charr::altrep_backend::search_regex_split::set_scalar_empty	charr::altrep_backend::search_regex_split	charr::altrep_backend	true	src/altrep_backend/ci_search_regex_split.cpp	198	unit:src/altrep_backend/ci_search_regex_split.cpp	altrep	cxx_helper	void (class charport::charvec::Store &)	false				external	1
decl:c:@N@charr@N@altrep_backend@N@search_regex_split@F@set_scalar_missing#&$@N@charport@N@charvec@S@Store#	function	set_scalar_missing	charr::altrep_backend::search_regex_split::set_scalar_missing	charr::altrep_backend::search_regex_split	charr::altrep_backend	true	src/altrep_backend/ci_search_regex_split.cpp	190	unit:src/altrep_backend/ci_search_regex_split.cpp	altrep	cxx_helper	void (class charport::charvec::Store &)	false				external	1
decl:c:@N@charr@N@altrep_backend@N@search_regex_split@F@throw_regex_error#$@E@UErrorCode#b#&1$@N@charr@N@shared@S@RegexPatterns#l#	function	throw_regex_error	charr::altrep_backend::search_regex_split::throw_regex_error	charr::altrep_backend::search_regex_split	charr::altrep_backend	true	src/altrep_backend/ci_search_regex_split.cpp	146	unit:src/altrep_backend/ci_search_regex_split.cpp	altrep	cxx_helper	void (enum UErrorCode, _Bool, const class charr::shared::RegexPatterns &, unsigned long)	false				external	1
decl:c:@N@charr@N@altrep_backend@N@split_lines@F@build_store#&1$@N@charr@N@shared@S@StringView#b#b#&$@N@charr@N@shared@N@line_split@S@ScanResult#&$@N@charr@N@altrep_backend@N@io@S@OutputBuilder#&$@N@charport@N@charvec@S@Store#	function	build_store	charr::altrep_backend::split_lines::build_store	charr::altrep_backend::split_lines	charr::altrep_backend	true	src/altrep_backend/ci_split_lines.cpp	119	unit:src/altrep_backend/ci_split_lines.cpp	altrep	cxx_helper	void (const struct charr::shared::StringView &, _Bool, _Bool, struct charr::shared::line_split::ScanResult &, class charr::altrep_backend::io::OutputBuilder &, class charport::charvec::Store &)	false				external	1
decl:c:@N@charr@N@altrep_backend@N@split_lines@F@line_record#&1$@N@charr@N@shared@S@StringView#&1$@N@charr@N@shared@N@line_split@S@LineSlice#	function	line_record	charr::altrep_backend::split_lines::line_record	charr::altrep_backend::split_lines	charr::altrep_backend	true	src/altrep_backend/ci_split_lines.cpp	104	unit:src/altrep_backend/ci_split_lines.cpp	altrep	neutral_helper	struct charport_strview (const struct charr::shared::StringView &, const struct charr::shared::line_split::LineSlice &) noexcept	true				external	1
decl:c:@N@charr@N@altrep_backend@N@split_lines@F@normalize_inputs#&1$@N@charport@S@StrViews#&$@N@charr@N@shared@S@NativeToUtf8#&$@N@charr@N@shared@S@SliceArena#&$@N@std@S@vector>#$@N@charr@N@shared@S@StringView#$@N@std@S@allocator>#S8_#	function	normalize_inputs	charr::altrep_backend::split_lines::normalize_inputs	charr::altrep_backend::split_lines	charr::altrep_backend	true	src/altrep_backend/ci_split_lines.cpp	85	unit:src/altrep_backend/ci_split_lines.cpp	altrep	cxx_helper	void (const class charport::StrViews &, class charr::shared::NativeToUtf8 &, class charr::shared::SliceArena &, class std::vector<struct charr::shared::StringView> &)	false				external	1
decl:c:@N@charr@N@altrep_backend@N@split_lines@F@recycling_length#I#I#&b#	function	recycling_length	charr::altrep_backend::split_lines::recycling_length	charr::altrep_backend::split_lines	charr::altrep_backend	true	src/altrep_backend/ci_split_lines.cpp	60	unit:src/altrep_backend/ci_split_lines.cpp	altrep	neutral_helper	int (int, int, _Bool &) noexcept	true				external	1
decl:c:@N@charr@N@altrep_backend@N@split_lines@F@vectorize_next#I#I#I#	function	vectorize_next	charr::altrep_backend::split_lines::vectorize_next	charr::altrep_backend::split_lines	charr::altrep_backend	true	src/altrep_backend/ci_split_lines.cpp	74	unit:src/altrep_backend/ci_split_lines.cpp	altrep	neutral_helper	int (int, int, int) noexcept	true				external	1
decl:c:@N@charr@N@altrep_backend@N@sub@F@ci__sub_normalize_frame_input#&1$@S@charport_strview#&$@N@charr@N@shared@S@NativeToUtf8#	function	ci__sub_normalize_frame_input	charr::altrep_backend::sub::ci__sub_normalize_frame_input	charr::altrep_backend::sub	charr::altrep_backend	true	src/altrep_backend/ci_sub.cpp	103	unit:src/altrep_backend/ci_sub.cpp	altrep	cxx_helper	struct charr::altrep_backend::sub::CiSubFrameInput (const struct charport_strview &, class charr::shared::NativeToUtf8 &)	false				external	1
decl:c:@N@charr@N@altrep_backend@N@sub@F@ci__sub_stabilize_frame_input#&1$@N@charr@N@altrep_backend@N@sub@S@CiSubFrameInput#&$@N@charr@N@shared@S@SliceArena#	function	ci__sub_stabilize_frame_input	charr::altrep_backend::sub::ci__sub_stabilize_frame_input	charr::altrep_backend::sub	charr::altrep_backend	true	src/altrep_backend/ci_sub.cpp	160	unit:src/altrep_backend/ci_sub.cpp	altrep	cxx_helper	struct charr::altrep_backend::sub::CiSubFrameInput (const struct charr::altrep_backend::sub::CiSubFrameInput &, class charr::shared::SliceArena &)	false				external	1
decl:c:@N@charr@N@altrep_backend@N@sub@F@recycling_length_r#*1I#I#	function	recycling_length_r	charr::altrep_backend::sub::recycling_length_r	charr::altrep_backend::sub	charr::altrep_backend	true	src/altrep_backend/ci_sub.cpp	54	unit:src/altrep_backend/ci_sub.cpp	altrep	r_helper	int (const int *, int) noexcept	true				external	1
decl:c:@N@charr@N@altrep_backend@N@sub@F@recycling_length_r#I#I#	function	recycling_length_r	charr::altrep_backend::sub::recycling_length_r	charr::altrep_backend::sub	charr::altrep_backend	true	src/altrep_backend/ci_sub.cpp	68	unit:src/altrep_backend/ci_sub.cpp	altrep	r_helper	int (int, int) noexcept	true				external	1
decl:c:@N@charr@N@altrep_backend@N@sub@F@recycling_length_r#I#I#I#	function	recycling_length_r	charr::altrep_backend::sub::recycling_length_r	charr::altrep_backend::sub	charr::altrep_backend	true	src/altrep_backend/ci_sub.cpp	77	unit:src/altrep_backend/ci_sub.cpp	altrep	r_helper	int (int, int, int) noexcept	true				external	1
decl:c:@N@charr@N@altrep_backend@N@sub@F@recycling_length_r#I#I#I#I#	function	recycling_length_r	charr::altrep_backend::sub::recycling_length_r	charr::altrep_backend::sub	charr::altrep_backend	true	src/altrep_backend/ci_sub.cpp	86	unit:src/altrep_backend/ci_sub.cpp	altrep	r_helper	int (int, int, int, int) noexcept	true				external	1
decl:c:@N@charr@N@altrep_backend@N@sub@S@CiSubFrameInput	struct	CiSubFrameInput	charr::altrep_backend::sub::CiSubFrameInput	charr::altrep_backend::sub	charr::altrep_backend	true	src/altrep_backend/ci_sub.cpp	94	unit:src/altrep_backend/ci_sub.cpp	altrep					false	true	external	1
decl:c:@N@charr@N@altrep_backend@N@trans_casemap@F@require_icu_success#$@E@UErrorCode#	function	require_icu_success	charr::altrep_backend::trans_casemap::require_icu_success	charr::altrep_backend::trans_casemap	charr::altrep_backend	true	src/altrep_backend/ci_trans_casemap.cpp	24	unit:src/altrep_backend/ci_trans_casemap.cpp	altrep	cxx_helper	void (enum UErrorCode)	false				external	1
decl:c:@N@charr@N@altrep_backend@N@trans_title@F@match_type#*1C#l#	function	match_type	charr::altrep_backend::trans_title::match_type	charr::altrep_backend::trans_title	charr::altrep_backend	true	src/altrep_backend/ci_trans_title.cpp	72	unit:src/altrep_backend/ci_trans_title.cpp	altrep	neutral_helper	int (const char *, unsigned long) noexcept	true				external	1
decl:c:@N@charr@N@altrep_backend@N@trans_title@F@option_name_is#*1C#S0_#	function	option_name_is	charr::altrep_backend::trans_title::option_name_is	charr::altrep_backend::trans_title	charr::altrep_backend	true	src/altrep_backend/ci_trans_title.cpp	55	unit:src/altrep_backend/ci_trans_title.cpp	altrep	neutral_helper	_Bool (const char *, const char *) noexcept	true				external	1
decl:c:@N@charr@N@altrep_backend@N@trans_title@F@prepare_locale_r#*$@S@SEXPREC#	function	prepare_locale_r	charr::altrep_backend::trans_title::prepare_locale_r	charr::altrep_backend::trans_title	charr::altrep_backend	true	src/altrep_backend/ci_trans_title.cpp	95	unit:src/altrep_backend/ci_trans_title.cpp	altrep	r_helper	const char *(struct SEXPREC *) noexcept	true				external	1
decl:c:@N@charr@N@altrep_backend@N@trans_title@F@prepare_options_r#*$@S@SEXPREC#	function	prepare_options_r	charr::altrep_backend::trans_title::prepare_options_r	charr::altrep_backend::trans_title	charr::altrep_backend	true	src/altrep_backend/ci_trans_title.cpp	245	unit:src/altrep_backend/ci_trans_title.cpp	altrep	r_helper	struct charr::shared::TitleCaseOptions (struct SEXPREC *) noexcept	true				external	1
decl:c:@N@charr@N@altrep_backend@N@trans_title@F@prepare_skip_options_r#*$@S@SEXPREC#	function	prepare_skip_options_r	charr::altrep_backend::trans_title::prepare_skip_options_r	charr::altrep_backend::trans_title	charr::altrep_backend	true	src/altrep_backend/ci_trans_title.cpp	130	unit:src/altrep_backend/ci_trans_title.cpp	altrep	r_helper	_Bool (struct SEXPREC *) noexcept	true				external	1
decl:c:@N@charr@N@altrep_backend@N@trans_title@F@prepare_type_r#*$@S@SEXPREC#&$@N@charr@N@shared@S@TitleCaseOptions#	function	prepare_type_r	charr::altrep_backend::trans_title::prepare_type_r	charr::altrep_backend::trans_title	charr::altrep_backend	true	src/altrep_backend/ci_trans_title.cpp	171	unit:src/altrep_backend/ci_trans_title.cpp	altrep	r_helper	void (struct SEXPREC *, struct charr::shared::TitleCaseOptions &) noexcept	true				external	1
decl:c:@N@charr@N@altrep_backend@N@trans_title@F@require_icu_success#$@E@UErrorCode#	function	require_icu_success	charr::altrep_backend::trans_title::require_icu_success	charr::altrep_backend::trans_title	charr::altrep_backend	true	src/altrep_backend/ci_trans_title.cpp	258	unit:src/altrep_backend/ci_trans_title.cpp	altrep	cxx_helper	void (enum UErrorCode)	false				external	1
decl:c:@N@charr@N@altrep_backend@N@trans_title@F@string_length#*1C#	function	string_length	charr::altrep_backend::trans_title::string_length	charr::altrep_backend::trans_title	charr::altrep_backend	true	src/altrep_backend/ci_trans_title.cpp	62	unit:src/altrep_backend/ci_trans_title.cpp	altrep	neutral_helper	unsigned long (const char *) noexcept	true				external	1
decl:c:@N@charr@N@altrep_backend@N@wrap@F@emit_locale_warning_r#b#	function	emit_locale_warning_r	charr::altrep_backend::wrap::emit_locale_warning_r	charr::altrep_backend::wrap	charr::altrep_backend	true	src/altrep_backend/ci_wrap.cpp	74	unit:src/altrep_backend/ci_wrap.cpp	altrep	r_helper	void (_Bool) noexcept	true				external	1
decl:c:@N@charr@N@altrep_backend@N@wrap@F@normalize_input#&1$@S@charport_strview#&$@N@charr@N@shared@S@NativeToUtf8#&$@N@charr@N@shared@S@SliceArena#	function	normalize_input	charr::altrep_backend::wrap::normalize_input	charr::altrep_backend::wrap	charr::altrep_backend	true	src/altrep_backend/ci_wrap.cpp	54	unit:src/altrep_backend/ci_wrap.cpp	altrep	cxx_helper	struct charr::shared::StringView (const struct charport_strview &, class charr::shared::NativeToUtf8 &, class charr::shared::SliceArena &)	false				external	1
decl:c:@N@charr@N@altrep_backend@N@wrap@F@require_icu_success#$@E@UErrorCode#	function	require_icu_success	charr::altrep_backend::wrap::require_icu_success	charr::altrep_backend::wrap	charr::altrep_backend	true	src/altrep_backend/ci_wrap.cpp	67	unit:src/altrep_backend/ci_wrap.cpp	altrep	cxx_helper	void (enum UErrorCode)	false				external	1
decl:c:@N@charr@N@altrep_backend@S@ICUError	class	ICUError	charr::altrep_backend::ICUError	charr::altrep_backend	charr::altrep_backend	true	src/altrep_backend/ci_exception.h	77		altrep					false	true	external	55
decl:c:@N@charr@N@altrep_backend@S@ICUError@F@getICUerrorName#$@E@UErrorCode#S	method	getICUerrorName	charr::altrep_backend::ICUError::getICUerrorName	charr::altrep_backend	charr::altrep_backend	true	src/altrep_backend/ci_exception.cpp	56	unit:src/altrep_backend/ci_exception.cpp	altrep	neutral_helper	const char *(enum UErrorCode) noexcept	true	decl:c:@N@charr@N@altrep_backend@S@ICUError			external	55
decl:c:@N@charr@N@altrep_backend@S@StriException	class	StriException	charr::altrep_backend::StriException	charr::altrep_backend	charr::altrep_backend	true	src/altrep_backend/ci_exception.h	176		altrep					false	true	external	55
decl:c:@N@charr@N@altrep_backend@S@StriException@F@StriException#$@E@UErrorCode#*1C#	constructor	StriException	charr::altrep_backend::StriException::StriException	charr::altrep_backend	charr::altrep_backend	true	src/altrep_backend/ci_exception.h	193		altrep	cxx_helper	void (enum UErrorCode, const char *)	false	decl:c:@N@charr@N@altrep_backend@S@StriException			external	55
decl:c:@N@charr@N@altrep_backend@S@StriException@F@StriException#*1C.#	constructor	StriException	charr::altrep_backend::StriException::StriException	charr::altrep_backend	charr::altrep_backend	true	src/altrep_backend/ci_exception.h	185		altrep	cxx_helper	void (const char *, ...)	false	decl:c:@N@charr@N@altrep_backend@S@StriException			external	55
decl:c:@N@charr@N@altrep_backend@S@StriException@F@getMessage#1	method	getMessage	charr::altrep_backend::StriException::getMessage	charr::altrep_backend	charr::altrep_backend	true	src/altrep_backend/ci_exception.h	208		altrep	neutral_helper	const char *(void) const noexcept	true	decl:c:@N@charr@N@altrep_backend@S@StriException			external	55
decl:c:@N@charr@N@altrep_backend@S@StriUcnv	class	StriUcnv	charr::altrep_backend::StriUcnv	charr::altrep_backend	charr::altrep_backend	true	src/altrep_backend/ci_ucnv.h	56		altrep					true	false	external	2
decl:c:@N@charr@N@altrep_backend@S@StriUcnv@F@STRI__UCNV_FROM_U_CALLBACK_SUBSTITUTE_WARN#*1v#*$@SA@UConverterFromUnicodeArgs#*1q#I#I#$@EA@UConverterCallbackReason#*$@E@UErrorCode#S	method	STRI__UCNV_FROM_U_CALLBACK_SUBSTITUTE_WARN	charr::altrep_backend::StriUcnv::STRI__UCNV_FROM_U_CALLBACK_SUBSTITUTE_WARN	charr::altrep_backend	charr::altrep_backend	true	src/altrep_backend/ci_ucnv.cpp	224	unit:src/altrep_backend/ci_ucnv.cpp	altrep	cxx_helper	void (const void *, UConverterFromUnicodeArgs *, const char16_t *, int, int, UConverterCallbackReason, enum UErrorCode *) noexcept	true	decl:c:@N@charr@N@altrep_backend@S@StriUcnv			external	1
decl:c:@N@charr@N@altrep_backend@S@StriUcnv@F@STRI__UCNV_TO_U_CALLBACK_SUBSTITUTE_WARN#*1v#*$@SA@UConverterToUnicodeArgs#*1C#I#$@EA@UConverterCallbackReason#*$@E@UErrorCode#S	method	STRI__UCNV_TO_U_CALLBACK_SUBSTITUTE_WARN	charr::altrep_backend::StriUcnv::STRI__UCNV_TO_U_CALLBACK_SUBSTITUTE_WARN	charr::altrep_backend	charr::altrep_backend	true	src/altrep_backend/ci_ucnv.cpp	150	unit:src/altrep_backend/ci_ucnv.cpp	altrep	cxx_helper	void (const void *, UConverterToUnicodeArgs *, const char *, int, UConverterCallbackReason, enum UErrorCode *) noexcept	true	decl:c:@N@charr@N@altrep_backend@S@StriUcnv			external	1
decl:c:@N@charr@N@altrep_backend@S@StriUcnv@F@StriUcnv#*1C#	constructor	StriUcnv	charr::altrep_backend::StriUcnv::StriUcnv	charr::altrep_backend	charr::altrep_backend	true	src/altrep_backend/ci_ucnv.h	88		altrep	cxx_helper	void (const char *) noexcept	true	decl:c:@N@charr@N@altrep_backend@S@StriUcnv			external	2
decl:c:@N@charr@N@altrep_backend@S@StriUcnv@F@StriUcnv#*1C#&$@N@charr@N@shared@S@DeferredWarnings#	constructor	StriUcnv	charr::altrep_backend::StriUcnv::StriUcnv	charr::altrep_backend	charr::altrep_backend	true	src/altrep_backend/ci_ucnv.h	95		altrep	cxx_helper	void (const char *, class charr::shared::DeferredWarnings &) noexcept	true	decl:c:@N@charr@N@altrep_backend@S@StriUcnv			external	2
decl:c:@N@charr@N@altrep_backend@S@StriUcnv@F@getCE#	method	getCE	charr::altrep_backend::StriUcnv::getCE	charr::altrep_backend	charr::altrep_backend	true	src/altrep_backend/ci_ucnv.h	132		altrep	cxx_helper	cetype_t (void)	false	decl:c:@N@charr@N@altrep_backend@S@StriUcnv			external	2
decl:c:@N@charr@N@altrep_backend@S@StriUcnv@F@getConverter#	method	getConverter	charr::altrep_backend::StriUcnv::getConverter	charr::altrep_backend	charr::altrep_backend	true	src/altrep_backend/ci_ucnv.cpp	124	unit:src/altrep_backend/ci_ucnv.cpp	altrep	cxx_helper	struct UConverter *(void)	false	decl:c:@N@charr@N@altrep_backend@S@StriUcnv			external	2
decl:c:@N@charr@N@altrep_backend@S@StriUcnv@F@openConverter#	method	openConverter	charr::altrep_backend::StriUcnv::openConverter	charr::altrep_backend	charr::altrep_backend	true	src/altrep_backend/ci_ucnv.cpp	84	unit:src/altrep_backend/ci_ucnv.cpp	altrep	cxx_helper	void (void)	false	decl:c:@N@charr@N@altrep_backend@S@StriUcnv			external	2
decl:c:@N@charr@N@altrep_backend@S@StriUcnv@F@operator=#&&$@N@charr@N@altrep_backend@S@StriUcnv#	method	operator=	charr::altrep_backend::StriUcnv::operator=	charr::altrep_backend	charr::altrep_backend	true	src/altrep_backend/ci_ucnv.h	113		altrep	cxx_helper	class charr::altrep_backend::StriUcnv &(class charr::altrep_backend::StriUcnv &&) noexcept	true	decl:c:@N@charr@N@altrep_backend@S@StriUcnv			external	2
decl:c:@N@charr@N@altrep_backend@S@StriUcnv@F@~StriUcnv#	destructor	~StriUcnv	charr::altrep_backend::StriUcnv::~StriUcnv	charr::altrep_backend	charr::altrep_backend	true	src/altrep_backend/ci_ucnv.h	103		altrep	cxx_helper	void (void) noexcept	true	decl:c:@N@charr@N@altrep_backend@S@StriUcnv			external	2
decl:c:@N@charr@N@altrep_backend@S@String8buf	class	String8buf	charr::altrep_backend::String8buf	charr::altrep_backend	charr::altrep_backend	true	src/altrep_backend/ci_string8buf.h	61		altrep					true	false	external	1
decl:c:@N@charr@N@altrep_backend@S@String8buf@F@String8buf#&1$@N@charr@N@altrep_backend@S@String8buf#	constructor	String8buf	charr::altrep_backend::String8buf::String8buf	charr::altrep_backend	charr::altrep_backend	true	src/altrep_backend/ci_string8buf.h	102		altrep	cxx_helper	void (const class charr::altrep_backend::String8buf &)	false	decl:c:@N@charr@N@altrep_backend@S@String8buf			external	1
decl:c:@N@charr@N@altrep_backend@S@String8buf@F@String8buf#l#	constructor	String8buf	charr::altrep_backend::String8buf::String8buf	charr::altrep_backend	charr::altrep_backend	true	src/altrep_backend/ci_string8buf.h	76		altrep	cxx_helper	void (unsigned long)	false	decl:c:@N@charr@N@altrep_backend@S@String8buf			external	1
decl:c:@N@charr@N@altrep_backend@S@String8buf@F@data#	method	data	charr::altrep_backend::String8buf::data	charr::altrep_backend	charr::altrep_backend	true	src/altrep_backend/ci_string8buf.h	135		altrep	neutral_helper	char *(void) noexcept	true	decl:c:@N@charr@N@altrep_backend@S@String8buf			external	1
decl:c:@N@charr@N@altrep_backend@S@String8buf@F@operator=#&1$@N@charr@N@altrep_backend@S@String8buf#	method	operator=	charr::altrep_backend::String8buf::operator=	charr::altrep_backend	charr::altrep_backend	true	src/altrep_backend/ci_string8buf.h	113		altrep	cxx_helper	class charr::altrep_backend::String8buf &(const class charr::altrep_backend::String8buf &)	false	decl:c:@N@charr@N@altrep_backend@S@String8buf			external	1
decl:c:@N@charr@N@altrep_backend@S@String8buf@F@replaceAllAtPos#*1C#l#S0_#l#&$@N@std@S@deque>#$@N@std@S@pair>#I#I#$@N@std@S@allocator>#S3_#	method	replaceAllAtPos	charr::altrep_backend::String8buf::replaceAllAtPos	charr::altrep_backend	charr::altrep_backend	true	src/altrep_backend/ci_string8buf.h	184		altrep	unclassified	unsigned long (const char *, unsigned long, const char *, unsigned long, class std::deque<struct std::pair<int, int> > &)	false	decl:c:@N@charr@N@altrep_backend@S@String8buf			external	1
decl:c:@N@charr@N@altrep_backend@S@String8buf@F@replaceAllAtPos#*1C#l#S0_#l#&$@N@std@S@deque>#$@N@std@S@pair>#I#I#$@N@std@S@allocator>#S3_#@Sa	class	(anonymous class)	(lambda at altrep_backend/ci_string8buf.h:196:29)	charr::altrep_backend	charr::altrep_backend	true	src/altrep_backend/ci_string8buf.h	196		altrep					false	true	none	1
decl:c:@N@charr@N@altrep_backend@S@String8buf@F@resize#l#b#	method	resize	charr::altrep_backend::String8buf::resize	charr::altrep_backend	charr::altrep_backend	true	src/altrep_backend/ci_string8buf.h	153		altrep	cxx_helper	void (unsigned long, _Bool)	false	decl:c:@N@charr@N@altrep_backend@S@String8buf			external	1
decl:c:@N@charr@N@altrep_backend@S@String8buf@F@size#1	method	size	charr::altrep_backend::String8buf::size	charr::altrep_backend	charr::altrep_backend	true	src/altrep_backend/ci_string8buf.h	142		altrep	neutral_helper	unsigned long (void) const noexcept	true	decl:c:@N@charr@N@altrep_backend@S@String8buf			external	1
decl:c:@N@charr@N@altrep_backend@S@String8buf@F@~String8buf#	destructor	~String8buf	charr::altrep_backend::String8buf::~String8buf	charr::altrep_backend	charr::altrep_backend	true	src/altrep_backend/ci_string8buf.h	93		altrep	cxx_helper	void (void) noexcept	true	decl:c:@N@charr@N@altrep_backend@S@String8buf			external	1
decl:c:@N@charr@N@base_backend@F@ci__length_string#*1C#I#I#	function	ci__length_string	charr::base_backend::ci__length_string	charr::base_backend	charr::base_backend	true	src/base_backend/ci_length.cpp	389	unit:src/base_backend/ci_length.cpp	base	cxx_helper	int (const char *, int, int)	false				external	2
decl:c:@N@charr@N@base_backend@F@ci__locate_set_dimnames_list#*$@S@SEXPREC#b#	function	ci__locate_set_dimnames_list	charr::base_backend::ci__locate_set_dimnames_list	charr::base_backend	charr::base_backend	true	src/base_backend/ci_search_common.cpp	71	unit:src/base_backend/ci_search_common.cpp	base	r_helper	void (struct SEXPREC *, _Bool) noexcept	true				external	5
decl:c:@N@charr@N@base_backend@F@ci__locate_set_dimnames_matrix#*$@S@SEXPREC#b#	function	ci__locate_set_dimnames_matrix	charr::base_backend::ci__locate_set_dimnames_matrix	charr::base_backend	charr::base_backend	true	src/base_backend/ci_search_common.cpp	45	unit:src/base_backend/ci_search_common.cpp	base	r_helper	void (struct SEXPREC *, _Bool) noexcept	true				external	5
decl:c:@N@charr@N@base_backend@F@ci__prepare_arg_double_1_notNA_r#*$@S@SEXPREC#*1C#	function	ci__prepare_arg_double_1_notNA_r	charr::base_backend::ci__prepare_arg_double_1_notNA_r	charr::base_backend	charr::base_backend	true	src/base_backend/ci_prepare_arg.cpp	568	unit:src/base_backend/ci_prepare_arg.cpp	base	r_helper	double (struct SEXPREC *, const char *) noexcept	true				external	2
decl:c:@N@charr@N@base_backend@F@ci__prepare_arg_enc_r#*$@S@SEXPREC#*1C#b#	function	ci__prepare_arg_enc_r	charr::base_backend::ci__prepare_arg_enc_r	charr::base_backend	charr::base_backend	true	src/base_backend/ci_prepare_arg.cpp	618	unit:src/base_backend/ci_prepare_arg.cpp	base	r_helper	const char *(struct SEXPREC *, const char *, _Bool) noexcept	true				external	3
decl:c:@N@charr@N@base_backend@F@ci__prepare_arg_integer_1_notNA_r#*$@S@SEXPREC#*1C#	function	ci__prepare_arg_integer_1_notNA_r	charr::base_backend::ci__prepare_arg_integer_1_notNA_r	charr::base_backend	charr::base_backend	true	src/base_backend/ci_prepare_arg.cpp	543	unit:src/base_backend/ci_prepare_arg.cpp	base	r_helper	int (struct SEXPREC *, const char *) noexcept	true				external	7
decl:c:@N@charr@N@base_backend@F@ci__prepare_arg_integer_r#*$@S@SEXPREC#*1C#b#b#	function	ci__prepare_arg_integer_r	charr::base_backend::ci__prepare_arg_integer_r	charr::base_backend	charr::base_backend	true	src/base_backend/ci_prepare_arg.cpp	369	unit:src/base_backend/ci_prepare_arg.cpp	base	r_helper	struct SEXPREC *(struct SEXPREC *, const char *, _Bool, _Bool) noexcept	true				external	10
decl:c:@N@charr@N@base_backend@F@ci__prepare_arg_list_r#*$@S@SEXPREC#*1C#	function	ci__prepare_arg_list_r	charr::base_backend::ci__prepare_arg_list_r	charr::base_backend	charr::base_backend	true	src/base_backend/ci_prepare_arg.cpp	251	unit:src/base_backend/ci_prepare_arg.cpp	base	r_helper	struct SEXPREC *(struct SEXPREC *, const char *) noexcept	true				external	2
decl:c:@N@charr@N@base_backend@F@ci__prepare_arg_list_raw_r#*$@S@SEXPREC#*1C#	function	ci__prepare_arg_list_raw_r	charr::base_backend::ci__prepare_arg_list_raw_r	charr::base_backend	charr::base_backend	true	src/base_backend/ci_prepare_arg.cpp	269	unit:src/base_backend/ci_prepare_arg.cpp	base	r_helper	struct SEXPREC *(struct SEXPREC *, const char *) noexcept	true				external	2
decl:c:@N@charr@N@base_backend@F@ci__prepare_arg_list_string_r#*$@S@SEXPREC#*1C#	function	ci__prepare_arg_list_string_r	charr::base_backend::ci__prepare_arg_list_string_r	charr::base_backend	charr::base_backend	true	src/base_backend/ci_prepare_arg.cpp	298	unit:src/base_backend/ci_prepare_arg.cpp	base	r_helper	struct SEXPREC *(struct SEXPREC *, const char *) noexcept	true				external	2
decl:c:@N@charr@N@base_backend@F@ci__prepare_arg_locale_r#*$@S@SEXPREC#*1C#b#b#	function	ci__prepare_arg_locale_r	charr::base_backend::ci__prepare_arg_locale_r	charr::base_backend	charr::base_backend	true	src/base_backend/ci_prepare_arg.cpp	593	unit:src/base_backend/ci_prepare_arg.cpp	base	r_helper	const char *(struct SEXPREC *, const char *, _Bool, _Bool) noexcept	true				external	6
decl:c:@N@charr@N@base_backend@F@ci__prepare_arg_logical_1_NA_r#*$@S@SEXPREC#*1C#	function	ci__prepare_arg_logical_1_NA_r	charr::base_backend::ci__prepare_arg_logical_1_NA_r	charr::base_backend	charr::base_backend	true	src/base_backend/ci_prepare_arg.cpp	531	unit:src/base_backend/ci_prepare_arg.cpp	base	r_helper	int (struct SEXPREC *, const char *) noexcept	true				external	2
decl:c:@N@charr@N@base_backend@F@ci__prepare_arg_logical_1_notNA_r#*$@S@SEXPREC#*1C#	function	ci__prepare_arg_logical_1_notNA_r	charr::base_backend::ci__prepare_arg_logical_1_notNA_r	charr::base_backend	charr::base_backend	true	src/base_backend/ci_prepare_arg.cpp	514	unit:src/base_backend/ci_prepare_arg.cpp	base	r_helper	_Bool (struct SEXPREC *, const char *) noexcept	true				external	36
decl:c:@N@charr@N@base_backend@F@ci__prepare_arg_logical_1_r#*$@S@SEXPREC#*1C#	function	ci__prepare_arg_logical_1_r	charr::base_backend::ci__prepare_arg_logical_1_r	charr::base_backend	charr::base_backend	true	src/base_backend/ci_prepare_arg.cpp	484	unit:src/base_backend/ci_prepare_arg.cpp	base	r_helper	struct SEXPREC *(struct SEXPREC *, const char *) noexcept	true				external	11
decl:c:@N@charr@N@base_backend@F@ci__prepare_arg_logical_r#*$@S@SEXPREC#*1C#b#	function	ci__prepare_arg_logical_r	charr::base_backend::ci__prepare_arg_logical_r	charr::base_backend	charr::base_backend	true	src/base_backend/ci_prepare_arg.cpp	417	unit:src/base_backend/ci_prepare_arg.cpp	base	r_helper	struct SEXPREC *(struct SEXPREC *, const char *, _Bool) noexcept	true				external	5
decl:c:@N@charr@N@base_backend@F@ci__prepare_arg_string_1_r#*$@S@SEXPREC#*1C#	function	ci__prepare_arg_string_1_r	charr::base_backend::ci__prepare_arg_string_1_r	charr::base_backend	charr::base_backend	true	src/base_backend/ci_prepare_arg.cpp	454	unit:src/base_backend/ci_prepare_arg.cpp	base	r_helper	struct SEXPREC *(struct SEXPREC *, const char *) noexcept	true				external	7
decl:c:@N@charr@N@base_backend@F@ci__prepare_arg_string_r#*$@S@SEXPREC#*1C#b#	function	ci__prepare_arg_string_r	charr::base_backend::ci__prepare_arg_string_r	charr::base_backend	charr::base_backend	true	src/base_backend/ci_prepare_arg.cpp	338	unit:src/base_backend/ci_prepare_arg.cpp	base	r_helper	struct SEXPREC *(struct SEXPREC *, const char *, _Bool) noexcept	true				external	47
decl:c:@N@charr@N@base_backend@F@ci__sub_emit_replacement_warnings_r#&1$@N@std@S@vector>#$@N@charr@N@shared@N@substring@E@ReplacementWarning#$@N@std@S@allocator>#S2_#	function	ci__sub_emit_replacement_warnings_r	charr::base_backend::ci__sub_emit_replacement_warnings_r	charr::base_backend	charr::base_backend	true	src/base_backend/ci_sub.cpp	232	unit:src/base_backend/ci_sub.cpp	base	r_helper	void (const class std::vector<enum charr::shared::substring::ReplacementWarning> &) noexcept	true				external	1
decl:c:@N@charr@N@base_backend@F@ci__sub_matrix_has_too_many_columns_r#*$@S@SEXPREC#b#	function	ci__sub_matrix_has_too_many_columns_r	charr::base_backend::ci__sub_matrix_has_too_many_columns_r	charr::base_backend	charr::base_backend	true	src/base_backend/ci_sub.cpp	218	unit:src/base_backend/ci_sub.cpp	base	r_helper	_Bool (struct SEXPREC *, _Bool) noexcept	true				external	1
decl:c:@N@charr@N@base_backend@F@ci__sub_prepare_from_to_length_r#&*$@S@SEXPREC#S0_#S0_#&I#S3_#S3_#&*I#S4_#S4_#b#	function	ci__sub_prepare_from_to_length_r	charr::base_backend::ci__sub_prepare_from_to_length_r	charr::base_backend	charr::base_backend	true	src/base_backend/ci_sub.cpp	252	unit:src/base_backend/ci_sub.cpp	base	r_helper	int (struct SEXPREC *&, struct SEXPREC *&, struct SEXPREC *&, int &, int &, int &, int *&, int *&, int *&, _Bool) noexcept	true				external	1
decl:c:@N@charr@N@base_backend@F@ci__width_char#I#	function	ci__width_char	charr::base_backend::ci__width_char	charr::base_backend	charr::base_backend	true	src/base_backend/ci_length.cpp	219	unit:src/base_backend/ci_length.cpp	base	neutral_helper	int (int) noexcept	true				external	1
decl:c:@N@charr@N@base_backend@F@ci__width_char_with_context#I#I#&b#	function	ci__width_char_with_context	charr::base_backend::ci__width_char_with_context	charr::base_backend	charr::base_backend	true	src/base_backend/ci_length.cpp	330	unit:src/base_backend/ci_length.cpp	base	neutral_helper	int (int, int, _Bool &) noexcept	true				external	2
decl:c:@N@charr@N@base_backend@F@ci__width_string#*1C#I#I#	function	ci__width_string	charr::base_backend::ci__width_string	charr::base_backend	charr::base_backend	true	src/base_backend/ci_length.cpp	434	unit:src/base_backend/ci_length.cpp	base	cxx_helper	int (const char *, int, int)	false				external	1
decl:c:@N@charr@N@base_backend@F@ci_cmp_equiv#*$@S@SEXPREC#S0_#S0_#	function	ci_cmp_equiv	charr::base_backend::ci_cmp_equiv	charr::base_backend	charr::base_backend	true	src/base_backend/ci_compare.cpp	90	unit:src/base_backend/ci_compare.cpp	base	entrypoint	struct SEXPREC *(struct SEXPREC *, struct SEXPREC *, struct SEXPREC *) noexcept	true				external	2
decl:c:@N@charr@N@base_backend@F@ci_count_boundaries#*$@S@SEXPREC#S0_#	function	ci_count_boundaries	charr::base_backend::ci_count_boundaries	charr::base_backend	charr::base_backend	true	src/base_backend/ci_search_boundaries_count.cpp	109	unit:src/base_backend/ci_search_boundaries_count.cpp	base	entrypoint	struct SEXPREC *(struct SEXPREC *, struct SEXPREC *) noexcept	true				external	2
decl:c:@N@charr@N@base_backend@F@ci_count_coll#*$@S@SEXPREC#S0_#S0_#	function	ci_count_coll	charr::base_backend::ci_count_coll	charr::base_backend	charr::base_backend	true	src/base_backend/ci_search_coll_count.cpp	169	unit:src/base_backend/ci_search_coll_count.cpp	base	entrypoint	struct SEXPREC *(struct SEXPREC *, struct SEXPREC *, struct SEXPREC *) noexcept	true				external	2
decl:c:@N@charr@N@base_backend@F@ci_count_fixed#*$@S@SEXPREC#S0_#S0_#	function	ci_count_fixed	charr::base_backend::ci_count_fixed	charr::base_backend	charr::base_backend	true	src/base_backend/ci_search_fixed_count.cpp	214	unit:src/base_backend/ci_search_fixed_count.cpp	base	entrypoint	struct SEXPREC *(struct SEXPREC *, struct SEXPREC *, struct SEXPREC *) noexcept	true				external	2
decl:c:@N@charr@N@base_backend@F@ci_count_regex#*$@S@SEXPREC#S0_#S0_#	function	ci_count_regex	charr::base_backend::ci_count_regex	charr::base_backend	charr::base_backend	true	src/base_backend/ci_search_regex_count.cpp	150	unit:src/base_backend/ci_search_regex_count.cpp	base	entrypoint	struct SEXPREC *(struct SEXPREC *, struct SEXPREC *, struct SEXPREC *) noexcept	true				external	2
decl:c:@N@charr@N@base_backend@F@ci_detect_coll#*$@S@SEXPREC#S0_#S0_#S0_#S0_#	function	ci_detect_coll	charr::base_backend::ci_detect_coll	charr::base_backend	charr::base_backend	true	src/base_backend/ci_search_coll_detect.cpp	185	unit:src/base_backend/ci_search_coll_detect.cpp	base	entrypoint	struct SEXPREC *(struct SEXPREC *, struct SEXPREC *, struct SEXPREC *, struct SEXPREC *, struct SEXPREC *) noexcept	true				external	2
decl:c:@N@charr@N@base_backend@F@ci_detect_fixed#*$@S@SEXPREC#S0_#S0_#S0_#S0_#	function	ci_detect_fixed	charr::base_backend::ci_detect_fixed	charr::base_backend	charr::base_backend	true	src/base_backend/ci_search_fixed_detect.cpp	233	unit:src/base_backend/ci_search_fixed_detect.cpp	base	entrypoint	struct SEXPREC *(struct SEXPREC *, struct SEXPREC *, struct SEXPREC *, struct SEXPREC *, struct SEXPREC *) noexcept	true				external	2
decl:c:@N@charr@N@base_backend@F@ci_detect_regex#*$@S@SEXPREC#S0_#S0_#S0_#S0_#	function	ci_detect_regex	charr::base_backend::ci_detect_regex	charr::base_backend	charr::base_backend	true	src/base_backend/ci_search_regex_detect.cpp	150	unit:src/base_backend/ci_search_regex_detect.cpp	base	entrypoint	struct SEXPREC *(struct SEXPREC *, struct SEXPREC *, struct SEXPREC *, struct SEXPREC *, struct SEXPREC *) noexcept	true				external	2
decl:c:@N@charr@N@base_backend@F@ci_dup#*$@S@SEXPREC#S0_#	function	ci_dup	charr::base_backend::ci_dup	charr::base_backend	charr::base_backend	true	src/base_backend/ci_dup.cpp	98	unit:src/base_backend/ci_dup.cpp	base	entrypoint	struct SEXPREC *(struct SEXPREC *, struct SEXPREC *) noexcept	true				external	2
decl:c:@N@charr@N@base_backend@F@ci_duplicated#*$@S@SEXPREC#S0_#S0_#	function	ci_duplicated	charr::base_backend::ci_duplicated	charr::base_backend	charr::base_backend	true	src/base_backend/ci_duplicated.cpp	83	unit:src/base_backend/ci_duplicated.cpp	base	entrypoint	struct SEXPREC *(struct SEXPREC *, struct SEXPREC *, struct SEXPREC *) noexcept	true				external	2
decl:c:@N@charr@N@base_backend@F@ci_enc_info#*$@S@SEXPREC#	function	ci_enc_info	charr::base_backend::ci_enc_info	charr::base_backend	charr::base_backend	true	src/base_backend/ci_encoding_management.cpp	159	unit:src/base_backend/ci_encoding_management.cpp	base	entrypoint	struct SEXPREC *(struct SEXPREC *) noexcept	true				external	2
decl:c:@N@charr@N@base_backend@F@ci_encode#*$@S@SEXPREC#S0_#S0_#S0_#	function	ci_encode	charr::base_backend::ci_encode	charr::base_backend	charr::base_backend	true	src/base_backend/ci_encoding_conversion.cpp	368	unit:src/base_backend/ci_encoding_conversion.cpp	base	entrypoint	struct SEXPREC *(struct SEXPREC *, struct SEXPREC *, struct SEXPREC *, struct SEXPREC *) noexcept	true				external	2
decl:c:@N@charr@N@base_backend@F@ci_endswith_coll#*$@S@SEXPREC#S0_#S0_#S0_#S0_#	function	ci_endswith_coll	charr::base_backend::ci_endswith_coll	charr::base_backend	charr::base_backend	true	src/base_backend/ci_search_coll_startsendswith.cpp	317	unit:src/base_backend/ci_search_coll_startsendswith.cpp	base	entrypoint	struct SEXPREC *(struct SEXPREC *, struct SEXPREC *, struct SEXPREC *, struct SEXPREC *, struct SEXPREC *) noexcept	true				external	2
decl:c:@N@charr@N@base_backend@F@ci_endswith_fixed#*$@S@SEXPREC#S0_#S0_#S0_#S0_#	function	ci_endswith_fixed	charr::base_backend::ci_endswith_fixed	charr::base_backend	charr::base_backend	true	src/base_backend/ci_search_fixed_startsendswith.cpp	408	unit:src/base_backend/ci_search_fixed_startsendswith.cpp	base	entrypoint	struct SEXPREC *(struct SEXPREC *, struct SEXPREC *, struct SEXPREC *, struct SEXPREC *, struct SEXPREC *) noexcept	true				external	2
decl:c:@N@charr@N@base_backend@F@ci_escape_unicode#*$@S@SEXPREC#	function	ci_escape_unicode	charr::base_backend::ci_escape_unicode	charr::base_backend	charr::base_backend	true	src/base_backend/ci_escape.cpp	242	unit:src/base_backend/ci_escape.cpp	base	entrypoint	struct SEXPREC *(struct SEXPREC *) noexcept	true				external	2
decl:c:@N@charr@N@base_backend@F@ci_extract_all_boundaries#*$@S@SEXPREC#S0_#S0_#S0_#	function	ci_extract_all_boundaries	charr::base_backend::ci_extract_all_boundaries	charr::base_backend	charr::base_backend	true	src/base_backend/ci_search_boundaries_extract.cpp	248	unit:src/base_backend/ci_search_boundaries_extract.cpp	base	entrypoint	struct SEXPREC *(struct SEXPREC *, struct SEXPREC *, struct SEXPREC *, struct SEXPREC *) noexcept	true				external	2
decl:c:@N@charr@N@base_backend@F@ci_extract_all_coll#*$@S@SEXPREC#S0_#S0_#S0_#S0_#	function	ci_extract_all_coll	charr::base_backend::ci_extract_all_coll	charr::base_backend	charr::base_backend	true	src/base_backend/ci_search_coll_extract.cpp	314	unit:src/base_backend/ci_search_coll_extract.cpp	base	entrypoint	struct SEXPREC *(struct SEXPREC *, struct SEXPREC *, struct SEXPREC *, struct SEXPREC *, struct SEXPREC *) noexcept	true				external	2
decl:c:@N@charr@N@base_backend@F@ci_extract_all_fixed#*$@S@SEXPREC#S0_#S0_#S0_#S0_#	function	ci_extract_all_fixed	charr::base_backend::ci_extract_all_fixed	charr::base_backend	charr::base_backend	true	src/base_backend/ci_search_fixed_extract.cpp	247	unit:src/base_backend/ci_search_fixed_extract.cpp	base	entrypoint	struct SEXPREC *(struct SEXPREC *, struct SEXPREC *, struct SEXPREC *, struct SEXPREC *, struct SEXPREC *) noexcept	true				external	2
decl:c:@N@charr@N@base_backend@F@ci_extract_all_regex#*$@S@SEXPREC#S0_#S0_#S0_#S0_#	function	ci_extract_all_regex	charr::base_backend::ci_extract_all_regex	charr::base_backend	charr::base_backend	true	src/base_backend/ci_search_regex_extract.cpp	388	unit:src/base_backend/ci_search_regex_extract.cpp	base	entrypoint	struct SEXPREC *(struct SEXPREC *, struct SEXPREC *, struct SEXPREC *, struct SEXPREC *, struct SEXPREC *) noexcept	true				external	2
decl:c:@N@charr@N@base_backend@F@ci_extract_first_boundaries#*$@S@SEXPREC#S0_#	function	ci_extract_first_boundaries	charr::base_backend::ci_extract_first_boundaries	charr::base_backend	charr::base_backend	true	src/base_backend/ci_search_boundaries_extract.cpp	151	unit:src/base_backend/ci_search_boundaries_extract.cpp	base	entrypoint	struct SEXPREC *(struct SEXPREC *, struct SEXPREC *) noexcept	true				external	2
decl:c:@N@charr@N@base_backend@F@ci_extract_first_coll#*$@S@SEXPREC#S0_#S0_#	function	ci_extract_first_coll	charr::base_backend::ci_extract_first_coll	charr::base_backend	charr::base_backend	true	src/base_backend/ci_search_coll_extract.cpp	179	unit:src/base_backend/ci_search_coll_extract.cpp	base	entrypoint	struct SEXPREC *(struct SEXPREC *, struct SEXPREC *, struct SEXPREC *) noexcept	true				external	2
decl:c:@N@charr@N@base_backend@F@ci_extract_first_fixed#*$@S@SEXPREC#S0_#S0_#	function	ci_extract_first_fixed	charr::base_backend::ci_extract_first_fixed	charr::base_backend	charr::base_backend	true	src/base_backend/ci_search_fixed_extract_first.cpp	155	unit:src/base_backend/ci_search_fixed_extract_first.cpp	base	entrypoint	struct SEXPREC *(struct SEXPREC *, struct SEXPREC *, struct SEXPREC *) noexcept	true				external	2
decl:c:@N@charr@N@base_backend@F@ci_extract_first_regex#*$@S@SEXPREC#S0_#S0_#	function	ci_extract_first_regex	charr::base_backend::ci_extract_first_regex	charr::base_backend	charr::base_backend	true	src/base_backend/ci_search_regex_extract.cpp	209	unit:src/base_backend/ci_search_regex_extract.cpp	base	entrypoint	struct SEXPREC *(struct SEXPREC *, struct SEXPREC *, struct SEXPREC *) noexcept	true				external	2
decl:c:@N@charr@N@base_backend@F@ci_flatten#*$@S@SEXPREC#S0_#S0_#S0_#	function	ci_flatten	charr::base_backend::ci_flatten	charr::base_backend	charr::base_backend	true	src/base_backend/ci_join.cpp	848	unit:src/base_backend/ci_join.cpp	base	entrypoint	struct SEXPREC *(struct SEXPREC *, struct SEXPREC *, struct SEXPREC *, struct SEXPREC *) noexcept	true				external	2
decl:c:@N@charr@N@base_backend@F@ci_join#*$@S@SEXPREC#S0_#S0_#S0_#	function	ci_join	charr::base_backend::ci_join	charr::base_backend	charr::base_backend	true	src/base_backend/ci_join.cpp	347	unit:src/base_backend/ci_join.cpp	base	entrypoint	struct SEXPREC *(struct SEXPREC *, struct SEXPREC *, struct SEXPREC *, struct SEXPREC *) noexcept	true				external	2
decl:c:@N@charr@N@base_backend@F@ci_length#*$@S@SEXPREC#	function	ci_length	charr::base_backend::ci_length	charr::base_backend	charr::base_backend	true	src/base_backend/ci_length.cpp	119	unit:src/base_backend/ci_length.cpp	base	entrypoint	struct SEXPREC *(struct SEXPREC *) noexcept	true				external	2
decl:c:@N@charr@N@base_backend@F@ci_locate_all_boundaries#*$@S@SEXPREC#S0_#S0_#S0_#	function	ci_locate_all_boundaries	charr::base_backend::ci_locate_all_boundaries	charr::base_backend	charr::base_backend	true	src/base_backend/ci_search_boundaries_locate.cpp	235	unit:src/base_backend/ci_search_boundaries_locate.cpp	base	entrypoint	struct SEXPREC *(struct SEXPREC *, struct SEXPREC *, struct SEXPREC *, struct SEXPREC *) noexcept	true				external	2
decl:c:@N@charr@N@base_backend@F@ci_locate_all_coll#*$@S@SEXPREC#S0_#S0_#S0_#S0_#	function	ci_locate_all_coll	charr::base_backend::ci_locate_all_coll	charr::base_backend	charr::base_backend	true	src/base_backend/ci_search_coll_locate.cpp	319	unit:src/base_backend/ci_search_coll_locate.cpp	base	entrypoint	struct SEXPREC *(struct SEXPREC *, struct SEXPREC *, struct SEXPREC *, struct SEXPREC *, struct SEXPREC *) noexcept	true				external	2
decl:c:@N@charr@N@base_backend@F@ci_locate_all_fixed#*$@S@SEXPREC#S0_#S0_#S0_#S0_#	function	ci_locate_all_fixed	charr::base_backend::ci_locate_all_fixed	charr::base_backend	charr::base_backend	true	src/base_backend/ci_search_fixed_locate.cpp	570	unit:src/base_backend/ci_search_fixed_locate.cpp	base	entrypoint	struct SEXPREC *(struct SEXPREC *, struct SEXPREC *, struct SEXPREC *, struct SEXPREC *, struct SEXPREC *) noexcept	true				external	2
decl:c:@N@charr@N@base_backend@F@ci_locate_all_regex#*$@S@SEXPREC#S0_#S0_#S0_#S0_#S0_#	function	ci_locate_all_regex	charr::base_backend::ci_locate_all_regex	charr::base_backend	charr::base_backend	true	src/base_backend/ci_search_regex_locate.cpp	604	unit:src/base_backend/ci_search_regex_locate.cpp	base	entrypoint	struct SEXPREC *(struct SEXPREC *, struct SEXPREC *, struct SEXPREC *, struct SEXPREC *, struct SEXPREC *, struct SEXPREC *) noexcept	true				external	2
decl:c:@N@charr@N@base_backend@F@ci_locate_first_boundaries#*$@S@SEXPREC#S0_#S0_#	function	ci_locate_first_boundaries	charr::base_backend::ci_locate_first_boundaries	charr::base_backend	charr::base_backend	true	src/base_backend/ci_search_boundaries_locate.cpp	102	unit:src/base_backend/ci_search_boundaries_locate.cpp	base	entrypoint	struct SEXPREC *(struct SEXPREC *, struct SEXPREC *, struct SEXPREC *) noexcept	true				external	2
decl:c:@N@charr@N@base_backend@F@ci_locate_first_coll#*$@S@SEXPREC#S0_#S0_#S0_#	function	ci_locate_first_coll	charr::base_backend::ci_locate_first_coll	charr::base_backend	charr::base_backend	true	src/base_backend/ci_search_coll_locate.cpp	216	unit:src/base_backend/ci_search_coll_locate.cpp	base	entrypoint	struct SEXPREC *(struct SEXPREC *, struct SEXPREC *, struct SEXPREC *, struct SEXPREC *) noexcept	true				external	2
decl:c:@N@charr@N@base_backend@F@ci_locate_first_fixed#*$@S@SEXPREC#S0_#S0_#S0_#	function	ci_locate_first_fixed	charr::base_backend::ci_locate_first_fixed	charr::base_backend	charr::base_backend	true	src/base_backend/ci_search_fixed_locate.cpp	445	unit:src/base_backend/ci_search_fixed_locate.cpp	base	entrypoint	struct SEXPREC *(struct SEXPREC *, struct SEXPREC *, struct SEXPREC *, struct SEXPREC *) noexcept	true				external	2
decl:c:@N@charr@N@base_backend@F@ci_locate_first_regex#*$@S@SEXPREC#S0_#S0_#S0_#S0_#	function	ci_locate_first_regex	charr::base_backend::ci_locate_first_regex	charr::base_backend	charr::base_backend	true	src/base_backend/ci_search_regex_locate.cpp	366	unit:src/base_backend/ci_search_regex_locate.cpp	base	entrypoint	struct SEXPREC *(struct SEXPREC *, struct SEXPREC *, struct SEXPREC *, struct SEXPREC *, struct SEXPREC *) noexcept	true				external	2
decl:c:@N@charr@N@base_backend@F@ci_match_all_regex#*$@S@SEXPREC#S0_#S0_#S0_#S0_#	function	ci_match_all_regex	charr::base_backend::ci_match_all_regex	charr::base_backend	charr::base_backend	true	src/base_backend/ci_search_regex_match.cpp	671	unit:src/base_backend/ci_search_regex_match.cpp	base	entrypoint	struct SEXPREC *(struct SEXPREC *, struct SEXPREC *, struct SEXPREC *, struct SEXPREC *, struct SEXPREC *) noexcept	true				external	2
decl:c:@N@charr@N@base_backend@F@ci_match_first_regex#*$@S@SEXPREC#S0_#S0_#S0_#	function	ci_match_first_regex	charr::base_backend::ci_match_first_regex	charr::base_backend	charr::base_backend	true	src/base_backend/ci_search_regex_match.cpp	398	unit:src/base_backend/ci_search_regex_match.cpp	base	entrypoint	struct SEXPREC *(struct SEXPREC *, struct SEXPREC *, struct SEXPREC *, struct SEXPREC *) noexcept	true				external	2
decl:c:@N@charr@N@base_backend@F@ci_order#*$@S@SEXPREC#S0_#S0_#S0_#	function	ci_order	charr::base_backend::ci_order	charr::base_backend	charr::base_backend	true	src/base_backend/ci_order_rank.cpp	84	unit:src/base_backend/ci_order_rank.cpp	base	entrypoint	struct SEXPREC *(struct SEXPREC *, struct SEXPREC *, struct SEXPREC *, struct SEXPREC *) noexcept	true				external	2
decl:c:@N@charr@N@base_backend@F@ci_pad#*$@S@SEXPREC#S0_#S0_#S0_#S0_#	function	ci_pad	charr::base_backend::ci_pad	charr::base_backend	charr::base_backend	true	src/base_backend/ci_pad.cpp	286	unit:src/base_backend/ci_pad.cpp	base	entrypoint	struct SEXPREC *(struct SEXPREC *, struct SEXPREC *, struct SEXPREC *, struct SEXPREC *, struct SEXPREC *) noexcept	true				external	2
decl:c:@N@charr@N@base_backend@F@ci_rank#*$@S@SEXPREC#S0_#	function	ci_rank	charr::base_backend::ci_rank	charr::base_backend	charr::base_backend	true	src/base_backend/ci_order_rank.cpp	174	unit:src/base_backend/ci_order_rank.cpp	base	entrypoint	struct SEXPREC *(struct SEXPREC *, struct SEXPREC *) noexcept	true				external	2
decl:c:@N@charr@N@base_backend@F@ci_read_lines#*$@S@SEXPREC#S0_#	function	ci_read_lines	charr::base_backend::ci_read_lines	charr::base_backend	charr::base_backend	true	src/base_backend/ci_search_other_split.cpp	81	unit:src/base_backend/ci_search_other_split.cpp	base	entrypoint	struct SEXPREC *(struct SEXPREC *, struct SEXPREC *) noexcept	true				external	2
decl:c:@N@charr@N@base_backend@F@ci_replace_all_charclass#*$@S@SEXPREC#S0_#S0_#S0_#S0_#	function	ci_replace_all_charclass	charr::base_backend::ci_replace_all_charclass	charr::base_backend	charr::base_backend	true	src/base_backend/ci_search_class_replace.cpp	308	unit:src/base_backend/ci_search_class_replace.cpp	base	entrypoint	struct SEXPREC *(struct SEXPREC *, struct SEXPREC *, struct SEXPREC *, struct SEXPREC *, struct SEXPREC *) noexcept	true				external	2
decl:c:@N@charr@N@base_backend@F@ci_replace_all_coll#*$@S@SEXPREC#S0_#S0_#S0_#S0_#	function	ci_replace_all_coll	charr::base_backend::ci_replace_all_coll	charr::base_backend	charr::base_backend	true	src/base_backend/ci_search_coll_replace.cpp	470	unit:src/base_backend/ci_search_coll_replace.cpp	base	entrypoint	struct SEXPREC *(struct SEXPREC *, struct SEXPREC *, struct SEXPREC *, struct SEXPREC *, struct SEXPREC *) noexcept	true				external	2
decl:c:@N@charr@N@base_backend@F@ci_replace_all_fixed#*$@S@SEXPREC#S0_#S0_#S0_#S0_#	function	ci_replace_all_fixed	charr::base_backend::ci_replace_all_fixed	charr::base_backend	charr::base_backend	true	src/base_backend/ci_search_fixed_replace.cpp	495	unit:src/base_backend/ci_search_fixed_replace.cpp	base	entrypoint	struct SEXPREC *(struct SEXPREC *, struct SEXPREC *, struct SEXPREC *, struct SEXPREC *, struct SEXPREC *) noexcept	true				external	2
decl:c:@N@charr@N@base_backend@F@ci_replace_all_regex#*$@S@SEXPREC#S0_#S0_#S0_#S0_#	function	ci_replace_all_regex	charr::base_backend::ci_replace_all_regex	charr::base_backend	charr::base_backend	true	src/base_backend/ci_search_regex_replace.cpp	330	unit:src/base_backend/ci_search_regex_replace.cpp	base	entrypoint	struct SEXPREC *(struct SEXPREC *, struct SEXPREC *, struct SEXPREC *, struct SEXPREC *, struct SEXPREC *) noexcept	true				external	2
decl:c:@N@charr@N@base_backend@F@ci_replace_first_coll#*$@S@SEXPREC#S0_#S0_#S0_#	function	ci_replace_first_coll	charr::base_backend::ci_replace_first_coll	charr::base_backend	charr::base_backend	true	src/base_backend/ci_search_coll_replace.cpp	300	unit:src/base_backend/ci_search_coll_replace.cpp	base	entrypoint	struct SEXPREC *(struct SEXPREC *, struct SEXPREC *, struct SEXPREC *, struct SEXPREC *) noexcept	true				external	2
decl:c:@N@charr@N@base_backend@F@ci_replace_first_fixed#*$@S@SEXPREC#S0_#S0_#S0_#	function	ci_replace_first_fixed	charr::base_backend::ci_replace_first_fixed	charr::base_backend	charr::base_backend	true	src/base_backend/ci_search_fixed_replace.cpp	768	unit:src/base_backend/ci_search_fixed_replace.cpp	base	entrypoint	struct SEXPREC *(struct SEXPREC *, struct SEXPREC *, struct SEXPREC *, struct SEXPREC *) noexcept	true				external	2
decl:c:@N@charr@N@base_backend@F@ci_replace_first_regex#*$@S@SEXPREC#S0_#S0_#S0_#	function	ci_replace_first_regex	charr::base_backend::ci_replace_first_regex	charr::base_backend	charr::base_backend	true	src/base_backend/ci_search_regex_replace.cpp	607	unit:src/base_backend/ci_search_regex_replace.cpp	base	entrypoint	struct SEXPREC *(struct SEXPREC *, struct SEXPREC *, struct SEXPREC *, struct SEXPREC *) noexcept	true				external	2
decl:c:@N@charr@N@base_backend@F@ci_replace_na#*$@S@SEXPREC#S0_#	function	ci_replace_na	charr::base_backend::ci_replace_na	charr::base_backend	charr::base_backend	true	src/base_backend/ci_replace_na.cpp	139	unit:src/base_backend/ci_replace_na.cpp	base	entrypoint	struct SEXPREC *(struct SEXPREC *, struct SEXPREC *) noexcept	true				external	2
decl:c:@N@charr@N@base_backend@F@ci_reverse#*$@S@SEXPREC#	function	ci_reverse	charr::base_backend::ci_reverse	charr::base_backend	charr::base_backend	true	src/base_backend/ci_reverse.cpp	191	unit:src/base_backend/ci_reverse.cpp	base	entrypoint	struct SEXPREC *(struct SEXPREC *) noexcept	true				external	2
decl:c:@N@charr@N@base_backend@F@ci_split_boundaries#*$@S@SEXPREC#S0_#S0_#S0_#S0_#	function	ci_split_boundaries	charr::base_backend::ci_split_boundaries	charr::base_backend	charr::base_backend	true	src/base_backend/ci_search_boundaries_split.cpp	169	unit:src/base_backend/ci_search_boundaries_split.cpp	base	entrypoint	struct SEXPREC *(struct SEXPREC *, struct SEXPREC *, struct SEXPREC *, struct SEXPREC *, struct SEXPREC *) noexcept	true				external	2
decl:c:@N@charr@N@base_backend@F@ci_split_coll#*$@S@SEXPREC#S0_#S0_#S0_#S0_#S0_#S0_#	function	ci_split_coll	charr::base_backend::ci_split_coll	charr::base_backend	charr::base_backend	true	src/base_backend/ci_search_coll_split.cpp	221	unit:src/base_backend/ci_search_coll_split.cpp	base	entrypoint	struct SEXPREC *(struct SEXPREC *, struct SEXPREC *, struct SEXPREC *, struct SEXPREC *, struct SEXPREC *, struct SEXPREC *, struct SEXPREC *) noexcept	true				external	2
decl:c:@N@charr@N@base_backend@F@ci_split_fixed#*$@S@SEXPREC#S0_#S0_#S0_#S0_#S0_#S0_#	function	ci_split_fixed	charr::base_backend::ci_split_fixed	charr::base_backend	charr::base_backend	true	src/base_backend/ci_search_fixed_split.cpp	243	unit:src/base_backend/ci_search_fixed_split.cpp	base	entrypoint	struct SEXPREC *(struct SEXPREC *, struct SEXPREC *, struct SEXPREC *, struct SEXPREC *, struct SEXPREC *, struct SEXPREC *, struct SEXPREC *) noexcept	true				external	2
decl:c:@N@charr@N@base_backend@F@ci_split_lines#*$@S@SEXPREC#S0_#	function	ci_split_lines	charr::base_backend::ci_split_lines	charr::base_backend	charr::base_backend	true	src/base_backend/ci_split_lines.cpp	142	unit:src/base_backend/ci_split_lines.cpp	base	entrypoint	struct SEXPREC *(struct SEXPREC *, struct SEXPREC *) noexcept	true				external	2
decl:c:@N@charr@N@base_backend@F@ci_split_lines1#*$@S@SEXPREC#	function	ci_split_lines1	charr::base_backend::ci_split_lines1	charr::base_backend	charr::base_backend	true	src/base_backend/ci_split_lines.cpp	77	unit:src/base_backend/ci_split_lines.cpp	base	entrypoint	struct SEXPREC *(struct SEXPREC *) noexcept	true				external	2
decl:c:@N@charr@N@base_backend@F@ci_split_regex#*$@S@SEXPREC#S0_#S0_#S0_#S0_#S0_#S0_#	function	ci_split_regex	charr::base_backend::ci_split_regex	charr::base_backend	charr::base_backend	true	src/base_backend/ci_search_regex_split.cpp	243	unit:src/base_backend/ci_search_regex_split.cpp	base	entrypoint	struct SEXPREC *(struct SEXPREC *, struct SEXPREC *, struct SEXPREC *, struct SEXPREC *, struct SEXPREC *, struct SEXPREC *, struct SEXPREC *) noexcept	true				external	2
decl:c:@N@charr@N@base_backend@F@ci_startswith_coll#*$@S@SEXPREC#S0_#S0_#S0_#S0_#	function	ci_startswith_coll	charr::base_backend::ci_startswith_coll	charr::base_backend	charr::base_backend	true	src/base_backend/ci_search_coll_startsendswith.cpp	196	unit:src/base_backend/ci_search_coll_startsendswith.cpp	base	entrypoint	struct SEXPREC *(struct SEXPREC *, struct SEXPREC *, struct SEXPREC *, struct SEXPREC *, struct SEXPREC *) noexcept	true				external	2
decl:c:@N@charr@N@base_backend@F@ci_startswith_fixed#*$@S@SEXPREC#S0_#S0_#S0_#S0_#	function	ci_startswith_fixed	charr::base_backend::ci_startswith_fixed	charr::base_backend	charr::base_backend	true	src/base_backend/ci_search_fixed_startsendswith.cpp	290	unit:src/base_backend/ci_search_fixed_startsendswith.cpp	base	entrypoint	struct SEXPREC *(struct SEXPREC *, struct SEXPREC *, struct SEXPREC *, struct SEXPREC *, struct SEXPREC *) noexcept	true				external	2
decl:c:@N@charr@N@base_backend@F@ci_sub#*$@S@SEXPREC#S0_#S0_#S0_#S0_#S0_#	function	ci_sub	charr::base_backend::ci_sub	charr::base_backend	charr::base_backend	true	src/base_backend/ci_sub.cpp	364	unit:src/base_backend/ci_sub.cpp	base	entrypoint	struct SEXPREC *(struct SEXPREC *, struct SEXPREC *, struct SEXPREC *, struct SEXPREC *, struct SEXPREC *, struct SEXPREC *) noexcept	true				external	2
decl:c:@N@charr@N@base_backend@F@ci_sub_all#*$@S@SEXPREC#S0_#S0_#S0_#S0_#S0_#	function	ci_sub_all	charr::base_backend::ci_sub_all	charr::base_backend	charr::base_backend	true	src/base_backend/ci_sub.cpp	847	unit:src/base_backend/ci_sub.cpp	base	entrypoint	struct SEXPREC *(struct SEXPREC *, struct SEXPREC *, struct SEXPREC *, struct SEXPREC *, struct SEXPREC *, struct SEXPREC *) noexcept	true				external	2
decl:c:@N@charr@N@base_backend@F@ci_sub_replacement#*$@S@SEXPREC#S0_#S0_#S0_#S0_#S0_#S0_#	function	ci_sub_replacement	charr::base_backend::ci_sub_replacement	charr::base_backend	charr::base_backend	true	src/base_backend/ci_sub.cpp	590	unit:src/base_backend/ci_sub.cpp	base	entrypoint	struct SEXPREC *(struct SEXPREC *, struct SEXPREC *, struct SEXPREC *, struct SEXPREC *, struct SEXPREC *, struct SEXPREC *, struct SEXPREC *) noexcept	true				external	2
decl:c:@N@charr@N@base_backend@F@ci_sub_replacement_all#*$@S@SEXPREC#S0_#S0_#S0_#S0_#S0_#S0_#	function	ci_sub_replacement_all	charr::base_backend::ci_sub_replacement_all	charr::base_backend	charr::base_backend	true	src/base_backend/ci_sub.cpp	1130	unit:src/base_backend/ci_sub.cpp	base	entrypoint	struct SEXPREC *(struct SEXPREC *, struct SEXPREC *, struct SEXPREC *, struct SEXPREC *, struct SEXPREC *, struct SEXPREC *, struct SEXPREC *) noexcept	true				external	2
decl:c:@N@charr@N@base_backend@F@ci_trans_nfc#*$@S@SEXPREC#	function	ci_trans_nfc	charr::base_backend::ci_trans_nfc	charr::base_backend	charr::base_backend	true	src/base_backend/ci_trans_normalization.cpp	65	unit:src/base_backend/ci_trans_normalization.cpp	base	entrypoint	struct SEXPREC *(struct SEXPREC *) noexcept	true				external	2
decl:c:@N@charr@N@base_backend@F@ci_trans_tolower#*$@S@SEXPREC#S0_#	function	ci_trans_tolower	charr::base_backend::ci_trans_tolower	charr::base_backend	charr::base_backend	true	src/base_backend/ci_trans_casemap.cpp	70	unit:src/base_backend/ci_trans_casemap.cpp	base	entrypoint	struct SEXPREC *(struct SEXPREC *, struct SEXPREC *) noexcept	true				external	2
decl:c:@N@charr@N@base_backend@F@ci_trans_totitle#*$@S@SEXPREC#S0_#	function	ci_trans_totitle	charr::base_backend::ci_trans_totitle	charr::base_backend	charr::base_backend	true	src/base_backend/ci_trans_title.cpp	278	unit:src/base_backend/ci_trans_title.cpp	base	entrypoint	struct SEXPREC *(struct SEXPREC *, struct SEXPREC *) noexcept	true				external	2
decl:c:@N@charr@N@base_backend@F@ci_trans_toupper#*$@S@SEXPREC#S0_#	function	ci_trans_toupper	charr::base_backend::ci_trans_toupper	charr::base_backend	charr::base_backend	true	src/base_backend/ci_trans_casemap.cpp	150	unit:src/base_backend/ci_trans_casemap.cpp	base	entrypoint	struct SEXPREC *(struct SEXPREC *, struct SEXPREC *) noexcept	true				external	2
decl:c:@N@charr@N@base_backend@F@ci_trim_both#*$@S@SEXPREC#S0_#S0_#	function	ci_trim_both	charr::base_backend::ci_trim_both	charr::base_backend	charr::base_backend	true	src/base_backend/ci_search_class_trim.cpp	259	unit:src/base_backend/ci_search_class_trim.cpp	base	entrypoint	struct SEXPREC *(struct SEXPREC *, struct SEXPREC *, struct SEXPREC *) noexcept	true				external	2
decl:c:@N@charr@N@base_backend@F@ci_trim_left#*$@S@SEXPREC#S0_#S0_#	function	ci_trim_left	charr::base_backend::ci_trim_left	charr::base_backend	charr::base_backend	true	src/base_backend/ci_search_class_trim.cpp	373	unit:src/base_backend/ci_search_class_trim.cpp	base	entrypoint	struct SEXPREC *(struct SEXPREC *, struct SEXPREC *, struct SEXPREC *) noexcept	true				external	2
decl:c:@N@charr@N@base_backend@F@ci_trim_right#*$@S@SEXPREC#S0_#S0_#	function	ci_trim_right	charr::base_backend::ci_trim_right	charr::base_backend	charr::base_backend	true	src/base_backend/ci_search_class_trim.cpp	487	unit:src/base_backend/ci_search_class_trim.cpp	base	entrypoint	struct SEXPREC *(struct SEXPREC *, struct SEXPREC *, struct SEXPREC *) noexcept	true				external	2
decl:c:@N@charr@N@base_backend@F@ci_width#*$@S@SEXPREC#	function	ci_width	charr::base_backend::ci_width	charr::base_backend	charr::base_backend	true	src/base_backend/ci_length.cpp	487	unit:src/base_backend/ci_length.cpp	base	entrypoint	struct SEXPREC *(struct SEXPREC *) noexcept	true				external	2
decl:c:@N@charr@N@base_backend@F@ci_wrap#*$@S@SEXPREC#S0_#S0_#S0_#S0_#S0_#S0_#S0_#S0_#S0_#S0_#S0_#	function	ci_wrap	charr::base_backend::ci_wrap	charr::base_backend	charr::base_backend	true	src/base_backend/ci_wrap.cpp	218	unit:src/base_backend/ci_wrap.cpp	base	entrypoint	struct SEXPREC *(struct SEXPREC *, struct SEXPREC *, struct SEXPREC *, struct SEXPREC *, struct SEXPREC *, struct SEXPREC *, struct SEXPREC *, struct SEXPREC *, struct SEXPREC *, struct SEXPREC *, struct SEXPREC *, struct SEXPREC *) noexcept	true				external	2
decl:c:@N@charr@N@base_backend@N@boundary@F@match_type#*1C#l#	function	match_type	charr::base_backend::boundary::match_type	charr::base_backend::boundary	charr::base_backend::boundary	true	src/base_backend/boundary/options_r.cpp	141	unit:src/base_backend/boundary/options_r.cpp	base	neutral_helper	int (const char *, unsigned long) noexcept	true				external	1
decl:c:@N@charr@N@base_backend@N@boundary@F@option_names_r#*$@S@SEXPREC#&I#	function	option_names_r	charr::base_backend::boundary::option_names_r	charr::base_backend::boundary	charr::base_backend::boundary	true	src/base_backend/boundary/options_r.cpp	16	unit:src/base_backend/boundary/options_r.cpp	base	r_helper	struct SEXPREC *(struct SEXPREC *, int &) noexcept	true				external	1
decl:c:@N@charr@N@base_backend@N@boundary@F@prepare_locale_r#*$@S@SEXPREC#	function	prepare_locale_r	charr::base_backend::boundary::prepare_locale_r	charr::base_backend::boundary	charr::base_backend::boundary	true	src/base_backend/boundary/options_r.cpp	30	unit:src/base_backend/boundary/options_r.cpp	base	r_helper	const char *(struct SEXPREC *) noexcept	true				external	1
decl:c:@N@charr@N@base_backend@N@boundary@F@prepare_options_r#*$@S@SEXPREC#$@E@UBreakIteratorType#	function	prepare_options_r	charr::base_backend::boundary::prepare_options_r	charr::base_backend::boundary	charr::base_backend::boundary	true	src/base_backend/boundary/options_r.cpp	238	unit:src/base_backend/boundary/options_r.cpp	base	r_helper	struct charr::shared::BoundaryOptions (struct SEXPREC *, enum UBreakIteratorType) noexcept	true				external	5
decl:c:@N@charr@N@base_backend@N@boundary@F@prepare_skip_rules_r#*$@S@SEXPREC#&$@N@charr@N@shared@S@BoundaryOptions#	function	prepare_skip_rules_r	charr::base_backend::boundary::prepare_skip_rules_r	charr::base_backend::boundary	charr::base_backend::boundary	true	src/base_backend/boundary/options_r.cpp	103	unit:src/base_backend/boundary/options_r.cpp	base	r_helper	void (struct SEXPREC *, struct charr::shared::BoundaryOptions &) noexcept	true				external	1
decl:c:@N@charr@N@base_backend@N@boundary@F@prepare_type_r#*$@S@SEXPREC#&$@N@charr@N@shared@S@BoundaryOptions#	function	prepare_type_r	charr::base_backend::boundary::prepare_type_r	charr::base_backend::boundary	charr::base_backend::boundary	true	src/base_backend/boundary/options_r.cpp	164	unit:src/base_backend/boundary/options_r.cpp	base	r_helper	void (struct SEXPREC *, struct charr::shared::BoundaryOptions &) noexcept	true				external	1
decl:c:@N@charr@N@base_backend@N@boundary@F@skip_interval#*1C#&I#S1_#	function	skip_interval	charr::base_backend::boundary::skip_interval	charr::base_backend::boundary	charr::base_backend::boundary	true	src/base_backend/boundary/options_r.cpp	57	unit:src/base_backend/boundary/options_r.cpp	base	neutral_helper	_Bool (const char *, int &, int &) noexcept	true				external	1
decl:c:@N@charr@N@base_backend@N@collator@F@default_options#b#*1C#	function	default_options	charr::base_backend::collator::default_options	charr::base_backend::collator	charr::base_backend::collator	true	src/base_backend/collator/options.cpp	14	unit:src/base_backend/collator/options.cpp	base	neutral_helper	struct charr::shared::CollatorOptions (_Bool, const char *) noexcept	true				external	1
decl:c:@N@charr@N@base_backend@N@collator@F@prepare_options#*$@S@SEXPREC#	function	prepare_options	charr::base_backend::collator::prepare_options	charr::base_backend::collator	charr::base_backend::collator	true	src/base_backend/collator/options.cpp	32	unit:src/base_backend/collator/options.cpp	base	r_helper	struct charr::shared::CollatorOptions (struct SEXPREC *) noexcept	true				external	11
decl:c:@N@charr@N@base_backend@N@compare@F@recycling_length#I#I#&b#	function	recycling_length	charr::base_backend::compare::recycling_length	charr::base_backend::compare	charr::base_backend	true	src/base_backend/ci_compare.cpp	56	unit:src/base_backend/ci_compare.cpp	base	neutral_helper	int (int, int, _Bool &) noexcept	true				external	1
decl:c:@N@charr@N@base_backend@N@compare@F@require_icu_success#$@E@UErrorCode#	function	require_icu_success	charr::base_backend::compare::require_icu_success	charr::base_backend::compare	charr::base_backend	true	src/base_backend/ci_compare.cpp	70	unit:src/base_backend/ci_compare.cpp	base	cxx_helper	void (enum UErrorCode)	false				external	1
decl:c:@N@charr@N@base_backend@N@dup@F@direct_string_view#*$@S@SEXPREC#	function	direct_string_view	charr::base_backend::dup::direct_string_view	charr::base_backend::dup	charr::base_backend	true	src/base_backend/ci_dup.cpp	73	unit:src/base_backend/ci_dup.cpp	base	r_helper	struct charr::shared::StringView (struct SEXPREC *) noexcept	true				external	1
decl:c:@N@charr@N@base_backend@N@dup@F@no_slot#	function	no_slot	charr::base_backend::dup::no_slot	charr::base_backend::dup	charr::base_backend	true	src/base_backend/ci_dup.cpp	67	unit:src/base_backend/ci_dup.cpp	base	neutral_helper	unsigned long (void) noexcept	true				external	1
decl:c:@N@charr@N@base_backend@N@dup@F@recycling_length#I#I#&b#	function	recycling_length	charr::base_backend::dup::recycling_length	charr::base_backend::dup	charr::base_backend	true	src/base_backend/ci_dup.cpp	53	unit:src/base_backend/ci_dup.cpp	base	neutral_helper	int (int, int, _Bool &) noexcept	true				external	1
decl:c:@N@charr@N@base_backend@N@duplicated@F@emit_warnings#b#	function	emit_warnings	charr::base_backend::duplicated::emit_warnings	charr::base_backend::duplicated	charr::base_backend	true	src/base_backend/ci_duplicated.cpp	61	unit:src/base_backend/ci_duplicated.cpp	base	r_helper	void (_Bool) noexcept	true				external	1
decl:c:@N@charr@N@base_backend@N@duplicated@F@require_icu_success#$@E@UErrorCode#	function	require_icu_success	charr::base_backend::duplicated::require_icu_success	charr::base_backend::duplicated	charr::base_backend	true	src/base_backend/ci_duplicated.cpp	54	unit:src/base_backend/ci_duplicated.cpp	base	cxx_helper	void (enum UErrorCode)	false				external	1
decl:c:@N@charr@N@base_backend@N@encoding_conversion@F@copy_identity_r#*$@S@SEXPREC#S0_#	function	copy_identity_r	charr::base_backend::encoding_conversion::copy_identity_r	charr::base_backend::encoding_conversion	charr::base_backend	true	src/base_backend/ci_encoding_conversion.cpp	158	unit:src/base_backend/ci_encoding_conversion.cpp	base	r_helper	void (struct SEXPREC *, struct SEXPREC *) noexcept	true				external	1
decl:c:@N@charr@N@base_backend@N@encoding_conversion@F@decode_marked#&1$@N@charr@N@shared@S@StringView#&$@N@charr@N@shared@S@NativeToUtf8#&$@N@icu_78@S@UnicodeString#	function	decode_marked	charr::base_backend::encoding_conversion::decode_marked	charr::base_backend::encoding_conversion	charr::base_backend	true	src/base_backend/ci_encoding_conversion.cpp	181	unit:src/base_backend/ci_encoding_conversion.cpp	base	cxx_helper	void (const struct charr::shared::StringView &, class charr::shared::NativeToUtf8 &, class icu_78::UnicodeString &)	false				external	1
decl:c:@N@charr@N@base_backend@N@encoding_conversion@F@explicit_record_r#*$@S@SEXPREC#$@N@charr@N@base_backend@N@encoding_conversion@E@InputKind#I#	function	explicit_record_r	charr::base_backend::encoding_conversion::explicit_record_r	charr::base_backend::encoding_conversion	charr::base_backend	true	src/base_backend/ci_encoding_conversion.cpp	127	unit:src/base_backend/ci_encoding_conversion.cpp	base	r_helper	struct charr::base_backend::encoding_conversion::ByteRecord (struct SEXPREC *, enum charr::base_backend::encoding_conversion::InputKind, int) noexcept	true				external	1
decl:c:@N@charr@N@base_backend@N@encoding_conversion@F@install_output_r#*$@S@SEXPREC#I#b#*1C#l#$@EA@cetype_t#&$@N@charr@N@shared@S@ProtHelper#	function	install_output_r	charr::base_backend::encoding_conversion::install_output_r	charr::base_backend::encoding_conversion	charr::base_backend	true	src/base_backend/ci_encoding_conversion.cpp	328	unit:src/base_backend/ci_encoding_conversion.cpp	base	r_helper	void (struct SEXPREC *, int, _Bool, const char *, unsigned long, cetype_t, class charr::shared::ProtHelper &) noexcept	true				external	1
decl:c:@N@charr@N@base_backend@N@encoding_conversion@F@plain_utf8_identity_r#*$@S@SEXPREC#b#	function	plain_utf8_identity_r	charr::base_backend::encoding_conversion::plain_utf8_identity_r	charr::base_backend::encoding_conversion	charr::base_backend	true	src/base_backend/ci_encoding_conversion.cpp	103	unit:src/base_backend/ci_encoding_conversion.cpp	base	r_helper	_Bool (struct SEXPREC *, _Bool) noexcept	true				external	1
decl:c:@N@charr@N@base_backend@N@encoding_conversion@F@release_conversion_state#&$@N@charr@N@base_backend@S@StriUcnv#S0_#&$@N@charr@N@shared@S@NativeToUtf8#	function	release_conversion_state	charr::base_backend::encoding_conversion::release_conversion_state	charr::base_backend::encoding_conversion	charr::base_backend	true	src/base_backend/ci_encoding_conversion.cpp	354	unit:src/base_backend/ci_encoding_conversion.cpp	base	cxx_helper	void (class charr::base_backend::StriUcnv &, class charr::base_backend::StriUcnv &, class charr::shared::NativeToUtf8 &)	false				external	1
decl:c:@N@charr@N@base_backend@N@encoding_conversion@F@transcode_direct#*$@S@UConverter#S0_#*1C#I#&$@N@charr@N@base_backend@S@String8buf#	function	transcode_direct	charr::base_backend::encoding_conversion::transcode_direct	charr::base_backend::encoding_conversion	charr::base_backend	true	src/base_backend/ci_encoding_conversion.cpp	268	unit:src/base_backend/ci_encoding_conversion.cpp	base	cxx_helper	unsigned long (struct UConverter *, struct UConverter *, const char *, int, class charr::base_backend::String8buf &)	false				external	1
decl:c:@N@charr@N@base_backend@N@encoding_conversion@F@transcode_utf16#*$@S@UConverter#&1$@N@icu_78@S@UnicodeString#&$@N@charr@N@base_backend@S@String8buf#	function	transcode_utf16	charr::base_backend::encoding_conversion::transcode_utf16	charr::base_backend::encoding_conversion	charr::base_backend	true	src/base_backend/ci_encoding_conversion.cpp	226	unit:src/base_backend/ci_encoding_conversion.cpp	base	cxx_helper	unsigned long (struct UConverter *, const class icu_78::UnicodeString &, class charr::base_backend::String8buf &)	false				external	1
decl:c:@N@charr@N@base_backend@N@encoding_conversion@F@utf8_encoding_name#*1C#	function	utf8_encoding_name	charr::base_backend::encoding_conversion::utf8_encoding_name	charr::base_backend::encoding_conversion	charr::base_backend	true	src/base_backend/ci_encoding_conversion.cpp	69	unit:src/base_backend/ci_encoding_conversion.cpp	base	neutral_helper	_Bool (const char *) noexcept	true				external	1
decl:c:@N@charr@N@base_backend@N@encoding_conversion@F@valid_utf8_bytes#*1C#I#&b#S1_#	function	valid_utf8_bytes	charr::base_backend::encoding_conversion::valid_utf8_bytes	charr::base_backend::encoding_conversion	charr::base_backend	true	src/base_backend/ci_encoding_conversion.cpp	76	unit:src/base_backend/ci_encoding_conversion.cpp	base	neutral_helper	_Bool (const char *, int, _Bool &, _Bool &) noexcept	true				external	1
decl:c:@N@charr@N@base_backend@N@encoding_conversion@S@ByteRecord	struct	ByteRecord	charr::base_backend::encoding_conversion::ByteRecord	charr::base_backend::encoding_conversion	charr::base_backend	true	src/base_backend/ci_encoding_conversion.cpp	63	unit:src/base_backend/ci_encoding_conversion.cpp	base					false	true	external	1
decl:c:@N@charr@N@base_backend@N@encoding_management@F@emit_diagnostic_r#$@N@charr@N@shared@S@EncodingInfoDiagnostic#	function	emit_diagnostic_r	charr::base_backend::encoding_management::emit_diagnostic_r	charr::base_backend::encoding_management	charr::base_backend	true	src/base_backend/ci_encoding_management.cpp	83	unit:src/base_backend/ci_encoding_management.cpp	base	r_helper	void (struct charr::shared::EncodingInfoDiagnostic) noexcept	true				external	1
decl:c:@N@charr@N@base_backend@N@encoding_management@F@require_icu_success#$@E@UErrorCode#	function	require_icu_success	charr::base_backend::encoding_management::require_icu_success	charr::base_backend::encoding_management	charr::base_backend	true	src/base_backend/ci_encoding_management.cpp	130	unit:src/base_backend/ci_encoding_management.cpp	base	cxx_helper	void (enum UErrorCode)	false				external	1
decl:c:@N@charr@N@base_backend@N@encoding_management@F@set_value_r#*$@S@SEXPREC#I#$@N@charr@N@shared@S@EncodingInfoValue#	function	set_value_r	charr::base_backend::encoding_management::set_value_r	charr::base_backend::encoding_management	charr::base_backend	true	src/base_backend/ci_encoding_management.cpp	47	unit:src/base_backend/ci_encoding_management.cpp	base	r_helper	void (struct SEXPREC *, int, struct charr::shared::EncodingInfoValue) noexcept	true				external	1
decl:c:@N@charr@N@base_backend@N@entrypoints@F@C_charr_base_ci_cmp_equiv	function	C_charr_base_ci_cmp_equiv	charr::base_backend::entrypoints::C_charr_base_ci_cmp_equiv	charr::base_backend::entrypoints	charr::base_backend	true	src/base_backend/entrypoints.cpp	16	unit:src/base_backend/entrypoints.cpp	base	abi_shim	struct SEXPREC *(struct SEXPREC *, struct SEXPREC *, struct SEXPREC *) noexcept	true				external	2
decl:c:@N@charr@N@base_backend@N@entrypoints@F@C_charr_base_ci_count_boundaries	function	C_charr_base_ci_count_boundaries	charr::base_backend::entrypoints::C_charr_base_ci_count_boundaries	charr::base_backend::entrypoints	charr::base_backend	true	src/base_backend/entrypoints.cpp	16	unit:src/base_backend/entrypoints.cpp	base	abi_shim	struct SEXPREC *(struct SEXPREC *, struct SEXPREC *) noexcept	true				external	2
decl:c:@N@charr@N@base_backend@N@entrypoints@F@C_charr_base_ci_count_coll	function	C_charr_base_ci_count_coll	charr::base_backend::entrypoints::C_charr_base_ci_count_coll	charr::base_backend::entrypoints	charr::base_backend	true	src/base_backend/entrypoints.cpp	16	unit:src/base_backend/entrypoints.cpp	base	abi_shim	struct SEXPREC *(struct SEXPREC *, struct SEXPREC *, struct SEXPREC *) noexcept	true				external	2
decl:c:@N@charr@N@base_backend@N@entrypoints@F@C_charr_base_ci_count_fixed	function	C_charr_base_ci_count_fixed	charr::base_backend::entrypoints::C_charr_base_ci_count_fixed	charr::base_backend::entrypoints	charr::base_backend	true	src/base_backend/entrypoints.cpp	16	unit:src/base_backend/entrypoints.cpp	base	abi_shim	struct SEXPREC *(struct SEXPREC *, struct SEXPREC *, struct SEXPREC *) noexcept	true				external	2
decl:c:@N@charr@N@base_backend@N@entrypoints@F@C_charr_base_ci_count_regex	function	C_charr_base_ci_count_regex	charr::base_backend::entrypoints::C_charr_base_ci_count_regex	charr::base_backend::entrypoints	charr::base_backend	true	src/base_backend/entrypoints.cpp	16	unit:src/base_backend/entrypoints.cpp	base	abi_shim	struct SEXPREC *(struct SEXPREC *, struct SEXPREC *, struct SEXPREC *) noexcept	true				external	2
decl:c:@N@charr@N@base_backend@N@entrypoints@F@C_charr_base_ci_detect_coll	function	C_charr_base_ci_detect_coll	charr::base_backend::entrypoints::C_charr_base_ci_detect_coll	charr::base_backend::entrypoints	charr::base_backend	true	src/base_backend/entrypoints.cpp	16	unit:src/base_backend/entrypoints.cpp	base	abi_shim	struct SEXPREC *(struct SEXPREC *, struct SEXPREC *, struct SEXPREC *, struct SEXPREC *, struct SEXPREC *) noexcept	true				external	2
decl:c:@N@charr@N@base_backend@N@entrypoints@F@C_charr_base_ci_detect_fixed	function	C_charr_base_ci_detect_fixed	charr::base_backend::entrypoints::C_charr_base_ci_detect_fixed	charr::base_backend::entrypoints	charr::base_backend	true	src/base_backend/entrypoints.cpp	16	unit:src/base_backend/entrypoints.cpp	base	abi_shim	struct SEXPREC *(struct SEXPREC *, struct SEXPREC *, struct SEXPREC *, struct SEXPREC *, struct SEXPREC *) noexcept	true				external	2
decl:c:@N@charr@N@base_backend@N@entrypoints@F@C_charr_base_ci_detect_regex	function	C_charr_base_ci_detect_regex	charr::base_backend::entrypoints::C_charr_base_ci_detect_regex	charr::base_backend::entrypoints	charr::base_backend	true	src/base_backend/entrypoints.cpp	16	unit:src/base_backend/entrypoints.cpp	base	abi_shim	struct SEXPREC *(struct SEXPREC *, struct SEXPREC *, struct SEXPREC *, struct SEXPREC *, struct SEXPREC *) noexcept	true				external	2
decl:c:@N@charr@N@base_backend@N@entrypoints@F@C_charr_base_ci_dup	function	C_charr_base_ci_dup	charr::base_backend::entrypoints::C_charr_base_ci_dup	charr::base_backend::entrypoints	charr::base_backend	true	src/base_backend/entrypoints.cpp	16	unit:src/base_backend/entrypoints.cpp	base	abi_shim	struct SEXPREC *(struct SEXPREC *, struct SEXPREC *) noexcept	true				external	2
decl:c:@N@charr@N@base_backend@N@entrypoints@F@C_charr_base_ci_duplicated	function	C_charr_base_ci_duplicated	charr::base_backend::entrypoints::C_charr_base_ci_duplicated	charr::base_backend::entrypoints	charr::base_backend	true	src/base_backend/entrypoints.cpp	16	unit:src/base_backend/entrypoints.cpp	base	abi_shim	struct SEXPREC *(struct SEXPREC *, struct SEXPREC *, struct SEXPREC *) noexcept	true				external	2
decl:c:@N@charr@N@base_backend@N@entrypoints@F@C_charr_base_ci_enc_info	function	C_charr_base_ci_enc_info	charr::base_backend::entrypoints::C_charr_base_ci_enc_info	charr::base_backend::entrypoints	charr::base_backend	true	src/base_backend/entrypoints.cpp	16	unit:src/base_backend/entrypoints.cpp	base	abi_shim	struct SEXPREC *(struct SEXPREC *) noexcept	true				external	2
decl:c:@N@charr@N@base_backend@N@entrypoints@F@C_charr_base_ci_encode	function	C_charr_base_ci_encode	charr::base_backend::entrypoints::C_charr_base_ci_encode	charr::base_backend::entrypoints	charr::base_backend	true	src/base_backend/entrypoints.cpp	16	unit:src/base_backend/entrypoints.cpp	base	abi_shim	struct SEXPREC *(struct SEXPREC *, struct SEXPREC *, struct SEXPREC *, struct SEXPREC *) noexcept	true				external	2
decl:c:@N@charr@N@base_backend@N@entrypoints@F@C_charr_base_ci_endswith_coll	function	C_charr_base_ci_endswith_coll	charr::base_backend::entrypoints::C_charr_base_ci_endswith_coll	charr::base_backend::entrypoints	charr::base_backend	true	src/base_backend/entrypoints.cpp	16	unit:src/base_backend/entrypoints.cpp	base	abi_shim	struct SEXPREC *(struct SEXPREC *, struct SEXPREC *, struct SEXPREC *, struct SEXPREC *, struct SEXPREC *) noexcept	true				external	2
decl:c:@N@charr@N@base_backend@N@entrypoints@F@C_charr_base_ci_endswith_fixed	function	C_charr_base_ci_endswith_fixed	charr::base_backend::entrypoints::C_charr_base_ci_endswith_fixed	charr::base_backend::entrypoints	charr::base_backend	true	src/base_backend/entrypoints.cpp	16	unit:src/base_backend/entrypoints.cpp	base	abi_shim	struct SEXPREC *(struct SEXPREC *, struct SEXPREC *, struct SEXPREC *, struct SEXPREC *, struct SEXPREC *) noexcept	true				external	2
decl:c:@N@charr@N@base_backend@N@entrypoints@F@C_charr_base_ci_escape_unicode	function	C_charr_base_ci_escape_unicode	charr::base_backend::entrypoints::C_charr_base_ci_escape_unicode	charr::base_backend::entrypoints	charr::base_backend	true	src/base_backend/entrypoints.cpp	16	unit:src/base_backend/entrypoints.cpp	base	abi_shim	struct SEXPREC *(struct SEXPREC *) noexcept	true				external	2
decl:c:@N@charr@N@base_backend@N@entrypoints@F@C_charr_base_ci_extract_all_boundaries	function	C_charr_base_ci_extract_all_boundaries	charr::base_backend::entrypoints::C_charr_base_ci_extract_all_boundaries	charr::base_backend::entrypoints	charr::base_backend	true	src/base_backend/entrypoints.cpp	16	unit:src/base_backend/entrypoints.cpp	base	abi_shim	struct SEXPREC *(struct SEXPREC *, struct SEXPREC *, struct SEXPREC *, struct SEXPREC *) noexcept	true				external	2
decl:c:@N@charr@N@base_backend@N@entrypoints@F@C_charr_base_ci_extract_all_coll	function	C_charr_base_ci_extract_all_coll	charr::base_backend::entrypoints::C_charr_base_ci_extract_all_coll	charr::base_backend::entrypoints	charr::base_backend	true	src/base_backend/entrypoints.cpp	16	unit:src/base_backend/entrypoints.cpp	base	abi_shim	struct SEXPREC *(struct SEXPREC *, struct SEXPREC *, struct SEXPREC *, struct SEXPREC *, struct SEXPREC *) noexcept	true				external	2
decl:c:@N@charr@N@base_backend@N@entrypoints@F@C_charr_base_ci_extract_all_fixed	function	C_charr_base_ci_extract_all_fixed	charr::base_backend::entrypoints::C_charr_base_ci_extract_all_fixed	charr::base_backend::entrypoints	charr::base_backend	true	src/base_backend/entrypoints.cpp	16	unit:src/base_backend/entrypoints.cpp	base	abi_shim	struct SEXPREC *(struct SEXPREC *, struct SEXPREC *, struct SEXPREC *, struct SEXPREC *, struct SEXPREC *) noexcept	true				external	2
decl:c:@N@charr@N@base_backend@N@entrypoints@F@C_charr_base_ci_extract_all_regex	function	C_charr_base_ci_extract_all_regex	charr::base_backend::entrypoints::C_charr_base_ci_extract_all_regex	charr::base_backend::entrypoints	charr::base_backend	true	src/base_backend/entrypoints.cpp	16	unit:src/base_backend/entrypoints.cpp	base	abi_shim	struct SEXPREC *(struct SEXPREC *, struct SEXPREC *, struct SEXPREC *, struct SEXPREC *, struct SEXPREC *) noexcept	true				external	2
decl:c:@N@charr@N@base_backend@N@entrypoints@F@C_charr_base_ci_extract_first_boundaries	function	C_charr_base_ci_extract_first_boundaries	charr::base_backend::entrypoints::C_charr_base_ci_extract_first_boundaries	charr::base_backend::entrypoints	charr::base_backend	true	src/base_backend/entrypoints.cpp	16	unit:src/base_backend/entrypoints.cpp	base	abi_shim	struct SEXPREC *(struct SEXPREC *, struct SEXPREC *) noexcept	true				external	2
decl:c:@N@charr@N@base_backend@N@entrypoints@F@C_charr_base_ci_extract_first_coll	function	C_charr_base_ci_extract_first_coll	charr::base_backend::entrypoints::C_charr_base_ci_extract_first_coll	charr::base_backend::entrypoints	charr::base_backend	true	src/base_backend/entrypoints.cpp	16	unit:src/base_backend/entrypoints.cpp	base	abi_shim	struct SEXPREC *(struct SEXPREC *, struct SEXPREC *, struct SEXPREC *) noexcept	true				external	2
decl:c:@N@charr@N@base_backend@N@entrypoints@F@C_charr_base_ci_extract_first_fixed	function	C_charr_base_ci_extract_first_fixed	charr::base_backend::entrypoints::C_charr_base_ci_extract_first_fixed	charr::base_backend::entrypoints	charr::base_backend	true	src/base_backend/entrypoints.cpp	16	unit:src/base_backend/entrypoints.cpp	base	abi_shim	struct SEXPREC *(struct SEXPREC *, struct SEXPREC *, struct SEXPREC *) noexcept	true				external	2
decl:c:@N@charr@N@base_backend@N@entrypoints@F@C_charr_base_ci_extract_first_regex	function	C_charr_base_ci_extract_first_regex	charr::base_backend::entrypoints::C_charr_base_ci_extract_first_regex	charr::base_backend::entrypoints	charr::base_backend	true	src/base_backend/entrypoints.cpp	16	unit:src/base_backend/entrypoints.cpp	base	abi_shim	struct SEXPREC *(struct SEXPREC *, struct SEXPREC *, struct SEXPREC *) noexcept	true				external	2
decl:c:@N@charr@N@base_backend@N@entrypoints@F@C_charr_base_ci_flatten	function	C_charr_base_ci_flatten	charr::base_backend::entrypoints::C_charr_base_ci_flatten	charr::base_backend::entrypoints	charr::base_backend	true	src/base_backend/entrypoints.cpp	16	unit:src/base_backend/entrypoints.cpp	base	abi_shim	struct SEXPREC *(struct SEXPREC *, struct SEXPREC *, struct SEXPREC *, struct SEXPREC *) noexcept	true				external	2
decl:c:@N@charr@N@base_backend@N@entrypoints@F@C_charr_base_ci_join	function	C_charr_base_ci_join	charr::base_backend::entrypoints::C_charr_base_ci_join	charr::base_backend::entrypoints	charr::base_backend	true	src/base_backend/entrypoints.cpp	16	unit:src/base_backend/entrypoints.cpp	base	abi_shim	struct SEXPREC *(struct SEXPREC *, struct SEXPREC *, struct SEXPREC *, struct SEXPREC *) noexcept	true				external	2
decl:c:@N@charr@N@base_backend@N@entrypoints@F@C_charr_base_ci_length	function	C_charr_base_ci_length	charr::base_backend::entrypoints::C_charr_base_ci_length	charr::base_backend::entrypoints	charr::base_backend	true	src/base_backend/entrypoints.cpp	16	unit:src/base_backend/entrypoints.cpp	base	abi_shim	struct SEXPREC *(struct SEXPREC *) noexcept	true				external	2
decl:c:@N@charr@N@base_backend@N@entrypoints@F@C_charr_base_ci_locate_all_boundaries	function	C_charr_base_ci_locate_all_boundaries	charr::base_backend::entrypoints::C_charr_base_ci_locate_all_boundaries	charr::base_backend::entrypoints	charr::base_backend	true	src/base_backend/entrypoints.cpp	16	unit:src/base_backend/entrypoints.cpp	base	abi_shim	struct SEXPREC *(struct SEXPREC *, struct SEXPREC *, struct SEXPREC *, struct SEXPREC *) noexcept	true				external	2
decl:c:@N@charr@N@base_backend@N@entrypoints@F@C_charr_base_ci_locate_all_coll	function	C_charr_base_ci_locate_all_coll	charr::base_backend::entrypoints::C_charr_base_ci_locate_all_coll	charr::base_backend::entrypoints	charr::base_backend	true	src/base_backend/entrypoints.cpp	16	unit:src/base_backend/entrypoints.cpp	base	abi_shim	struct SEXPREC *(struct SEXPREC *, struct SEXPREC *, struct SEXPREC *, struct SEXPREC *, struct SEXPREC *) noexcept	true				external	2
decl:c:@N@charr@N@base_backend@N@entrypoints@F@C_charr_base_ci_locate_all_fixed	function	C_charr_base_ci_locate_all_fixed	charr::base_backend::entrypoints::C_charr_base_ci_locate_all_fixed	charr::base_backend::entrypoints	charr::base_backend	true	src/base_backend/entrypoints.cpp	16	unit:src/base_backend/entrypoints.cpp	base	abi_shim	struct SEXPREC *(struct SEXPREC *, struct SEXPREC *, struct SEXPREC *, struct SEXPREC *, struct SEXPREC *) noexcept	true				external	2
decl:c:@N@charr@N@base_backend@N@entrypoints@F@C_charr_base_ci_locate_all_regex	function	C_charr_base_ci_locate_all_regex	charr::base_backend::entrypoints::C_charr_base_ci_locate_all_regex	charr::base_backend::entrypoints	charr::base_backend	true	src/base_backend/entrypoints.cpp	16	unit:src/base_backend/entrypoints.cpp	base	abi_shim	struct SEXPREC *(struct SEXPREC *, struct SEXPREC *, struct SEXPREC *, struct SEXPREC *, struct SEXPREC *, struct SEXPREC *) noexcept	true				external	2
decl:c:@N@charr@N@base_backend@N@entrypoints@F@C_charr_base_ci_locate_first_boundaries	function	C_charr_base_ci_locate_first_boundaries	charr::base_backend::entrypoints::C_charr_base_ci_locate_first_boundaries	charr::base_backend::entrypoints	charr::base_backend	true	src/base_backend/entrypoints.cpp	16	unit:src/base_backend/entrypoints.cpp	base	abi_shim	struct SEXPREC *(struct SEXPREC *, struct SEXPREC *, struct SEXPREC *) noexcept	true				external	2
decl:c:@N@charr@N@base_backend@N@entrypoints@F@C_charr_base_ci_locate_first_coll	function	C_charr_base_ci_locate_first_coll	charr::base_backend::entrypoints::C_charr_base_ci_locate_first_coll	charr::base_backend::entrypoints	charr::base_backend	true	src/base_backend/entrypoints.cpp	16	unit:src/base_backend/entrypoints.cpp	base	abi_shim	struct SEXPREC *(struct SEXPREC *, struct SEXPREC *, struct SEXPREC *, struct SEXPREC *) noexcept	true				external	2
decl:c:@N@charr@N@base_backend@N@entrypoints@F@C_charr_base_ci_locate_first_fixed	function	C_charr_base_ci_locate_first_fixed	charr::base_backend::entrypoints::C_charr_base_ci_locate_first_fixed	charr::base_backend::entrypoints	charr::base_backend	true	src/base_backend/entrypoints.cpp	16	unit:src/base_backend/entrypoints.cpp	base	abi_shim	struct SEXPREC *(struct SEXPREC *, struct SEXPREC *, struct SEXPREC *, struct SEXPREC *) noexcept	true				external	2
decl:c:@N@charr@N@base_backend@N@entrypoints@F@C_charr_base_ci_locate_first_regex	function	C_charr_base_ci_locate_first_regex	charr::base_backend::entrypoints::C_charr_base_ci_locate_first_regex	charr::base_backend::entrypoints	charr::base_backend	true	src/base_backend/entrypoints.cpp	16	unit:src/base_backend/entrypoints.cpp	base	abi_shim	struct SEXPREC *(struct SEXPREC *, struct SEXPREC *, struct SEXPREC *, struct SEXPREC *, struct SEXPREC *) noexcept	true				external	2
decl:c:@N@charr@N@base_backend@N@entrypoints@F@C_charr_base_ci_match_all_regex	function	C_charr_base_ci_match_all_regex	charr::base_backend::entrypoints::C_charr_base_ci_match_all_regex	charr::base_backend::entrypoints	charr::base_backend	true	src/base_backend/entrypoints.cpp	16	unit:src/base_backend/entrypoints.cpp	base	abi_shim	struct SEXPREC *(struct SEXPREC *, struct SEXPREC *, struct SEXPREC *, struct SEXPREC *, struct SEXPREC *) noexcept	true				external	2
decl:c:@N@charr@N@base_backend@N@entrypoints@F@C_charr_base_ci_match_first_regex	function	C_charr_base_ci_match_first_regex	charr::base_backend::entrypoints::C_charr_base_ci_match_first_regex	charr::base_backend::entrypoints	charr::base_backend	true	src/base_backend/entrypoints.cpp	16	unit:src/base_backend/entrypoints.cpp	base	abi_shim	struct SEXPREC *(struct SEXPREC *, struct SEXPREC *, struct SEXPREC *, struct SEXPREC *) noexcept	true				external	2
decl:c:@N@charr@N@base_backend@N@entrypoints@F@C_charr_base_ci_order	function	C_charr_base_ci_order	charr::base_backend::entrypoints::C_charr_base_ci_order	charr::base_backend::entrypoints	charr::base_backend	true	src/base_backend/entrypoints.cpp	16	unit:src/base_backend/entrypoints.cpp	base	abi_shim	struct SEXPREC *(struct SEXPREC *, struct SEXPREC *, struct SEXPREC *, struct SEXPREC *) noexcept	true				external	2
decl:c:@N@charr@N@base_backend@N@entrypoints@F@C_charr_base_ci_pad	function	C_charr_base_ci_pad	charr::base_backend::entrypoints::C_charr_base_ci_pad	charr::base_backend::entrypoints	charr::base_backend	true	src/base_backend/entrypoints.cpp	16	unit:src/base_backend/entrypoints.cpp	base	abi_shim	struct SEXPREC *(struct SEXPREC *, struct SEXPREC *, struct SEXPREC *, struct SEXPREC *, struct SEXPREC *) noexcept	true				external	2
decl:c:@N@charr@N@base_backend@N@entrypoints@F@C_charr_base_ci_rank	function	C_charr_base_ci_rank	charr::base_backend::entrypoints::C_charr_base_ci_rank	charr::base_backend::entrypoints	charr::base_backend	true	src/base_backend/entrypoints.cpp	16	unit:src/base_backend/entrypoints.cpp	base	abi_shim	struct SEXPREC *(struct SEXPREC *, struct SEXPREC *) noexcept	true				external	2
decl:c:@N@charr@N@base_backend@N@entrypoints@F@C_charr_base_ci_read_lines	function	C_charr_base_ci_read_lines	charr::base_backend::entrypoints::C_charr_base_ci_read_lines	charr::base_backend::entrypoints	charr::base_backend	true	src/base_backend/entrypoints.cpp	16	unit:src/base_backend/entrypoints.cpp	base	abi_shim	struct SEXPREC *(struct SEXPREC *, struct SEXPREC *) noexcept	true				external	2
decl:c:@N@charr@N@base_backend@N@entrypoints@F@C_charr_base_ci_replace_all_charclass	function	C_charr_base_ci_replace_all_charclass	charr::base_backend::entrypoints::C_charr_base_ci_replace_all_charclass	charr::base_backend::entrypoints	charr::base_backend	true	src/base_backend/entrypoints.cpp	16	unit:src/base_backend/entrypoints.cpp	base	abi_shim	struct SEXPREC *(struct SEXPREC *, struct SEXPREC *, struct SEXPREC *, struct SEXPREC *, struct SEXPREC *) noexcept	true				external	2
decl:c:@N@charr@N@base_backend@N@entrypoints@F@C_charr_base_ci_replace_all_coll	function	C_charr_base_ci_replace_all_coll	charr::base_backend::entrypoints::C_charr_base_ci_replace_all_coll	charr::base_backend::entrypoints	charr::base_backend	true	src/base_backend/entrypoints.cpp	16	unit:src/base_backend/entrypoints.cpp	base	abi_shim	struct SEXPREC *(struct SEXPREC *, struct SEXPREC *, struct SEXPREC *, struct SEXPREC *, struct SEXPREC *) noexcept	true				external	2
decl:c:@N@charr@N@base_backend@N@entrypoints@F@C_charr_base_ci_replace_all_fixed	function	C_charr_base_ci_replace_all_fixed	charr::base_backend::entrypoints::C_charr_base_ci_replace_all_fixed	charr::base_backend::entrypoints	charr::base_backend	true	src/base_backend/entrypoints.cpp	16	unit:src/base_backend/entrypoints.cpp	base	abi_shim	struct SEXPREC *(struct SEXPREC *, struct SEXPREC *, struct SEXPREC *, struct SEXPREC *, struct SEXPREC *) noexcept	true				external	2
decl:c:@N@charr@N@base_backend@N@entrypoints@F@C_charr_base_ci_replace_all_regex	function	C_charr_base_ci_replace_all_regex	charr::base_backend::entrypoints::C_charr_base_ci_replace_all_regex	charr::base_backend::entrypoints	charr::base_backend	true	src/base_backend/entrypoints.cpp	16	unit:src/base_backend/entrypoints.cpp	base	abi_shim	struct SEXPREC *(struct SEXPREC *, struct SEXPREC *, struct SEXPREC *, struct SEXPREC *, struct SEXPREC *) noexcept	true				external	2
decl:c:@N@charr@N@base_backend@N@entrypoints@F@C_charr_base_ci_replace_first_coll	function	C_charr_base_ci_replace_first_coll	charr::base_backend::entrypoints::C_charr_base_ci_replace_first_coll	charr::base_backend::entrypoints	charr::base_backend	true	src/base_backend/entrypoints.cpp	16	unit:src/base_backend/entrypoints.cpp	base	abi_shim	struct SEXPREC *(struct SEXPREC *, struct SEXPREC *, struct SEXPREC *, struct SEXPREC *) noexcept	true				external	2
decl:c:@N@charr@N@base_backend@N@entrypoints@F@C_charr_base_ci_replace_first_fixed	function	C_charr_base_ci_replace_first_fixed	charr::base_backend::entrypoints::C_charr_base_ci_replace_first_fixed	charr::base_backend::entrypoints	charr::base_backend	true	src/base_backend/entrypoints.cpp	16	unit:src/base_backend/entrypoints.cpp	base	abi_shim	struct SEXPREC *(struct SEXPREC *, struct SEXPREC *, struct SEXPREC *, struct SEXPREC *) noexcept	true				external	2
decl:c:@N@charr@N@base_backend@N@entrypoints@F@C_charr_base_ci_replace_first_regex	function	C_charr_base_ci_replace_first_regex	charr::base_backend::entrypoints::C_charr_base_ci_replace_first_regex	charr::base_backend::entrypoints	charr::base_backend	true	src/base_backend/entrypoints.cpp	16	unit:src/base_backend/entrypoints.cpp	base	abi_shim	struct SEXPREC *(struct SEXPREC *, struct SEXPREC *, struct SEXPREC *, struct SEXPREC *) noexcept	true				external	2
decl:c:@N@charr@N@base_backend@N@entrypoints@F@C_charr_base_ci_replace_na	function	C_charr_base_ci_replace_na	charr::base_backend::entrypoints::C_charr_base_ci_replace_na	charr::base_backend::entrypoints	charr::base_backend	true	src/base_backend/entrypoints.cpp	16	unit:src/base_backend/entrypoints.cpp	base	abi_shim	struct SEXPREC *(struct SEXPREC *, struct SEXPREC *) noexcept	true				external	2
decl:c:@N@charr@N@base_backend@N@entrypoints@F@C_charr_base_ci_reverse	function	C_charr_base_ci_reverse	charr::base_backend::entrypoints::C_charr_base_ci_reverse	charr::base_backend::entrypoints	charr::base_backend	true	src/base_backend/entrypoints.cpp	16	unit:src/base_backend/entrypoints.cpp	base	abi_shim	struct SEXPREC *(struct SEXPREC *) noexcept	true				external	2
decl:c:@N@charr@N@base_backend@N@entrypoints@F@C_charr_base_ci_split_boundaries	function	C_charr_base_ci_split_boundaries	charr::base_backend::entrypoints::C_charr_base_ci_split_boundaries	charr::base_backend::entrypoints	charr::base_backend	true	src/base_backend/entrypoints.cpp	16	unit:src/base_backend/entrypoints.cpp	base	abi_shim	struct SEXPREC *(struct SEXPREC *, struct SEXPREC *, struct SEXPREC *, struct SEXPREC *, struct SEXPREC *) noexcept	true				external	2
decl:c:@N@charr@N@base_backend@N@entrypoints@F@C_charr_base_ci_split_coll	function	C_charr_base_ci_split_coll	charr::base_backend::entrypoints::C_charr_base_ci_split_coll	charr::base_backend::entrypoints	charr::base_backend	true	src/base_backend/entrypoints.cpp	16	unit:src/base_backend/entrypoints.cpp	base	abi_shim	struct SEXPREC *(struct SEXPREC *, struct SEXPREC *, struct SEXPREC *, struct SEXPREC *, struct SEXPREC *, struct SEXPREC *, struct SEXPREC *) noexcept	true				external	2
decl:c:@N@charr@N@base_backend@N@entrypoints@F@C_charr_base_ci_split_fixed	function	C_charr_base_ci_split_fixed	charr::base_backend::entrypoints::C_charr_base_ci_split_fixed	charr::base_backend::entrypoints	charr::base_backend	true	src/base_backend/entrypoints.cpp	16	unit:src/base_backend/entrypoints.cpp	base	abi_shim	struct SEXPREC *(struct SEXPREC *, struct SEXPREC *, struct SEXPREC *, struct SEXPREC *, struct SEXPREC *, struct SEXPREC *, struct SEXPREC *) noexcept	true				external	2
decl:c:@N@charr@N@base_backend@N@entrypoints@F@C_charr_base_ci_split_lines	function	C_charr_base_ci_split_lines	charr::base_backend::entrypoints::C_charr_base_ci_split_lines	charr::base_backend::entrypoints	charr::base_backend	true	src/base_backend/entrypoints.cpp	16	unit:src/base_backend/entrypoints.cpp	base	abi_shim	struct SEXPREC *(struct SEXPREC *, struct SEXPREC *) noexcept	true				external	2
decl:c:@N@charr@N@base_backend@N@entrypoints@F@C_charr_base_ci_split_lines1	function	C_charr_base_ci_split_lines1	charr::base_backend::entrypoints::C_charr_base_ci_split_lines1	charr::base_backend::entrypoints	charr::base_backend	true	src/base_backend/entrypoints.cpp	16	unit:src/base_backend/entrypoints.cpp	base	abi_shim	struct SEXPREC *(struct SEXPREC *) noexcept	true				external	2
decl:c:@N@charr@N@base_backend@N@entrypoints@F@C_charr_base_ci_split_regex	function	C_charr_base_ci_split_regex	charr::base_backend::entrypoints::C_charr_base_ci_split_regex	charr::base_backend::entrypoints	charr::base_backend	true	src/base_backend/entrypoints.cpp	16	unit:src/base_backend/entrypoints.cpp	base	abi_shim	struct SEXPREC *(struct SEXPREC *, struct SEXPREC *, struct SEXPREC *, struct SEXPREC *, struct SEXPREC *, struct SEXPREC *, struct SEXPREC *) noexcept	true				external	2
decl:c:@N@charr@N@base_backend@N@entrypoints@F@C_charr_base_ci_startswith_coll	function	C_charr_base_ci_startswith_coll	charr::base_backend::entrypoints::C_charr_base_ci_startswith_coll	charr::base_backend::entrypoints	charr::base_backend	true	src/base_backend/entrypoints.cpp	16	unit:src/base_backend/entrypoints.cpp	base	abi_shim	struct SEXPREC *(struct SEXPREC *, struct SEXPREC *, struct SEXPREC *, struct SEXPREC *, struct SEXPREC *) noexcept	true				external	2
decl:c:@N@charr@N@base_backend@N@entrypoints@F@C_charr_base_ci_startswith_fixed	function	C_charr_base_ci_startswith_fixed	charr::base_backend::entrypoints::C_charr_base_ci_startswith_fixed	charr::base_backend::entrypoints	charr::base_backend	true	src/base_backend/entrypoints.cpp	16	unit:src/base_backend/entrypoints.cpp	base	abi_shim	struct SEXPREC *(struct SEXPREC *, struct SEXPREC *, struct SEXPREC *, struct SEXPREC *, struct SEXPREC *) noexcept	true				external	2
decl:c:@N@charr@N@base_backend@N@entrypoints@F@C_charr_base_ci_sub	function	C_charr_base_ci_sub	charr::base_backend::entrypoints::C_charr_base_ci_sub	charr::base_backend::entrypoints	charr::base_backend	true	src/base_backend/entrypoints.cpp	16	unit:src/base_backend/entrypoints.cpp	base	abi_shim	struct SEXPREC *(struct SEXPREC *, struct SEXPREC *, struct SEXPREC *, struct SEXPREC *, struct SEXPREC *, struct SEXPREC *) noexcept	true				external	2
decl:c:@N@charr@N@base_backend@N@entrypoints@F@C_charr_base_ci_sub_all	function	C_charr_base_ci_sub_all	charr::base_backend::entrypoints::C_charr_base_ci_sub_all	charr::base_backend::entrypoints	charr::base_backend	true	src/base_backend/entrypoints.cpp	16	unit:src/base_backend/entrypoints.cpp	base	abi_shim	struct SEXPREC *(struct SEXPREC *, struct SEXPREC *, struct SEXPREC *, struct SEXPREC *, struct SEXPREC *, struct SEXPREC *) noexcept	true				external	2
decl:c:@N@charr@N@base_backend@N@entrypoints@F@C_charr_base_ci_sub_replacement	function	C_charr_base_ci_sub_replacement	charr::base_backend::entrypoints::C_charr_base_ci_sub_replacement	charr::base_backend::entrypoints	charr::base_backend	true	src/base_backend/entrypoints.cpp	16	unit:src/base_backend/entrypoints.cpp	base	abi_shim	struct SEXPREC *(struct SEXPREC *, struct SEXPREC *, struct SEXPREC *, struct SEXPREC *, struct SEXPREC *, struct SEXPREC *, struct SEXPREC *) noexcept	true				external	2
decl:c:@N@charr@N@base_backend@N@entrypoints@F@C_charr_base_ci_sub_replacement_all	function	C_charr_base_ci_sub_replacement_all	charr::base_backend::entrypoints::C_charr_base_ci_sub_replacement_all	charr::base_backend::entrypoints	charr::base_backend	true	src/base_backend/entrypoints.cpp	16	unit:src/base_backend/entrypoints.cpp	base	abi_shim	struct SEXPREC *(struct SEXPREC *, struct SEXPREC *, struct SEXPREC *, struct SEXPREC *, struct SEXPREC *, struct SEXPREC *, struct SEXPREC *) noexcept	true				external	2
decl:c:@N@charr@N@base_backend@N@entrypoints@F@C_charr_base_ci_trans_nfc	function	C_charr_base_ci_trans_nfc	charr::base_backend::entrypoints::C_charr_base_ci_trans_nfc	charr::base_backend::entrypoints	charr::base_backend	true	src/base_backend/entrypoints.cpp	16	unit:src/base_backend/entrypoints.cpp	base	abi_shim	struct SEXPREC *(struct SEXPREC *) noexcept	true				external	2
decl:c:@N@charr@N@base_backend@N@entrypoints@F@C_charr_base_ci_trans_tolower	function	C_charr_base_ci_trans_tolower	charr::base_backend::entrypoints::C_charr_base_ci_trans_tolower	charr::base_backend::entrypoints	charr::base_backend	true	src/base_backend/entrypoints.cpp	16	unit:src/base_backend/entrypoints.cpp	base	abi_shim	struct SEXPREC *(struct SEXPREC *, struct SEXPREC *) noexcept	true				external	2
decl:c:@N@charr@N@base_backend@N@entrypoints@F@C_charr_base_ci_trans_totitle	function	C_charr_base_ci_trans_totitle	charr::base_backend::entrypoints::C_charr_base_ci_trans_totitle	charr::base_backend::entrypoints	charr::base_backend	true	src/base_backend/entrypoints.cpp	16	unit:src/base_backend/entrypoints.cpp	base	abi_shim	struct SEXPREC *(struct SEXPREC *, struct SEXPREC *) noexcept	true				external	2
decl:c:@N@charr@N@base_backend@N@entrypoints@F@C_charr_base_ci_trans_toupper	function	C_charr_base_ci_trans_toupper	charr::base_backend::entrypoints::C_charr_base_ci_trans_toupper	charr::base_backend::entrypoints	charr::base_backend	true	src/base_backend/entrypoints.cpp	16	unit:src/base_backend/entrypoints.cpp	base	abi_shim	struct SEXPREC *(struct SEXPREC *, struct SEXPREC *) noexcept	true				external	2
decl:c:@N@charr@N@base_backend@N@entrypoints@F@C_charr_base_ci_trim_both	function	C_charr_base_ci_trim_both	charr::base_backend::entrypoints::C_charr_base_ci_trim_both	charr::base_backend::entrypoints	charr::base_backend	true	src/base_backend/entrypoints.cpp	16	unit:src/base_backend/entrypoints.cpp	base	abi_shim	struct SEXPREC *(struct SEXPREC *, struct SEXPREC *, struct SEXPREC *) noexcept	true				external	2
decl:c:@N@charr@N@base_backend@N@entrypoints@F@C_charr_base_ci_trim_left	function	C_charr_base_ci_trim_left	charr::base_backend::entrypoints::C_charr_base_ci_trim_left	charr::base_backend::entrypoints	charr::base_backend	true	src/base_backend/entrypoints.cpp	16	unit:src/base_backend/entrypoints.cpp	base	abi_shim	struct SEXPREC *(struct SEXPREC *, struct SEXPREC *, struct SEXPREC *) noexcept	true				external	2
decl:c:@N@charr@N@base_backend@N@entrypoints@F@C_charr_base_ci_trim_right	function	C_charr_base_ci_trim_right	charr::base_backend::entrypoints::C_charr_base_ci_trim_right	charr::base_backend::entrypoints	charr::base_backend	true	src/base_backend/entrypoints.cpp	16	unit:src/base_backend/entrypoints.cpp	base	abi_shim	struct SEXPREC *(struct SEXPREC *, struct SEXPREC *, struct SEXPREC *) noexcept	true				external	2
decl:c:@N@charr@N@base_backend@N@entrypoints@F@C_charr_base_ci_width	function	C_charr_base_ci_width	charr::base_backend::entrypoints::C_charr_base_ci_width	charr::base_backend::entrypoints	charr::base_backend	true	src/base_backend/entrypoints.cpp	16	unit:src/base_backend/entrypoints.cpp	base	abi_shim	struct SEXPREC *(struct SEXPREC *) noexcept	true				external	2
decl:c:@N@charr@N@base_backend@N@entrypoints@F@C_charr_base_ci_wrap	function	C_charr_base_ci_wrap	charr::base_backend::entrypoints::C_charr_base_ci_wrap	charr::base_backend::entrypoints	charr::base_backend	true	src/base_backend/entrypoints.cpp	16	unit:src/base_backend/entrypoints.cpp	base	abi_shim	struct SEXPREC *(struct SEXPREC *, struct SEXPREC *, struct SEXPREC *, struct SEXPREC *, struct SEXPREC *, struct SEXPREC *, struct SEXPREC *, struct SEXPREC *, struct SEXPREC *, struct SEXPREC *, struct SEXPREC *, struct SEXPREC *) noexcept	true				external	2
decl:c:@N@charr@N@base_backend@N@escape@F@escaped_size#&1$@N@charr@N@base_backend@N@escape@S@EscapeInput#	function	escaped_size	charr::base_backend::escape::escaped_size	charr::base_backend::escape	charr::base_backend	true	src/base_backend/ci_escape.cpp	145	unit:src/base_backend/ci_escape.cpp	base	cxx_helper	unsigned long (const struct charr::base_backend::escape::EscapeInput &)	false				external	1
decl:c:@N@charr@N@base_backend@N@escape@F@escaped_width#I#	function	escaped_width	charr::base_backend::escape::escaped_width	charr::base_backend::escape	charr::base_backend	true	src/base_backend/ci_escape.cpp	133	unit:src/base_backend/ci_escape.cpp	base	neutral_helper	unsigned long (int) noexcept	true				external	1
decl:c:@N@charr@N@base_backend@N@escape@F@has_utf8_bom#*1C#I#	function	has_utf8_bom	charr::base_backend::escape::has_utf8_bom	charr::base_backend::escape	charr::base_backend	true	src/base_backend/ci_escape.cpp	73	unit:src/base_backend/ci_escape.cpp	base	neutral_helper	_Bool (const char *, int) noexcept	true				external	1
decl:c:@N@charr@N@base_backend@N@escape@F@normalize_escape_input#&1$@N@charr@N@base_backend@N@escape@S@EscapeSource#&$@N@charr@N@shared@S@NativeToUtf8#	function	normalize_escape_input	charr::base_backend::escape::normalize_escape_input	charr::base_backend::escape	charr::base_backend	true	src/base_backend/ci_escape.cpp	84	unit:src/base_backend/ci_escape.cpp	base	cxx_helper	struct charr::base_backend::escape::EscapeInput (const struct charr::base_backend::escape::EscapeSource &, class charr::shared::NativeToUtf8 &)	false				external	1
decl:c:@N@charr@N@base_backend@N@escape@F@read_source#*$@S@SEXPREC#	function	read_source	charr::base_backend::escape::read_source	charr::base_backend::escape	charr::base_backend	true	src/base_backend/ci_escape.cpp	63	unit:src/base_backend/ci_escape.cpp	base	r_helper	struct charr::base_backend::escape::EscapeSource (struct SEXPREC *) noexcept	true				external	1
decl:c:@N@charr@N@base_backend@N@escape@F@short_escape#I#	function	short_escape	charr::base_backend::escape::short_escape	charr::base_backend::escape	charr::base_backend	true	src/base_backend/ci_escape.cpp	115	unit:src/base_backend/ci_escape.cpp	base	neutral_helper	char (int) noexcept	true				external	1
decl:c:@N@charr@N@base_backend@N@escape@F@write_escape#&1$@N@charr@N@base_backend@N@escape@S@EscapeInput#*C#	function	write_escape	charr::base_backend::escape::write_escape	charr::base_backend::escape	charr::base_backend	true	src/base_backend/ci_escape.cpp	184	unit:src/base_backend/ci_escape.cpp	base	neutral_helper	void (const struct charr::base_backend::escape::EscapeInput &, char *) noexcept	true				external	1
decl:c:@N@charr@N@base_backend@N@escape@F@write_hex#*C#I#I#	function	write_hex	charr::base_backend::escape::write_hex	charr::base_backend::escape	charr::base_backend	true	src/base_backend/ci_escape.cpp	173	unit:src/base_backend/ci_escape.cpp	base	neutral_helper	char *(char *, int, int) noexcept	true				external	1
decl:c:@N@charr@N@base_backend@N@escape@S@EscapeInput	struct	EscapeInput	charr::base_backend::escape::EscapeInput	charr::base_backend::escape	charr::base_backend	true	src/base_backend/ci_escape.cpp	49	unit:src/base_backend/ci_escape.cpp	base					false	true	external	1
decl:c:@N@charr@N@base_backend@N@escape@S@EscapeSource	struct	EscapeSource	charr::base_backend::escape::EscapeSource	charr::base_backend::escape	charr::base_backend	true	src/base_backend/ci_escape.cpp	54	unit:src/base_backend/ci_escape.cpp	base					false	true	external	1
decl:c:@N@charr@N@base_backend@N@fixed@F@prepare_options#*$@S@SEXPREC#b#	function	prepare_options	charr::base_backend::fixed::prepare_options	charr::base_backend::fixed	charr::base_backend::fixed	true	src/base_backend/fixed/options.cpp	14	unit:src/base_backend/fixed/options.cpp	base	r_helper	struct charr::shared::FixedSearchOptions (struct SEXPREC *, _Bool) noexcept	true				external	9
decl:c:@N@charr@N@base_backend@N@io@F@as_direct_utf8_view#*$@S@SEXPREC#	function	as_direct_utf8_view	charr::base_backend::io::as_direct_utf8_view	charr::base_backend::io	charr::base_backend::io	true	src/base_backend/io/string_view.h	33		base	r_helper	struct charr::shared::StringView (struct SEXPREC *) noexcept	true				external	40
decl:c:@N@charr@N@base_backend@N@io@F@as_shared_view#*$@S@SEXPREC#	function	as_shared_view	charr::base_backend::io::as_shared_view	charr::base_backend::io	charr::base_backend::io	true	src/base_backend/io/string_view.h	11		base	r_helper	struct charr::shared::StringView (struct SEXPREC *) noexcept	true				external	40
decl:c:@N@charr@N@base_backend@N@join@F@append_flatten_value#&1$@N@charr@N@shared@S@StringView#S0_#&$@N@charr@N@shared@S@NativeToUtf8#I#b#&$@N@std@N@__cxx11@S@basic_string>#C#$@N@std@S@char_traits>#C#$@N@std@S@allocator>#C#&b#S8_#S8_#	function	append_flatten_value	charr::base_backend::join::append_flatten_value	charr::base_backend::join	charr::base_backend	true	src/base_backend/ci_join.cpp	125	unit:src/base_backend/ci_join.cpp	base	cxx_helper	void (const struct charr::shared::StringView &, const struct charr::shared::StringView &, class charr::shared::NativeToUtf8 &, int, _Bool, class std::basic_string<char> &, _Bool &, _Bool &, _Bool &)	false				external	1
decl:c:@N@charr@N@base_backend@N@join@F@build_flatten_bytes#&1$@N@std@S@vector>#$@N@charr@N@shared@S@StringView#$@N@std@S@allocator>#S2_#*1S2_#I#b#&$@N@charr@N@shared@N@join@S@FlattenPlan#&$@N@std@S@vector>#C#$@N@std@S@allocator>#C#	function	build_flatten_bytes	charr::base_backend::join::build_flatten_bytes	charr::base_backend::join	charr::base_backend	true	src/base_backend/ci_join.cpp	200	unit:src/base_backend/ci_join.cpp	base	cxx_helper	void (const class std::vector<struct charr::shared::StringView> &, const struct charr::shared::StringView *, int, _Bool, struct charr::shared::join::FlattenPlan &, class std::vector<char> &)	false				external	1
decl:c:@N@charr@N@base_backend@N@join@F@ci__flatten_append#&$@N@std@N@__cxx11@S@basic_string>#C#$@N@std@S@char_traits>#C#$@N@std@S@allocator>#C#*1C#l#&b#	function	ci__flatten_append	charr::base_backend::join::ci__flatten_append	charr::base_backend::join	charr::base_backend	true	src/base_backend/ci_join.cpp	55	unit:src/base_backend/ci_join.cpp	base	cxx_helper	void (class std::basic_string<char> &, const char *, unsigned long, _Bool &)	false				external	1
decl:c:@N@charr@N@base_backend@N@join@F@ci__flatten_reserve#&$@N@std@N@__cxx11@S@basic_string>#C#$@N@std@S@char_traits>#C#$@N@std@S@allocator>#C#l#	function	ci__flatten_reserve	charr::base_backend::join::ci__flatten_reserve	charr::base_backend::join	charr::base_backend	true	src/base_backend/ci_join.cpp	112	unit:src/base_backend/ci_join.cpp	base	cxx_helper	void (class std::basic_string<char> &, unsigned long)	false				external	1
decl:c:@N@charr@N@base_backend@N@join@F@ci__flatten_reserve_hint_r#*1*$@S@SEXPREC#I#l#	function	ci__flatten_reserve_hint_r	charr::base_backend::join::ci__flatten_reserve_hint_r	charr::base_backend::join	charr::base_backend	true	src/base_backend/ci_join.cpp	74	unit:src/base_backend/ci_join.cpp	base	r_helper	unsigned long (struct SEXPREC *const *, int, unsigned long) noexcept	true				external	1
decl:c:@N@charr@N@base_backend@N@join@F@normalize_flatten_inputs#&1$@N@std@S@vector>#$@N@charr@N@shared@S@StringView#$@N@std@S@allocator>#S2_#&$@N@charr@N@shared@S@NativeToUtf8#&$@N@charr@N@shared@S@SliceArena#&S1_#	function	normalize_flatten_inputs	charr::base_backend::join::normalize_flatten_inputs	charr::base_backend::join	charr::base_backend	true	src/base_backend/ci_join.cpp	170	unit:src/base_backend/ci_join.cpp	base	cxx_helper	void (const class std::vector<struct charr::shared::StringView> &, class charr::shared::NativeToUtf8 &, class charr::shared::SliceArena &, class std::vector<struct charr::shared::StringView> &)	false				external	1
decl:c:@N@charr@N@base_backend@N@join@F@normalize_flatten_separator#&1$@N@charr@N@shared@S@StringView#&$@N@charr@N@shared@S@NativeToUtf8#&$@N@charr@N@shared@S@SliceArena#	function	normalize_flatten_separator	charr::base_backend::join::normalize_flatten_separator	charr::base_backend::join	charr::base_backend	true	src/base_backend/ci_join.cpp	188	unit:src/base_backend/ci_join.cpp	base	cxx_helper	struct charr::shared::StringView (const struct charr::shared::StringView &, class charr::shared::NativeToUtf8 &, class charr::shared::SliceArena &)	false				external	1
decl:c:@N@charr@N@base_backend@N@join_frame@F@direct_input_r#*$@S@SEXPREC#	function	direct_input_r	charr::base_backend::join_frame::direct_input_r	charr::base_backend::join_frame	charr::base_backend	true	src/base_backend/ci_join.cpp	297	unit:src/base_backend/ci_join.cpp	base	r_helper	struct charr::shared::StringView (struct SEXPREC *) noexcept	true				external	1
decl:c:@N@charr@N@base_backend@N@join_frame@F@is_direct_source_r#*$@S@SEXPREC#	function	is_direct_source_r	charr::base_backend::join_frame::is_direct_source_r	charr::base_backend::join_frame	charr::base_backend	true	src/base_backend/ci_join.cpp	282	unit:src/base_backend/ci_join.cpp	base	r_helper	_Bool (struct SEXPREC *) noexcept	true				external	1
decl:c:@N@charr@N@base_backend@N@join_frame@F@normalize_input#&1$@N@charr@N@shared@S@StringView#&$@N@charr@N@shared@S@NativeToUtf8#&$@N@charr@N@shared@S@SliceArena#	function	normalize_input	charr::base_backend::join_frame::normalize_input	charr::base_backend::join_frame	charr::base_backend	true	src/base_backend/ci_join.cpp	322	unit:src/base_backend/ci_join.cpp	base	cxx_helper	struct charr::shared::StringView (const struct charr::shared::StringView &, class charr::shared::NativeToUtf8 &, class charr::shared::SliceArena &)	false				external	1
decl:c:@N@charr@N@base_backend@N@join_frame@F@point_columns#&1$@N@std@S@vector>#$@N@std@S@vector>#$@N@charr@N@shared@S@StringView#$@N@std@S@allocator>#S3_#$@N@std@S@allocator>#S2_#&$@N@std@S@vector>#$@N@charr@N@shared@N@join@S@Column#$@N@std@S@allocator>#S8_#	function	point_columns	charr::base_backend::join_frame::point_columns	charr::base_backend::join_frame	charr::base_backend	true	src/base_backend/ci_join.cpp	334	unit:src/base_backend/ci_join.cpp	base	neutral_helper	void (const class std::vector<class std::vector<struct charr::shared::StringView> > &, class std::vector<struct charr::shared::join::Column> &) noexcept	true				external	1
decl:c:@N@charr@N@base_backend@N@join_frame@F@recycling_length#&1$@N@std@S@vector>#I#$@N@std@S@allocator>#I#&b#	function	recycling_length	charr::base_backend::join_frame::recycling_length	charr::base_backend::join_frame	charr::base_backend	true	src/base_backend/ci_join.cpp	259	unit:src/base_backend/ci_join.cpp	base	neutral_helper	int (const class std::vector<int> &, _Bool &) noexcept	true				external	1
decl:c:@N@charr@N@base_backend@N@join_frame@F@remove_empty_inputs_r#*$@S@SEXPREC#b#	function	remove_empty_inputs_r	charr::base_backend::join_frame::remove_empty_inputs_r	charr::base_backend::join_frame	charr::base_backend	true	src/base_backend/ci_join.cpp	234	unit:src/base_backend/ci_join.cpp	base	r_helper	struct SEXPREC *(struct SEXPREC *, _Bool) noexcept	true				external	1
decl:c:@N@charr@N@base_backend@N@length@F@ci__ascii_char_width#c#	function	ci__ascii_char_width	charr::base_backend::length::ci__ascii_char_width	charr::base_backend::length	charr::base_backend	true	src/base_backend/ci_length.cpp	66	unit:src/base_backend/ci_length.cpp	base	neutral_helper	int (unsigned char) noexcept	true				external	1
decl:c:@N@charr@N@base_backend@N@length@F@ci__ascii_string_width#*1C#I#	function	ci__ascii_string_width	charr::base_backend::length::ci__ascii_string_width	charr::base_backend::length	charr::base_backend	true	src/base_backend/ci_length.cpp	74	unit:src/base_backend/ci_length.cpp	base	neutral_helper	int (const char *, int) noexcept	true				external	1
decl:c:@N@charr@N@base_backend@N@length@F@ci__length_utf8_fast#*1C#I#&I#	function	ci__length_utf8_fast	charr::base_backend::length::ci__length_utf8_fast	charr::base_backend::length	charr::base_backend	true	src/base_backend/ci_length.cpp	47	unit:src/base_backend/ci_length.cpp	base	neutral_helper	_Bool (const char *, int, int &) noexcept	true				external	1
decl:c:@N@charr@N@base_backend@N@order_rank@F@emit_warnings#b#	function	emit_warnings	charr::base_backend::order_rank::emit_warnings	charr::base_backend::order_rank	charr::base_backend	true	src/base_backend/ci_order_rank.cpp	61	unit:src/base_backend/ci_order_rank.cpp	base	r_helper	void (_Bool) noexcept	true				external	1
decl:c:@N@charr@N@base_backend@N@order_rank@F@require_icu_success#$@E@UErrorCode#	function	require_icu_success	charr::base_backend::order_rank::require_icu_success	charr::base_backend::order_rank	charr::base_backend	true	src/base_backend/ci_order_rank.cpp	54	unit:src/base_backend/ci_order_rank.cpp	base	cxx_helper	void (enum UErrorCode)	false				external	1
decl:c:@N@charr@N@base_backend@N@pad@F@ci__pad_repeat#*C#*1C#l#I#	function	ci__pad_repeat	charr::base_backend::pad::ci__pad_repeat	charr::base_backend::pad	charr::base_backend	true	src/base_backend/ci_pad.cpp	229	unit:src/base_backend/ci_pad.cpp	base	neutral_helper	char *(char *, const char *, unsigned long, int) noexcept	true				external	1
decl:c:@N@charr@N@base_backend@N@pad@F@ci__pad_width_string#*1C#I#	function	ci__pad_width_string	charr::base_backend::pad::ci__pad_width_string	charr::base_backend::pad	charr::base_backend	true	src/base_backend/ci_pad.cpp	173	unit:src/base_backend/ci_pad.cpp	base	cxx_helper	int (const char *, int)	false				external	1
decl:c:@N@charr@N@base_backend@N@pad@F@count_code_points#&1$@N@charr@N@base_backend@N@pad@S@PadInput#	function	count_code_points	charr::base_backend::pad::count_code_points	charr::base_backend::pad	charr::base_backend	true	src/base_backend/ci_pad.cpp	204	unit:src/base_backend/ci_pad.cpp	base	cxx_helper	int (const struct charr::base_backend::pad::PadInput &)	false				external	1
decl:c:@N@charr@N@base_backend@N@pad@F@has_utf8_bom#*1C#I#	function	has_utf8_bom	charr::base_backend::pad::has_utf8_bom	charr::base_backend::pad	charr::base_backend	true	src/base_backend/ci_pad.cpp	91	unit:src/base_backend/ci_pad.cpp	base	neutral_helper	_Bool (const char *, int) noexcept	true				external	1
decl:c:@N@charr@N@base_backend@N@pad@F@missing_input#	function	missing_input	charr::base_backend::pad::missing_input	charr::base_backend::pad	charr::base_backend	true	src/base_backend/ci_pad.cpp	85	unit:src/base_backend/ci_pad.cpp	base	neutral_helper	struct charr::base_backend::pad::PadInput (void) noexcept	true				external	1
decl:c:@N@charr@N@base_backend@N@pad@F@normalize_input#&1$@N@charr@N@base_backend@N@pad@S@PadSource#&$@N@charr@N@shared@S@NativeToUtf8#&$@N@charr@N@shared@S@SliceArena#	function	normalize_input	charr::base_backend::pad::normalize_input	charr::base_backend::pad	charr::base_backend	true	src/base_backend/ci_pad.cpp	102	unit:src/base_backend/ci_pad.cpp	base	cxx_helper	struct charr::base_backend::pad::PadInput (const struct charr::base_backend::pad::PadSource &, class charr::shared::NativeToUtf8 &, class charr::shared::SliceArena &)	false				external	1
decl:c:@N@charr@N@base_backend@N@pad@F@read_source#*$@S@SEXPREC#	function	read_source	charr::base_backend::pad::read_source	charr::base_backend::pad	charr::base_backend	true	src/base_backend/ci_pad.cpp	75	unit:src/base_backend/ci_pad.cpp	base	r_helper	struct charr::base_backend::pad::PadSource (struct SEXPREC *) noexcept	true				external	1
decl:c:@N@charr@N@base_backend@N@pad@F@recycling_length#I#I#I#&b#	function	recycling_length	charr::base_backend::pad::recycling_length	charr::base_backend::pad	charr::base_backend	true	src/base_backend/ci_pad.cpp	152	unit:src/base_backend/ci_pad.cpp	base	neutral_helper	int (int, int, int, _Bool &) noexcept	true				external	1
decl:c:@N@charr@N@base_backend@N@pad@F@validate_pad#&1$@N@charr@N@base_backend@N@pad@S@PadInput#b#	function	validate_pad	charr::base_backend::pad::validate_pad	charr::base_backend::pad	charr::base_backend	true	src/base_backend/ci_pad.cpp	212	unit:src/base_backend/ci_pad.cpp	base	cxx_helper	void (const struct charr::base_backend::pad::PadInput &, _Bool)	false				external	1
decl:c:@N@charr@N@base_backend@N@pad@S@PadInput	struct	PadInput	charr::base_backend::pad::PadInput	charr::base_backend::pad	charr::base_backend	true	src/base_backend/ci_pad.cpp	53	unit:src/base_backend/ci_pad.cpp	base					false	true	external	1
decl:c:@N@charr@N@base_backend@N@pad@S@PadSource	struct	PadSource	charr::base_backend::pad::PadSource	charr::base_backend::pad	charr::base_backend	true	src/base_backend/ci_pad.cpp	65	unit:src/base_backend/ci_pad.cpp	base					false	true	external	1
decl:c:@N@charr@N@base_backend@N@prepare_arg@F@call_as_character_r#*v#	function	call_as_character_r	charr::base_backend::prepare_arg::call_as_character_r	charr::base_backend::prepare_arg	charr::base_backend	true	src/base_backend/ci_prepare_arg.cpp	45	unit:src/base_backend/ci_prepare_arg.cpp	base	r_helper	struct SEXPREC *(void *) noexcept	true				external	1
decl:c:@N@charr@N@base_backend@N@prepare_arg@F@call_as_double_r#*v#	function	call_as_double_r	charr::base_backend::prepare_arg::call_as_double_r	charr::base_backend::prepare_arg	charr::base_backend	true	src/base_backend/ci_prepare_arg.cpp	67	unit:src/base_backend/ci_prepare_arg.cpp	base	r_helper	struct SEXPREC *(void *) noexcept	true				external	1
decl:c:@N@charr@N@base_backend@N@prepare_arg@F@call_as_integer_r#*v#	function	call_as_integer_r	charr::base_backend::prepare_arg::call_as_integer_r	charr::base_backend::prepare_arg	charr::base_backend	true	src/base_backend/ci_prepare_arg.cpp	56	unit:src/base_backend/ci_prepare_arg.cpp	base	r_helper	struct SEXPREC *(void *) noexcept	true				external	1
decl:c:@N@charr@N@base_backend@N@prepare_arg@F@call_as_logical_r#*v#	function	call_as_logical_r	charr::base_backend::prepare_arg::call_as_logical_r	charr::base_backend::prepare_arg	charr::base_backend	true	src/base_backend/ci_prepare_arg.cpp	78	unit:src/base_backend/ci_prepare_arg.cpp	base	r_helper	struct SEXPREC *(void *) noexcept	true				external	1
decl:c:@N@charr@N@base_backend@N@prepare_arg@F@check_list_of_scalars#*$@S@SEXPREC#	function	check_list_of_scalars	charr::base_backend::prepare_arg::check_list_of_scalars	charr::base_backend::prepare_arg	charr::base_backend	true	src/base_backend/ci_prepare_arg.cpp	98	unit:src/base_backend/ci_prepare_arg.cpp	base	r_helper	_Bool (struct SEXPREC *) noexcept	true				external	1
decl:c:@N@charr@N@base_backend@N@prepare_arg@F@handler_null#*$@S@SEXPREC#*v#	function	handler_null	charr::base_backend::prepare_arg::handler_null	charr::base_backend::prepare_arg	charr::base_backend	true	src/base_backend/ci_prepare_arg.cpp	89	unit:src/base_backend/ci_prepare_arg.cpp	base	neutral_helper	struct SEXPREC *(struct SEXPREC *, void *) noexcept	true				external	1
decl:c:@N@charr@N@base_backend@N@prepare_arg@F@is_c_locale#*1C#	function	is_c_locale	charr::base_backend::prepare_arg::is_c_locale	charr::base_backend::prepare_arg	charr::base_backend	true	src/base_backend/ci_prepare_arg.cpp	163	unit:src/base_backend/ci_prepare_arg.cpp	base	neutral_helper	_Bool (const char *) noexcept	true				external	1
decl:c:@N@charr@N@base_backend@N@prepare_arg@F@prepare_double_r#*$@S@SEXPREC#*1C#b#b#	function	prepare_double_r	charr::base_backend::prepare_arg::prepare_double_r	charr::base_backend::prepare_arg	charr::base_backend	true	src/base_backend/ci_prepare_arg.cpp	110	unit:src/base_backend/ci_prepare_arg.cpp	base	r_helper	struct SEXPREC *(struct SEXPREC *, const char *, _Bool, _Bool) noexcept	true				external	1
decl:c:@N@charr@N@base_backend@N@prepare_arg@F@prepare_locale_value_r#*$@S@SEXPREC#*1C#S2_#b#	function	prepare_locale_value_r	charr::base_backend::prepare_arg::prepare_locale_value_r	charr::base_backend::prepare_arg	charr::base_backend	true	src/base_backend/ci_prepare_arg.cpp	170	unit:src/base_backend/ci_prepare_arg.cpp	base	r_helper	const char *(struct SEXPREC *, const char *, const char *, _Bool) noexcept	true				external	1
decl:c:@N@charr@N@base_backend@N@read_lines@F@emit_file_warnings#*1C#$@N@charr@N@shared@N@read_lines@E@FileCondition#I#	function	emit_file_warnings	charr::base_backend::read_lines::emit_file_warnings	charr::base_backend::read_lines	charr::base_backend	true	src/base_backend/ci_search_other_split.cpp	49	unit:src/base_backend/ci_search_other_split.cpp	base	r_helper	void (const char *, enum charr::shared::read_lines::FileCondition, int) noexcept	true				external	1
decl:c:@N@charr@N@base_backend@N@read_lines@F@emit_invalid_warning#*1C#	function	emit_invalid_warning	charr::base_backend::read_lines::emit_invalid_warning	charr::base_backend::read_lines	charr::base_backend	true	src/base_backend/ci_search_other_split.cpp	70	unit:src/base_backend/ci_search_other_split.cpp	base	r_helper	void (const char *) noexcept	true				external	1
decl:c:@N@charr@N@base_backend@N@regex@F@prepare_options#*$@S@SEXPREC#	function	prepare_options	charr::base_backend::regex::prepare_options	charr::base_backend::regex	charr::base_backend::regex	true	src/base_backend/regex/options_r.cpp	15	unit:src/base_backend/regex/options_r.cpp	base	r_helper	struct charr::shared::RegexOptions (struct SEXPREC *) noexcept	true				external	8
decl:c:@N@charr@N@base_backend@N@replace_na@F@has_utf8_bom#*1C#I#	function	has_utf8_bom	charr::base_backend::replace_na::has_utf8_bom	charr::base_backend::replace_na	charr::base_backend	true	src/base_backend/ci_replace_na.cpp	59	unit:src/base_backend/ci_replace_na.cpp	base	neutral_helper	_Bool (const char *, int) noexcept	true				external	1
decl:c:@N@charr@N@base_backend@N@replace_na@F@inspect_source#*$@S@SEXPREC#*1S0_#I#	function	inspect_source	charr::base_backend::replace_na::inspect_source	charr::base_backend::replace_na	charr::base_backend	true	src/base_backend/ci_replace_na.cpp	70	unit:src/base_backend/ci_replace_na.cpp	base	r_helper	struct charr::base_backend::replace_na::SourceState (struct SEXPREC *, struct SEXPREC *const *, int) noexcept	true				external	1
decl:c:@N@charr@N@base_backend@N@replace_na@F@make_charsxp#&1$@N@charr@N@shared@S@StringView#*$@S@SEXPREC#b#	function	make_charsxp	charr::base_backend::replace_na::make_charsxp	charr::base_backend::replace_na	charr::base_backend	true	src/base_backend/ci_replace_na.cpp	111	unit:src/base_backend/ci_replace_na.cpp	base	r_helper	struct SEXPREC *(const struct charr::shared::StringView &, struct SEXPREC *, _Bool) noexcept	true				external	1
decl:c:@N@charr@N@base_backend@N@replace_na@F@output_encoding#&1$@N@charr@N@shared@S@StringView#	function	output_encoding	charr::base_backend::replace_na::output_encoding	charr::base_backend::replace_na	charr::base_backend	true	src/base_backend/ci_replace_na.cpp	101	unit:src/base_backend/ci_replace_na.cpp	base	neutral_helper	cetype_t (const struct charr::shared::StringView &) noexcept	true				external	1
decl:c:@N@charr@N@base_backend@N@replace_na@S@SourceState	struct	SourceState	charr::base_backend::replace_na::SourceState	charr::base_backend::replace_na	charr::base_backend	true	src/base_backend/ci_replace_na.cpp	52	unit:src/base_backend/ci_replace_na.cpp	base					false	true	external	1
decl:c:@N@charr@N@base_backend@N@reverse@F@has_utf8_bom#*1C#I#	function	has_utf8_bom	charr::base_backend::reverse::has_utf8_bom	charr::base_backend::reverse	charr::base_backend	true	src/base_backend/ci_reverse.cpp	74	unit:src/base_backend/ci_reverse.cpp	base	neutral_helper	_Bool (const char *, int) noexcept	true				external	1
decl:c:@N@charr@N@base_backend@N@reverse@F@normalize_input#&1$@N@charr@N@base_backend@N@reverse@S@ReverseSource#&$@N@charr@N@shared@S@NativeToUtf8#	function	normalize_input	charr::base_backend::reverse::normalize_input	charr::base_backend::reverse	charr::base_backend	true	src/base_backend/ci_reverse.cpp	84	unit:src/base_backend/ci_reverse.cpp	base	cxx_helper	struct charr::base_backend::reverse::ReverseInput (const struct charr::base_backend::reverse::ReverseSource &, class charr::shared::NativeToUtf8 &)	false				external	1
decl:c:@N@charr@N@base_backend@N@reverse@F@read_source#*$@S@SEXPREC#	function	read_source	charr::base_backend::reverse::read_source	charr::base_backend::reverse	charr::base_backend	true	src/base_backend/ci_reverse.cpp	65	unit:src/base_backend/ci_reverse.cpp	base	r_helper	struct charr::base_backend::reverse::ReverseSource (struct SEXPREC *) noexcept	true				external	1
decl:c:@N@charr@N@base_backend@N@reverse@F@reverse_input#&1$@N@charr@N@base_backend@N@reverse@S@ReverseInput#*C#	function	reverse_input	charr::base_backend::reverse::reverse_input	charr::base_backend::reverse	charr::base_backend	true	src/base_backend/ci_reverse.cpp	153	unit:src/base_backend/ci_reverse.cpp	base	cxx_helper	void (const struct charr::base_backend::reverse::ReverseInput &, char *)	false				external	1
decl:c:@N@charr@N@base_backend@N@reverse@F@reverse_utf8#&1$@N@charr@N@base_backend@N@reverse@S@ReverseInput#*C#	function	reverse_utf8	charr::base_backend::reverse::reverse_utf8	charr::base_backend::reverse	charr::base_backend	true	src/base_backend/ci_reverse.cpp	111	unit:src/base_backend/ci_reverse.cpp	base	cxx_helper	void (const struct charr::base_backend::reverse::ReverseInput &, char *)	false				external	1
decl:c:@N@charr@N@base_backend@N@reverse@S@ReverseInput	struct	ReverseInput	charr::base_backend::reverse::ReverseInput	charr::base_backend::reverse	charr::base_backend	true	src/base_backend/ci_reverse.cpp	50	unit:src/base_backend/ci_reverse.cpp	base					false	true	external	1
decl:c:@N@charr@N@base_backend@N@reverse@S@ReverseSource	struct	ReverseSource	charr::base_backend::reverse::ReverseSource	charr::base_backend::reverse	charr::base_backend	true	src/base_backend/ci_reverse.cpp	56	unit:src/base_backend/ci_reverse.cpp	base					false	true	external	1
decl:c:@N@charr@N@base_backend@N@search_boundaries_count@F@emit_fallback_warning_r#	function	emit_fallback_warning_r	charr::base_backend::search_boundaries_count::emit_fallback_warning_r	charr::base_backend::search_boundaries_count	charr::base_backend	true	src/base_backend/ci_search_boundaries_count.cpp	83	unit:src/base_backend/ci_search_boundaries_count.cpp	base	r_helper	void (void) noexcept	true				external	1
decl:c:@N@charr@N@base_backend@N@search_boundaries_count@F@require_icu_success#$@E@UErrorCode#	function	require_icu_success	charr::base_backend::search_boundaries_count::require_icu_success	charr::base_backend::search_boundaries_count	charr::base_backend	true	src/base_backend/ci_search_boundaries_count.cpp	76	unit:src/base_backend/ci_search_boundaries_count.cpp	base	cxx_helper	void (enum UErrorCode)	false				external	1
decl:c:@N@charr@N@base_backend@N@search_boundaries_count@F@scan_direct_input_r#*1*$@S@SEXPREC#I#	function	scan_direct_input_r	charr::base_backend::search_boundaries_count::scan_direct_input_r	charr::base_backend::search_boundaries_count	charr::base_backend	true	src/base_backend/ci_search_boundaries_count.cpp	58	unit:src/base_backend/ci_search_boundaries_count.cpp	base	r_helper	struct charr::base_backend::search_boundaries_count::InputScan (struct SEXPREC *const *, int) noexcept	true				external	1
decl:c:@N@charr@N@base_backend@N@search_boundaries_count@S@InputScan	struct	InputScan	charr::base_backend::search_boundaries_count::InputScan	charr::base_backend::search_boundaries_count	charr::base_backend	true	src/base_backend/ci_search_boundaries_count.cpp	52	unit:src/base_backend/ci_search_boundaries_count.cpp	base					false	true	external	1
decl:c:@N@charr@N@base_backend@N@search_boundaries_extract@F@emit_fallback_warning_r#	function	emit_fallback_warning_r	charr::base_backend::search_boundaries_extract::emit_fallback_warning_r	charr::base_backend::search_boundaries_extract	charr::base_backend	true	src/base_backend/ci_search_boundaries_extract.cpp	130	unit:src/base_backend/ci_search_boundaries_extract.cpp	base	r_helper	void (void) noexcept	true				external	1
decl:c:@N@charr@N@base_backend@N@search_boundaries_extract@F@ensure_iterator#&$@N@charr@N@shared@S@BoundaryIterator#&1$@N@charr@N@shared@S@BoundaryOptions#&b#S4_#	function	ensure_iterator	charr::base_backend::search_boundaries_extract::ensure_iterator	charr::base_backend::search_boundaries_extract	charr::base_backend	true	src/base_backend/ci_search_boundaries_extract.cpp	59	unit:src/base_backend/ci_search_boundaries_extract.cpp	base	cxx_helper	void (class charr::shared::BoundaryIterator &, const struct charr::shared::BoundaryOptions &, _Bool &, _Bool &)	false				external	1
decl:c:@N@charr@N@base_backend@N@search_boundaries_extract@F@missing_strings_r#I#	function	missing_strings_r	charr::base_backend::search_boundaries_extract::missing_strings_r	charr::base_backend::search_boundaries_extract	charr::base_backend	true	src/base_backend/ci_search_boundaries_extract.cpp	75	unit:src/base_backend/ci_search_boundaries_extract.cpp	base	r_helper	struct SEXPREC *(int) noexcept	true				external	1
decl:c:@N@charr@N@base_backend@N@search_boundaries_extract@F@require_icu_success#$@E@UErrorCode#	function	require_icu_success	charr::base_backend::search_boundaries_extract::require_icu_success	charr::base_backend::search_boundaries_extract	charr::base_backend	true	src/base_backend/ci_search_boundaries_extract.cpp	52	unit:src/base_backend/ci_search_boundaries_extract.cpp	base	cxx_helper	void (enum UErrorCode)	false				external	1
decl:c:@N@charr@N@base_backend@N@search_boundaries_extract@F@set_slice_r#*$@S@SEXPREC#I#&1$@N@charr@N@shared@S@StringView#&1$@N@charr@N@shared@S@BoundaryRange#	function	set_slice_r	charr::base_backend::search_boundaries_extract::set_slice_r	charr::base_backend::search_boundaries_extract	charr::base_backend	true	src/base_backend/ci_search_boundaries_extract.cpp	84	unit:src/base_backend/ci_search_boundaries_extract.cpp	base	r_helper	void (struct SEXPREC *, int, const struct charr::shared::StringView &, const struct charr::shared::BoundaryRange &) noexcept	true				external	1
decl:c:@N@charr@N@base_backend@N@search_boundaries_extract@F@simplify_result_r#*$@S@SEXPREC#I#I#b#	function	simplify_result_r	charr::base_backend::search_boundaries_extract::simplify_result_r	charr::base_backend::search_boundaries_extract	charr::base_backend	true	src/base_backend/ci_search_boundaries_extract.cpp	100	unit:src/base_backend/ci_search_boundaries_extract.cpp	base	r_helper	struct SEXPREC *(struct SEXPREC *, int, int, _Bool) noexcept	true				external	1
decl:c:@N@charr@N@base_backend@N@search_boundaries_locate@F@emit_fallback_warning_r#	function	emit_fallback_warning_r	charr::base_backend::search_boundaries_locate::emit_fallback_warning_r	charr::base_backend::search_boundaries_locate	charr::base_backend	true	src/base_backend/ci_search_boundaries_locate.cpp	77	unit:src/base_backend/ci_search_boundaries_locate.cpp	base	r_helper	void (void) noexcept	true				external	1
decl:c:@N@charr@N@base_backend@N@search_boundaries_locate@F@ensure_iterator#&$@N@charr@N@shared@S@BoundaryIterator#&1$@N@charr@N@shared@S@BoundaryOptions#&b#S4_#	function	ensure_iterator	charr::base_backend::search_boundaries_locate::ensure_iterator	charr::base_backend::search_boundaries_locate	charr::base_backend	true	src/base_backend/ci_search_boundaries_locate.cpp	61	unit:src/base_backend/ci_search_boundaries_locate.cpp	base	cxx_helper	void (class charr::shared::BoundaryIterator &, const struct charr::shared::BoundaryOptions &, _Bool &, _Bool &)	false				external	1
decl:c:@N@charr@N@base_backend@N@search_boundaries_locate@F@require_icu_success#$@E@UErrorCode#	function	require_icu_success	charr::base_backend::search_boundaries_locate::require_icu_success	charr::base_backend::search_boundaries_locate	charr::base_backend	true	src/base_backend/ci_search_boundaries_locate.cpp	54	unit:src/base_backend/ci_search_boundaries_locate.cpp	base	cxx_helper	void (enum UErrorCode)	false				external	1
decl:c:@N@charr@N@base_backend@N@search_boundaries_split@F@emit_warnings_r#b#b#	function	emit_warnings_r	charr::base_backend::search_boundaries_split::emit_warnings_r	charr::base_backend::search_boundaries_split	charr::base_backend	true	src/base_backend/ci_search_boundaries_split.cpp	123	unit:src/base_backend/ci_search_boundaries_split.cpp	base	r_helper	void (_Bool, _Bool) noexcept	true				external	1
decl:c:@N@charr@N@base_backend@N@search_boundaries_split@F@ensure_iterator#&$@N@charr@N@shared@S@BoundaryIterator#&1$@N@charr@N@shared@S@BoundaryOptions#&b#S4_#	function	ensure_iterator	charr::base_backend::search_boundaries_split::ensure_iterator	charr::base_backend::search_boundaries_split	charr::base_backend	true	src/base_backend/ci_search_boundaries_split.cpp	77	unit:src/base_backend/ci_search_boundaries_split.cpp	base	cxx_helper	void (class charr::shared::BoundaryIterator &, const struct charr::shared::BoundaryOptions &, _Bool &, _Bool &)	false				external	1
decl:c:@N@charr@N@base_backend@N@search_boundaries_split@F@recycling_length#I#I#&b#	function	recycling_length	charr::base_backend::search_boundaries_split::recycling_length	charr::base_backend::search_boundaries_split	charr::base_backend	true	src/base_backend/ci_search_boundaries_split.cpp	55	unit:src/base_backend/ci_search_boundaries_split.cpp	base	neutral_helper	int (int, int, _Bool &) noexcept	true				external	1
decl:c:@N@charr@N@base_backend@N@search_boundaries_split@F@require_icu_success#$@E@UErrorCode#	function	require_icu_success	charr::base_backend::search_boundaries_split::require_icu_success	charr::base_backend::search_boundaries_split	charr::base_backend	true	src/base_backend/ci_search_boundaries_split.cpp	70	unit:src/base_backend/ci_search_boundaries_split.cpp	base	cxx_helper	void (enum UErrorCode)	false				external	1
decl:c:@N@charr@N@base_backend@N@search_boundaries_split@F@simplify_result_r#*$@S@SEXPREC#I#I#b#	function	simplify_result_r	charr::base_backend::search_boundaries_split::simplify_result_r	charr::base_backend::search_boundaries_split	charr::base_backend	true	src/base_backend/ci_search_boundaries_split.cpp	93	unit:src/base_backend/ci_search_boundaries_split.cpp	base	r_helper	struct SEXPREC *(struct SEXPREC *, int, int, _Bool) noexcept	true				external	1
decl:c:@N@charr@N@base_backend@N@search_class_replace@F@compile_patterns#&1$@N@std@S@vector>#$@N@charr@N@shared@S@StringView#$@N@std@S@allocator>#S2_#&$@N@charr@N@shared@S@CharacterClassSet#	function	compile_patterns	charr::base_backend::search_class_replace::compile_patterns	charr::base_backend::search_class_replace	charr::base_backend	true	src/base_backend/ci_search_class_replace.cpp	99	unit:src/base_backend/ci_search_class_replace.cpp	base	cxx_helper	void (const class std::vector<struct charr::shared::StringView> &, class charr::shared::CharacterClassSet &)	false				external	1
decl:c:@N@charr@N@base_backend@N@search_class_replace@F@compute_sequential#&1$@N@std@S@vector>#$@N@charr@N@shared@S@StringView#$@N@std@S@allocator>#S2_#S0_#&1$@N@charr@N@shared@S@CharacterClassSet#b#&S1_#&$@N@std@S@vector>#c#$@N@std@S@allocator>#c#&$@N@std@S@vector>#$@N@charr@N@shared@S@ByteRange#$@N@std@S@allocator>#S12_#&$@N@charr@N@shared@S@SliceArena#&b#	function	compute_sequential	charr::base_backend::search_class_replace::compute_sequential	charr::base_backend::search_class_replace	charr::base_backend	true	src/base_backend/ci_search_class_replace.cpp	151	unit:src/base_backend/ci_search_class_replace.cpp	base	cxx_helper	void (const class std::vector<struct charr::shared::StringView> &, const class std::vector<struct charr::shared::StringView> &, const class charr::shared::CharacterClassSet &, _Bool, class std::vector<struct charr::shared::StringView> &, class std::vector<unsigned char> &, class std::vector<struct charr::shared::ByteRange> &, class charr::shared::SliceArena &, _Bool &)	false				external	1
decl:c:@N@charr@N@base_backend@N@search_class_replace@F@emit_recycling_warning#b#	function	emit_recycling_warning	charr::base_backend::search_class_replace::emit_recycling_warning	charr::base_backend::search_class_replace	charr::base_backend	true	src/base_backend/ci_search_class_replace.cpp	251	unit:src/base_backend/ci_search_class_replace.cpp	base	r_helper	void (_Bool) noexcept	true				external	1
decl:c:@N@charr@N@base_backend@N@search_class_replace@F@install_record#*$@S@SEXPREC#I#S0_#&1$@N@charr@N@shared@S@StringView#&1$@N@charr@N@base_backend@N@search_class_replace@S@ReplacementRecord#	function	install_record	charr::base_backend::search_class_replace::install_record	charr::base_backend::search_class_replace	charr::base_backend	true	src/base_backend/ci_search_class_replace.cpp	224	unit:src/base_backend/ci_search_class_replace.cpp	base	r_helper	void (struct SEXPREC *, int, struct SEXPREC *, const struct charr::shared::StringView &, const struct charr::base_backend::search_class_replace::ReplacementRecord &) noexcept	true				external	1
decl:c:@N@charr@N@base_backend@N@search_class_replace@F@normalize_input#&1$@N@charr@N@shared@S@StringView#&$@N@charr@N@shared@S@NativeToUtf8#&$@N@charr@N@shared@S@SliceArena#	function	normalize_input	charr::base_backend::search_class_replace::normalize_input	charr::base_backend::search_class_replace	charr::base_backend	true	src/base_backend/ci_search_class_replace.cpp	87	unit:src/base_backend/ci_search_class_replace.cpp	base	cxx_helper	struct charr::shared::StringView (const struct charr::shared::StringView &, class charr::shared::NativeToUtf8 &, class charr::shared::SliceArena &)	false				external	1
decl:c:@N@charr@N@base_backend@N@search_class_replace@F@recycling_length#I#I#I#&b#	function	recycling_length	charr::base_backend::search_class_replace::recycling_length	charr::base_backend::search_class_replace	charr::base_backend	true	src/base_backend/ci_search_class_replace.cpp	62	unit:src/base_backend/ci_search_class_replace.cpp	base	neutral_helper	int (int, int, int, _Bool &) noexcept	true				external	1
decl:c:@N@charr@N@base_backend@N@search_class_replace@F@replace_record#&1$@N@charr@N@shared@S@StringView#b#*1$@N@icu_78@S@UnicodeSet#S0_#b#&$@N@std@S@vector>#$@N@charr@N@shared@S@ByteRange#$@N@std@S@allocator>#S6_#&$@N@std@S@vector>#C#$@N@std@S@allocator>#C#	function	replace_record	charr::base_backend::search_class_replace::replace_record	charr::base_backend::search_class_replace	charr::base_backend	true	src/base_backend/ci_search_class_replace.cpp	110	unit:src/base_backend/ci_search_class_replace.cpp	base	cxx_helper	struct charr::base_backend::search_class_replace::ReplacementRecord (const struct charr::shared::StringView &, _Bool, const class icu_78::UnicodeSet *, const struct charr::shared::StringView &, _Bool, class std::vector<struct charr::shared::ByteRange> &, class std::vector<char> &)	false				external	1
decl:c:@N@charr@N@base_backend@N@search_class_replace@F@require_sequential_lengths#I#I#	function	require_sequential_lengths	charr::base_backend::search_class_replace::require_sequential_lengths	charr::base_backend::search_class_replace	charr::base_backend	true	src/base_backend/ci_search_class_replace.cpp	260	unit:src/base_backend/ci_search_class_replace.cpp	base	r_helper	void (int, int) noexcept	true				external	1
decl:c:@N@charr@N@base_backend@N@search_class_replace@S@ReplacementRecord	struct	ReplacementRecord	charr::base_backend::search_class_replace::ReplacementRecord	charr::base_backend::search_class_replace	charr::base_backend	true	src/base_backend/ci_search_class_replace.cpp	54	unit:src/base_backend/ci_search_class_replace.cpp	base					false	true	external	1
decl:c:@N@charr@N@base_backend@N@search_class_trim@F@compile_patterns#&1$@N@std@S@vector>#$@N@charr@N@shared@S@StringView#$@N@std@S@allocator>#S2_#b#&$@N@charr@N@shared@S@CharacterClassSet#	function	compile_patterns	charr::base_backend::search_class_trim::compile_patterns	charr::base_backend::search_class_trim	charr::base_backend	true	src/base_backend/ci_search_class_trim.cpp	153	unit:src/base_backend/ci_search_class_trim.cpp	base	cxx_helper	void (const class std::vector<struct charr::shared::StringView> &, _Bool, class charr::shared::CharacterClassSet &)	false				external	1
decl:c:@N@charr@N@base_backend@N@search_class_trim@F@emit_recycling_warning#b#	function	emit_recycling_warning	charr::base_backend::search_class_trim::emit_recycling_warning	charr::base_backend::search_class_trim	charr::base_backend	true	src/base_backend/ci_search_class_trim.cpp	232	unit:src/base_backend/ci_search_class_trim.cpp	base	r_helper	void (_Bool) noexcept	true				external	1
decl:c:@N@charr@N@base_backend@N@search_class_trim@F@install_record#*$@S@SEXPREC#I#&1$@N@charr@N@base_backend@N@search_class_trim@S@TrimSlice#	function	install_record	charr::base_backend::search_class_trim::install_record	charr::base_backend::search_class_trim	charr::base_backend	true	src/base_backend/ci_search_class_trim.cpp	217	unit:src/base_backend/ci_search_class_trim.cpp	base	r_helper	void (struct SEXPREC *, int, const struct charr::base_backend::search_class_trim::TrimSlice &) noexcept	true				external	1
decl:c:@N@charr@N@base_backend@N@search_class_trim@F@make_scalar_pattern#&1$@N@charr@N@shared@S@CharacterClassSet#	function	make_scalar_pattern	charr::base_backend::search_class_trim::make_scalar_pattern	charr::base_backend::search_class_trim	charr::base_backend	true	src/base_backend/ci_search_class_trim.cpp	164	unit:src/base_backend/ci_search_class_trim.cpp	base	cxx_helper	struct charr::base_backend::search_class_trim::ScalarTrimPattern (const class charr::shared::CharacterClassSet &)	false				external	1
decl:c:@N@charr@N@base_backend@N@search_class_trim@F@normalize_input#&1$@N@charr@N@shared@S@StringView#&$@N@charr@N@shared@S@NativeToUtf8#&$@N@charr@N@shared@S@SliceArena#	function	normalize_input	charr::base_backend::search_class_trim::normalize_input	charr::base_backend::search_class_trim	charr::base_backend	true	src/base_backend/ci_search_class_trim.cpp	141	unit:src/base_backend/ci_search_class_trim.cpp	base	cxx_helper	struct charr::shared::StringView (const struct charr::shared::StringView &, class charr::shared::NativeToUtf8 &, class charr::shared::SliceArena &)	false				external	1
decl:c:@N@charr@N@base_backend@N@search_class_trim@F@recycling_length#I#I#&b#	function	recycling_length	charr::base_backend::search_class_trim::recycling_length	charr::base_backend::search_class_trim	charr::base_backend	true	src/base_backend/ci_search_class_trim.cpp	124	unit:src/base_backend/ci_search_class_trim.cpp	base	neutral_helper	int (int, int, _Bool &) noexcept	true				external	1
decl:c:@N@charr@N@base_backend@N@search_class_trim@F@retained_contains#&1$@N@icu_78@S@UnicodeSet#*1c#I#	function	retained_contains	charr::base_backend::search_class_trim::retained_contains	charr::base_backend::search_class_trim	charr::base_backend	true	src/base_backend/ci_search_class_trim.cpp	69	unit:src/base_backend/ci_search_class_trim.cpp	base	neutral_helper	_Bool (const class icu_78::UnicodeSet &, const unsigned char *, int) noexcept	true				external	1
decl:c:@N@charr@N@base_backend@N@search_class_trim@FT@>2#Nb#Nbtrim_slice#*1C#I#&1$@N@icu_78@S@UnicodeSet#*1c#$@N@charr@N@base_backend@N@search_class_trim@S@TrimSlice#	function	trim_slice	charr::base_backend::search_class_trim::trim_slice	charr::base_backend::search_class_trim	charr::base_backend	true	src/base_backend/ci_search_class_trim.cpp	83	unit:src/base_backend/ci_search_class_trim.cpp	base	cxx_helper	struct charr::base_backend::search_class_trim::TrimSlice (const char *, int, const class icu_78::UnicodeSet &, const unsigned char *)	false				external	1
decl:c:@N@charr@N@base_backend@N@search_class_trim@FT@>3#Nb#Nb#Nbtrim_record#&1$@N@std@S@vector>#$@N@charr@N@shared@S@StringView#$@N@std@S@allocator>#S2_#I#&1$@N@charr@N@shared@S@CharacterClassSet#&1$@N@charr@N@base_backend@N@search_class_trim@S@ScalarTrimPattern#$@N@charr@N@base_backend@N@search_class_trim@S@TrimSlice#	function	trim_record	charr::base_backend::search_class_trim::trim_record	charr::base_backend::search_class_trim	charr::base_backend	true	src/base_backend/ci_search_class_trim.cpp	183	unit:src/base_backend/ci_search_class_trim.cpp	base	cxx_helper	struct charr::base_backend::search_class_trim::TrimSlice (const class std::vector<struct charr::shared::StringView> &, int, const class charr::shared::CharacterClassSet &, const struct charr::base_backend::search_class_trim::ScalarTrimPattern &)	false				external	1
decl:c:@N@charr@N@base_backend@N@search_class_trim@S@ScalarTrimPattern	struct	ScalarTrimPattern	charr::base_backend::search_class_trim::ScalarTrimPattern	charr::base_backend::search_class_trim	charr::base_backend	true	src/base_backend/ci_search_class_trim.cpp	62	unit:src/base_backend/ci_search_class_trim.cpp	base					false	true	external	1
decl:c:@N@charr@N@base_backend@N@search_class_trim@S@TrimSlice	struct	TrimSlice	charr::base_backend::search_class_trim::TrimSlice	charr::base_backend::search_class_trim	charr::base_backend	true	src/base_backend/ci_search_class_trim.cpp	55	unit:src/base_backend/ci_search_class_trim.cpp	base					false	true	external	1
decl:c:@N@charr@N@base_backend@N@search_coll_count@F@count_normalized#&1$@N@charr@N@shared@S@CollationInputs#S0_#I#I#I#&$@N@charr@N@shared@S@Collator#&$@N@charr@N@shared@S@CollationMatcher#*I#	function	count_normalized	charr::base_backend::search_coll_count::count_normalized	charr::base_backend::search_coll_count	charr::base_backend	true	src/base_backend/ci_search_coll_count.cpp	78	unit:src/base_backend/ci_search_coll_count.cpp	base	cxx_helper	void (const class charr::shared::CollationInputs &, const class charr::shared::CollationInputs &, int, int, int, class charr::shared::Collator &, class charr::shared::CollationMatcher &, int *)	false				external	1
decl:c:@N@charr@N@base_backend@N@search_coll_count@F@emit_warnings#b#b#I#	function	emit_warnings	charr::base_backend::search_coll_count::emit_warnings	charr::base_backend::search_coll_count	charr::base_backend	true	src/base_backend/ci_search_coll_count.cpp	124	unit:src/base_backend/ci_search_coll_count.cpp	base	r_helper	void (_Bool, _Bool, int) noexcept	true				external	1
decl:c:@N@charr@N@base_backend@N@search_coll_count@F@recycling_length#I#I#&b#	function	recycling_length	charr::base_backend::search_coll_count::recycling_length	charr::base_backend::search_coll_count	charr::base_backend	true	src/base_backend/ci_search_coll_count.cpp	54	unit:src/base_backend/ci_search_coll_count.cpp	base	neutral_helper	int (int, int, _Bool &) noexcept	true				external	1
decl:c:@N@charr@N@base_backend@N@search_coll_count@F@require_icu_success#$@E@UErrorCode#	function	require_icu_success	charr::base_backend::search_coll_count::require_icu_success	charr::base_backend::search_coll_count	charr::base_backend	true	src/base_backend/ci_search_coll_count.cpp	71	unit:src/base_backend/ci_search_coll_count.cpp	base	cxx_helper	void (enum UErrorCode)	false				external	1
decl:c:@N@charr@N@base_backend@N@search_coll_detect@F@detect_normalized#&1$@N@charr@N@shared@S@CollationInputs#S0_#I#I#I#*$@S@UCollator#b#&I#&$@N@charr@N@shared@S@CollationMatcher#*I#	function	detect_normalized	charr::base_backend::search_coll_detect::detect_normalized	charr::base_backend::search_coll_detect	charr::base_backend	true	src/base_backend/ci_search_coll_detect.cpp	78	unit:src/base_backend/ci_search_coll_detect.cpp	base	cxx_helper	void (const class charr::shared::CollationInputs &, const class charr::shared::CollationInputs &, int, int, int, struct UCollator *, _Bool, int &, class charr::shared::CollationMatcher &, int *)	false				external	1
decl:c:@N@charr@N@base_backend@N@search_coll_detect@F@emit_warnings#b#b#I#	function	emit_warnings	charr::base_backend::search_coll_detect::emit_warnings	charr::base_backend::search_coll_detect	charr::base_backend	true	src/base_backend/ci_search_coll_detect.cpp	132	unit:src/base_backend/ci_search_coll_detect.cpp	base	r_helper	void (_Bool, _Bool, int) noexcept	true				external	1
decl:c:@N@charr@N@base_backend@N@search_coll_detect@F@recycling_length#I#I#&b#	function	recycling_length	charr::base_backend::search_coll_detect::recycling_length	charr::base_backend::search_coll_detect	charr::base_backend	true	src/base_backend/ci_search_coll_detect.cpp	54	unit:src/base_backend/ci_search_coll_detect.cpp	base	neutral_helper	int (int, int, _Bool &) noexcept	true				external	1
decl:c:@N@charr@N@base_backend@N@search_coll_detect@F@require_icu_success#$@E@UErrorCode#	function	require_icu_success	charr::base_backend::search_coll_detect::require_icu_success	charr::base_backend::search_coll_detect	charr::base_backend	true	src/base_backend/ci_search_coll_detect.cpp	71	unit:src/base_backend/ci_search_coll_detect.cpp	base	cxx_helper	void (enum UErrorCode)	false				external	1
decl:c:@N@charr@N@base_backend@N@search_coll_extract@F@count_empty_patterns#&1$@N@charr@N@shared@S@CollationInputs#	function	count_empty_patterns	charr::base_backend::search_coll_extract::count_empty_patterns	charr::base_backend::search_coll_extract	charr::base_backend	true	src/base_backend/ci_search_coll_extract.cpp	92	unit:src/base_backend/ci_search_coll_extract.cpp	base	cxx_helper	int (const class charr::shared::CollationInputs &)	false				external	1
decl:c:@N@charr@N@base_backend@N@search_coll_extract@F@emit_warnings#b#b#I#	function	emit_warnings	charr::base_backend::search_coll_extract::emit_warnings	charr::base_backend::search_coll_extract	charr::base_backend	true	src/base_backend/ci_search_coll_extract.cpp	156	unit:src/base_backend/ci_search_coll_extract.cpp	base	r_helper	void (_Bool, _Bool, int) noexcept	true				external	1
decl:c:@N@charr@N@base_backend@N@search_coll_extract@F@missing_strings_r#I#	function	missing_strings_r	charr::base_backend::search_coll_extract::missing_strings_r	charr::base_backend::search_coll_extract	charr::base_backend	true	src/base_backend/ci_search_coll_extract.cpp	106	unit:src/base_backend/ci_search_coll_extract.cpp	base	r_helper	struct SEXPREC *(int) noexcept	true				external	1
decl:c:@N@charr@N@base_backend@N@search_coll_extract@F@normalize_view#&1$@N@charr@N@shared@S@StringView#&$@N@charr@N@shared@S@NativeToUtf8#&$@N@charr@N@shared@S@SliceArena#	function	normalize_view	charr::base_backend::search_coll_extract::normalize_view	charr::base_backend::search_coll_extract	charr::base_backend	true	src/base_backend/ci_search_coll_extract.cpp	78	unit:src/base_backend/ci_search_coll_extract.cpp	base	cxx_helper	struct charr::shared::StringView (const struct charr::shared::StringView &, class charr::shared::NativeToUtf8 &, class charr::shared::SliceArena &)	false				external	1
decl:c:@N@charr@N@base_backend@N@search_coll_extract@F@recycling_length#I#I#&b#	function	recycling_length	charr::base_backend::search_coll_extract::recycling_length	charr::base_backend::search_coll_extract	charr::base_backend	true	src/base_backend/ci_search_coll_extract.cpp	54	unit:src/base_backend/ci_search_coll_extract.cpp	base	neutral_helper	int (int, int, _Bool &) noexcept	true				external	1
decl:c:@N@charr@N@base_backend@N@search_coll_extract@F@require_icu_success#$@E@UErrorCode#	function	require_icu_success	charr::base_backend::search_coll_extract::require_icu_success	charr::base_backend::search_coll_extract	charr::base_backend	true	src/base_backend/ci_search_coll_extract.cpp	71	unit:src/base_backend/ci_search_coll_extract.cpp	base	cxx_helper	void (enum UErrorCode)	false				external	1
decl:c:@N@charr@N@base_backend@N@search_coll_extract@F@set_utf8_slice_r#*$@S@SEXPREC#I#&1$@N@charr@N@shared@S@CollationUtf8Slice#	function	set_utf8_slice_r	charr::base_backend::search_coll_extract::set_utf8_slice_r	charr::base_backend::search_coll_extract	charr::base_backend	true	src/base_backend/ci_search_coll_extract.cpp	115	unit:src/base_backend/ci_search_coll_extract.cpp	base	r_helper	void (struct SEXPREC *, int, const struct charr::shared::CollationUtf8Slice &) noexcept	true				external	1
decl:c:@N@charr@N@base_backend@N@search_coll_extract@F@simplify_result_r#*$@S@SEXPREC#I#I#b#	function	simplify_result_r	charr::base_backend::search_coll_extract::simplify_result_r	charr::base_backend::search_coll_extract	charr::base_backend	true	src/base_backend/ci_search_coll_extract.cpp	126	unit:src/base_backend/ci_search_coll_extract.cpp	base	r_helper	struct SEXPREC *(struct SEXPREC *, int, int, _Bool) noexcept	true				external	1
decl:c:@N@charr@N@base_backend@N@search_coll_locate@F@build_first_inputs#&1$@N@charr@N@shared@S@CollationInputs#S0_#I#*$@S@UCollator#b#&$@N@charr@N@shared@S@CollationMatcher#*I#	function	build_first_inputs	charr::base_backend::search_coll_locate::build_first_inputs	charr::base_backend::search_coll_locate	charr::base_backend	true	src/base_backend/ci_search_coll_locate.cpp	115	unit:src/base_backend/ci_search_coll_locate.cpp	base	cxx_helper	void (const class charr::shared::CollationInputs &, const class charr::shared::CollationInputs &, int, struct UCollator *, _Bool, class charr::shared::CollationMatcher &, int *)	false				external	1
decl:c:@N@charr@N@base_backend@N@search_coll_locate@F@count_empty_patterns#&1$@N@charr@N@shared@S@CollationInputs#	function	count_empty_patterns	charr::base_backend::search_coll_locate::count_empty_patterns	charr::base_backend::search_coll_locate	charr::base_backend	true	src/base_backend/ci_search_coll_locate.cpp	92	unit:src/base_backend/ci_search_coll_locate.cpp	base	cxx_helper	int (const class charr::shared::CollationInputs &)	false				external	1
decl:c:@N@charr@N@base_backend@N@search_coll_locate@F@emit_warnings#b#b#I#	function	emit_warnings	charr::base_backend::search_coll_locate::emit_warnings	charr::base_backend::search_coll_locate	charr::base_backend	true	src/base_backend/ci_search_coll_locate.cpp	193	unit:src/base_backend/ci_search_coll_locate.cpp	base	r_helper	void (_Bool, _Bool, int) noexcept	true				external	1
decl:c:@N@charr@N@base_backend@N@search_coll_locate@F@find_all_positions#&1$@N@charr@N@shared@S@CollationInput#S0_#*$@S@UCollator#b#&$@N@charr@N@shared@S@CollationMatcher#&$@N@std@S@vector>#$@N@charr@N@shared@S@CollationRange#$@N@std@S@allocator>#S8_#	function	find_all_positions	charr::base_backend::search_coll_locate::find_all_positions	charr::base_backend::search_coll_locate	charr::base_backend	true	src/base_backend/ci_search_coll_locate.cpp	174	unit:src/base_backend/ci_search_coll_locate.cpp	base	cxx_helper	void (const struct charr::shared::CollationInput &, const struct charr::shared::CollationInput &, struct UCollator *, _Bool, class charr::shared::CollationMatcher &, class std::vector<struct charr::shared::CollationRange> &)	false				external	1
decl:c:@N@charr@N@base_backend@N@search_coll_locate@F@no_match_range#b#	function	no_match_range	charr::base_backend::search_coll_locate::no_match_range	charr::base_backend::search_coll_locate	charr::base_backend	true	src/base_backend/ci_search_coll_locate.cpp	106	unit:src/base_backend/ci_search_coll_locate.cpp	base	neutral_helper	struct charr::shared::CollationRange (_Bool) noexcept	true				external	1
decl:c:@N@charr@N@base_backend@N@search_coll_locate@F@normalize_view#&1$@N@charr@N@shared@S@StringView#&$@N@charr@N@shared@S@NativeToUtf8#&$@N@charr@N@shared@S@SliceArena#	function	normalize_view	charr::base_backend::search_coll_locate::normalize_view	charr::base_backend::search_coll_locate	charr::base_backend	true	src/base_backend/ci_search_coll_locate.cpp	78	unit:src/base_backend/ci_search_coll_locate.cpp	base	cxx_helper	struct charr::shared::StringView (const struct charr::shared::StringView &, class charr::shared::NativeToUtf8 &, class charr::shared::SliceArena &)	false				external	1
decl:c:@N@charr@N@base_backend@N@search_coll_locate@F@recycling_length#I#I#&b#	function	recycling_length	charr::base_backend::search_coll_locate::recycling_length	charr::base_backend::search_coll_locate	charr::base_backend	true	src/base_backend/ci_search_coll_locate.cpp	54	unit:src/base_backend/ci_search_coll_locate.cpp	base	neutral_helper	int (int, int, _Bool &) noexcept	true				external	1
decl:c:@N@charr@N@base_backend@N@search_coll_locate@F@require_icu_success#$@E@UErrorCode#	function	require_icu_success	charr::base_backend::search_coll_locate::require_icu_success	charr::base_backend::search_coll_locate	charr::base_backend	true	src/base_backend/ci_search_coll_locate.cpp	71	unit:src/base_backend/ci_search_coll_locate.cpp	base	cxx_helper	void (enum UErrorCode)	false				external	1
decl:c:@N@charr@N@base_backend@N@search_coll_replace@F@count_empty_patterns#&1$@N@charr@N@shared@S@CollationInputs#	function	count_empty_patterns	charr::base_backend::search_coll_replace::count_empty_patterns	charr::base_backend::search_coll_replace	charr::base_backend	true	src/base_backend/ci_search_coll_replace.cpp	112	unit:src/base_backend/ci_search_coll_replace.cpp	base	cxx_helper	int (const class charr::shared::CollationInputs &)	false				external	1
decl:c:@N@charr@N@base_backend@N@search_coll_replace@F@emit_warnings#b#b#I#	function	emit_warnings	charr::base_backend::search_coll_replace::emit_warnings	charr::base_backend::search_coll_replace	charr::base_backend	true	src/base_backend/ci_search_coll_replace.cpp	265	unit:src/base_backend/ci_search_coll_replace.cpp	base	r_helper	void (_Bool, _Bool, int) noexcept	true				external	1
decl:c:@N@charr@N@base_backend@N@search_coll_replace@F@normalize_view#&1$@N@charr@N@shared@S@StringView#&$@N@charr@N@shared@S@NativeToUtf8#&$@N@charr@N@shared@S@SliceArena#	function	normalize_view	charr::base_backend::search_coll_replace::normalize_view	charr::base_backend::search_coll_replace	charr::base_backend	true	src/base_backend/ci_search_coll_replace.cpp	98	unit:src/base_backend/ci_search_coll_replace.cpp	base	cxx_helper	struct charr::shared::StringView (const struct charr::shared::StringView &, class charr::shared::NativeToUtf8 &, class charr::shared::SliceArena &)	false				external	1
decl:c:@N@charr@N@base_backend@N@search_coll_replace@F@recycling_length#I#I#I#&b#	function	recycling_length	charr::base_backend::search_coll_replace::recycling_length	charr::base_backend::search_coll_replace	charr::base_backend	true	src/base_backend/ci_search_coll_replace.cpp	66	unit:src/base_backend/ci_search_coll_replace.cpp	base	neutral_helper	int (int, int, int, _Bool &) noexcept	true				external	1
decl:c:@N@charr@N@base_backend@N@search_coll_replace@F@replace_record#&1$@N@charr@N@shared@S@CollationInput#S0_#S0_#$@N@charr@N@base_backend@N@search_coll_replace@E@ReplaceMode#*$@S@UCollator#&$@N@charr@N@shared@S@CollationMatcher#&$@N@std@S@vector>#$@N@charr@N@shared@S@CollationRange#$@N@std@S@allocator>#S9_#&$@N@icu_78@S@UnicodeString#	function	replace_record	charr::base_backend::search_coll_replace::replace_record	charr::base_backend::search_coll_replace	charr::base_backend	true	src/base_backend/ci_search_coll_replace.cpp	126	unit:src/base_backend/ci_search_coll_replace.cpp	base	cxx_helper	struct charr::base_backend::search_coll_replace::ReplacementResult (const struct charr::shared::CollationInput &, const struct charr::shared::CollationInput &, const struct charr::shared::CollationInput &, enum charr::base_backend::search_coll_replace::ReplaceMode, struct UCollator *, class charr::shared::CollationMatcher &, class std::vector<struct charr::shared::CollationRange> &, class icu_78::UnicodeString &)	false				external	1
decl:c:@N@charr@N@base_backend@N@search_coll_replace@F@replace_sequential#&$@N@charr@N@shared@S@CollationInputs#&1S1_#S2_#*$@S@UCollator#&$@N@charr@N@shared@S@CollationMatcher#&$@N@std@S@vector>#$@N@charr@N@shared@S@CollationRange#$@N@std@S@allocator>#S9_#&$@N@icu_78@S@UnicodeString#&b#&I#	function	replace_sequential	charr::base_backend::search_coll_replace::replace_sequential	charr::base_backend::search_coll_replace	charr::base_backend	true	src/base_backend/ci_search_coll_replace.cpp	191	unit:src/base_backend/ci_search_coll_replace.cpp	base	cxx_helper	void (class charr::shared::CollationInputs &, const class charr::shared::CollationInputs &, const class charr::shared::CollationInputs &, struct UCollator *, class charr::shared::CollationMatcher &, class std::vector<struct charr::shared::CollationRange> &, class icu_78::UnicodeString &, _Bool &, int &)	false				external	1
decl:c:@N@charr@N@base_backend@N@search_coll_replace@F@require_icu_success#$@E@UErrorCode#	function	require_icu_success	charr::base_backend::search_coll_replace::require_icu_success	charr::base_backend::search_coll_replace	charr::base_backend	true	src/base_backend/ci_search_coll_replace.cpp	91	unit:src/base_backend/ci_search_coll_replace.cpp	base	cxx_helper	void (enum UErrorCode)	false				external	1
decl:c:@N@charr@N@base_backend@N@search_coll_replace@F@require_sequential_lengths#I#I#	function	require_sequential_lengths	charr::base_backend::search_coll_replace::require_sequential_lengths	charr::base_backend::search_coll_replace	charr::base_backend	true	src/base_backend/ci_search_coll_replace.cpp	283	unit:src/base_backend/ci_search_coll_replace.cpp	base	r_helper	void (int, int) noexcept	true				external	1
decl:c:@N@charr@N@base_backend@N@search_coll_replace@F@set_missing_r#*$@S@SEXPREC#I#	function	set_missing_r	charr::base_backend::search_coll_replace::set_missing_r	charr::base_backend::search_coll_replace	charr::base_backend	true	src/base_backend/ci_search_coll_replace.cpp	244	unit:src/base_backend/ci_search_coll_replace.cpp	base	r_helper	void (struct SEXPREC *, int) noexcept	true				external	1
decl:c:@N@charr@N@base_backend@N@search_coll_replace@F@set_utf8_slice_r#*$@S@SEXPREC#I#&1$@N@charr@N@shared@S@CollationUtf8Slice#	function	set_utf8_slice_r	charr::base_backend::search_coll_replace::set_utf8_slice_r	charr::base_backend::search_coll_replace	charr::base_backend	true	src/base_backend/ci_search_coll_replace.cpp	252	unit:src/base_backend/ci_search_coll_replace.cpp	base	r_helper	void (struct SEXPREC *, int, const struct charr::shared::CollationUtf8Slice &) noexcept	true				external	1
decl:c:@N@charr@N@base_backend@N@search_coll_replace@F@utf8_value#&1$@N@charr@N@shared@S@CollationInput#&$@N@std@S@vector>#C#$@N@std@S@allocator>#C#	function	utf8_value	charr::base_backend::search_coll_replace::utf8_value	charr::base_backend::search_coll_replace	charr::base_backend	true	src/base_backend/ci_search_coll_replace.cpp	173	unit:src/base_backend/ci_search_coll_replace.cpp	base	cxx_helper	struct charr::shared::CollationUtf8Slice (const struct charr::shared::CollationInput &, class std::vector<char> &)	false				external	1
decl:c:@N@charr@N@base_backend@N@search_coll_replace@S@ReplacementResult	struct	ReplacementResult	charr::base_backend::search_coll_replace::ReplacementResult	charr::base_backend::search_coll_replace	charr::base_backend	true	src/base_backend/ci_search_coll_replace.cpp	60	unit:src/base_backend/ci_search_coll_replace.cpp	base					false	true	external	1
decl:c:@N@charr@N@base_backend@N@search_coll_split@F@count_empty_patterns#&1$@N@charr@N@shared@S@CollationInputs#	function	count_empty_patterns	charr::base_backend::search_coll_split::count_empty_patterns	charr::base_backend::search_coll_split	charr::base_backend	true	src/base_backend/ci_search_coll_split.cpp	117	unit:src/base_backend/ci_search_coll_split.cpp	base	cxx_helper	int (const class charr::shared::CollationInputs &)	false				external	1
decl:c:@N@charr@N@base_backend@N@search_coll_split@F@emit_warnings_r#b#b#I#	function	emit_warnings_r	charr::base_backend::search_coll_split::emit_warnings_r	charr::base_backend::search_coll_split	charr::base_backend	true	src/base_backend/ci_search_coll_split.cpp	198	unit:src/base_backend/ci_search_coll_split.cpp	base	r_helper	void (_Bool, _Bool, int) noexcept	true				external	1
decl:c:@N@charr@N@base_backend@N@search_coll_split@F@empty_strings_r#I#	function	empty_strings_r	charr::base_backend::search_coll_split::empty_strings_r	charr::base_backend::search_coll_split	charr::base_backend	true	src/base_backend/ci_search_coll_split.cpp	140	unit:src/base_backend/ci_search_coll_split.cpp	base	r_helper	struct SEXPREC *(int) noexcept	true				external	1
decl:c:@N@charr@N@base_backend@N@search_coll_split@F@minimum_columns#*1I#I#	function	minimum_columns	charr::base_backend::search_coll_split::minimum_columns	charr::base_backend::search_coll_split	charr::base_backend	true	src/base_backend/ci_search_coll_split.cpp	83	unit:src/base_backend/ci_search_coll_split.cpp	base	neutral_helper	int (const int *, int) noexcept	true				external	1
decl:c:@N@charr@N@base_backend@N@search_coll_split@F@missing_strings_r#I#	function	missing_strings_r	charr::base_backend::search_coll_split::missing_strings_r	charr::base_backend::search_coll_split	charr::base_backend	true	src/base_backend/ci_search_coll_split.cpp	131	unit:src/base_backend/ci_search_coll_split.cpp	base	r_helper	struct SEXPREC *(int) noexcept	true				external	1
decl:c:@N@charr@N@base_backend@N@search_coll_split@F@normalize_view#&1$@N@charr@N@shared@S@StringView#&$@N@charr@N@shared@S@NativeToUtf8#&$@N@charr@N@shared@S@SliceArena#	function	normalize_view	charr::base_backend::search_coll_split::normalize_view	charr::base_backend::search_coll_split	charr::base_backend	true	src/base_backend/ci_search_coll_split.cpp	103	unit:src/base_backend/ci_search_coll_split.cpp	base	cxx_helper	struct charr::shared::StringView (const struct charr::shared::StringView &, class charr::shared::NativeToUtf8 &, class charr::shared::SliceArena &)	false				external	1
decl:c:@N@charr@N@base_backend@N@search_coll_split@F@recycling_length#I#I#I#I#&b#	function	recycling_length	charr::base_backend::search_coll_split::recycling_length	charr::base_backend::search_coll_split	charr::base_backend	true	src/base_backend/ci_search_coll_split.cpp	54	unit:src/base_backend/ci_search_coll_split.cpp	base	neutral_helper	int (int, int, int, int, _Bool &) noexcept	true				external	1
decl:c:@N@charr@N@base_backend@N@search_coll_split@F@require_icu_success#$@E@UErrorCode#	function	require_icu_success	charr::base_backend::search_coll_split::require_icu_success	charr::base_backend::search_coll_split	charr::base_backend	true	src/base_backend/ci_search_coll_split.cpp	96	unit:src/base_backend/ci_search_coll_split.cpp	base	cxx_helper	void (enum UErrorCode)	false				external	1
decl:c:@N@charr@N@base_backend@N@search_coll_split@F@set_utf8_slice_r#*$@S@SEXPREC#I#&1$@N@charr@N@shared@S@CollationUtf8Slice#	function	set_utf8_slice_r	charr::base_backend::search_coll_split::set_utf8_slice_r	charr::base_backend::search_coll_split	charr::base_backend	true	src/base_backend/ci_search_coll_split.cpp	155	unit:src/base_backend/ci_search_coll_split.cpp	base	r_helper	void (struct SEXPREC *, int, const struct charr::shared::CollationUtf8Slice &) noexcept	true				external	1
decl:c:@N@charr@N@base_backend@N@search_coll_split@F@simplify_result_r#*$@S@SEXPREC#I#I#b#	function	simplify_result_r	charr::base_backend::search_coll_split::simplify_result_r	charr::base_backend::search_coll_split	charr::base_backend	true	src/base_backend/ci_search_coll_split.cpp	167	unit:src/base_backend/ci_search_coll_split.cpp	base	r_helper	struct SEXPREC *(struct SEXPREC *, int, int, _Bool) noexcept	true				external	1
decl:c:@N@charr@N@base_backend@N@search_coll_split@F@strings_r#I#	function	strings_r	charr::base_backend::search_coll_split::strings_r	charr::base_backend::search_coll_split	charr::base_backend	true	src/base_backend/ci_search_coll_split.cpp	149	unit:src/base_backend/ci_search_coll_split.cpp	base	r_helper	struct SEXPREC *(int) noexcept	true				external	1
decl:c:@N@charr@N@base_backend@N@search_coll_startsendswith@F@count_empty_patterns#&1$@N@charr@N@shared@S@CollationInputs#	function	count_empty_patterns	charr::base_backend::search_coll_startsendswith::count_empty_patterns	charr::base_backend::search_coll_startsendswith	charr::base_backend	true	src/base_backend/ci_search_coll_startsendswith.cpp	78	unit:src/base_backend/ci_search_coll_startsendswith.cpp	base	cxx_helper	int (const class charr::shared::CollationInputs &)	false				external	1
decl:c:@N@charr@N@base_backend@N@search_coll_startsendswith@F@emit_warnings#b#b#I#	function	emit_warnings	charr::base_backend::search_coll_startsendswith::emit_warnings	charr::base_backend::search_coll_startsendswith	charr::base_backend	true	src/base_backend/ci_search_coll_startsendswith.cpp	157	unit:src/base_backend/ci_search_coll_startsendswith.cpp	base	r_helper	void (_Bool, _Bool, int) noexcept	true				external	1
decl:c:@N@charr@N@base_backend@N@search_coll_startsendswith@F@match_normalized#&1$@N@charr@N@shared@S@CollationInputs#S0_#*1I#I#I#I#I#*$@S@UCollator#b#b#&$@N@charr@N@shared@S@CollationMatcher#*I#	function	match_normalized	charr::base_backend::search_coll_startsendswith::match_normalized	charr::base_backend::search_coll_startsendswith	charr::base_backend	true	src/base_backend/ci_search_coll_startsendswith.cpp	92	unit:src/base_backend/ci_search_coll_startsendswith.cpp	base	cxx_helper	void (const class charr::shared::CollationInputs &, const class charr::shared::CollationInputs &, const int *, int, int, int, int, struct UCollator *, _Bool, _Bool, class charr::shared::CollationMatcher &, int *)	false				external	1
decl:c:@N@charr@N@base_backend@N@search_coll_startsendswith@F@recycling_length#I#I#I#&b#	function	recycling_length	charr::base_backend::search_coll_startsendswith::recycling_length	charr::base_backend::search_coll_startsendswith	charr::base_backend	true	src/base_backend/ci_search_coll_startsendswith.cpp	54	unit:src/base_backend/ci_search_coll_startsendswith.cpp	base	neutral_helper	int (int, int, int, _Bool &) noexcept	true				external	1
decl:c:@N@charr@N@base_backend@N@search_coll_startsendswith@F@require_icu_success#$@E@UErrorCode#	function	require_icu_success	charr::base_backend::search_coll_startsendswith::require_icu_success	charr::base_backend::search_coll_startsendswith	charr::base_backend	true	src/base_backend/ci_search_coll_startsendswith.cpp	71	unit:src/base_backend/ci_search_coll_startsendswith.cpp	base	cxx_helper	void (enum UErrorCode)	false				external	1
decl:c:@N@charr@N@base_backend@N@search_fixed_count@F@count_ascii_byte#*1C#I#c#	function	count_ascii_byte	charr::base_backend::search_fixed_count::count_ascii_byte	charr::base_backend::search_fixed_count	charr::base_backend	true	src/base_backend/ci_search_fixed_count.cpp	55	unit:src/base_backend/ci_search_fixed_count.cpp	base	neutral_helper	int (const char *, int, unsigned char) noexcept	true				external	1
decl:c:@N@charr@N@base_backend@N@search_fixed_count@F@count_ascii_scalar_direct#*$@S@SEXPREC#S0_#$@N@charr@N@shared@S@FixedSearchOptions#I#I#*I#&I#	function	count_ascii_scalar_direct	charr::base_backend::search_fixed_count::count_ascii_scalar_direct	charr::base_backend::search_fixed_count	charr::base_backend	true	src/base_backend/ci_search_fixed_count.cpp	86	unit:src/base_backend/ci_search_fixed_count.cpp	base	r_helper	_Bool (struct SEXPREC *, struct SEXPREC *, struct charr::shared::FixedSearchOptions, int, int, int *, int &) noexcept	true				external	1
decl:c:@N@charr@N@base_backend@N@search_fixed_count@F@count_normalized#&1$@N@std@S@vector>#$@N@charr@N@shared@S@StringView#$@N@std@S@allocator>#S2_#S0_#I#I#$@N@charr@N@shared@S@FixedSearchOptions#&$@N@charr@N@shared@S@FixedMatcher#*I#	function	count_normalized	charr::base_backend::search_fixed_count::count_normalized	charr::base_backend::search_fixed_count	charr::base_backend	true	src/base_backend/ci_search_fixed_count.cpp	121	unit:src/base_backend/ci_search_fixed_count.cpp	base	cxx_helper	void (const class std::vector<struct charr::shared::StringView> &, const class std::vector<struct charr::shared::StringView> &, int, int, struct charr::shared::FixedSearchOptions, class charr::shared::FixedMatcher &, int *)	false				external	1
decl:c:@N@charr@N@base_backend@N@search_fixed_count@F@emit_warnings#b#I#	function	emit_warnings	charr::base_backend::search_fixed_count::emit_warnings	charr::base_backend::search_fixed_count	charr::base_backend	true	src/base_backend/ci_search_fixed_count.cpp	167	unit:src/base_backend/ci_search_fixed_count.cpp	base	r_helper	void (_Bool, int) noexcept	true				external	1
decl:c:@N@charr@N@base_backend@N@search_fixed_count@F@recycling_length#I#I#&b#	function	recycling_length	charr::base_backend::search_fixed_count::recycling_length	charr::base_backend::search_fixed_count	charr::base_backend	true	src/base_backend/ci_search_fixed_count.cpp	69	unit:src/base_backend/ci_search_fixed_count.cpp	base	neutral_helper	int (int, int, _Bool &) noexcept	true				external	1
decl:c:@N@charr@N@base_backend@N@search_fixed_detect@F@contains_ascii_byte#*1C#I#c#	function	contains_ascii_byte	charr::base_backend::search_fixed_detect::contains_ascii_byte	charr::base_backend::search_fixed_detect	charr::base_backend	true	src/base_backend/ci_search_fixed_detect.cpp	55	unit:src/base_backend/ci_search_fixed_detect.cpp	base	neutral_helper	_Bool (const char *, int, unsigned char) noexcept	true				external	1
decl:c:@N@charr@N@base_backend@N@search_fixed_detect@F@detect_ascii_scalar_direct#*$@S@SEXPREC#S0_#$@N@charr@N@shared@S@FixedSearchOptions#I#I#b#&I#*I#S3_#	function	detect_ascii_scalar_direct	charr::base_backend::search_fixed_detect::detect_ascii_scalar_direct	charr::base_backend::search_fixed_detect	charr::base_backend	true	src/base_backend/ci_search_fixed_detect.cpp	87	unit:src/base_backend/ci_search_fixed_detect.cpp	base	r_helper	_Bool (struct SEXPREC *, struct SEXPREC *, struct charr::shared::FixedSearchOptions, int, int, _Bool, int &, int *, int &) noexcept	true				external	1
decl:c:@N@charr@N@base_backend@N@search_fixed_detect@F@detect_normalized#&1$@N@std@S@vector>#$@N@charr@N@shared@S@StringView#$@N@std@S@allocator>#S2_#S0_#I#I#$@N@charr@N@shared@S@FixedSearchOptions#b#&I#&$@N@charr@N@shared@S@FixedMatcher#*I#	function	detect_normalized	charr::base_backend::search_fixed_detect::detect_normalized	charr::base_backend::search_fixed_detect	charr::base_backend	true	src/base_backend/ci_search_fixed_detect.cpp	131	unit:src/base_backend/ci_search_fixed_detect.cpp	base	cxx_helper	void (const class std::vector<struct charr::shared::StringView> &, const class std::vector<struct charr::shared::StringView> &, int, int, struct charr::shared::FixedSearchOptions, _Bool, int &, class charr::shared::FixedMatcher &, int *)	false				external	1
decl:c:@N@charr@N@base_backend@N@search_fixed_detect@F@emit_warnings#b#I#	function	emit_warnings	charr::base_backend::search_fixed_detect::emit_warnings	charr::base_backend::search_fixed_detect	charr::base_backend	true	src/base_backend/ci_search_fixed_detect.cpp	181	unit:src/base_backend/ci_search_fixed_detect.cpp	base	r_helper	void (_Bool, int) noexcept	true				external	1
decl:c:@N@charr@N@base_backend@N@search_fixed_detect@F@recycling_length#I#I#&b#	function	recycling_length	charr::base_backend::search_fixed_detect::recycling_length	charr::base_backend::search_fixed_detect	charr::base_backend	true	src/base_backend/ci_search_fixed_detect.cpp	70	unit:src/base_backend/ci_search_fixed_detect.cpp	base	neutral_helper	int (int, int, _Bool &) noexcept	true				external	1
decl:c:@N@charr@N@base_backend@N@search_fixed_extract@F@count_empty_patterns#&1$@N@std@S@vector>#$@N@charr@N@shared@S@StringView#$@N@std@S@allocator>#S2_#	function	count_empty_patterns	charr::base_backend::search_fixed_extract::count_empty_patterns	charr::base_backend::search_fixed_extract	charr::base_backend	true	src/base_backend/ci_search_fixed_extract.cpp	150	unit:src/base_backend/ci_search_fixed_extract.cpp	base	cxx_helper	int (const class std::vector<struct charr::shared::StringView> &)	false				external	1
decl:c:@N@charr@N@base_backend@N@search_fixed_extract@F@direct_view_r#*$@S@SEXPREC#&$@N@charr@N@shared@S@StringView#&b#	function	direct_view_r	charr::base_backend::search_fixed_extract::direct_view_r	charr::base_backend::search_fixed_extract	charr::base_backend	true	src/base_backend/ci_search_fixed_extract.cpp	102	unit:src/base_backend/ci_search_fixed_extract.cpp	base	r_helper	_Bool (struct SEXPREC *, struct charr::shared::StringView &, _Bool &) noexcept	true				external	1
decl:c:@N@charr@N@base_backend@N@search_fixed_extract@F@emit_warnings_r#b#I#	function	emit_warnings_r	charr::base_backend::search_fixed_extract::emit_warnings_r	charr::base_backend::search_fixed_extract	charr::base_backend	true	src/base_backend/ci_search_fixed_extract.cpp	230	unit:src/base_backend/ci_search_fixed_extract.cpp	base	r_helper	void (_Bool, int) noexcept	true				external	1
decl:c:@N@charr@N@base_backend@N@search_fixed_extract@F@empty_child_r#	function	empty_child_r	charr::base_backend::search_fixed_extract::empty_child_r	charr::base_backend::search_fixed_extract	charr::base_backend	true	src/base_backend/ci_search_fixed_extract.cpp	171	unit:src/base_backend/ci_search_fixed_extract.cpp	base	r_helper	struct SEXPREC *(void) noexcept	true				external	1
decl:c:@N@charr@N@base_backend@N@search_fixed_extract@F@matched_child_r#&1$@N@charr@N@shared@S@FixedExtractPlan#&1$@N@charr@N@shared@S@FixedExtractRow#	function	matched_child_r	charr::base_backend::search_fixed_extract::matched_child_r	charr::base_backend::search_fixed_extract	charr::base_backend	true	src/base_backend/ci_search_fixed_extract.cpp	208	unit:src/base_backend/ci_search_fixed_extract.cpp	base	r_helper	struct SEXPREC *(const struct charr::shared::FixedExtractPlan &, const struct charr::shared::FixedExtractRow &) noexcept	true				external	1
decl:c:@N@charr@N@base_backend@N@search_fixed_extract@F@missing_child_r#	function	missing_child_r	charr::base_backend::search_fixed_extract::missing_child_r	charr::base_backend::search_fixed_extract	charr::base_backend	true	src/base_backend/ci_search_fixed_extract.cpp	163	unit:src/base_backend/ci_search_fixed_extract.cpp	base	r_helper	struct SEXPREC *(void) noexcept	true				external	1
decl:c:@N@charr@N@base_backend@N@search_fixed_extract@F@normalize_view#&1$@N@charr@N@shared@S@StringView#&$@N@charr@N@shared@S@NativeToUtf8#&$@N@charr@N@shared@S@SliceArena#	function	normalize_view	charr::base_backend::search_fixed_extract::normalize_view	charr::base_backend::search_fixed_extract	charr::base_backend	true	src/base_backend/ci_search_fixed_extract.cpp	138	unit:src/base_backend/ci_search_fixed_extract.cpp	base	cxx_helper	struct charr::shared::StringView (const struct charr::shared::StringView &, class charr::shared::NativeToUtf8 &, class charr::shared::SliceArena &)	false				external	1
decl:c:@N@charr@N@base_backend@N@search_fixed_extract@F@recycling_length#I#I#&b#	function	recycling_length	charr::base_backend::search_fixed_extract::recycling_length	charr::base_backend::search_fixed_extract	charr::base_backend	true	src/base_backend/ci_search_fixed_extract.cpp	84	unit:src/base_backend/ci_search_fixed_extract.cpp	base	neutral_helper	int (int, int, _Bool &) noexcept	true				external	1
decl:c:@N@charr@N@base_backend@N@search_fixed_extract@F@repeated_child_r#&1$@N@charr@N@shared@S@StringView#I#	function	repeated_child_r	charr::base_backend::search_fixed_extract::repeated_child_r	charr::base_backend::search_fixed_extract	charr::base_backend	true	src/base_backend/ci_search_fixed_extract.cpp	189	unit:src/base_backend/ci_search_fixed_extract.cpp	base	r_helper	struct SEXPREC *(const struct charr::shared::StringView &, int) noexcept	true				external	1
decl:c:@N@charr@N@base_backend@N@search_fixed_extract@F@repeated_direct_child_r#*$@S@SEXPREC#I#	function	repeated_direct_child_r	charr::base_backend::search_fixed_extract::repeated_direct_child_r	charr::base_backend::search_fixed_extract	charr::base_backend	true	src/base_backend/ci_search_fixed_extract.cpp	177	unit:src/base_backend/ci_search_fixed_extract.cpp	base	r_helper	struct SEXPREC *(struct SEXPREC *, int) noexcept	true				external	1
decl:c:@N@charr@N@base_backend@N@search_fixed_extract@S@DirectRepeatHash	struct	DirectRepeatHash	charr::base_backend::search_fixed_extract::DirectRepeatHash	charr::base_backend::search_fixed_extract	charr::base_backend	true	src/base_backend/ci_search_fixed_extract.cpp	69	unit:src/base_backend/ci_search_fixed_extract.cpp	base					false	true	external	1
decl:c:@N@charr@N@base_backend@N@search_fixed_extract@S@DirectRepeatHash@F@operator()#&1$@N@charr@N@base_backend@N@search_fixed_extract@S@DirectRepeatKey#1	method	operator()	charr::base_backend::search_fixed_extract::DirectRepeatHash::operator()	charr::base_backend::search_fixed_extract	charr::base_backend	true	src/base_backend/ci_search_fixed_extract.cpp	70	unit:src/base_backend/ci_search_fixed_extract.cpp	base	neutral_helper	unsigned long (const struct charr::base_backend::search_fixed_extract::DirectRepeatKey &) const noexcept	true	decl:c:@N@charr@N@base_backend@N@search_fixed_extract@S@DirectRepeatHash			external	1
decl:c:@N@charr@N@base_backend@N@search_fixed_extract@S@DirectRepeatKey	struct	DirectRepeatKey	charr::base_backend::search_fixed_extract::DirectRepeatKey	charr::base_backend::search_fixed_extract	charr::base_backend	true	src/base_backend/ci_search_fixed_extract.cpp	56	unit:src/base_backend/ci_search_fixed_extract.cpp	base					false	true	external	1
decl:c:@N@charr@N@base_backend@N@search_fixed_extract@S@DirectRepeatKey@F@operator==#&1$@N@charr@N@base_backend@N@search_fixed_extract@S@DirectRepeatKey#1	method	operator==	charr::base_backend::search_fixed_extract::DirectRepeatKey::operator==	charr::base_backend::search_fixed_extract	charr::base_backend	true	src/base_backend/ci_search_fixed_extract.cpp	60	unit:src/base_backend/ci_search_fixed_extract.cpp	base	neutral_helper	_Bool (const struct charr::base_backend::search_fixed_extract::DirectRepeatKey &) const noexcept	true	decl:c:@N@charr@N@base_backend@N@search_fixed_extract@S@DirectRepeatKey			external	1
decl:c:@N@charr@N@base_backend@N@search_fixed_extract_first@F@count_empty_patterns#&1$@N@std@S@vector>#$@N@charr@N@shared@S@StringView#$@N@std@S@allocator>#S2_#	function	count_empty_patterns	charr::base_backend::search_fixed_extract_first::count_empty_patterns	charr::base_backend::search_fixed_extract_first	charr::base_backend	true	src/base_backend/ci_search_fixed_extract_first.cpp	128	unit:src/base_backend/ci_search_fixed_extract_first.cpp	base	neutral_helper	int (const class std::vector<struct charr::shared::StringView> &) noexcept	true				external	1
decl:c:@N@charr@N@base_backend@N@search_fixed_extract_first@F@direct_view#*$@S@SEXPREC#&$@N@charr@N@shared@S@StringView#&b#	function	direct_view	charr::base_backend::search_fixed_extract_first::direct_view	charr::base_backend::search_fixed_extract_first	charr::base_backend	true	src/base_backend/ci_search_fixed_extract_first.cpp	41	unit:src/base_backend/ci_search_fixed_extract_first.cpp	base	r_helper	_Bool (struct SEXPREC *, struct charr::shared::StringView &, _Bool &) noexcept	true				external	1
decl:c:@N@charr@N@base_backend@N@search_fixed_extract_first@F@emit_empty_pattern_warnings#I#	function	emit_empty_pattern_warnings	charr::base_backend::search_fixed_extract_first::emit_empty_pattern_warnings	charr::base_backend::search_fixed_extract_first	charr::base_backend	true	src/base_backend/ci_search_fixed_extract_first.cpp	142	unit:src/base_backend/ci_search_fixed_extract_first.cpp	base	r_helper	void (int) noexcept	true				external	1
decl:c:@N@charr@N@base_backend@N@search_fixed_extract_first@F@extract_direct#*$@S@SEXPREC#S0_#$@N@charr@N@shared@S@FixedSearchOptions#I#S0_#	function	extract_direct	charr::base_backend::search_fixed_extract_first::extract_direct	charr::base_backend::search_fixed_extract_first	charr::base_backend	true	src/base_backend/ci_search_fixed_extract_first.cpp	75	unit:src/base_backend/ci_search_fixed_extract_first.cpp	base	r_helper	_Bool (struct SEXPREC *, struct SEXPREC *, struct charr::shared::FixedSearchOptions, int, struct SEXPREC *) noexcept	true				external	1
decl:c:@N@charr@N@base_backend@N@search_fixed_extract_first@F@recycling_length#I#I#&b#	function	recycling_length	charr::base_backend::search_fixed_extract_first::recycling_length	charr::base_backend::search_fixed_extract_first	charr::base_backend	true	src/base_backend/ci_search_fixed_extract_first.cpp	23	unit:src/base_backend/ci_search_fixed_extract_first.cpp	base	neutral_helper	int (int, int, _Bool &) noexcept	true				external	1
decl:c:@N@charr@N@base_backend@N@search_fixed_locate@F@count_ascii_byte#*1C#I#c#	function	count_ascii_byte	charr::base_backend::search_fixed_locate::count_ascii_byte	charr::base_backend::search_fixed_locate	charr::base_backend	true	src/base_backend/ci_search_fixed_locate.cpp	105	unit:src/base_backend/ci_search_fixed_locate.cpp	base	neutral_helper	int (const char *, int, unsigned char) noexcept	true				external	1
decl:c:@N@charr@N@base_backend@N@search_fixed_locate@F@count_empty_patterns#&1$@N@std@S@vector>#$@N@charr@N@shared@S@StringView#$@N@std@S@allocator>#S2_#	function	count_empty_patterns	charr::base_backend::search_fixed_locate::count_empty_patterns	charr::base_backend::search_fixed_locate	charr::base_backend	true	src/base_backend/ci_search_fixed_locate.cpp	300	unit:src/base_backend/ci_search_fixed_locate.cpp	base	neutral_helper	int (const class std::vector<struct charr::shared::StringView> &) noexcept	true				external	1
decl:c:@N@charr@N@base_backend@N@search_fixed_locate@F@direct_fixed_pattern#*$@S@SEXPREC#I#&c#	function	direct_fixed_pattern	charr::base_backend::search_fixed_locate::direct_fixed_pattern	charr::base_backend::search_fixed_locate	charr::base_backend	true	src/base_backend/ci_search_fixed_locate.cpp	88	unit:src/base_backend/ci_search_fixed_locate.cpp	base	r_helper	_Bool (struct SEXPREC *, int, unsigned char &) noexcept	true				external	1
decl:c:@N@charr@N@base_backend@N@search_fixed_locate@F@direct_fixed_string#*$@S@SEXPREC#&$@N@charr@N@base_backend@N@search_fixed_locate@S@DirectFixedString#	function	direct_fixed_string	charr::base_backend::search_fixed_locate::direct_fixed_string	charr::base_backend::search_fixed_locate	charr::base_backend	true	src/base_backend/ci_search_fixed_locate.cpp	63	unit:src/base_backend/ci_search_fixed_locate.cpp	base	r_helper	_Bool (struct SEXPREC *, struct charr::base_backend::search_fixed_locate::DirectFixedString &) noexcept	true				external	1
decl:c:@N@charr@N@base_backend@N@search_fixed_locate@F@emit_warnings#b#I#	function	emit_warnings	charr::base_backend::search_fixed_locate::emit_warnings	charr::base_backend::search_fixed_locate	charr::base_backend	true	src/base_backend/ci_search_fixed_locate.cpp	406	unit:src/base_backend/ci_search_fixed_locate.cpp	base	r_helper	void (_Bool, int) noexcept	true				external	1
decl:c:@N@charr@N@base_backend@N@search_fixed_locate@F@fill_ascii_occurrences#&1$@N@charr@N@base_backend@N@search_fixed_locate@S@DirectFixedString#c#*I#S2_#I#b#	function	fill_ascii_occurrences	charr::base_backend::search_fixed_locate::fill_ascii_occurrences	charr::base_backend::search_fixed_locate	charr::base_backend	true	src/base_backend/ci_search_fixed_locate.cpp	131	unit:src/base_backend/ci_search_fixed_locate.cpp	base	neutral_helper	void (const struct charr::base_backend::search_fixed_locate::DirectFixedString &, unsigned char, int *, int *, int, _Bool) noexcept	true				external	1
decl:c:@N@charr@N@base_backend@N@search_fixed_locate@F@find_all_positions#&1$@N@charr@N@shared@S@StringView#S0_#$@N@charr@N@shared@S@FixedSearchOptions#b#&$@N@charr@N@shared@S@FixedMatcher#&$@N@std@S@vector>#$@N@charr@N@shared@S@ByteRange#$@N@std@S@allocator>#S7_#	function	find_all_positions	charr::base_backend::search_fixed_locate::find_all_positions	charr::base_backend::search_fixed_locate	charr::base_backend	true	src/base_backend/ci_search_fixed_locate.cpp	384	unit:src/base_backend/ci_search_fixed_locate.cpp	base	cxx_helper	void (const struct charr::shared::StringView &, const struct charr::shared::StringView &, struct charr::shared::FixedSearchOptions, _Bool, class charr::shared::FixedMatcher &, class std::vector<struct charr::shared::ByteRange> &)	false				external	1
decl:c:@N@charr@N@base_backend@N@search_fixed_locate@F@find_ascii_byte#*1C#I#c#	function	find_ascii_byte	charr::base_backend::search_fixed_locate::find_ascii_byte	charr::base_backend::search_fixed_locate	charr::base_backend	true	src/base_backend/ci_search_fixed_locate.cpp	119	unit:src/base_backend/ci_search_fixed_locate.cpp	base	neutral_helper	int (const char *, int, unsigned char) noexcept	true				external	1
decl:c:@N@charr@N@base_backend@N@search_fixed_locate@F@locate_all_ascii_scalar_direct#*$@S@SEXPREC#S0_#$@N@charr@N@shared@S@FixedSearchOptions#I#I#b#b#S0_#&$@N@charr@N@shared@S@ProtHelper#&S0_#I#&I#	function	locate_all_ascii_scalar_direct	charr::base_backend::search_fixed_locate::locate_all_ascii_scalar_direct	charr::base_backend::search_fixed_locate	charr::base_backend	true	src/base_backend/ci_search_fixed_locate.cpp	226	unit:src/base_backend/ci_search_fixed_locate.cpp	base	r_helper	_Bool (struct SEXPREC *, struct SEXPREC *, struct charr::shared::FixedSearchOptions, int, int, _Bool, _Bool, struct SEXPREC *, class charr::shared::ProtHelper &, struct SEXPREC *&, int, int &) noexcept	true				external	1
decl:c:@N@charr@N@base_backend@N@search_fixed_locate@F@locate_first_ascii_scalar_direct#*$@S@SEXPREC#S0_#$@N@charr@N@shared@S@FixedSearchOptions#I#I#b#*I#&I#	function	locate_first_ascii_scalar_direct	charr::base_backend::search_fixed_locate::locate_first_ascii_scalar_direct	charr::base_backend::search_fixed_locate	charr::base_backend	true	src/base_backend/ci_search_fixed_locate.cpp	165	unit:src/base_backend/ci_search_fixed_locate.cpp	base	r_helper	_Bool (struct SEXPREC *, struct SEXPREC *, struct charr::shared::FixedSearchOptions, int, int, _Bool, int *, int &) noexcept	true				external	1
decl:c:@N@charr@N@base_backend@N@search_fixed_locate@F@locate_first_normalized#&1$@N@std@S@vector>#$@N@charr@N@shared@S@StringView#$@N@std@S@allocator>#S2_#S0_#I#I#$@N@charr@N@shared@S@FixedSearchOptions#b#&$@N@charr@N@shared@S@FixedMatcher#*I#	function	locate_first_normalized	charr::base_backend::search_fixed_locate::locate_first_normalized	charr::base_backend::search_fixed_locate	charr::base_backend	true	src/base_backend/ci_search_fixed_locate.cpp	323	unit:src/base_backend/ci_search_fixed_locate.cpp	base	cxx_helper	void (const class std::vector<struct charr::shared::StringView> &, const class std::vector<struct charr::shared::StringView> &, int, int, struct charr::shared::FixedSearchOptions, _Bool, class charr::shared::FixedMatcher &, int *)	false				external	1
decl:c:@N@charr@N@base_backend@N@search_fixed_locate@F@no_match_range#b#	function	no_match_range	charr::base_backend::search_fixed_locate::no_match_range	charr::base_backend::search_fixed_locate	charr::base_backend	true	src/base_backend/ci_search_fixed_locate.cpp	314	unit:src/base_backend/ci_search_fixed_locate.cpp	base	neutral_helper	struct charr::shared::ByteRange (_Bool) noexcept	true				external	1
decl:c:@N@charr@N@base_backend@N@search_fixed_locate@F@recycling_length#I#I#&b#	function	recycling_length	charr::base_backend::search_fixed_locate::recycling_length	charr::base_backend::search_fixed_locate	charr::base_backend	true	src/base_backend/ci_search_fixed_locate.cpp	283	unit:src/base_backend/ci_search_fixed_locate.cpp	base	neutral_helper	int (int, int, _Bool &) noexcept	true				external	1
decl:c:@N@charr@N@base_backend@N@search_fixed_locate@S@DirectFixedString	struct	DirectFixedString	charr::base_backend::search_fixed_locate::DirectFixedString	charr::base_backend::search_fixed_locate	charr::base_backend	true	src/base_backend/ci_search_fixed_locate.cpp	55	unit:src/base_backend/ci_search_fixed_locate.cpp	base					false	true	external	1
decl:c:@N@charr@N@base_backend@N@search_fixed_replace@F@checked_direct_size#I#I#l#	function	checked_direct_size	charr::base_backend::search_fixed_replace::checked_direct_size	charr::base_backend::search_fixed_replace	charr::base_backend	true	src/base_backend/ci_search_fixed_replace.cpp	142	unit:src/base_backend/ci_search_fixed_replace.cpp	base	cxx_helper	unsigned long (int, int, unsigned long)	false				external	1
decl:c:@N@charr@N@base_backend@N@search_fixed_replace@F@compute_sequential#&1$@N@std@S@vector>#$@N@charr@N@shared@S@StringView#$@N@std@S@allocator>#S2_#S0_#S0_#$@N@charr@N@shared@S@FixedSearchOptions#&$@N@charr@N@shared@S@FixedMatcher#&$@N@std@S@vector>#$@N@charr@N@shared@S@ByteRange#$@N@std@S@allocator>#S9_#&$@N@charr@N@shared@S@SliceArena#&S1_#&$@N@std@S@vector>#c#$@N@std@S@allocator>#c#&b#&I#	function	compute_sequential	charr::base_backend::search_fixed_replace::compute_sequential	charr::base_backend::search_fixed_replace	charr::base_backend	true	src/base_backend/ci_search_fixed_replace.cpp	362	unit:src/base_backend/ci_search_fixed_replace.cpp	base	cxx_helper	void (const class std::vector<struct charr::shared::StringView> &, const class std::vector<struct charr::shared::StringView> &, const class std::vector<struct charr::shared::StringView> &, struct charr::shared::FixedSearchOptions, class charr::shared::FixedMatcher &, class std::vector<struct charr::shared::ByteRange> &, class charr::shared::SliceArena &, class std::vector<struct charr::shared::StringView> &, class std::vector<unsigned char> &, _Bool &, int &)	false				external	1
decl:c:@N@charr@N@base_backend@N@search_fixed_replace@F@direct_string#*$@S@SEXPREC#&$@N@charr@N@base_backend@N@search_fixed_replace@S@DirectString#	function	direct_string	charr::base_backend::search_fixed_replace::direct_string	charr::base_backend::search_fixed_replace	charr::base_backend	true	src/base_backend/ci_search_fixed_replace.cpp	104	unit:src/base_backend/ci_search_fixed_replace.cpp	base	r_helper	_Bool (struct SEXPREC *, struct charr::base_backend::search_fixed_replace::DirectString &) noexcept	true				external	1
decl:c:@N@charr@N@base_backend@N@search_fixed_replace@F@emit_warnings#b#I#	function	emit_warnings	charr::base_backend::search_fixed_replace::emit_warnings	charr::base_backend::search_fixed_replace	charr::base_backend	true	src/base_backend/ci_search_fixed_replace.cpp	467	unit:src/base_backend/ci_search_fixed_replace.cpp	base	r_helper	void (_Bool, int) noexcept	true				external	1
decl:c:@N@charr@N@base_backend@N@search_fixed_replace@F@find_byte#*1C#I#c#	function	find_byte	charr::base_backend::search_fixed_replace::find_byte	charr::base_backend::search_fixed_replace	charr::base_backend	true	src/base_backend/ci_search_fixed_replace.cpp	130	unit:src/base_backend/ci_search_fixed_replace.cpp	base	neutral_helper	int (const char *, int, unsigned char) noexcept	true				external	1
decl:c:@N@charr@N@base_backend@N@search_fixed_replace@F@install_record#*$@S@SEXPREC#I#S0_#&1$@N@charr@N@shared@S@StringView#&1$@N@charr@N@base_backend@N@search_fixed_replace@S@ReplacementRecord#	function	install_record	charr::base_backend::search_fixed_replace::install_record	charr::base_backend::search_fixed_replace	charr::base_backend	true	src/base_backend/ci_search_fixed_replace.cpp	440	unit:src/base_backend/ci_search_fixed_replace.cpp	base	r_helper	void (struct SEXPREC *, int, struct SEXPREC *, const struct charr::shared::StringView &, const struct charr::base_backend::search_fixed_replace::ReplacementRecord &) noexcept	true				external	1
decl:c:@N@charr@N@base_backend@N@search_fixed_replace@F@matched_bytes#&1$@N@std@S@vector>#$@N@charr@N@shared@S@ByteRange#$@N@std@S@allocator>#S2_#	function	matched_bytes	charr::base_backend::search_fixed_replace::matched_bytes	charr::base_backend::search_fixed_replace	charr::base_backend	true	src/base_backend/ci_search_fixed_replace.cpp	252	unit:src/base_backend/ci_search_fixed_replace.cpp	base	cxx_helper	unsigned long (const class std::vector<struct charr::shared::ByteRange> &)	false				external	1
decl:c:@N@charr@N@base_backend@N@search_fixed_replace@F@normalize_input#&1$@N@charr@N@shared@S@StringView#&$@N@charr@N@shared@S@NativeToUtf8#&$@N@charr@N@shared@S@SliceArena#	function	normalize_input	charr::base_backend::search_fixed_replace::normalize_input	charr::base_backend::search_fixed_replace	charr::base_backend	true	src/base_backend/ci_search_fixed_replace.cpp	240	unit:src/base_backend/ci_search_fixed_replace.cpp	base	cxx_helper	struct charr::shared::StringView (const struct charr::shared::StringView &, class charr::shared::NativeToUtf8 &, class charr::shared::SliceArena &)	false				external	1
decl:c:@N@charr@N@base_backend@N@search_fixed_replace@F@recycling_length#I#I#I#&b#	function	recycling_length	charr::base_backend::search_fixed_replace::recycling_length	charr::base_backend::search_fixed_replace	charr::base_backend	true	src/base_backend/ci_search_fixed_replace.cpp	79	unit:src/base_backend/ci_search_fixed_replace.cpp	base	neutral_helper	int (int, int, int, _Bool &) noexcept	true				external	1
decl:c:@N@charr@N@base_backend@N@search_fixed_replace@F@replace_direct_byte#&1$@N@charr@N@base_backend@N@search_fixed_replace@S@DirectString#c#S0_#$@N@charr@N@base_backend@N@search_fixed_replace@E@ReplaceMode#&$@N@std@S@vector>#C#$@N@std@S@allocator>#C#	function	replace_direct_byte	charr::base_backend::search_fixed_replace::replace_direct_byte	charr::base_backend::search_fixed_replace	charr::base_backend	true	src/base_backend/ci_search_fixed_replace.cpp	165	unit:src/base_backend/ci_search_fixed_replace.cpp	base	cxx_helper	struct charr::base_backend::search_fixed_replace::ReplacementRecord (const struct charr::base_backend::search_fixed_replace::DirectString &, unsigned char, const struct charr::base_backend::search_fixed_replace::DirectString &, enum charr::base_backend::search_fixed_replace::ReplaceMode, class std::vector<char> &)	false				external	1
decl:c:@N@charr@N@base_backend@N@search_fixed_replace@F@replace_record#&1$@N@charr@N@shared@S@StringView#S0_#S0_#$@N@charr@N@base_backend@N@search_fixed_replace@E@ReplaceMode#$@N@charr@N@shared@S@FixedSearchOptions#&$@N@charr@N@shared@S@FixedMatcher#&$@N@std@S@vector>#$@N@charr@N@shared@S@ByteRange#$@N@std@S@allocator>#S8_#&$@N@std@S@vector>#C#$@N@std@S@allocator>#C#	function	replace_record	charr::base_backend::search_fixed_replace::replace_record	charr::base_backend::search_fixed_replace	charr::base_backend	true	src/base_backend/ci_search_fixed_replace.cpp	270	unit:src/base_backend/ci_search_fixed_replace.cpp	base	cxx_helper	struct charr::base_backend::search_fixed_replace::ReplacementRecord (const struct charr::shared::StringView &, const struct charr::shared::StringView &, const struct charr::shared::StringView &, enum charr::base_backend::search_fixed_replace::ReplaceMode, struct charr::shared::FixedSearchOptions, class charr::shared::FixedMatcher &, class std::vector<struct charr::shared::ByteRange> &, class std::vector<char> &)	false				external	1
decl:c:@N@charr@N@base_backend@N@search_fixed_replace@F@require_sequential_lengths#I#I#	function	require_sequential_lengths	charr::base_backend::search_fixed_replace::require_sequential_lengths	charr::base_backend::search_fixed_replace	charr::base_backend	true	src/base_backend/ci_search_fixed_replace.cpp	479	unit:src/base_backend/ci_search_fixed_replace.cpp	base	r_helper	void (int, int) noexcept	true				external	1
decl:c:@N@charr@N@base_backend@N@search_fixed_replace@S@DirectString	struct	DirectString	charr::base_backend::search_fixed_replace::DirectString	charr::base_backend::search_fixed_replace	charr::base_backend	true	src/base_backend/ci_search_fixed_replace.cpp	71	unit:src/base_backend/ci_search_fixed_replace.cpp	base					false	true	external	1
decl:c:@N@charr@N@base_backend@N@search_fixed_replace@S@ReplacementRecord	struct	ReplacementRecord	charr::base_backend::search_fixed_replace::ReplacementRecord	charr::base_backend::search_fixed_replace	charr::base_backend	true	src/base_backend/ci_search_fixed_replace.cpp	63	unit:src/base_backend/ci_search_fixed_replace.cpp	base					false	true	external	1
decl:c:@N@charr@N@base_backend@N@search_fixed_split@F@count_empty_patterns#&1$@N@std@S@vector>#$@N@charr@N@shared@S@StringView#$@N@std@S@allocator>#S2_#	function	count_empty_patterns	charr::base_backend::search_fixed_split::count_empty_patterns	charr::base_backend::search_fixed_split	charr::base_backend	true	src/base_backend/ci_search_fixed_split.cpp	108	unit:src/base_backend/ci_search_fixed_split.cpp	base	cxx_helper	int (const class std::vector<struct charr::shared::StringView> &)	false				external	1
decl:c:@N@charr@N@base_backend@N@search_fixed_split@F@direct_scalar_inputs_r#*$@S@SEXPREC#S0_#$@N@charr@N@shared@S@FixedSearchOptions#I#I#&*1S0_#&$@N@charr@N@shared@S@StringView#	function	direct_scalar_inputs_r	charr::base_backend::search_fixed_split::direct_scalar_inputs_r	charr::base_backend::search_fixed_split	charr::base_backend	true	src/base_backend/ci_search_fixed_split.cpp	122	unit:src/base_backend/ci_search_fixed_split.cpp	base	r_helper	_Bool (struct SEXPREC *, struct SEXPREC *, struct charr::shared::FixedSearchOptions, int, int, struct SEXPREC *const *&, struct charr::shared::StringView &) noexcept	true				external	1
decl:c:@N@charr@N@base_backend@N@search_fixed_split@F@emit_warnings_r#b#I#	function	emit_warnings_r	charr::base_backend::search_fixed_split::emit_warnings_r	charr::base_backend::search_fixed_split	charr::base_backend	true	src/base_backend/ci_search_fixed_split.cpp	226	unit:src/base_backend/ci_search_fixed_split.cpp	base	r_helper	void (_Bool, int) noexcept	true				external	1
decl:c:@N@charr@N@base_backend@N@search_fixed_split@F@empty_strings_r#I#	function	empty_strings_r	charr::base_backend::search_fixed_split::empty_strings_r	charr::base_backend::search_fixed_split	charr::base_backend	true	src/base_backend/ci_search_fixed_split.cpp	162	unit:src/base_backend/ci_search_fixed_split.cpp	base	r_helper	struct SEXPREC *(int) noexcept	true				external	1
decl:c:@N@charr@N@base_backend@N@search_fixed_split@F@missing_strings_r#I#	function	missing_strings_r	charr::base_backend::search_fixed_split::missing_strings_r	charr::base_backend::search_fixed_split	charr::base_backend	true	src/base_backend/ci_search_fixed_split.cpp	153	unit:src/base_backend/ci_search_fixed_split.cpp	base	r_helper	struct SEXPREC *(int) noexcept	true				external	1
decl:c:@N@charr@N@base_backend@N@search_fixed_split@F@normalize_view#&1$@N@charr@N@shared@S@StringView#&$@N@charr@N@shared@S@NativeToUtf8#&$@N@charr@N@shared@S@SliceArena#	function	normalize_view	charr::base_backend::search_fixed_split::normalize_view	charr::base_backend::search_fixed_split	charr::base_backend	true	src/base_backend/ci_search_fixed_split.cpp	96	unit:src/base_backend/ci_search_fixed_split.cpp	base	cxx_helper	struct charr::shared::StringView (const struct charr::shared::StringView &, class charr::shared::NativeToUtf8 &, class charr::shared::SliceArena &)	false				external	1
decl:c:@N@charr@N@base_backend@N@search_fixed_split@F@recycling_length#I#I#I#I#&b#	function	recycling_length	charr::base_backend::search_fixed_split::recycling_length	charr::base_backend::search_fixed_split	charr::base_backend	true	src/base_backend/ci_search_fixed_split.cpp	54	unit:src/base_backend/ci_search_fixed_split.cpp	base	neutral_helper	int (int, int, int, int, _Bool &) noexcept	true				external	1
decl:c:@N@charr@N@base_backend@N@search_fixed_split@F@requested_columns#*1I#I#	function	requested_columns	charr::base_backend::search_fixed_split::requested_columns	charr::base_backend::search_fixed_split	charr::base_backend	true	src/base_backend/ci_search_fixed_split.cpp	83	unit:src/base_backend/ci_search_fixed_split.cpp	base	neutral_helper	int (const int *, int) noexcept	true				external	1
decl:c:@N@charr@N@base_backend@N@search_fixed_split@F@set_field_r#*$@S@SEXPREC#I#&1$@N@charr@N@shared@S@StringView#&1$@N@charr@N@shared@S@ByteRange#	function	set_field_r	charr::base_backend::search_fixed_split::set_field_r	charr::base_backend::search_fixed_split	charr::base_backend	true	src/base_backend/ci_search_fixed_split.cpp	177	unit:src/base_backend/ci_search_fixed_split.cpp	base	r_helper	void (struct SEXPREC *, int, const struct charr::shared::StringView &, const struct charr::shared::ByteRange &) noexcept	true				external	1
decl:c:@N@charr@N@base_backend@N@search_fixed_split@F@simplify_result_r#*$@S@SEXPREC#I#I#b#	function	simplify_result_r	charr::base_backend::search_fixed_split::simplify_result_r	charr::base_backend::search_fixed_split	charr::base_backend	true	src/base_backend/ci_search_fixed_split.cpp	195	unit:src/base_backend/ci_search_fixed_split.cpp	base	r_helper	struct SEXPREC *(struct SEXPREC *, int, int, _Bool) noexcept	true				external	1
decl:c:@N@charr@N@base_backend@N@search_fixed_split@F@strings_r#I#	function	strings_r	charr::base_backend::search_fixed_split::strings_r	charr::base_backend::search_fixed_split	charr::base_backend	true	src/base_backend/ci_search_fixed_split.cpp	171	unit:src/base_backend/ci_search_fixed_split.cpp	base	r_helper	struct SEXPREC *(int) noexcept	true				external	1
decl:c:@N@charr@N@base_backend@N@search_fixed_startsendswith@F@count_empty_patterns#&1$@N@std@S@vector>#$@N@charr@N@shared@S@StringView#$@N@std@S@allocator>#S2_#	function	count_empty_patterns	charr::base_backend::search_fixed_startsendswith::count_empty_patterns	charr::base_backend::search_fixed_startsendswith	charr::base_backend	true	src/base_backend/ci_search_fixed_startsendswith.cpp	154	unit:src/base_backend/ci_search_fixed_startsendswith.cpp	base	neutral_helper	int (const class std::vector<struct charr::shared::StringView> &) noexcept	true				external	1
decl:c:@N@charr@N@base_backend@N@search_fixed_startsendswith@F@direct_scalar_default#*$@S@SEXPREC#S0_#I#$@N@charr@N@shared@S@FixedSearchOptions#b#b#*I#&I#	function	direct_scalar_default	charr::base_backend::search_fixed_startsendswith::direct_scalar_default	charr::base_backend::search_fixed_startsendswith	charr::base_backend	true	src/base_backend/ci_search_fixed_startsendswith.cpp	114	unit:src/base_backend/ci_search_fixed_startsendswith.cpp	base	r_helper	_Bool (struct SEXPREC *, struct SEXPREC *, int, struct charr::shared::FixedSearchOptions, _Bool, _Bool, int *, int &) noexcept	true				external	1
decl:c:@N@charr@N@base_backend@N@search_fixed_startsendswith@F@direct_utf8_view#*$@S@SEXPREC#&$@N@charr@N@shared@S@StringView#	function	direct_utf8_view	charr::base_backend::search_fixed_startsendswith::direct_utf8_view	charr::base_backend::search_fixed_startsendswith	charr::base_backend	true	src/base_backend/ci_search_fixed_startsendswith.cpp	65	unit:src/base_backend/ci_search_fixed_startsendswith.cpp	base	r_helper	_Bool (struct SEXPREC *, struct charr::shared::StringView &) noexcept	true				external	1
decl:c:@N@charr@N@base_backend@N@search_fixed_startsendswith@F@emit_warnings#b#I#	function	emit_warnings	charr::base_backend::search_fixed_startsendswith::emit_warnings	charr::base_backend::search_fixed_startsendswith	charr::base_backend	true	src/base_backend/ci_search_fixed_startsendswith.cpp	253	unit:src/base_backend/ci_search_fixed_startsendswith.cpp	base	r_helper	void (_Bool, int) noexcept	true				external	1
decl:c:@N@charr@N@base_backend@N@search_fixed_startsendswith@F@has_utf8_bom#*1C#I#	function	has_utf8_bom	charr::base_backend::search_fixed_startsendswith::has_utf8_bom	charr::base_backend::search_fixed_startsendswith	charr::base_backend	true	src/base_backend/ci_search_fixed_startsendswith.cpp	54	unit:src/base_backend/ci_search_fixed_startsendswith.cpp	base	neutral_helper	_Bool (const char *, int) noexcept	true				external	1
decl:c:@N@charr@N@base_backend@N@search_fixed_startsendswith@F@match_general#&1$@N@std@S@vector>#$@N@charr@N@shared@S@StringView#$@N@std@S@allocator>#S2_#S0_#*1I#I#I#I#b#b#b#*I#	function	match_general	charr::base_backend::search_fixed_startsendswith::match_general	charr::base_backend::search_fixed_startsendswith	charr::base_backend	true	src/base_backend/ci_search_fixed_startsendswith.cpp	168	unit:src/base_backend/ci_search_fixed_startsendswith.cpp	base	neutral_helper	void (const class std::vector<struct charr::shared::StringView> &, const class std::vector<struct charr::shared::StringView> &, const int *, int, int, int, _Bool, _Bool, _Bool, int *) noexcept	true				external	1
decl:c:@N@charr@N@base_backend@N@search_fixed_startsendswith@F@recycling_length#I#I#I#&b#	function	recycling_length	charr::base_backend::search_fixed_startsendswith::recycling_length	charr::base_backend::search_fixed_startsendswith	charr::base_backend	true	src/base_backend/ci_search_fixed_startsendswith.cpp	97	unit:src/base_backend/ci_search_fixed_startsendswith.cpp	base	neutral_helper	int (int, int, int, _Bool &) noexcept	true				external	1
decl:c:@N@charr@N@base_backend@N@search_regex_count@F@bind_pattern#&$@N@charr@N@shared@S@RegexMatcher#&1$@N@charr@N@shared@S@RegexInput#&1$@N@charr@N@shared@S@RegexPatterns#l#	function	bind_pattern	charr::base_backend::search_regex_count::bind_pattern	charr::base_backend::search_regex_count	charr::base_backend	true	src/base_backend/ci_search_regex_count.cpp	112	unit:src/base_backend/ci_search_regex_count.cpp	base	cxx_helper	void (class charr::shared::RegexMatcher &, const struct charr::shared::RegexInput &, const class charr::shared::RegexPatterns &, unsigned long)	false				external	1
decl:c:@N@charr@N@base_backend@N@search_regex_count@F@emit_empty_pattern_warnings#I#	function	emit_empty_pattern_warnings	charr::base_backend::search_regex_count::emit_empty_pattern_warnings	charr::base_backend::search_regex_count	charr::base_backend	true	src/base_backend/ci_search_regex_count.cpp	130	unit:src/base_backend/ci_search_regex_count.cpp	base	r_helper	void (int) noexcept	true				external	1
decl:c:@N@charr@N@base_backend@N@search_regex_count@F@recycling_length#I#I#&b#	function	recycling_length	charr::base_backend::search_regex_count::recycling_length	charr::base_backend::search_regex_count	charr::base_backend	true	src/base_backend/ci_search_regex_count.cpp	62	unit:src/base_backend/ci_search_regex_count.cpp	base	neutral_helper	int (int, int, _Bool &) noexcept	true				external	1
decl:c:@N@charr@N@base_backend@N@search_regex_count@F@subject_mode#*1*$@S@SEXPREC#I#	function	subject_mode	charr::base_backend::search_regex_count::subject_mode	charr::base_backend::search_regex_count	charr::base_backend	true	src/base_backend/ci_search_regex_count.cpp	80	unit:src/base_backend/ci_search_regex_count.cpp	base	r_helper	enum charr::base_backend::search_regex_count::SubjectMode (struct SEXPREC *const *, int) noexcept	true				external	1
decl:c:@N@charr@N@base_backend@N@search_regex_count@F@throw_regex_error#$@E@UErrorCode#b#&1$@N@charr@N@shared@S@RegexPatterns#l#	function	throw_regex_error	charr::base_backend::search_regex_count::throw_regex_error	charr::base_backend::search_regex_count	charr::base_backend	true	src/base_backend/ci_search_regex_count.cpp	96	unit:src/base_backend/ci_search_regex_count.cpp	base	cxx_helper	void (enum UErrorCode, _Bool, const class charr::shared::RegexPatterns &, unsigned long)	false				external	1
decl:c:@N@charr@N@base_backend@N@search_regex_detect@F@bind_pattern#&$@N@charr@N@shared@S@RegexMatcher#&1$@N@charr@N@shared@S@RegexInput#&1$@N@charr@N@shared@S@RegexPatterns#l#	function	bind_pattern	charr::base_backend::search_regex_detect::bind_pattern	charr::base_backend::search_regex_detect	charr::base_backend	true	src/base_backend/ci_search_regex_detect.cpp	112	unit:src/base_backend/ci_search_regex_detect.cpp	base	cxx_helper	void (class charr::shared::RegexMatcher &, const struct charr::shared::RegexInput &, const class charr::shared::RegexPatterns &, unsigned long)	false				external	1
decl:c:@N@charr@N@base_backend@N@search_regex_detect@F@emit_empty_pattern_warnings#I#	function	emit_empty_pattern_warnings	charr::base_backend::search_regex_detect::emit_empty_pattern_warnings	charr::base_backend::search_regex_detect	charr::base_backend	true	src/base_backend/ci_search_regex_detect.cpp	130	unit:src/base_backend/ci_search_regex_detect.cpp	base	r_helper	void (int) noexcept	true				external	1
decl:c:@N@charr@N@base_backend@N@search_regex_detect@F@recycling_length#I#I#&b#	function	recycling_length	charr::base_backend::search_regex_detect::recycling_length	charr::base_backend::search_regex_detect	charr::base_backend	true	src/base_backend/ci_search_regex_detect.cpp	62	unit:src/base_backend/ci_search_regex_detect.cpp	base	neutral_helper	int (int, int, _Bool &) noexcept	true				external	1
decl:c:@N@charr@N@base_backend@N@search_regex_detect@F@subject_mode#*1*$@S@SEXPREC#I#	function	subject_mode	charr::base_backend::search_regex_detect::subject_mode	charr::base_backend::search_regex_detect	charr::base_backend	true	src/base_backend/ci_search_regex_detect.cpp	80	unit:src/base_backend/ci_search_regex_detect.cpp	base	r_helper	enum charr::base_backend::search_regex_detect::SubjectMode (struct SEXPREC *const *, int) noexcept	true				external	1
decl:c:@N@charr@N@base_backend@N@search_regex_detect@F@throw_regex_error#$@E@UErrorCode#b#&1$@N@charr@N@shared@S@RegexPatterns#l#	function	throw_regex_error	charr::base_backend::search_regex_detect::throw_regex_error	charr::base_backend::search_regex_detect	charr::base_backend	true	src/base_backend/ci_search_regex_detect.cpp	96	unit:src/base_backend/ci_search_regex_detect.cpp	base	cxx_helper	void (enum UErrorCode, _Bool, const class charr::shared::RegexPatterns &, unsigned long)	false				external	1
decl:c:@N@charr@N@base_backend@N@search_regex_extract@F@bind_pattern#&$@N@charr@N@shared@S@RegexMatcher#&1$@N@charr@N@shared@S@RegexInput#&1$@N@charr@N@shared@S@RegexPatterns#l#	function	bind_pattern	charr::base_backend::search_regex_extract::bind_pattern	charr::base_backend::search_regex_extract	charr::base_backend	true	src/base_backend/ci_search_regex_extract.cpp	115	unit:src/base_backend/ci_search_regex_extract.cpp	base	cxx_helper	void (class charr::shared::RegexMatcher &, const struct charr::shared::RegexInput &, const class charr::shared::RegexPatterns &, unsigned long)	false				external	1
decl:c:@N@charr@N@base_backend@N@search_regex_extract@F@emit_empty_pattern_warnings_r#I#	function	emit_empty_pattern_warnings_r	charr::base_backend::search_regex_extract::emit_empty_pattern_warnings_r	charr::base_backend::search_regex_extract	charr::base_backend	true	src/base_backend/ci_search_regex_extract.cpp	197	unit:src/base_backend/ci_search_regex_extract.cpp	base	r_helper	void (int) noexcept	true				external	1
decl:c:@N@charr@N@base_backend@N@search_regex_extract@F@missing_strings_r#I#	function	missing_strings_r	charr::base_backend::search_regex_extract::missing_strings_r	charr::base_backend::search_regex_extract	charr::base_backend	true	src/base_backend/ci_search_regex_extract.cpp	133	unit:src/base_backend/ci_search_regex_extract.cpp	base	r_helper	struct SEXPREC *(int) noexcept	true				external	1
decl:c:@N@charr@N@base_backend@N@search_regex_extract@F@normalize_pattern#&1$@N@charr@N@shared@S@StringView#&$@N@charr@N@shared@S@NativeToUtf8#&$@N@charr@N@shared@S@SliceArena#	function	normalize_pattern	charr::base_backend::search_regex_extract::normalize_pattern	charr::base_backend::search_regex_extract	charr::base_backend	true	src/base_backend/ci_search_regex_extract.cpp	85	unit:src/base_backend/ci_search_regex_extract.cpp	base	cxx_helper	struct charr::shared::StringView (const struct charr::shared::StringView &, class charr::shared::NativeToUtf8 &, class charr::shared::SliceArena &)	false				external	1
decl:c:@N@charr@N@base_backend@N@search_regex_extract@F@normalize_subject#&1$@N@charr@N@shared@S@StringView#&$@N@charr@N@shared@S@NativeToUtf8#&$@N@charr@N@shared@S@SliceArena#	function	normalize_subject	charr::base_backend::search_regex_extract::normalize_subject	charr::base_backend::search_regex_extract	charr::base_backend	true	src/base_backend/ci_search_regex_extract.cpp	73	unit:src/base_backend/ci_search_regex_extract.cpp	base	cxx_helper	struct charr::shared::StringView (const struct charr::shared::StringView &, class charr::shared::NativeToUtf8 &, class charr::shared::SliceArena &)	false				external	1
decl:c:@N@charr@N@base_backend@N@search_regex_extract@F@recycling_length#I#I#&b#	function	recycling_length	charr::base_backend::search_regex_extract::recycling_length	charr::base_backend::search_regex_extract	charr::base_backend	true	src/base_backend/ci_search_regex_extract.cpp	54	unit:src/base_backend/ci_search_regex_extract.cpp	base	neutral_helper	int (int, int, _Bool &) noexcept	true				external	1
decl:c:@N@charr@N@base_backend@N@search_regex_extract@F@set_match_r#*$@S@SEXPREC#I#&1$@N@charr@N@shared@S@StringView#&1$@N@charr@N@shared@S@RegexRange#	function	set_match_r	charr::base_backend::search_regex_extract::set_match_r	charr::base_backend::search_regex_extract	charr::base_backend	true	src/base_backend/ci_search_regex_extract.cpp	148	unit:src/base_backend/ci_search_regex_extract.cpp	base	r_helper	void (struct SEXPREC *, int, const struct charr::shared::StringView &, const struct charr::shared::RegexRange &) noexcept	true				external	1
decl:c:@N@charr@N@base_backend@N@search_regex_extract@F@simplify_result_r#*$@S@SEXPREC#I#I#b#	function	simplify_result_r	charr::base_backend::search_regex_extract::simplify_result_r	charr::base_backend::search_regex_extract	charr::base_backend	true	src/base_backend/ci_search_regex_extract.cpp	166	unit:src/base_backend/ci_search_regex_extract.cpp	base	r_helper	struct SEXPREC *(struct SEXPREC *, int, int, _Bool) noexcept	true				external	1
decl:c:@N@charr@N@base_backend@N@search_regex_extract@F@strings_r#I#	function	strings_r	charr::base_backend::search_regex_extract::strings_r	charr::base_backend::search_regex_extract	charr::base_backend	true	src/base_backend/ci_search_regex_extract.cpp	142	unit:src/base_backend/ci_search_regex_extract.cpp	base	r_helper	struct SEXPREC *(int) noexcept	true				external	1
decl:c:@N@charr@N@base_backend@N@search_regex_extract@F@throw_regex_error#$@E@UErrorCode#b#&1$@N@charr@N@shared@S@RegexPatterns#l#	function	throw_regex_error	charr::base_backend::search_regex_extract::throw_regex_error	charr::base_backend::search_regex_extract	charr::base_backend	true	src/base_backend/ci_search_regex_extract.cpp	99	unit:src/base_backend/ci_search_regex_extract.cpp	base	cxx_helper	void (enum UErrorCode, _Bool, const class charr::shared::RegexPatterns &, unsigned long)	false				external	1
decl:c:@N@charr@N@base_backend@N@search_regex_locate@F@bind_pattern#&$@N@charr@N@shared@S@RegexMatcher#&1$@N@charr@N@shared@S@RegexInput#&1$@N@charr@N@shared@S@RegexPatterns#l#	function	bind_pattern	charr::base_backend::search_regex_locate::bind_pattern	charr::base_backend::search_regex_locate	charr::base_backend	true	src/base_backend/ci_search_regex_locate.cpp	104	unit:src/base_backend/ci_search_regex_locate.cpp	base	cxx_helper	void (class charr::shared::RegexMatcher &, const struct charr::shared::RegexInput &, const class charr::shared::RegexPatterns &, unsigned long)	false				external	1
decl:c:@N@charr@N@base_backend@N@search_regex_locate@F@capture_names_present#&1$@N@std@S@vector>#$@N@std@N@__cxx11@S@basic_string>#C#$@N@std@S@char_traits>#C#$@N@std@S@allocator>#C#$@N@std@S@allocator>#S2_#	function	capture_names_present	charr::base_backend::search_regex_locate::capture_names_present	charr::base_backend::search_regex_locate	charr::base_backend	true	src/base_backend/ci_search_regex_locate.cpp	259	unit:src/base_backend/ci_search_regex_locate.cpp	base	neutral_helper	_Bool (const class std::vector<class std::basic_string<char> > &) noexcept	true				external	1
decl:c:@N@charr@N@base_backend@N@search_regex_locate@F@capture_names_r#&1$@N@std@S@vector>#$@N@std@N@__cxx11@S@basic_string>#C#$@N@std@S@char_traits>#C#$@N@std@S@allocator>#C#$@N@std@S@allocator>#S2_#	function	capture_names_r	charr::base_backend::search_regex_locate::capture_names_r	charr::base_backend::search_regex_locate	charr::base_backend	true	src/base_backend/ci_search_regex_locate.cpp	326	unit:src/base_backend/ci_search_regex_locate.cpp	base	r_helper	struct SEXPREC *(const class std::vector<class std::basic_string<char> > &) noexcept	true				external	1
decl:c:@N@charr@N@base_backend@N@search_regex_locate@F@emit_warnings_r#b#I#	function	emit_warnings_r	charr::base_backend::search_regex_locate::emit_warnings_r	charr::base_backend::search_regex_locate	charr::base_backend	true	src/base_backend/ci_search_regex_locate.cpp	349	unit:src/base_backend/ci_search_regex_locate.cpp	base	r_helper	void (_Bool, int) noexcept	true				external	1
decl:c:@N@charr@N@base_backend@N@search_regex_locate@F@ensure_capture_columns#&$@N@std@S@vector>#$@N@std@S@vector>#$@N@charr@N@shared@S@RegexRange#$@N@std@S@allocator>#S3_#$@N@std@S@allocator>#S2_#l#l#	function	ensure_capture_columns	charr::base_backend::search_regex_locate::ensure_capture_columns	charr::base_backend::search_regex_locate	charr::base_backend	true	src/base_backend/ci_search_regex_locate.cpp	210	unit:src/base_backend/ci_search_regex_locate.cpp	base	cxx_helper	void (class std::vector<class std::vector<struct charr::shared::RegexRange> > &, unsigned long, unsigned long)	false				external	1
decl:c:@N@charr@N@base_backend@N@search_regex_locate@F@fill_capture_matrix_r#*$@S@SEXPREC#&1$@N@std@S@vector>#$@N@charr@N@shared@S@RegexRange#$@N@std@S@allocator>#S4_#	function	fill_capture_matrix_r	charr::base_backend::search_regex_locate::fill_capture_matrix_r	charr::base_backend::search_regex_locate	charr::base_backend	true	src/base_backend/ci_search_regex_locate.cpp	309	unit:src/base_backend/ci_search_regex_locate.cpp	base	r_helper	void (struct SEXPREC *, const class std::vector<struct charr::shared::RegexRange> &) noexcept	true				external	1
decl:c:@N@charr@N@base_backend@N@search_regex_locate@F@locate_all#&$@N@charr@N@shared@S@RegexMatcher#&1$@N@charr@N@shared@S@StringView#*1v#b#b#&1$@N@charr@N@shared@S@RegexPatterns#l#&$@N@std@S@vector>#$@N@charr@N@shared@S@RegexRange#$@N@std@S@allocator>#S9_#&$@N@std@S@vector>#S8_#$@N@std@S@allocator>#S8_#	function	locate_all	charr::base_backend::search_regex_locate::locate_all	charr::base_backend::search_regex_locate	charr::base_backend	true	src/base_backend/ci_search_regex_locate.cpp	173	unit:src/base_backend/ci_search_regex_locate.cpp	base	cxx_helper	void (class charr::shared::RegexMatcher &, const struct charr::shared::StringView &, const void *, _Bool, _Bool, const class charr::shared::RegexPatterns &, unsigned long, class std::vector<struct charr::shared::RegexRange> &, class std::vector<class std::vector<struct charr::shared::RegexRange> > &)	false				external	1
decl:c:@N@charr@N@base_backend@N@search_regex_locate@F@locate_first#&$@N@charr@N@shared@S@RegexMatcher#&1$@N@charr@N@shared@S@StringView#*1v#b#b#&1$@N@charr@N@shared@S@RegexPatterns#l#&$@N@charr@N@shared@S@RegexRange#&$@N@std@S@vector>#S8_#$@N@std@S@allocator>#S8_#	function	locate_first	charr::base_backend::search_regex_locate::locate_first	charr::base_backend::search_regex_locate	charr::base_backend	true	src/base_backend/ci_search_regex_locate.cpp	136	unit:src/base_backend/ci_search_regex_locate.cpp	base	cxx_helper	_Bool (class charr::shared::RegexMatcher &, const struct charr::shared::StringView &, const void *, _Bool, _Bool, const class charr::shared::RegexPatterns &, unsigned long, struct charr::shared::RegexRange &, class std::vector<struct charr::shared::RegexRange> &)	false				external	1
decl:c:@N@charr@N@base_backend@N@search_regex_locate@F@normalize_input#&1$@N@charr@N@shared@S@StringView#&$@N@charr@N@shared@S@NativeToUtf8#&$@N@charr@N@shared@S@SliceArena#	function	normalize_input	charr::base_backend::search_regex_locate::normalize_input	charr::base_backend::search_regex_locate	charr::base_backend	true	src/base_backend/ci_search_regex_locate.cpp	74	unit:src/base_backend/ci_search_regex_locate.cpp	base	cxx_helper	struct charr::shared::StringView (const struct charr::shared::StringView &, class charr::shared::NativeToUtf8 &, class charr::shared::SliceArena &)	false				external	1
decl:c:@N@charr@N@base_backend@N@search_regex_locate@F@ranges_matrix_r#&1$@N@std@S@vector>#$@N@charr@N@shared@S@RegexRange#$@N@std@S@allocator>#S2_#b#b#b#	function	ranges_matrix_r	charr::base_backend::search_regex_locate::ranges_matrix_r	charr::base_backend::search_regex_locate	charr::base_backend	true	src/base_backend/ci_search_regex_locate.cpp	271	unit:src/base_backend/ci_search_regex_locate.cpp	base	r_helper	struct SEXPREC *(const class std::vector<struct charr::shared::RegexRange> &, _Bool, _Bool, _Bool) noexcept	true				external	1
decl:c:@N@charr@N@base_backend@N@search_regex_locate@F@read_capture_names#&1$@N@charr@N@shared@S@RegexMatcher#&1$@N@charr@N@shared@S@RegexPatterns#l#&$@N@std@S@vector>#$@N@std@N@__cxx11@S@basic_string>#C#$@N@std@S@char_traits>#C#$@N@std@S@allocator>#C#$@N@std@S@allocator>#S6_#	function	read_capture_names	charr::base_backend::search_regex_locate::read_capture_names	charr::base_backend::search_regex_locate	charr::base_backend	true	src/base_backend/ci_search_regex_locate.cpp	122	unit:src/base_backend/ci_search_regex_locate.cpp	base	cxx_helper	void (const class charr::shared::RegexMatcher &, const class charr::shared::RegexPatterns &, unsigned long, class std::vector<class std::basic_string<char> > &)	false				external	1
decl:c:@N@charr@N@base_backend@N@search_regex_locate@F@recycling_length#I#I#&b#	function	recycling_length	charr::base_backend::search_regex_locate::recycling_length	charr::base_backend::search_regex_locate	charr::base_backend	true	src/base_backend/ci_search_regex_locate.cpp	55	unit:src/base_backend/ci_search_regex_locate.cpp	base	neutral_helper	int (int, int, _Bool &) noexcept	true				external	1
decl:c:@N@charr@N@base_backend@N@search_regex_locate@F@set_no_match_captures#&$@N@std@S@vector>#$@N@std@S@vector>#$@N@charr@N@shared@S@RegexRange#$@N@std@S@allocator>#S3_#$@N@std@S@allocator>#S2_#l#l#b#	function	set_no_match_captures	charr::base_backend::search_regex_locate::set_no_match_captures	charr::base_backend::search_regex_locate	charr::base_backend	true	src/base_backend/ci_search_regex_locate.cpp	228	unit:src/base_backend/ci_search_regex_locate.cpp	base	neutral_helper	void (class std::vector<class std::vector<struct charr::shared::RegexRange> > &, unsigned long, unsigned long, _Bool) noexcept	true				external	1
decl:c:@N@charr@N@base_backend@N@search_regex_locate@F@store_captures#&1$@N@std@S@vector>#$@N@charr@N@shared@S@RegexRange#$@N@std@S@allocator>#S2_#&$@N@std@S@vector>#S1_#$@N@std@S@allocator>#S1_#l#b#	function	store_captures	charr::base_backend::search_regex_locate::store_captures	charr::base_backend::search_regex_locate	charr::base_backend	true	src/base_backend/ci_search_regex_locate.cpp	241	unit:src/base_backend/ci_search_regex_locate.cpp	base	neutral_helper	void (const class std::vector<struct charr::shared::RegexRange> &, class std::vector<class std::vector<struct charr::shared::RegexRange> > &, unsigned long, _Bool) noexcept	true				external	1
decl:c:@N@charr@N@base_backend@N@search_regex_locate@F@throw_regex_error#$@E@UErrorCode#b#&1$@N@charr@N@shared@S@RegexPatterns#l#	function	throw_regex_error	charr::base_backend::search_regex_locate::throw_regex_error	charr::base_backend::search_regex_locate	charr::base_backend	true	src/base_backend/ci_search_regex_locate.cpp	88	unit:src/base_backend/ci_search_regex_locate.cpp	base	cxx_helper	void (enum UErrorCode, _Bool, const class charr::shared::RegexPatterns &, unsigned long)	false				external	1
decl:c:@N@charr@N@base_backend@N@search_regex_match@F@all_matches_matrix_r#&1$@N@charr@N@shared@S@StringView#&1$@N@std@S@vector>#$@N@charr@N@shared@S@RegexRange#$@N@std@S@allocator>#S4_#&1$@N@std@S@vector>#S3_#$@N@std@S@allocator>#S3_#b#*$@S@SEXPREC#	function	all_matches_matrix_r	charr::base_backend::search_regex_match::all_matches_matrix_r	charr::base_backend::search_regex_match	charr::base_backend	true	src/base_backend/ci_search_regex_match.cpp	314	unit:src/base_backend/ci_search_regex_match.cpp	base	r_helper	struct SEXPREC *(const struct charr::shared::StringView &, const class std::vector<struct charr::shared::RegexRange> &, const class std::vector<class std::vector<struct charr::shared::RegexRange> > &, _Bool, struct SEXPREC *) noexcept	true				external	1
decl:c:@N@charr@N@base_backend@N@search_regex_match@F@bind_pattern#&$@N@charr@N@shared@S@RegexMatcher#&1$@N@charr@N@shared@S@RegexInput#&1$@N@charr@N@shared@S@RegexPatterns#l#	function	bind_pattern	charr::base_backend::search_regex_match::bind_pattern	charr::base_backend::search_regex_match	charr::base_backend	true	src/base_backend/ci_search_regex_match.cpp	115	unit:src/base_backend/ci_search_regex_match.cpp	base	cxx_helper	void (class charr::shared::RegexMatcher &, const struct charr::shared::RegexInput &, const class charr::shared::RegexPatterns &, unsigned long)	false				external	1
decl:c:@N@charr@N@base_backend@N@search_regex_match@F@capture_dimnames_r#&1$@N@std@S@vector>#$@N@std@N@__cxx11@S@basic_string>#C#$@N@std@S@char_traits>#C#$@N@std@S@allocator>#C#$@N@std@S@allocator>#S2_#	function	capture_dimnames_r	charr::base_backend::search_regex_match::capture_dimnames_r	charr::base_backend::search_regex_match	charr::base_backend	true	src/base_backend/ci_search_regex_match.cpp	350	unit:src/base_backend/ci_search_regex_match.cpp	base	r_helper	struct SEXPREC *(const class std::vector<class std::basic_string<char> > &) noexcept	true				external	1
decl:c:@N@charr@N@base_backend@N@search_regex_match@F@capture_names_present#&1$@N@std@S@vector>#$@N@std@N@__cxx11@S@basic_string>#C#$@N@std@S@char_traits>#C#$@N@std@S@allocator>#C#$@N@std@S@allocator>#S2_#	function	capture_names_present	charr::base_backend::search_regex_match::capture_names_present	charr::base_backend::search_regex_match	charr::base_backend	true	src/base_backend/ci_search_regex_match.cpp	232	unit:src/base_backend/ci_search_regex_match.cpp	base	neutral_helper	_Bool (const class std::vector<class std::basic_string<char> > &) noexcept	true				external	1
decl:c:@N@charr@N@base_backend@N@search_regex_match@F@emit_warnings_r#I#	function	emit_warnings_r	charr::base_backend::search_regex_match::emit_warnings_r	charr::base_backend::search_regex_match	charr::base_backend	true	src/base_backend/ci_search_regex_match.cpp	384	unit:src/base_backend/ci_search_regex_match.cpp	base	r_helper	void (int) noexcept	true				external	1
decl:c:@N@charr@N@base_backend@N@search_regex_match@F@ensure_capture_columns#&$@N@std@S@vector>#$@N@std@S@vector>#$@N@charr@N@shared@S@RegexRange#$@N@std@S@allocator>#S3_#$@N@std@S@allocator>#S2_#l#l#	function	ensure_capture_columns	charr::base_backend::search_regex_match::ensure_capture_columns	charr::base_backend::search_regex_match	charr::base_backend	true	src/base_backend/ci_search_regex_match.cpp	186	unit:src/base_backend/ci_search_regex_match.cpp	base	cxx_helper	void (class std::vector<class std::vector<struct charr::shared::RegexRange> > &, unsigned long, unsigned long)	false				external	1
decl:c:@N@charr@N@base_backend@N@search_regex_match@F@fill_staged_first_r#*$@S@SEXPREC#I#I#&1$@N@std@S@vector>#$@N@charr@N@shared@S@StringView#$@N@std@S@allocator>#S4_#&1$@N@std@S@vector>#$@N@charr@N@shared@S@RegexRange#$@N@std@S@allocator>#S8_#&1$@N@std@S@vector>#S7_#$@N@std@S@allocator>#S7_#S0_#	function	fill_staged_first_r	charr::base_backend::search_regex_match::fill_staged_first_r	charr::base_backend::search_regex_match	charr::base_backend	true	src/base_backend/ci_search_regex_match.cpp	284	unit:src/base_backend/ci_search_regex_match.cpp	base	r_helper	void (struct SEXPREC *, int, int, const class std::vector<struct charr::shared::StringView> &, const class std::vector<struct charr::shared::RegexRange> &, const class std::vector<class std::vector<struct charr::shared::RegexRange> > &, struct SEXPREC *) noexcept	true				external	1
decl:c:@N@charr@N@base_backend@N@search_regex_match@F@find_all#&$@N@charr@N@shared@S@RegexMatcher#&1$@N@charr@N@shared@S@StringView#*1v#&1$@N@charr@N@shared@S@RegexPatterns#l#&$@N@std@S@vector>#$@N@charr@N@shared@S@RegexRange#$@N@std@S@allocator>#S9_#&$@N@std@S@vector>#S8_#$@N@std@S@allocator>#S8_#	function	find_all	charr::base_backend::search_regex_match::find_all	charr::base_backend::search_regex_match	charr::base_backend	true	src/base_backend/ci_search_regex_match.cpp	167	unit:src/base_backend/ci_search_regex_match.cpp	base	cxx_helper	void (class charr::shared::RegexMatcher &, const struct charr::shared::StringView &, const void *, const class charr::shared::RegexPatterns &, unsigned long, class std::vector<struct charr::shared::RegexRange> &, class std::vector<class std::vector<struct charr::shared::RegexRange> > &)	false				external	1
decl:c:@N@charr@N@base_backend@N@search_regex_match@F@find_first#&$@N@charr@N@shared@S@RegexMatcher#&1$@N@charr@N@shared@S@StringView#*1v#&1$@N@charr@N@shared@S@RegexPatterns#l#&$@N@charr@N@shared@S@RegexRange#&$@N@std@S@vector>#S8_#$@N@std@S@allocator>#S8_#	function	find_first	charr::base_backend::search_regex_match::find_first	charr::base_backend::search_regex_match	charr::base_backend	true	src/base_backend/ci_search_regex_match.cpp	147	unit:src/base_backend/ci_search_regex_match.cpp	base	cxx_helper	_Bool (class charr::shared::RegexMatcher &, const struct charr::shared::StringView &, const void *, const class charr::shared::RegexPatterns &, unsigned long, struct charr::shared::RegexRange &, class std::vector<struct charr::shared::RegexRange> &)	false				external	1
decl:c:@N@charr@N@base_backend@N@search_regex_match@F@missing_matrix_r#I#I#	function	missing_matrix_r	charr::base_backend::search_regex_match::missing_matrix_r	charr::base_backend::search_regex_match	charr::base_backend	true	src/base_backend/ci_search_regex_match.cpp	244	unit:src/base_backend/ci_search_regex_match.cpp	base	r_helper	struct SEXPREC *(int, int) noexcept	true				external	1
decl:c:@N@charr@N@base_backend@N@search_regex_match@F@normalize_pattern#&1$@N@charr@N@shared@S@StringView#&$@N@charr@N@shared@S@NativeToUtf8#&$@N@charr@N@shared@S@SliceArena#	function	normalize_pattern	charr::base_backend::search_regex_match::normalize_pattern	charr::base_backend::search_regex_match	charr::base_backend	true	src/base_backend/ci_search_regex_match.cpp	85	unit:src/base_backend/ci_search_regex_match.cpp	base	cxx_helper	struct charr::shared::StringView (const struct charr::shared::StringView &, class charr::shared::NativeToUtf8 &, class charr::shared::SliceArena &)	false				external	1
decl:c:@N@charr@N@base_backend@N@search_regex_match@F@normalize_subject#&1$@N@charr@N@shared@S@StringView#&$@N@charr@N@shared@S@NativeToUtf8#&$@N@charr@N@shared@S@SliceArena#	function	normalize_subject	charr::base_backend::search_regex_match::normalize_subject	charr::base_backend::search_regex_match	charr::base_backend	true	src/base_backend/ci_search_regex_match.cpp	73	unit:src/base_backend/ci_search_regex_match.cpp	base	cxx_helper	struct charr::shared::StringView (const struct charr::shared::StringView &, class charr::shared::NativeToUtf8 &, class charr::shared::SliceArena &)	false				external	1
decl:c:@N@charr@N@base_backend@N@search_regex_match@F@read_capture_names#&1$@N@charr@N@shared@S@RegexMatcher#&1$@N@charr@N@shared@S@RegexPatterns#l#&$@N@std@S@vector>#$@N@std@N@__cxx11@S@basic_string>#C#$@N@std@S@char_traits>#C#$@N@std@S@allocator>#C#$@N@std@S@allocator>#S6_#	function	read_capture_names	charr::base_backend::search_regex_match::read_capture_names	charr::base_backend::search_regex_match	charr::base_backend	true	src/base_backend/ci_search_regex_match.cpp	133	unit:src/base_backend/ci_search_regex_match.cpp	base	cxx_helper	void (const class charr::shared::RegexMatcher &, const class charr::shared::RegexPatterns &, unsigned long, class std::vector<class std::basic_string<char> > &)	false				external	1
decl:c:@N@charr@N@base_backend@N@search_regex_match@F@recycling_length#I#I#&b#	function	recycling_length	charr::base_backend::search_regex_match::recycling_length	charr::base_backend::search_regex_match	charr::base_backend	true	src/base_backend/ci_search_regex_match.cpp	54	unit:src/base_backend/ci_search_regex_match.cpp	base	neutral_helper	int (int, int, _Bool &) noexcept	true				external	1
decl:c:@N@charr@N@base_backend@N@search_regex_match@F@set_dimnames_r#*$@S@SEXPREC#S0_#	function	set_dimnames_r	charr::base_backend::search_regex_match::set_dimnames_r	charr::base_backend::search_regex_match	charr::base_backend	true	src/base_backend/ci_search_regex_match.cpp	375	unit:src/base_backend/ci_search_regex_match.cpp	base	r_helper	void (struct SEXPREC *, struct SEXPREC *) noexcept	true				external	1
decl:c:@N@charr@N@base_backend@N@search_regex_match@F@set_match_cell_r#*$@S@SEXPREC#L#&1$@N@charr@N@shared@S@StringView#&1$@N@charr@N@shared@S@RegexRange#S0_#	function	set_match_cell_r	charr::base_backend::search_regex_match::set_match_cell_r	charr::base_backend::search_regex_match	charr::base_backend	true	src/base_backend/ci_search_regex_match.cpp	256	unit:src/base_backend/ci_search_regex_match.cpp	base	r_helper	void (struct SEXPREC *, long, const struct charr::shared::StringView &, const struct charr::shared::RegexRange &, struct SEXPREC *) noexcept	true				external	1
decl:c:@N@charr@N@base_backend@N@search_regex_match@F@stage_match#&1$@N@charr@N@shared@S@RegexRange#&1$@N@std@S@vector>#S1_#$@N@std@S@allocator>#S1_#&S3_#&$@N@std@S@vector>#S3_#$@N@std@S@allocator>#S3_#l#	function	stage_match	charr::base_backend::search_regex_match::stage_match	charr::base_backend::search_regex_match	charr::base_backend	true	src/base_backend/ci_search_regex_match.cpp	218	unit:src/base_backend/ci_search_regex_match.cpp	base	neutral_helper	void (const struct charr::shared::RegexRange &, const class std::vector<struct charr::shared::RegexRange> &, class std::vector<struct charr::shared::RegexRange> &, class std::vector<class std::vector<struct charr::shared::RegexRange> > &, unsigned long) noexcept	true				external	1
decl:c:@N@charr@N@base_backend@N@search_regex_match@F@stage_no_match#&$@N@std@S@vector>#$@N@charr@N@shared@S@RegexRange#$@N@std@S@allocator>#S2_#&$@N@std@S@vector>#S1_#$@N@std@S@allocator>#S1_#l#l#	function	stage_no_match	charr::base_backend::search_regex_match::stage_no_match	charr::base_backend::search_regex_match	charr::base_backend	true	src/base_backend/ci_search_regex_match.cpp	205	unit:src/base_backend/ci_search_regex_match.cpp	base	neutral_helper	void (class std::vector<struct charr::shared::RegexRange> &, class std::vector<class std::vector<struct charr::shared::RegexRange> > &, unsigned long, unsigned long) noexcept	true				external	1
decl:c:@N@charr@N@base_backend@N@search_regex_match@F@throw_regex_error#$@E@UErrorCode#b#&1$@N@charr@N@shared@S@RegexPatterns#l#	function	throw_regex_error	charr::base_backend::search_regex_match::throw_regex_error	charr::base_backend::search_regex_match	charr::base_backend	true	src/base_backend/ci_search_regex_match.cpp	99	unit:src/base_backend/ci_search_regex_match.cpp	base	cxx_helper	void (enum UErrorCode, _Bool, const class charr::shared::RegexPatterns &, unsigned long)	false				external	1
decl:c:@N@charr@N@base_backend@N@search_regex_replace@F@bind_pattern#&$@N@charr@N@shared@S@RegexMatcher#&1$@N@charr@N@shared@S@RegexInput#&1$@N@charr@N@shared@S@RegexPatterns#l#	function	bind_pattern	charr::base_backend::search_regex_replace::bind_pattern	charr::base_backend::search_regex_replace	charr::base_backend	true	src/base_backend/ci_search_regex_replace.cpp	124	unit:src/base_backend/ci_search_regex_replace.cpp	base	cxx_helper	void (class charr::shared::RegexMatcher &, const struct charr::shared::RegexInput &, const class charr::shared::RegexPatterns &, unsigned long)	false				external	1
decl:c:@N@charr@N@base_backend@N@search_regex_replace@F@emit_empty_warnings#I#	function	emit_empty_warnings	charr::base_backend::search_regex_replace::emit_empty_warnings	charr::base_backend::search_regex_replace	charr::base_backend	true	src/base_backend/ci_search_regex_replace.cpp	318	unit:src/base_backend/ci_search_regex_replace.cpp	base	r_helper	void (int) noexcept	true				external	1
decl:c:@N@charr@N@base_backend@N@search_regex_replace@F@load_utf16#&1$@N@std@S@vector>#$@N@charr@N@shared@S@StringView#$@N@std@S@allocator>#S2_#&$@N@std@S@vector>#$@N@icu_78@S@UnicodeString#$@N@std@S@allocator>#S6_#	function	load_utf16	charr::base_backend::search_regex_replace::load_utf16	charr::base_backend::search_regex_replace	charr::base_backend	true	src/base_backend/ci_search_regex_replace.cpp	93	unit:src/base_backend/ci_search_regex_replace.cpp	base	cxx_helper	void (const class std::vector<struct charr::shared::StringView> &, class std::vector<class icu_78::UnicodeString> &)	false				external	1
decl:c:@N@charr@N@base_backend@N@search_regex_replace@F@normalize_input#&1$@N@charr@N@shared@S@StringView#&$@N@charr@N@shared@S@NativeToUtf8#&$@N@charr@N@shared@S@SliceArena#	function	normalize_input	charr::base_backend::search_regex_replace::normalize_input	charr::base_backend::search_regex_replace	charr::base_backend	true	src/base_backend/ci_search_regex_replace.cpp	79	unit:src/base_backend/ci_search_regex_replace.cpp	base	cxx_helper	struct charr::shared::StringView (const struct charr::shared::StringView &, class charr::shared::NativeToUtf8 &, class charr::shared::SliceArena &)	false				external	1
decl:c:@N@charr@N@base_backend@N@search_regex_replace@F@recycling_length#I#I#I#&b#	function	recycling_length	charr::base_backend::search_regex_replace::recycling_length	charr::base_backend::search_regex_replace	charr::base_backend	true	src/base_backend/ci_search_regex_replace.cpp	54	unit:src/base_backend/ci_search_regex_replace.cpp	base	neutral_helper	int (int, int, int, _Bool &) noexcept	true				external	1
decl:c:@N@charr@N@base_backend@N@search_regex_replace@F@replace_bound#&$@N@charr@N@shared@S@RegexMatcher#&1$@N@charr@N@shared@S@StringView#*1v#*1$@N@icu_78@S@UnicodeString#$@N@charr@N@shared@E@RegexReplaceMode#&S6_#&1$@N@charr@N@shared@S@RegexPatterns#l#	function	replace_bound	charr::base_backend::search_regex_replace::replace_bound	charr::base_backend::search_regex_replace	charr::base_backend	true	src/base_backend/ci_search_regex_replace.cpp	142	unit:src/base_backend/ci_search_regex_replace.cpp	base	cxx_helper	enum charr::shared::RegexReplaceResult (class charr::shared::RegexMatcher &, const struct charr::shared::StringView &, const void *, const class icu_78::UnicodeString *, enum charr::shared::RegexReplaceMode, class icu_78::UnicodeString &, const class charr::shared::RegexPatterns &, unsigned long)	false				external	1
decl:c:@N@charr@N@base_backend@N@search_regex_replace@F@replace_bound#&$@N@charr@N@shared@S@RegexMatcher#&1$@N@icu_78@S@UnicodeString#*1S3_#$@N@charr@N@shared@E@RegexReplaceMode#&S3_#&1$@N@charr@N@shared@S@RegexPatterns#l#	function	replace_bound	charr::base_backend::search_regex_replace::replace_bound	charr::base_backend::search_regex_replace	charr::base_backend	true	src/base_backend/ci_search_regex_replace.cpp	163	unit:src/base_backend/ci_search_regex_replace.cpp	base	cxx_helper	enum charr::shared::RegexReplaceResult (class charr::shared::RegexMatcher &, const class icu_78::UnicodeString &, const class icu_78::UnicodeString *, enum charr::shared::RegexReplaceMode, class icu_78::UnicodeString &, const class charr::shared::RegexPatterns &, unsigned long)	false				external	1
decl:c:@N@charr@N@base_backend@N@search_regex_replace@F@replace_sequential#&$@N@std@S@vector>#$@N@icu_78@S@UnicodeString#$@N@std@S@allocator>#S2_#&1$@N@charr@N@shared@S@RegexPatterns#&1S1_#&$@N@charr@N@shared@S@RegexMatcher#&S2_#&I#	function	replace_sequential	charr::base_backend::search_regex_replace::replace_sequential	charr::base_backend::search_regex_replace	charr::base_backend	true	src/base_backend/ci_search_regex_replace.cpp	226	unit:src/base_backend/ci_search_regex_replace.cpp	base	cxx_helper	void (class std::vector<class icu_78::UnicodeString> &, const class charr::shared::RegexPatterns &, const class std::vector<class icu_78::UnicodeString> &, class charr::shared::RegexMatcher &, class icu_78::UnicodeString &, int &)	false				external	1
decl:c:@N@charr@N@base_backend@N@search_regex_replace@F@replace_vectorized_record#&1$@N@charr@N@shared@S@StringView#S0_#*1$@N@icu_78@S@UnicodeString#b#&1$@N@charr@N@shared@S@RegexPatterns#*1$@N@charr@N@shared@S@RegexInput#*b#l#&$@N@charr@N@shared@S@RegexMatcher#$@N@charr@N@shared@E@RegexReplaceMode#&S3_#S12_#	function	replace_vectorized_record	charr::base_backend::search_regex_replace::replace_vectorized_record	charr::base_backend::search_regex_replace	charr::base_backend	true	src/base_backend/ci_search_regex_replace.cpp	183	unit:src/base_backend/ci_search_regex_replace.cpp	base	cxx_helper	enum charr::shared::RegexReplaceResult (const struct charr::shared::StringView &, const struct charr::shared::StringView &, const class icu_78::UnicodeString *, _Bool, const class charr::shared::RegexPatterns &, const struct charr::shared::RegexInput *, _Bool *, unsigned long, class charr::shared::RegexMatcher &, enum charr::shared::RegexReplaceMode, class icu_78::UnicodeString &, class icu_78::UnicodeString &)	false				external	1
decl:c:@N@charr@N@base_backend@N@search_regex_replace@F@require_sequential_lengths#I#I#	function	require_sequential_lengths	charr::base_backend::search_regex_replace::require_sequential_lengths	charr::base_backend::search_regex_replace	charr::base_backend	true	src/base_backend/ci_search_regex_replace.cpp	306	unit:src/base_backend/ci_search_regex_replace.cpp	base	r_helper	void (int, int) noexcept	true				external	1
decl:c:@N@charr@N@base_backend@N@search_regex_replace@F@set_output_r#*$@S@SEXPREC#I#*1C#I#b#	function	set_output_r	charr::base_backend::search_regex_replace::set_output_r	charr::base_backend::search_regex_replace	charr::base_backend	true	src/base_backend/ci_search_regex_replace.cpp	289	unit:src/base_backend/ci_search_regex_replace.cpp	base	r_helper	void (struct SEXPREC *, int, const char *, int, _Bool) noexcept	true				external	1
decl:c:@N@charr@N@base_backend@N@search_regex_replace@F@throw_regex_error#$@E@UErrorCode#b#&1$@N@charr@N@shared@S@RegexPatterns#l#	function	throw_regex_error	charr::base_backend::search_regex_replace::throw_regex_error	charr::base_backend::search_regex_replace	charr::base_backend	true	src/base_backend/ci_search_regex_replace.cpp	108	unit:src/base_backend/ci_search_regex_replace.cpp	base	cxx_helper	void (enum UErrorCode, _Bool, const class charr::shared::RegexPatterns &, unsigned long)	false				external	1
decl:c:@N@charr@N@base_backend@N@search_regex_replace@F@utf16_to_utf8#&1$@N@icu_78@S@UnicodeString#&$@N@std@N@__cxx11@S@basic_string>#C#$@N@std@S@char_traits>#C#$@N@std@S@allocator>#C#	function	utf16_to_utf8	charr::base_backend::search_regex_replace::utf16_to_utf8	charr::base_backend::search_regex_replace	charr::base_backend	true	src/base_backend/ci_search_regex_replace.cpp	274	unit:src/base_backend/ci_search_regex_replace.cpp	base	cxx_helper	void (const class icu_78::UnicodeString &, class std::basic_string<char> &)	false				external	1
decl:c:@N@charr@N@base_backend@N@search_regex_split@F@bind_pattern#&$@N@charr@N@shared@S@RegexMatcher#&1$@N@charr@N@shared@S@RegexInput#&1$@N@charr@N@shared@S@RegexPatterns#l#	function	bind_pattern	charr::base_backend::search_regex_split::bind_pattern	charr::base_backend::search_regex_split	charr::base_backend	true	src/base_backend/ci_search_regex_split.cpp	140	unit:src/base_backend/ci_search_regex_split.cpp	base	cxx_helper	void (class charr::shared::RegexMatcher &, const struct charr::shared::RegexInput &, const class charr::shared::RegexPatterns &, unsigned long)	false				external	1
decl:c:@N@charr@N@base_backend@N@search_regex_split@F@emit_empty_pattern_warnings_r#I#	function	emit_empty_pattern_warnings_r	charr::base_backend::search_regex_split::emit_empty_pattern_warnings_r	charr::base_backend::search_regex_split	charr::base_backend	true	src/base_backend/ci_search_regex_split.cpp	231	unit:src/base_backend/ci_search_regex_split.cpp	base	r_helper	void (int) noexcept	true				external	1
decl:c:@N@charr@N@base_backend@N@search_regex_split@F@empty_strings_r#I#	function	empty_strings_r	charr::base_backend::search_regex_split::empty_strings_r	charr::base_backend::search_regex_split	charr::base_backend	true	src/base_backend/ci_search_regex_split.cpp	167	unit:src/base_backend/ci_search_regex_split.cpp	base	r_helper	struct SEXPREC *(int) noexcept	true				external	1
decl:c:@N@charr@N@base_backend@N@search_regex_split@F@missing_strings_r#I#	function	missing_strings_r	charr::base_backend::search_regex_split::missing_strings_r	charr::base_backend::search_regex_split	charr::base_backend	true	src/base_backend/ci_search_regex_split.cpp	158	unit:src/base_backend/ci_search_regex_split.cpp	base	r_helper	struct SEXPREC *(int) noexcept	true				external	1
decl:c:@N@charr@N@base_backend@N@search_regex_split@F@normalize_pattern#&1$@N@charr@N@shared@S@StringView#&$@N@charr@N@shared@S@NativeToUtf8#&$@N@charr@N@shared@S@SliceArena#	function	normalize_pattern	charr::base_backend::search_regex_split::normalize_pattern	charr::base_backend::search_regex_split	charr::base_backend	true	src/base_backend/ci_search_regex_split.cpp	110	unit:src/base_backend/ci_search_regex_split.cpp	base	cxx_helper	struct charr::shared::StringView (const struct charr::shared::StringView &, class charr::shared::NativeToUtf8 &, class charr::shared::SliceArena &)	false				external	1
decl:c:@N@charr@N@base_backend@N@search_regex_split@F@normalize_subject#&1$@N@charr@N@shared@S@StringView#&$@N@charr@N@shared@S@NativeToUtf8#&$@N@charr@N@shared@S@SliceArena#	function	normalize_subject	charr::base_backend::search_regex_split::normalize_subject	charr::base_backend::search_regex_split	charr::base_backend	true	src/base_backend/ci_search_regex_split.cpp	98	unit:src/base_backend/ci_search_regex_split.cpp	base	cxx_helper	struct charr::shared::StringView (const struct charr::shared::StringView &, class charr::shared::NativeToUtf8 &, class charr::shared::SliceArena &)	false				external	1
decl:c:@N@charr@N@base_backend@N@search_regex_split@F@recycling_length#I#I#I#I#&b#	function	recycling_length	charr::base_backend::search_regex_split::recycling_length	charr::base_backend::search_regex_split	charr::base_backend	true	src/base_backend/ci_search_regex_split.cpp	56	unit:src/base_backend/ci_search_regex_split.cpp	base	neutral_helper	int (int, int, int, int, _Bool &) noexcept	true				external	1
decl:c:@N@charr@N@base_backend@N@search_regex_split@F@requested_columns#*1I#I#	function	requested_columns	charr::base_backend::search_regex_split::requested_columns	charr::base_backend::search_regex_split	charr::base_backend	true	src/base_backend/ci_search_regex_split.cpp	85	unit:src/base_backend/ci_search_regex_split.cpp	base	neutral_helper	int (const int *, int) noexcept	true				external	1
decl:c:@N@charr@N@base_backend@N@search_regex_split@F@set_field_r#*$@S@SEXPREC#I#&1$@N@charr@N@shared@S@StringView#&1$@N@charr@N@shared@S@RegexRange#	function	set_field_r	charr::base_backend::search_regex_split::set_field_r	charr::base_backend::search_regex_split	charr::base_backend	true	src/base_backend/ci_search_regex_split.cpp	182	unit:src/base_backend/ci_search_regex_split.cpp	base	r_helper	void (struct SEXPREC *, int, const struct charr::shared::StringView &, const struct charr::shared::RegexRange &) noexcept	true				external	1
decl:c:@N@charr@N@base_backend@N@search_regex_split@F@simplify_result_r#*$@S@SEXPREC#I#I#b#	function	simplify_result_r	charr::base_backend::search_regex_split::simplify_result_r	charr::base_backend::search_regex_split	charr::base_backend	true	src/base_backend/ci_search_regex_split.cpp	200	unit:src/base_backend/ci_search_regex_split.cpp	base	r_helper	struct SEXPREC *(struct SEXPREC *, int, int, _Bool) noexcept	true				external	1
decl:c:@N@charr@N@base_backend@N@search_regex_split@F@strings_r#I#	function	strings_r	charr::base_backend::search_regex_split::strings_r	charr::base_backend::search_regex_split	charr::base_backend	true	src/base_backend/ci_search_regex_split.cpp	176	unit:src/base_backend/ci_search_regex_split.cpp	base	r_helper	struct SEXPREC *(int) noexcept	true				external	1
decl:c:@N@charr@N@base_backend@N@search_regex_split@F@throw_regex_error#$@E@UErrorCode#b#&1$@N@charr@N@shared@S@RegexPatterns#l#	function	throw_regex_error	charr::base_backend::search_regex_split::throw_regex_error	charr::base_backend::search_regex_split	charr::base_backend	true	src/base_backend/ci_search_regex_split.cpp	124	unit:src/base_backend/ci_search_regex_split.cpp	base	cxx_helper	void (enum UErrorCode, _Bool, const class charr::shared::RegexPatterns &, unsigned long)	false				external	1
decl:c:@N@charr@N@base_backend@N@split_lines@F@recycling_length#I#I#&b#	function	recycling_length	charr::base_backend::split_lines::recycling_length	charr::base_backend::split_lines	charr::base_backend	true	src/base_backend/ci_split_lines.cpp	53	unit:src/base_backend/ci_split_lines.cpp	base	neutral_helper	int (int, int, _Bool &) noexcept	true				external	1
decl:c:@N@charr@N@base_backend@N@sub@F@ci__sub_normalize_source#&1$@N@charr@N@base_backend@N@sub@S@CiSubSource#&$@N@charr@N@shared@S@NativeToUtf8#	function	ci__sub_normalize_source	charr::base_backend::sub::ci__sub_normalize_source	charr::base_backend::sub	charr::base_backend	true	src/base_backend/ci_sub.cpp	146	unit:src/base_backend/ci_sub.cpp	base	cxx_helper	struct charr::base_backend::sub::CiSubInput (const struct charr::base_backend::sub::CiSubSource &, class charr::shared::NativeToUtf8 &)	false				external	1
decl:c:@N@charr@N@base_backend@N@sub@F@ci__sub_plain_integer_scalar#*$@S@SEXPREC#&I#	function	ci__sub_plain_integer_scalar	charr::base_backend::sub::ci__sub_plain_integer_scalar	charr::base_backend::sub	charr::base_backend	true	src/base_backend/ci_sub.cpp	91	unit:src/base_backend/ci_sub.cpp	base	r_helper	_Bool (struct SEXPREC *, int &) noexcept	true				external	1
decl:c:@N@charr@N@base_backend@N@sub@F@ci__sub_plain_list_integer_scalar#*$@S@SEXPREC#I#&I#	function	ci__sub_plain_list_integer_scalar	charr::base_backend::sub::ci__sub_plain_list_integer_scalar	charr::base_backend::sub	charr::base_backend	true	src/base_backend/ci_sub.cpp	104	unit:src/base_backend/ci_sub.cpp	base	r_helper	_Bool (struct SEXPREC *, int, int &) noexcept	true				external	1
decl:c:@N@charr@N@base_backend@N@sub@F@ci__sub_read_source_r#*$@S@SEXPREC#	function	ci__sub_read_source_r	charr::base_backend::sub::ci__sub_read_source_r	charr::base_backend::sub	charr::base_backend	true	src/base_backend/ci_sub.cpp	134	unit:src/base_backend/ci_sub.cpp	base	r_helper	struct charr::base_backend::sub::CiSubSource (struct SEXPREC *) noexcept	true				external	1
decl:c:@N@charr@N@base_backend@N@sub@F@ci__sub_source_element_r#*$@S@SEXPREC#*1S0_#I#	function	ci__sub_source_element_r	charr::base_backend::sub::ci__sub_source_element_r	charr::base_backend::sub	charr::base_backend	true	src/base_backend/ci_sub.cpp	206	unit:src/base_backend/ci_sub.cpp	base	r_helper	struct SEXPREC *(struct SEXPREC *, struct SEXPREC *const *, int) noexcept	true				external	1
decl:c:@N@charr@N@base_backend@N@sub@F@ci__sub_stabilize#&1$@N@charr@N@base_backend@N@sub@S@CiSubInput#&$@N@charr@N@shared@S@SliceArena#	function	ci__sub_stabilize	charr::base_backend::sub::ci__sub_stabilize	charr::base_backend::sub	charr::base_backend	true	src/base_backend/ci_sub.cpp	192	unit:src/base_backend/ci_sub.cpp	base	cxx_helper	struct charr::base_backend::sub::CiSubInput (const struct charr::base_backend::sub::CiSubInput &, class charr::shared::SliceArena &)	false				external	1
decl:c:@N@charr@N@base_backend@N@sub@F@recycling_length_r#*1I#I#	function	recycling_length_r	charr::base_backend::sub::recycling_length_r	charr::base_backend::sub	charr::base_backend	true	src/base_backend/ci_sub.cpp	51	unit:src/base_backend/ci_sub.cpp	base	r_helper	int (const int *, int) noexcept	true				external	1
decl:c:@N@charr@N@base_backend@N@sub@F@recycling_length_r#I#I#	function	recycling_length_r	charr::base_backend::sub::recycling_length_r	charr::base_backend::sub	charr::base_backend	true	src/base_backend/ci_sub.cpp	65	unit:src/base_backend/ci_sub.cpp	base	r_helper	int (int, int) noexcept	true				external	1
decl:c:@N@charr@N@base_backend@N@sub@F@recycling_length_r#I#I#I#	function	recycling_length_r	charr::base_backend::sub::recycling_length_r	charr::base_backend::sub	charr::base_backend	true	src/base_backend/ci_sub.cpp	74	unit:src/base_backend/ci_sub.cpp	base	r_helper	int (int, int, int) noexcept	true				external	1
decl:c:@N@charr@N@base_backend@N@sub@F@recycling_length_r#I#I#I#I#	function	recycling_length_r	charr::base_backend::sub::recycling_length_r	charr::base_backend::sub	charr::base_backend	true	src/base_backend/ci_sub.cpp	83	unit:src/base_backend/ci_sub.cpp	base	r_helper	int (int, int, int, int) noexcept	true				external	1
decl:c:@N@charr@N@base_backend@N@sub@S@CiSubInput	struct	CiSubInput	charr::base_backend::sub::CiSubInput	charr::base_backend::sub	charr::base_backend	true	src/base_backend/ci_sub.cpp	114	unit:src/base_backend/ci_sub.cpp	base					false	true	external	1
decl:c:@N@charr@N@base_backend@N@sub@S@CiSubSource	struct	CiSubSource	charr::base_backend::sub::CiSubSource	charr::base_backend::sub	charr::base_backend	true	src/base_backend/ci_sub.cpp	123	unit:src/base_backend/ci_sub.cpp	base					false	true	external	1
decl:c:@N@charr@N@base_backend@N@trans_casemap@F@require_icu_success#$@E@UErrorCode#	function	require_icu_success	charr::base_backend::trans_casemap::require_icu_success	charr::base_backend::trans_casemap	charr::base_backend	true	src/base_backend/ci_trans_casemap.cpp	51	unit:src/base_backend/ci_trans_casemap.cpp	base	cxx_helper	void (enum UErrorCode)	false				external	1
decl:c:@N@charr@N@base_backend@N@trans_normalization@F@require_icu_success#$@E@UErrorCode#	function	require_icu_success	charr::base_backend::trans_normalization::require_icu_success	charr::base_backend::trans_normalization	charr::base_backend	true	src/base_backend/ci_trans_normalization.cpp	48	unit:src/base_backend/ci_trans_normalization.cpp	base	cxx_helper	void (enum UErrorCode)	false				external	1
decl:c:@N@charr@N@base_backend@N@trans_title@F@is_skip_option#*1C#	function	is_skip_option	charr::base_backend::trans_title::is_skip_option	charr::base_backend::trans_title	charr::base_backend	true	src/base_backend/ci_trans_title.cpp	92	unit:src/base_backend/ci_trans_title.cpp	base	neutral_helper	_Bool (const char *) noexcept	true				external	1
decl:c:@N@charr@N@base_backend@N@trans_title@F@match_type#*1C#	function	match_type	charr::base_backend::trans_title::match_type	charr::base_backend::trans_title	charr::base_backend	true	src/base_backend/ci_trans_title.cpp	142	unit:src/base_backend/ci_trans_title.cpp	base	neutral_helper	int (const char *) noexcept	true				external	1
decl:c:@N@charr@N@base_backend@N@trans_title@F@option_names_r#*$@S@SEXPREC#&I#	function	option_names_r	charr::base_backend::trans_title::option_names_r	charr::base_backend::trans_title	charr::base_backend	true	src/base_backend/ci_trans_title.cpp	51	unit:src/base_backend/ci_trans_title.cpp	base	r_helper	struct SEXPREC *(struct SEXPREC *, int &) noexcept	true				external	1
decl:c:@N@charr@N@base_backend@N@trans_title@F@prepare_locale_r#*$@S@SEXPREC#	function	prepare_locale_r	charr::base_backend::trans_title::prepare_locale_r	charr::base_backend::trans_title	charr::base_backend	true	src/base_backend/ci_trans_title.cpp	66	unit:src/base_backend/ci_trans_title.cpp	base	r_helper	const char *(struct SEXPREC *) noexcept	true				external	1
decl:c:@N@charr@N@base_backend@N@trans_title@F@prepare_options_r#*$@S@SEXPREC#	function	prepare_options_r	charr::base_backend::trans_title::prepare_options_r	charr::base_backend::trans_title	charr::base_backend	true	src/base_backend/ci_trans_title.cpp	246	unit:src/base_backend/ci_trans_title.cpp	base	r_helper	struct charr::shared::TitleCaseOptions (struct SEXPREC *) noexcept	true				external	1
decl:c:@N@charr@N@base_backend@N@trans_title@F@prepare_skip_options_r#*$@S@SEXPREC#	function	prepare_skip_options_r	charr::base_backend::trans_title::prepare_skip_options_r	charr::base_backend::trans_title	charr::base_backend	true	src/base_backend/ci_trans_title.cpp	117	unit:src/base_backend/ci_trans_title.cpp	base	r_helper	_Bool (struct SEXPREC *) noexcept	true				external	1
decl:c:@N@charr@N@base_backend@N@trans_title@F@prepare_type_r#*$@S@SEXPREC#$@N@charr@N@shared@S@TitleCaseOptions#	function	prepare_type_r	charr::base_backend::trans_title::prepare_type_r	charr::base_backend::trans_title	charr::base_backend	true	src/base_backend/ci_trans_title.cpp	170	unit:src/base_backend/ci_trans_title.cpp	base	r_helper	struct charr::shared::TitleCaseOptions (struct SEXPREC *, struct charr::shared::TitleCaseOptions) noexcept	true				external	1
decl:c:@N@charr@N@base_backend@N@trans_title@F@require_icu_success#$@E@UErrorCode#	function	require_icu_success	charr::base_backend::trans_title::require_icu_success	charr::base_backend::trans_title	charr::base_backend	true	src/base_backend/ci_trans_title.cpp	259	unit:src/base_backend/ci_trans_title.cpp	base	cxx_helper	void (enum UErrorCode)	false				external	1
decl:c:@N@charr@N@base_backend@N@trans_title@F@string_length#*1C#	function	string_length	charr::base_backend::trans_title::string_length	charr::base_backend::trans_title	charr::base_backend	true	src/base_backend/ci_trans_title.cpp	106	unit:src/base_backend/ci_trans_title.cpp	base	neutral_helper	unsigned long (const char *) noexcept	true				external	1
decl:c:@N@charr@N@base_backend@N@wrap@F@emit_locale_warning_r#b#	function	emit_locale_warning_r	charr::base_backend::wrap::emit_locale_warning_r	charr::base_backend::wrap	charr::base_backend	true	src/base_backend/ci_wrap.cpp	163	unit:src/base_backend/ci_wrap.cpp	base	r_helper	void (_Bool) noexcept	true				external	1
decl:c:@N@charr@N@base_backend@N@wrap@F@normalize_input#&1$@N@charr@N@shared@S@StringView#&$@N@charr@N@shared@S@NativeToUtf8#&$@N@charr@N@shared@S@SliceArena#	function	normalize_input	charr::base_backend::wrap::normalize_input	charr::base_backend::wrap	charr::base_backend	true	src/base_backend/ci_wrap.cpp	129	unit:src/base_backend/ci_wrap.cpp	base	cxx_helper	struct charr::shared::StringView (const struct charr::shared::StringView &, class charr::shared::NativeToUtf8 &, class charr::shared::SliceArena &)	false				external	1
decl:c:@N@charr@N@base_backend@N@wrap@F@require_icu_success#$@E@UErrorCode#	function	require_icu_success	charr::base_backend::wrap::require_icu_success	charr::base_backend::wrap	charr::base_backend	true	src/base_backend/ci_wrap.cpp	140	unit:src/base_backend/ci_wrap.cpp	base	cxx_helper	void (enum UErrorCode)	false				external	1
decl:c:@N@charr@N@base_backend@N@wrap@F@write_flat_output_r#*$@S@SEXPREC#&1$@N@charr@N@base_backend@N@wrap@S@FlatOutput#	function	write_flat_output_r	charr::base_backend::wrap::write_flat_output_r	charr::base_backend::wrap	charr::base_backend	true	src/base_backend/ci_wrap.cpp	147	unit:src/base_backend/ci_wrap.cpp	base	r_helper	void (struct SEXPREC *, const class charr::base_backend::wrap::FlatOutput &) noexcept	true				external	1
decl:c:@N@charr@N@base_backend@N@wrap@S@FlatOutput	class	FlatOutput	charr::base_backend::wrap::FlatOutput	charr::base_backend::wrap	charr::base_backend	true	src/base_backend/ci_wrap.cpp	55	unit:src/base_backend/ci_wrap.cpp	base					true	false	external	1
decl:c:@N@charr@N@base_backend@N@wrap@S@FlatOutput@F@append_na#	method	append_na	charr::base_backend::wrap::FlatOutput::append_na	charr::base_backend::wrap	charr::base_backend	true	src/base_backend/ci_wrap.cpp	89	unit:src/base_backend/ci_wrap.cpp	base	cxx_helper	void (void)	false	decl:c:@N@charr@N@base_backend@N@wrap@S@FlatOutput			external	1
decl:c:@N@charr@N@base_backend@N@wrap@S@FlatOutput@F@append_reserve#l#	method	append_reserve	charr::base_backend::wrap::FlatOutput::append_reserve	charr::base_backend::wrap	charr::base_backend	true	src/base_backend/ci_wrap.cpp	73	unit:src/base_backend/ci_wrap.cpp	base	cxx_helper	char *(unsigned long)	false	decl:c:@N@charr@N@base_backend@N@wrap@S@FlatOutput			external	1
decl:c:@N@charr@N@base_backend@N@wrap@S@FlatOutput@F@data#L#1	method	data	charr::base_backend::wrap::FlatOutput::data	charr::base_backend::wrap	charr::base_backend	true	src/base_backend/ci_wrap.cpp	112	unit:src/base_backend/ci_wrap.cpp	base	neutral_helper	const char *(long) const noexcept	true	decl:c:@N@charr@N@base_backend@N@wrap@S@FlatOutput			external	1
decl:c:@N@charr@N@base_backend@N@wrap@S@FlatOutput@F@is_missing#L#1	method	is_missing	charr::base_backend::wrap::FlatOutput::is_missing	charr::base_backend::wrap	charr::base_backend	true	src/base_backend/ci_wrap.cpp	101	unit:src/base_backend/ci_wrap.cpp	base	neutral_helper	_Bool (long) const noexcept	true	decl:c:@N@charr@N@base_backend@N@wrap@S@FlatOutput			external	1
decl:c:@N@charr@N@base_backend@N@wrap@S@FlatOutput@F@length#L#1	method	length	charr::base_backend::wrap::FlatOutput::length	charr::base_backend::wrap	charr::base_backend	true	src/base_backend/ci_wrap.cpp	107	unit:src/base_backend/ci_wrap.cpp	base	neutral_helper	int (long) const noexcept	true	decl:c:@N@charr@N@base_backend@N@wrap@S@FlatOutput			external	1
decl:c:@N@charr@N@base_backend@N@wrap@S@FlatOutput@F@reserve#I#	method	reserve	charr::base_backend::wrap::FlatOutput::reserve	charr::base_backend::wrap	charr::base_backend	true	src/base_backend/ci_wrap.cpp	65	unit:src/base_backend/ci_wrap.cpp	base	cxx_helper	void (int)	false	decl:c:@N@charr@N@base_backend@N@wrap@S@FlatOutput			external	1
decl:c:@N@charr@N@base_backend@N@wrap@S@FlatOutput@F@size#1	method	size	charr::base_backend::wrap::FlatOutput::size	charr::base_backend::wrap	charr::base_backend	true	src/base_backend/ci_wrap.cpp	96	unit:src/base_backend/ci_wrap.cpp	base	neutral_helper	long (void) const noexcept	true	decl:c:@N@charr@N@base_backend@N@wrap@S@FlatOutput			external	1
decl:c:@N@charr@N@base_backend@S@ICUError	class	ICUError	charr::base_backend::ICUError	charr::base_backend	charr::base_backend	true	src/base_backend/ci_exception.h	77		base					false	true	external	55
decl:c:@N@charr@N@base_backend@S@ICUError@F@getICUerrorName#$@E@UErrorCode#S	method	getICUerrorName	charr::base_backend::ICUError::getICUerrorName	charr::base_backend	charr::base_backend	true	src/base_backend/ci_exception.cpp	56	unit:src/base_backend/ci_exception.cpp	base	neutral_helper	const char *(enum UErrorCode) noexcept	true	decl:c:@N@charr@N@base_backend@S@ICUError			external	55
decl:c:@N@charr@N@base_backend@S@StriException	class	StriException	charr::base_backend::StriException	charr::base_backend	charr::base_backend	true	src/base_backend/ci_exception.h	176		base					false	true	external	55
decl:c:@N@charr@N@base_backend@S@StriException@F@StriException#$@E@UErrorCode#*1C#	constructor	StriException	charr::base_backend::StriException::StriException	charr::base_backend	charr::base_backend	true	src/base_backend/ci_exception.h	193		base	cxx_helper	void (enum UErrorCode, const char *)	false	decl:c:@N@charr@N@base_backend@S@StriException			external	55
decl:c:@N@charr@N@base_backend@S@StriException@F@StriException#*1C.#	constructor	StriException	charr::base_backend::StriException::StriException	charr::base_backend	charr::base_backend	true	src/base_backend/ci_exception.h	185		base	cxx_helper	void (const char *, ...)	false	decl:c:@N@charr@N@base_backend@S@StriException			external	55
decl:c:@N@charr@N@base_backend@S@StriException@F@getMessage#1	method	getMessage	charr::base_backend::StriException::getMessage	charr::base_backend	charr::base_backend	true	src/base_backend/ci_exception.h	208		base	neutral_helper	const char *(void) const noexcept	true	decl:c:@N@charr@N@base_backend@S@StriException			external	55
decl:c:@N@charr@N@base_backend@S@StriUcnv	class	StriUcnv	charr::base_backend::StriUcnv	charr::base_backend	charr::base_backend	true	src/base_backend/ci_ucnv.h	56		base					true	false	external	2
decl:c:@N@charr@N@base_backend@S@StriUcnv@F@STRI__UCNV_FROM_U_CALLBACK_SUBSTITUTE_WARN#*1v#*$@SA@UConverterFromUnicodeArgs#*1q#I#I#$@EA@UConverterCallbackReason#*$@E@UErrorCode#S	method	STRI__UCNV_FROM_U_CALLBACK_SUBSTITUTE_WARN	charr::base_backend::StriUcnv::STRI__UCNV_FROM_U_CALLBACK_SUBSTITUTE_WARN	charr::base_backend	charr::base_backend	true	src/base_backend/ci_ucnv.cpp	230	unit:src/base_backend/ci_ucnv.cpp	base	cxx_helper	void (const void *, UConverterFromUnicodeArgs *, const char16_t *, int, int, UConverterCallbackReason, enum UErrorCode *) noexcept	true	decl:c:@N@charr@N@base_backend@S@StriUcnv			external	1
decl:c:@N@charr@N@base_backend@S@StriUcnv@F@STRI__UCNV_TO_U_CALLBACK_SUBSTITUTE_WARN#*1v#*$@SA@UConverterToUnicodeArgs#*1C#I#$@EA@UConverterCallbackReason#*$@E@UErrorCode#S	method	STRI__UCNV_TO_U_CALLBACK_SUBSTITUTE_WARN	charr::base_backend::StriUcnv::STRI__UCNV_TO_U_CALLBACK_SUBSTITUTE_WARN	charr::base_backend	charr::base_backend	true	src/base_backend/ci_ucnv.cpp	154	unit:src/base_backend/ci_ucnv.cpp	base	cxx_helper	void (const void *, UConverterToUnicodeArgs *, const char *, int, UConverterCallbackReason, enum UErrorCode *) noexcept	true	decl:c:@N@charr@N@base_backend@S@StriUcnv			external	1
decl:c:@N@charr@N@base_backend@S@StriUcnv@F@StriUcnv#*1C#	constructor	StriUcnv	charr::base_backend::StriUcnv::StriUcnv	charr::base_backend	charr::base_backend	true	src/base_backend/ci_ucnv.h	88		base	cxx_helper	void (const char *) noexcept	true	decl:c:@N@charr@N@base_backend@S@StriUcnv			external	2
decl:c:@N@charr@N@base_backend@S@StriUcnv@F@StriUcnv#*1C#&$@N@charr@N@shared@S@DeferredWarnings#	constructor	StriUcnv	charr::base_backend::StriUcnv::StriUcnv	charr::base_backend	charr::base_backend	true	src/base_backend/ci_ucnv.h	95		base	cxx_helper	void (const char *, class charr::shared::DeferredWarnings &) noexcept	true	decl:c:@N@charr@N@base_backend@S@StriUcnv			external	2
decl:c:@N@charr@N@base_backend@S@StriUcnv@F@getCE#	method	getCE	charr::base_backend::StriUcnv::getCE	charr::base_backend	charr::base_backend	true	src/base_backend/ci_ucnv.h	134		base	cxx_helper	cetype_t (void)	false	decl:c:@N@charr@N@base_backend@S@StriUcnv			external	2
decl:c:@N@charr@N@base_backend@S@StriUcnv@F@getConverter#b#	method	getConverter	charr::base_backend::StriUcnv::getConverter	charr::base_backend	charr::base_backend	true	src/base_backend/ci_ucnv.cpp	128	unit:src/base_backend/ci_ucnv.cpp	base	cxx_helper	struct UConverter *(_Bool)	false	decl:c:@N@charr@N@base_backend@S@StriUcnv			external	2
decl:c:@N@charr@N@base_backend@S@StriUcnv@F@openConverter#b#	method	openConverter	charr::base_backend::StriUcnv::openConverter	charr::base_backend	charr::base_backend	true	src/base_backend/ci_ucnv.cpp	85	unit:src/base_backend/ci_ucnv.cpp	base	cxx_helper	void (_Bool)	false	decl:c:@N@charr@N@base_backend@S@StriUcnv			external	2
decl:c:@N@charr@N@base_backend@S@StriUcnv@F@operator=#&&$@N@charr@N@base_backend@S@StriUcnv#	method	operator=	charr::base_backend::StriUcnv::operator=	charr::base_backend	charr::base_backend	true	src/base_backend/ci_ucnv.h	113		base	cxx_helper	class charr::base_backend::StriUcnv &(class charr::base_backend::StriUcnv &&) noexcept	true	decl:c:@N@charr@N@base_backend@S@StriUcnv			external	2
decl:c:@N@charr@N@base_backend@S@StriUcnv@F@~StriUcnv#	destructor	~StriUcnv	charr::base_backend::StriUcnv::~StriUcnv	charr::base_backend	charr::base_backend	true	src/base_backend/ci_ucnv.h	103		base	cxx_helper	void (void) noexcept	true	decl:c:@N@charr@N@base_backend@S@StriUcnv			external	2
decl:c:@N@charr@N@base_backend@S@String8buf	class	String8buf	charr::base_backend::String8buf	charr::base_backend	charr::base_backend	true	src/base_backend/ci_string8buf.h	61		base					true	false	external	5
decl:c:@N@charr@N@base_backend@S@String8buf@F@String8buf#&1$@N@charr@N@base_backend@S@String8buf#	constructor	String8buf	charr::base_backend::String8buf::String8buf	charr::base_backend	charr::base_backend	true	src/base_backend/ci_string8buf.h	102		base	cxx_helper	void (const class charr::base_backend::String8buf &)	false	decl:c:@N@charr@N@base_backend@S@String8buf			external	5
decl:c:@N@charr@N@base_backend@S@String8buf@F@String8buf#l#	constructor	String8buf	charr::base_backend::String8buf::String8buf	charr::base_backend	charr::base_backend	true	src/base_backend/ci_string8buf.h	76		base	cxx_helper	void (unsigned long)	false	decl:c:@N@charr@N@base_backend@S@String8buf			external	5
decl:c:@N@charr@N@base_backend@S@String8buf@F@data#	method	data	charr::base_backend::String8buf::data	charr::base_backend	charr::base_backend	true	src/base_backend/ci_string8buf.h	135		base	neutral_helper	char *(void) noexcept	true	decl:c:@N@charr@N@base_backend@S@String8buf			external	5
decl:c:@N@charr@N@base_backend@S@String8buf@F@operator=#&1$@N@charr@N@base_backend@S@String8buf#	method	operator=	charr::base_backend::String8buf::operator=	charr::base_backend	charr::base_backend	true	src/base_backend/ci_string8buf.h	113		base	cxx_helper	class charr::base_backend::String8buf &(const class charr::base_backend::String8buf &)	false	decl:c:@N@charr@N@base_backend@S@String8buf			external	5
decl:c:@N@charr@N@base_backend@S@String8buf@F@replaceAllAtPos#*1C#l#S0_#l#&$@N@std@S@deque>#$@N@std@S@pair>#I#I#$@N@std@S@allocator>#S3_#	method	replaceAllAtPos	charr::base_backend::String8buf::replaceAllAtPos	charr::base_backend	charr::base_backend	true	src/base_backend/ci_string8buf.h	184		base	cxx_helper	unsigned long (const char *, unsigned long, const char *, unsigned long, class std::deque<struct std::pair<int, int> > &)	false	decl:c:@N@charr@N@base_backend@S@String8buf			external	5
decl:c:@N@charr@N@base_backend@S@String8buf@F@replaceAllAtPos#*1C#l#S0_#l#&$@N@std@S@deque>#$@N@std@S@pair>#I#I#$@N@std@S@allocator>#S3_#@Sa	class	(anonymous class)	(lambda at base_backend/ci_string8buf.h:197:29)	charr::base_backend	charr::base_backend	true	src/base_backend/ci_string8buf.h	197		base					false	true	none	5
decl:c:@N@charr@N@base_backend@S@String8buf@F@resize#l#b#	method	resize	charr::base_backend::String8buf::resize	charr::base_backend	charr::base_backend	true	src/base_backend/ci_string8buf.h	153		base	cxx_helper	void (unsigned long, _Bool)	false	decl:c:@N@charr@N@base_backend@S@String8buf			external	5
decl:c:@N@charr@N@base_backend@S@String8buf@F@size#1	method	size	charr::base_backend::String8buf::size	charr::base_backend	charr::base_backend	true	src/base_backend/ci_string8buf.h	142		base	neutral_helper	unsigned long (void) const noexcept	true	decl:c:@N@charr@N@base_backend@S@String8buf			external	5
decl:c:@N@charr@N@base_backend@S@String8buf@F@~String8buf#	destructor	~String8buf	charr::base_backend::String8buf::~String8buf	charr::base_backend	charr::base_backend	true	src/base_backend/ci_string8buf.h	93		base	cxx_helper	void (void) noexcept	true	decl:c:@N@charr@N@base_backend@S@String8buf			external	5
decl:c:@N@charr@N@runtime@F@R_init_charr	function	R_init_charr	charr::runtime::R_init_charr	charr::runtime	charr::runtime	true	src/runtime/registration.cpp	74	unit:src/runtime/registration.cpp	runtime	r_helper	void (struct _DllInfo *) noexcept	true				external	1
decl:c:@N@charr@N@runtime@N@icu@F@C_charr_abi_ok	function	C_charr_abi_ok	charr::runtime::icu::C_charr_abi_ok	charr::runtime::icu	charr::runtime	true	src/runtime/icu.cpp	116	unit:src/runtime/icu.cpp	runtime	r_helper	struct SEXPREC *(void) noexcept	true				external	2
decl:c:@N@charr@N@runtime@N@icu@F@C_charr_icu_bundled	function	C_charr_icu_bundled	charr::runtime::icu::C_charr_icu_bundled	charr::runtime::icu	charr::runtime	true	src/runtime/icu.cpp	136	unit:src/runtime/icu.cpp	runtime	r_helper	struct SEXPREC *(void) noexcept	true				external	2
decl:c:@N@charr@N@runtime@N@icu@F@C_charr_icu_info	function	C_charr_icu_info	charr::runtime::icu::C_charr_icu_info	charr::runtime::icu	charr::runtime	true	src/runtime/icu.cpp	140	unit:src/runtime/icu.cpp	runtime	r_helper	struct SEXPREC *(void) noexcept	true				external	2
decl:c:@N@charr@N@runtime@N@icu@F@C_charr_icu_init	function	C_charr_icu_init	charr::runtime::icu::C_charr_icu_init	charr::runtime::icu	charr::runtime	true	src/runtime/icu.cpp	120	unit:src/runtime/icu.cpp	runtime	r_helper	struct SEXPREC *(struct SEXPREC *) noexcept	true				external	2
decl:c:@N@charr@N@runtime@N@icu@F@initialize_icu_native#*1C#	function	initialize_icu_native	charr::runtime::icu::initialize_icu_native	charr::runtime::icu	charr::runtime	true	src/runtime/icu.cpp	55	unit:src/runtime/icu.cpp	runtime	cxx_helper	_Bool (const char *) noexcept	true				external	1
decl:c:@N@charr@N@shared@F@assign_min_collation_ranks#*1$@N@charr@N@shared@S@StringView#*$@S@UCollator#*1I#l#*I#	function	assign_min_collation_ranks	charr::shared::assign_min_collation_ranks	charr::shared	charr::shared	true	src/shared/collation_ordering.cpp	114	unit:src/shared/collation_ordering.cpp	shared	neutral_helper	enum UErrorCode (const struct charr::shared::StringView *, struct UCollator *, const int *, unsigned long, int *) noexcept	true				external	3
decl:c:@N@charr@N@shared@F@boundary_ascii_initial_word#*1C#I#&I#	function	boundary_ascii_initial_word	charr::shared::boundary_ascii_initial_word	charr::shared	charr::shared	true	src/shared/boundary_iterator.cpp	152	unit:src/shared/boundary_iterator.cpp	shared	neutral_helper	_Bool (const char *, int, int &) noexcept	true				external	5
decl:c:@N@charr@N@shared@F@boundary_ascii_word_first#&1$@N@charr@N@shared@S@BoundaryOptions#	function	boundary_ascii_word_first	charr::shared::boundary_ascii_word_first	charr::shared	charr::shared	true	src/shared/boundary_iterator.cpp	119	unit:src/shared/boundary_iterator.cpp	shared	neutral_helper	_Bool (const struct charr::shared::BoundaryOptions &) noexcept	true				external	5
decl:c:@N@charr@N@shared@F@build_collation_order#*1$@N@charr@N@shared@S@StringView#l#b#*$@S@UCollator#&$@N@std@S@vector>#I#$@N@std@S@allocator>#I#S4_#	function	build_collation_order	charr::shared::build_collation_order	charr::shared	charr::shared	true	src/shared/collation_ordering.cpp	78	unit:src/shared/collation_ordering.cpp	shared	cxx_helper	enum UErrorCode (const struct charr::shared::StringView *, unsigned long, _Bool, struct UCollator *, class std::vector<int> &, class std::vector<int> &)	false				external	3
decl:c:@N@charr@N@shared@F@checked_repeat_size#l#I#l#&l#	function	checked_repeat_size	charr::shared::checked_repeat_size	charr::shared	charr::shared	true	src/shared/repeat.cpp	8	unit:src/shared/repeat.cpp	shared	neutral_helper	_Bool (unsigned long, int, unsigned long, unsigned long &) noexcept	true				external	3
decl:c:@N@charr@N@shared@F@checked_replacement_size#&1$@N@charr@N@shared@S@StringView#l#&1$@N@std@S@vector>#$@N@charr@N@shared@S@ByteRange#$@N@std@S@allocator>#S4_#S0_#	function	checked_replacement_size	charr::shared::checked_replacement_size	charr::shared	charr::shared	true	src/shared/replacement.cpp	80	unit:src/shared/replacement.cpp	shared	cxx_helper	unsigned long (const struct charr::shared::StringView &, unsigned long, const class std::vector<struct charr::shared::ByteRange> &, const struct charr::shared::StringView &)	false				external	5
decl:c:@N@charr@N@shared@F@collation_utf8_slice#&1$@N@charr@N@shared@S@CollationInput#&1$@N@charr@N@shared@S@CollationRange#&$@N@std@S@vector>#C#$@N@std@S@allocator>#C#&$@E@UErrorCode#	function	collation_utf8_slice	charr::shared::collation_utf8_slice	charr::shared	charr::shared	true	src/shared/collation_search.h	218		shared	cxx_helper	struct charr::shared::CollationUtf8Slice (const struct charr::shared::CollationInput &, const struct charr::shared::CollationRange &, class std::vector<char> &, enum UErrorCode &)	false				external	15
decl:c:@N@charr@N@shared@F@continue_r_unwind#*$@S@SEXPREC#	function	continue_r_unwind	charr::shared::continue_r_unwind	charr::shared	charr::shared	true	src/shared/unwind.h	88		shared	r_helper	void (struct SEXPREC *) noexcept	true				external	94
decl:c:@N@charr@N@shared@F@count_exact_bytes#*1C#I#S0_#I#	function	count_exact_bytes	charr::shared::count_exact_bytes	charr::shared	charr::shared	true	src/shared/fixed_search.h	150		shared	neutral_helper	int (const char *, int, const char *, int) noexcept	true				external	19
decl:c:@N@charr@N@shared@F@filled_integer_matrix_r#I#I#I#	function	filled_integer_matrix_r	charr::shared::filled_integer_matrix_r	charr::shared	charr::shared	true	src/shared/r_matrix.cpp	6	unit:src/shared/r_matrix.cpp	shared	r_helper	struct SEXPREC *(int, int, int) noexcept	true				external	9
decl:c:@N@charr@N@shared@F@find_character_class_ranges#&1$@N@charr@N@shared@S@StringView#&1$@N@icu_78@S@UnicodeSet#b#&$@N@std@S@vector>#$@N@charr@N@shared@S@ByteRange#$@N@std@S@allocator>#S6_#	function	find_character_class_ranges	charr::shared::find_character_class_ranges	charr::shared	charr::shared	true	src/shared/character_class_search.cpp	11	unit:src/shared/character_class_search.cpp	shared	cxx_helper	unsigned long (const struct charr::shared::StringView &, const class icu_78::UnicodeSet &, _Bool, class std::vector<struct charr::shared::ByteRange> &)	false				external	3
decl:c:@N@charr@N@shared@F@find_first_exact_bytes#*1C#I#S0_#I#	function	find_first_exact_bytes	charr::shared::find_first_exact_bytes	charr::shared	charr::shared	true	src/shared/fixed_search.h	107		shared	neutral_helper	int (const char *, int, const char *, int) noexcept	true				external	19
decl:c:@N@charr@N@shared@F@fixed_ends_with#&1$@N@charr@N@shared@S@StringView#I#S0_#b#	function	fixed_ends_with	charr::shared::fixed_ends_with	charr::shared	charr::shared	true	src/shared/fixed_search.cpp	57	unit:src/shared/fixed_search.cpp	shared	neutral_helper	_Bool (const struct charr::shared::StringView &, int, const struct charr::shared::StringView &, _Bool) noexcept	true				external	3
decl:c:@N@charr@N@shared@F@fixed_starts_with#&1$@N@charr@N@shared@S@StringView#I#S0_#b#	function	fixed_starts_with	charr::shared::fixed_starts_with	charr::shared	charr::shared	true	src/shared/fixed_search.cpp	19	unit:src/shared/fixed_search.cpp	shared	neutral_helper	_Bool (const struct charr::shared::StringView &, int, const struct charr::shared::StringView &, _Bool) noexcept	true				external	3
decl:c:@N@charr@N@shared@F@is_ascii#*1C#l#	function	is_ascii	charr::shared::is_ascii	charr::shared	charr::shared	true	src/shared/ascii.h	28		shared	neutral_helper	_Bool (const char *, unsigned long) noexcept	true				external	110
decl:c:@N@charr@N@shared@F@mark_collation_duplicates#*1$@N@charr@N@shared@S@StringView#l#b#*$@S@UCollator#*I#	function	mark_collation_duplicates	charr::shared::mark_collation_duplicates	charr::shared	charr::shared	true	src/shared/collation_ordering.cpp	39	unit:src/shared/collation_ordering.cpp	shared	cxx_helper	enum UErrorCode (const struct charr::shared::StringView *, unsigned long, _Bool, struct UCollator *, int *)	false				external	3
decl:c:@N@charr@N@shared@F@normalize_utf8#&1$@N@charr@N@shared@S@StringView#&$@N@charr@N@shared@S@NativeToUtf8#&$@N@charr@N@shared@S@SliceArena#	function	normalize_utf8	charr::shared::normalize_utf8	charr::shared	charr::shared	true	src/shared/utf8.h	98		shared	cxx_helper	struct charr::shared::StringView (const struct charr::shared::StringView &, class charr::shared::NativeToUtf8 &, class charr::shared::SliceArena &)	false				external	74
decl:c:@N@charr@N@shared@F@normalize_utf8_preserve_bom#&1$@N@charr@N@shared@S@StringView#&$@N@charr@N@shared@S@NativeToUtf8#&$@N@charr@N@shared@S@SliceArena#	function	normalize_utf8_preserve_bom	charr::shared::normalize_utf8_preserve_bom	charr::shared	charr::shared	true	src/shared/utf8.h	128		shared	cxx_helper	struct charr::shared::StringView (const struct charr::shared::StringView &, class charr::shared::NativeToUtf8 &, class charr::shared::SliceArena &)	false				external	74
decl:c:@N@charr@N@shared@F@normalize_utf8_slow#&1$@N@charr@N@shared@S@StringView#&$@N@charr@N@shared@S@NativeToUtf8#&$@N@charr@N@shared@S@SliceArena#b#	function	normalize_utf8_slow	charr::shared::normalize_utf8_slow	charr::shared	charr::shared	true	src/shared/utf8.cpp	112	unit:src/shared/utf8.cpp	shared	cxx_helper	struct charr::shared::StringView (const struct charr::shared::StringView &, class charr::shared::NativeToUtf8 &, class charr::shared::SliceArena &, _Bool)	false				external	74
decl:c:@N@charr@N@shared@F@normalize_utf8_transient#&1$@N@charr@N@shared@S@StringView#&$@N@charr@N@shared@S@NativeToUtf8#	function	normalize_utf8_transient	charr::shared::normalize_utf8_transient	charr::shared	charr::shared	true	src/shared/utf8.h	64		shared	cxx_helper	struct charr::shared::StringView (const struct charr::shared::StringView &, class charr::shared::NativeToUtf8 &)	false				external	74
decl:c:@N@charr@N@shared@F@normalize_utf8_transient_slow#&1$@N@charr@N@shared@S@StringView#&$@N@charr@N@shared@S@NativeToUtf8#	function	normalize_utf8_transient_slow	charr::shared::normalize_utf8_transient_slow	charr::shared	charr::shared	true	src/shared/utf8.cpp	33	unit:src/shared/utf8.cpp	shared	cxx_helper	struct charr::shared::StringView (const struct charr::shared::StringView &, class charr::shared::NativeToUtf8 &)	false				external	74
decl:c:@N@charr@N@shared@F@plan_fixed_extract#&1$@N@std@S@vector>#$@N@charr@N@shared@S@StringView#$@N@std@S@allocator>#S2_#S0_#I#$@N@charr@N@shared@S@FixedSearchOptions#b#&$@N@charr@N@shared@S@FixedMatcher#&$@N@std@S@vector>#$@N@charr@N@shared@S@ByteRange#$@N@std@S@allocator>#S9_#&$@N@charr@N@shared@S@FixedExtractPlan#	function	plan_fixed_extract	charr::shared::plan_fixed_extract	charr::shared	charr::shared	true	src/shared/fixed_search.cpp	287	unit:src/shared/fixed_search.cpp	shared	cxx_helper	void (const class std::vector<struct charr::shared::StringView> &, const class std::vector<struct charr::shared::StringView> &, int, struct charr::shared::FixedSearchOptions, _Bool, class charr::shared::FixedMatcher &, class std::vector<struct charr::shared::ByteRange> &, struct charr::shared::FixedExtractPlan &)	false				external	3
decl:c:@N@charr@N@shared@F@regex_range_to_positions#&1$@N@charr@N@shared@S@StringView#&$@N@charr@N@shared@S@RegexRange#b#	function	regex_range_to_positions	charr::shared::regex_range_to_positions	charr::shared	charr::shared	true	src/shared/regex_search.cpp	20	unit:src/shared/regex_search.cpp	shared	neutral_helper	void (const struct charr::shared::StringView &, struct charr::shared::RegexRange &, _Bool) noexcept	true				external	3
decl:c:@N@charr@N@shared@F@regex_ranges_to_positions#&1$@N@charr@N@shared@S@StringView#&$@N@std@S@vector>#$@N@charr@N@shared@S@RegexRange#$@N@std@S@allocator>#S4_#b#	function	regex_ranges_to_positions	charr::shared::regex_ranges_to_positions	charr::shared	charr::shared	true	src/shared/regex_search.cpp	39	unit:src/shared/regex_search.cpp	shared	neutral_helper	void (const struct charr::shared::StringView &, class std::vector<struct charr::shared::RegexRange> &, _Bool) noexcept	true				external	3
decl:c:@N@charr@N@shared@F@repeat_bytes#*C#*1C#l#l#	function	repeat_bytes	charr::shared::repeat_bytes	charr::shared	charr::shared	true	src/shared/repeat.cpp	29	unit:src/shared/repeat.cpp	shared	neutral_helper	void (char *, const char *, unsigned long, unsigned long) noexcept	true				external	3
decl:c:@N@charr@N@shared@F@replacement_is_ascii#&1$@N@charr@N@shared@S@StringView#&1$@N@std@S@vector>#$@N@charr@N@shared@S@ByteRange#$@N@std@S@allocator>#S4_#S0_#	function	replacement_is_ascii	charr::shared::replacement_is_ascii	charr::shared	charr::shared	true	src/shared/replacement.cpp	167	unit:src/shared/replacement.cpp	shared	cxx_helper	_Bool (const struct charr::shared::StringView &, const class std::vector<struct charr::shared::ByteRange> &, const struct charr::shared::StringView &)	false				external	3
decl:c:@N@charr@N@shared@F@set_regex_utf16#&$@N@icu_78@S@UnicodeString#&1$@N@charr@N@shared@S@StringView#	function	set_regex_utf16	charr::shared::set_regex_utf16	charr::shared	charr::shared	true	src/shared/regex_search.cpp	202	unit:src/shared/regex_search.cpp	shared	cxx_helper	void (class icu_78::UnicodeString &, const struct charr::shared::StringView &)	false				external	3
decl:c:@N@charr@N@shared@F@split_exact_byte#&1$@N@charr@N@shared@S@StringView#c#I#b#b#&$@N@std@S@vector>#$@N@charr@N@shared@S@ByteRange#$@N@std@S@allocator>#S4_#	function	split_exact_byte	charr::shared::split_exact_byte	charr::shared	charr::shared	true	src/shared/fixed_search.h	38		shared	cxx_helper	enum charr::shared::FixedSplitResult (const struct charr::shared::StringView &, unsigned char, int, _Bool, _Bool, class std::vector<struct charr::shared::ByteRange> &)	false				external	19
decl:c:@N@charr@N@shared@F@split_fixed_fields#&$@N@charr@N@shared@S@FixedMatcher#&1$@N@charr@N@shared@S@StringView#S2_#$@N@charr@N@shared@S@FixedSearchOptions#I#b#b#&$@N@std@S@vector>#$@N@charr@N@shared@S@ByteRange#$@N@std@S@allocator>#S7_#	function	split_fixed_fields	charr::shared::split_fixed_fields	charr::shared	charr::shared	true	src/shared/fixed_search.h	326		shared	cxx_helper	enum charr::shared::FixedSplitResult (class charr::shared::FixedMatcher &, const struct charr::shared::StringView &, const struct charr::shared::StringView &, struct charr::shared::FixedSearchOptions, int, _Bool, _Bool, class std::vector<struct charr::shared::ByteRange> &)	false				external	19
decl:c:@N@charr@N@shared@F@utf16_end_offset#&1$@N@charr@N@shared@S@CollationInput#I#	function	utf16_end_offset	charr::shared::utf16_end_offset	charr::shared	charr::shared	true	src/shared/collation_search.cpp	525	unit:src/shared/collation_search.cpp	shared	neutral_helper	int (const struct charr::shared::CollationInput &, int) noexcept	true				external	3
decl:c:@N@charr@N@shared@F@utf16_start_offset#&1$@N@charr@N@shared@S@CollationInput#I#	function	utf16_start_offset	charr::shared::utf16_start_offset	charr::shared	charr::shared	true	src/shared/collation_search.cpp	502	unit:src/shared/collation_search.cpp	shared	neutral_helper	int (const struct charr::shared::CollationInput &, int) noexcept	true				external	3
decl:c:@N@charr@N@shared@F@utf8_index_backward#&1$@N@charr@N@shared@S@StringView#I#	function	utf8_index_backward	charr::shared::utf8_index_backward	charr::shared	charr::shared	true	src/shared/utf8.cpp	226	unit:src/shared/utf8.cpp	shared	neutral_helper	int (const struct charr::shared::StringView &, int) noexcept	true				external	3
decl:c:@N@charr@N@shared@F@utf8_index_forward#&1$@N@charr@N@shared@S@StringView#I#	function	utf8_index_forward	charr::shared::utf8_index_forward	charr::shared	charr::shared	true	src/shared/utf8.cpp	204	unit:src/shared/utf8.cpp	shared	neutral_helper	int (const struct charr::shared::StringView &, int) noexcept	true				external	3
decl:c:@N@charr@N@shared@F@write_collation_replacement#&1$@N@charr@N@shared@S@CollationInput#S0_#&1$@N@std@S@vector>#$@N@charr@N@shared@S@CollationRange#$@N@std@S@allocator>#S4_#&$@N@icu_78@S@UnicodeString#	function	write_collation_replacement	charr::shared::write_collation_replacement	charr::shared	charr::shared	true	src/shared/collation_search.cpp	548	unit:src/shared/collation_search.cpp	shared	cxx_helper	void (const struct charr::shared::CollationInput &, const struct charr::shared::CollationInput &, const class std::vector<struct charr::shared::CollationRange> &, class icu_78::UnicodeString &)	false				external	3
decl:c:@N@charr@N@shared@F@write_replacement#&1$@N@charr@N@shared@S@StringView#&1$@N@std@S@vector>#$@N@charr@N@shared@S@ByteRange#$@N@std@S@allocator>#S4_#S0_#*C#l#	function	write_replacement	charr::shared::write_replacement	charr::shared	charr::shared	true	src/shared/replacement.cpp	117	unit:src/shared/replacement.cpp	shared	cxx_helper	void (const struct charr::shared::StringView &, const class std::vector<struct charr::shared::ByteRange> &, const struct charr::shared::StringView &, char *, unsigned long)	false				external	5
decl:c:@N@charr@N@shared@FT@>1#Tunwind_protect#*$@S@SEXPREC#&&t0.0#S0_#	function	unwind_protect	charr::shared::unwind_protect	charr::shared	charr::shared	true	src/shared/unwind.h	61		shared	trusted_unwind	struct SEXPREC *(struct SEXPREC *, type-parameter-0-0 &&)	false				external	94
decl:c:@N@charr@N@shared@N@case_mapper@F@call#*$@S@UCaseMap#$@N@charr@N@shared@E@CaseMapMode#*C#I#*1C#I#*$@E@UErrorCode#	function	call	charr::shared::case_mapper::call	charr::shared::case_mapper	charr::shared	true	src/shared/case_mapper.cpp	52	unit:src/shared/case_mapper.cpp	shared	neutral_helper	int (struct UCaseMap *, enum charr::shared::CaseMapMode, char *, int, const char *, int, enum UErrorCode *) noexcept	true				external	1
decl:c:@N@charr@N@shared@N@case_mapper@F@has_bom#*1C#I#	function	has_bom	charr::shared::case_mapper::has_bom	charr::shared::case_mapper	charr::shared	true	src/shared/case_mapper.cpp	18	unit:src/shared/case_mapper.cpp	shared	neutral_helper	_Bool (const char *, int) noexcept	true				external	1
decl:c:@N@charr@N@shared@N@case_mapper@F@is_ascii#*1C#I#	function	is_ascii	charr::shared::case_mapper::is_ascii	charr::shared::case_mapper	charr::shared	true	src/shared/case_mapper.cpp	28	unit:src/shared/case_mapper.cpp	shared	neutral_helper	_Bool (const char *, int) noexcept	true				external	1
decl:c:@N@charr@N@shared@N@case_mapper@F@is_turkic_locale#*1C#	function	is_turkic_locale	charr::shared::case_mapper::is_turkic_locale	charr::shared::case_mapper	charr::shared	true	src/shared/case_mapper.cpp	39	unit:src/shared/case_mapper.cpp	shared	neutral_helper	_Bool (const char *) noexcept	true				external	1
decl:c:@N@charr@N@shared@N@collation_ordering@S@IndexLess	struct	IndexLess	charr::shared::collation_ordering::IndexLess	charr::shared::collation_ordering	charr::shared	true	src/shared/collation_ordering.cpp	15	unit:src/shared/collation_ordering.cpp	shared					false	true	external	1
decl:c:@N@charr@N@shared@N@collation_ordering@S@IndexLess@F@operator()#l#l#1	method	operator()	charr::shared::collation_ordering::IndexLess::operator()	charr::shared::collation_ordering	charr::shared	true	src/shared/collation_ordering.cpp	20	unit:src/shared/collation_ordering.cpp	shared	cxx_helper	_Bool (unsigned long, unsigned long) const	false	decl:c:@N@charr@N@shared@N@collation_ordering@S@IndexLess			external	1
decl:c:@N@charr@N@shared@N@encoding_info@F@c_string_length#*1C#	function	c_string_length	charr::shared::encoding_info::c_string_length	charr::shared::encoding_info	charr::shared	true	src/shared/encoding_info.cpp	22	unit:src/shared/encoding_info.cpp	shared	cxx_helper	int (const char *)	false				external	1
decl:c:@N@charr@N@shared@N@encoding_info@F@character_value#*1C#	function	character_value	charr::shared::encoding_info::character_value	charr::shared::encoding_info	charr::shared	true	src/shared/encoding_info.cpp	43	unit:src/shared/encoding_info.cpp	shared	neutral_helper	struct charr::shared::EncodingInfoValue (const char *) noexcept	true				external	1
decl:c:@N@charr@N@shared@N@encoding_info@F@scalar_value#$@N@charr@N@shared@E@EncodingInfoValueKind#I#b#	function	scalar_value	charr::shared::encoding_info::scalar_value	charr::shared::encoding_info	charr::shared	true	src/shared/encoding_info.cpp	56	unit:src/shared/encoding_info.cpp	shared	neutral_helper	struct charr::shared::EncodingInfoValue (enum charr::shared::EncodingInfoValueKind, int, _Bool) noexcept	true				external	1
decl:c:@N@charr@N@shared@N@encoding_info@F@unset_value#	function	unset_value	charr::shared::encoding_info::unset_value	charr::shared::encoding_info	charr::shared	true	src/shared/encoding_info.cpp	35	unit:src/shared/encoding_info.cpp	shared	neutral_helper	struct charr::shared::EncodingInfoValue (void) noexcept	true				external	1
decl:c:@N@charr@N@shared@N@join@F@plan_flatten#*1$@N@charr@N@shared@S@StringView#l#S0_#I#b#&$@N@charr@N@shared@N@join@S@FlattenPlan#	function	plan_flatten	charr::shared::join::plan_flatten	charr::shared::join	charr::shared	true	src/shared/join.cpp	78	unit:src/shared/join.cpp	shared	neutral_helper	void (const struct charr::shared::StringView *, unsigned long, const struct charr::shared::StringView *, int, _Bool, struct charr::shared::join::FlattenPlan &) noexcept	true				external	3
decl:c:@N@charr@N@shared@N@join@F@plan_join_all#*1$@N@charr@N@shared@N@join@S@Column#l#l#&1$@N@charr@N@shared@S@StringView#S2_#&$@N@charr@N@shared@N@join@S@FlattenPlan#	function	plan_join_all	charr::shared::join::plan_join_all	charr::shared::join	charr::shared	true	src/shared/join.cpp	199	unit:src/shared/join.cpp	shared	neutral_helper	void (const struct charr::shared::join::Column *, unsigned long, unsigned long, const struct charr::shared::StringView &, const struct charr::shared::StringView &, struct charr::shared::join::FlattenPlan &) noexcept	true				external	3
decl:c:@N@charr@N@shared@N@join@F@plan_join_row#*1$@N@charr@N@shared@N@join@S@Column#l#l#l#&1$@N@charr@N@shared@S@StringView#&$@N@charr@N@shared@N@join@S@FlattenPlan#	function	plan_join_row	charr::shared::join::plan_join_row	charr::shared::join	charr::shared	true	src/shared/join.cpp	154	unit:src/shared/join.cpp	shared	neutral_helper	void (const struct charr::shared::join::Column *, unsigned long, unsigned long, unsigned long, const struct charr::shared::StringView &, struct charr::shared::join::FlattenPlan &) noexcept	true				external	3
decl:c:@N@charr@N@shared@N@join@F@write_flatten#*1$@N@charr@N@shared@S@StringView#l#S0_#I#b#*C#	function	write_flatten	charr::shared::join::write_flatten	charr::shared::join	charr::shared	true	src/shared/join.cpp	121	unit:src/shared/join.cpp	shared	neutral_helper	void (const struct charr::shared::StringView *, unsigned long, const struct charr::shared::StringView *, int, _Bool, char *) noexcept	true				external	3
decl:c:@N@charr@N@shared@N@join@F@write_join_all#*1$@N@charr@N@shared@N@join@S@Column#l#l#&1$@N@charr@N@shared@S@StringView#S2_#*C#	function	write_join_all	charr::shared::join::write_join_all	charr::shared::join	charr::shared	true	src/shared/join.cpp	232	unit:src/shared/join.cpp	shared	neutral_helper	void (const struct charr::shared::join::Column *, unsigned long, unsigned long, const struct charr::shared::StringView &, const struct charr::shared::StringView &, char *) noexcept	true				external	3
decl:c:@N@charr@N@shared@N@join@F@write_join_row#*1$@N@charr@N@shared@N@join@S@Column#l#l#l#&1$@N@charr@N@shared@S@StringView#*C#	function	write_join_row	charr::shared::join::write_join_row	charr::shared::join	charr::shared	true	src/shared/join.cpp	181	unit:src/shared/join.cpp	shared	neutral_helper	void (const struct charr::shared::join::Column *, unsigned long, unsigned long, unsigned long, const struct charr::shared::StringView &, char *) noexcept	true				external	3
decl:c:@N@charr@N@shared@N@join@S@Column	struct	Column	charr::shared::join::Column	charr::shared::join	charr::shared	true	src/shared/join.h	24		shared					false	true	external	3
decl:c:@N@charr@N@shared@N@join@S@FlattenPlan	struct	FlattenPlan	charr::shared::join::FlattenPlan	charr::shared::join	charr::shared	true	src/shared/join.h	16		shared					false	true	external	3
decl:c:@N@charr@N@shared@N@line_split@F@scan_utf8#*1C#I#b#b#&$@N@charr@N@shared@N@line_split@S@ScanResult#	function	scan_utf8	charr::shared::line_split::scan_utf8	charr::shared::line_split	charr::shared	true	src/shared/line_split.cpp	12	unit:src/shared/line_split.cpp	shared	cxx_helper	void (const char *, int, _Bool, _Bool, struct charr::shared::line_split::ScanResult &)	false				external	5
decl:c:@N@charr@N@shared@N@line_split@S@InvalidSequence	struct	InvalidSequence	charr::shared::line_split::InvalidSequence	charr::shared::line_split	charr::shared	true	src/shared/line_split.h	18		shared					false	true	external	6
decl:c:@N@charr@N@shared@N@line_split@S@LineSlice	struct	LineSlice	charr::shared::line_split::LineSlice	charr::shared::line_split	charr::shared	true	src/shared/line_split.h	12		shared					false	true	external	6
decl:c:@N@charr@N@shared@N@line_split@S@ScanResult	struct	ScanResult	charr::shared::line_split::ScanResult	charr::shared::line_split	charr::shared	true	src/shared/line_split.h	23		shared					true	false	external	6
decl:c:@N@charr@N@shared@N@native_to_utf8@F@conversion_error_message#*1C#I#	function	conversion_error_message	charr::shared::native_to_utf8::conversion_error_message	charr::shared::native_to_utf8	charr::shared	true	src/shared/native_to_utf8.cpp	17	unit:src/shared/native_to_utf8.cpp	shared	cxx_helper	class std::basic_string<char> (const char *, int)	false				external	1
decl:c:@N@charr@N@shared@N@nfc_normalizer@F@missing#	function	missing	charr::shared::nfc_normalizer::missing	charr::shared::nfc_normalizer	charr::shared	true	src/shared/nfc_normalizer.cpp	22	unit:src/shared/nfc_normalizer.cpp	shared	neutral_helper	struct charr::shared::StringView (void) noexcept	true				external	1
decl:c:@N@charr@N@shared@N@read_lines@F@format_invalid_warning#*1C#&1$@N@charr@N@shared@N@line_split@S@InvalidSequence#*C#l#	function	format_invalid_warning	charr::shared::read_lines::format_invalid_warning	charr::shared::read_lines	charr::shared	true	src/shared/read_lines.cpp	139	unit:src/shared/read_lines.cpp	shared	neutral_helper	void (const char *, const struct charr::shared::line_split::InvalidSequence &, char *, unsigned long) noexcept	true				external	3
decl:c:@N@charr@N@shared@N@read_lines@F@has_utf8_bom#*1C#I#	function	has_utf8_bom	charr::shared::read_lines::has_utf8_bom	charr::shared::read_lines	charr::shared	true	src/shared/read_lines.cpp	186	unit:src/shared/read_lines.cpp	shared	neutral_helper	_Bool (const char *, int) noexcept	true				external	3
decl:c:@N@charr@N@shared@N@read_lines@F@repair_utf8#*1C#I#&1$@N@std@S@vector>#$@N@charr@N@shared@N@line_split@S@InvalidSequence#$@N@std@S@allocator>#S3_#&$@N@std@S@vector>#C#$@N@std@S@allocator>#C#	function	repair_utf8	charr::shared::read_lines::repair_utf8	charr::shared::read_lines	charr::shared	true	src/shared/read_lines.cpp	74	unit:src/shared/read_lines.cpp	shared	cxx_helper	void (const char *, int, const class std::vector<struct charr::shared::line_split::InvalidSequence> &, class std::vector<char> &)	false				external	3
decl:c:@N@charr@N@shared@N@read_lines@S@FileConditionError	class	FileConditionError	charr::shared::read_lines::FileConditionError	charr::shared::read_lines	charr::shared	true	src/shared/read_lines.h	21		shared					false	true	external	3
decl:c:@N@charr@N@shared@N@read_lines@S@FileConditionError@F@FileConditionError#$@N@charr@N@shared@N@read_lines@E@FileCondition#I#	constructor	FileConditionError	charr::shared::read_lines::FileConditionError::FileConditionError	charr::shared::read_lines	charr::shared	true	src/shared/read_lines.h	27		shared	neutral_helper	void (enum charr::shared::read_lines::FileCondition, int) noexcept	true	decl:c:@N@charr@N@shared@N@read_lines@S@FileConditionError			external	3
decl:c:@N@charr@N@shared@N@read_lines@S@FileConditionError@F@condition#1	method	condition	charr::shared::read_lines::FileConditionError::condition	charr::shared::read_lines	charr::shared	true	src/shared/read_lines.h	33		shared	neutral_helper	enum charr::shared::read_lines::FileCondition (void) const noexcept	true	decl:c:@N@charr@N@shared@N@read_lines@S@FileConditionError			external	3
decl:c:@N@charr@N@shared@N@read_lines@S@FileConditionError@F@error#1	method	error	charr::shared::read_lines::FileConditionError::error	charr::shared::read_lines	charr::shared	true	src/shared/read_lines.h	38		shared	neutral_helper	int (void) const noexcept	true	decl:c:@N@charr@N@shared@N@read_lines@S@FileConditionError			external	3
decl:c:@N@charr@N@shared@N@read_lines@S@FileReader	class	FileReader	charr::shared::read_lines::FileReader	charr::shared::read_lines	charr::shared	true	src/shared/read_lines.h	51		shared					true	false	external	3
decl:c:@N@charr@N@shared@N@read_lines@S@FileReader@F@close#	method	close	charr::shared::read_lines::FileReader::close	charr::shared::read_lines	charr::shared	true	src/shared/read_lines.cpp	65	unit:src/shared/read_lines.cpp	shared	cxx_helper	void (void) noexcept	true	decl:c:@N@charr@N@shared@N@read_lines@S@FileReader			external	3
decl:c:@N@charr@N@shared@N@read_lines@S@FileReader@F@read#*C#	method	read	charr::shared::read_lines::FileReader::read	charr::shared::read_lines	charr::shared	true	src/shared/read_lines.cpp	56	unit:src/shared/read_lines.cpp	shared	cxx_helper	void (char *)	false	decl:c:@N@charr@N@shared@N@read_lines@S@FileReader			external	3
decl:c:@N@charr@N@shared@N@read_lines@S@FileReader@F@reset#*1C#	method	reset	charr::shared::read_lines::FileReader::reset	charr::shared::read_lines	charr::shared	true	src/shared/read_lines.cpp	23	unit:src/shared/read_lines.cpp	shared	cxx_helper	void (const char *)	false	decl:c:@N@charr@N@shared@N@read_lines@S@FileReader			external	3
decl:c:@N@charr@N@shared@N@read_lines@S@FileReader@F@size#1	method	size	charr::shared::read_lines::FileReader::size	charr::shared::read_lines	charr::shared	true	src/shared/read_lines.h	69		shared	neutral_helper	int (void) const noexcept	true	decl:c:@N@charr@N@shared@N@read_lines@S@FileReader			external	3
decl:c:@N@charr@N@shared@N@read_lines@S@FileReader@F@~FileReader#	destructor	~FileReader	charr::shared::read_lines::FileReader::~FileReader	charr::shared::read_lines	charr::shared	true	src/shared/read_lines.cpp	18	unit:src/shared/read_lines.cpp	shared	cxx_helper	void (void) noexcept	true	decl:c:@N@charr@N@shared@N@read_lines@S@FileReader			external	1
decl:c:@N@charr@N@shared@N@regex_search@F@is_ascii#&1$@N@charr@N@shared@S@StringView#	function	is_ascii	charr::shared::regex_search::is_ascii	charr::shared::regex_search	charr::shared	true	src/shared/regex_search.cpp	113	unit:src/shared/regex_search.cpp	shared	neutral_helper	_Bool (const struct charr::shared::StringView &) noexcept	true				external	1
decl:c:@N@charr@N@shared@N@regex_search@F@set_utf16#&$@N@icu_78@S@UnicodeString#&1$@N@charr@N@shared@S@StringView#	function	set_utf16	charr::shared::regex_search::set_utf16	charr::shared::regex_search	charr::shared	true	src/shared/regex_search.cpp	67	unit:src/shared/regex_search.cpp	shared	cxx_helper	void (class icu_78::UnicodeString &, const struct charr::shared::StringView &)	false				external	1
decl:c:@N@charr@N@shared@N@regex_search@F@set_utf16_with_offsets#&$@N@icu_78@S@UnicodeString#&$@N@std@S@vector>#I#$@N@std@S@allocator>#I#&b#&1$@N@charr@N@shared@S@StringView#	function	set_utf16_with_offsets	charr::shared::regex_search::set_utf16_with_offsets	charr::shared::regex_search	charr::shared	true	src/shared/regex_search.cpp	129	unit:src/shared/regex_search.cpp	shared	cxx_helper	void (class icu_78::UnicodeString &, class std::vector<int> &, _Bool &, const struct charr::shared::StringView &)	false				external	1
decl:c:@N@charr@N@shared@N@replacement@F@span_is_ascii#*1C#I#	function	span_is_ascii	charr::shared::replacement::span_is_ascii	charr::shared::replacement	charr::shared	true	src/shared/replacement.cpp	63	unit:src/shared/replacement.cpp	shared	neutral_helper	_Bool (const char *, int) noexcept	true				external	1
decl:c:@N@charr@N@shared@N@replacement@F@validate_inputs#&1$@N@charr@N@shared@S@StringView#S0_#	function	validate_inputs	charr::shared::replacement::validate_inputs	charr::shared::replacement	charr::shared	true	src/shared/replacement.cpp	14	unit:src/shared/replacement.cpp	shared	cxx_helper	void (const struct charr::shared::StringView &, const struct charr::shared::StringView &)	false				external	1
decl:c:@N@charr@N@shared@N@replacement@F@validate_ranges#&1$@N@charr@N@shared@S@StringView#&1$@N@std@S@vector>#$@N@charr@N@shared@S@ByteRange#$@N@std@S@allocator>#S4_#	function	validate_ranges	charr::shared::replacement::validate_ranges	charr::shared::replacement	charr::shared	true	src/shared/replacement.cpp	38	unit:src/shared/replacement.cpp	shared	cxx_helper	unsigned long (const struct charr::shared::StringView &, const class std::vector<struct charr::shared::ByteRange> &)	false				external	1
decl:c:@N@charr@N@shared@N@substring@F@checked_output_size#l#l#	function	checked_output_size	charr::shared::substring::checked_output_size	charr::shared::substring	charr::shared	true	src/shared/substring.cpp	407	unit:src/shared/substring.cpp	shared	cxx_helper	unsigned long (unsigned long, unsigned long)	false				external	3
decl:c:@N@charr@N@shared@N@substring@F@length_endpoint#I#I#	function	length_endpoint	charr::shared::substring::length_endpoint	charr::shared::substring	charr::shared	true	src/shared/substring.cpp	318	unit:src/shared/substring.cpp	shared	neutral_helper	int (int, int) noexcept	true				external	3
decl:c:@N@charr@N@shared@N@substring@F@nonnegative_index#L#	function	nonnegative_index	charr::shared::substring::nonnegative_index	charr::shared::substring	charr::shared	true	src/shared/substring.cpp	307	unit:src/shared/substring.cpp	shared	neutral_helper	int (long) noexcept	true				external	1
decl:c:@N@charr@N@shared@N@substring@F@recycled_order_begin#I#I#	function	recycled_order_begin	charr::shared::substring::recycled_order_begin	charr::shared::substring	charr::shared	true	src/shared/substring.cpp	365	unit:src/shared/substring.cpp	shared	neutral_helper	int (int, int) noexcept	true				external	3
decl:c:@N@charr@N@shared@N@substring@F@recycled_order_next#I#I#I#	function	recycled_order_next	charr::shared::substring::recycled_order_next	charr::shared::substring	charr::shared	true	src/shared/substring.cpp	372	unit:src/shared/substring.cpp	shared	neutral_helper	int (int, int, int) noexcept	true				external	3
decl:c:@N@charr@N@shared@N@substring@F@recycling_length#*1I#I#&b#	function	recycling_length	charr::shared::substring::recycling_length	charr::shared::substring	charr::shared	true	src/shared/substring.cpp	386	unit:src/shared/substring.cpp	shared	neutral_helper	int (const int *, int, _Bool &) noexcept	true				external	3
decl:c:@N@charr@N@shared@N@substring@F@replacement_all_from#I#I#	function	replacement_all_from	charr::shared::substring::replacement_all_from	charr::shared::substring	charr::shared	true	src/shared/substring.cpp	332	unit:src/shared/substring.cpp	shared	neutral_helper	int (int, int) noexcept	true				external	1
decl:c:@N@charr@N@shared@N@substring@F@replacement_all_to#I#b#I#I#	function	replacement_all_to	charr::shared::substring::replacement_all_to	charr::shared::substring	charr::shared	true	src/shared/substring.cpp	345	unit:src/shared/substring.cpp	shared	neutral_helper	int (int, _Bool, int, int) noexcept	true				external	1
decl:c:@N@charr@N@shared@N@substring@S@ByteRange	struct	ByteRange	charr::shared::substring::ByteRange	charr::shared::substring	charr::shared	true	src/shared/substring.h	15		shared					false	true	external	3
decl:c:@N@charr@N@shared@N@substring@S@ReplacementAssembler	class	ReplacementAssembler	charr::shared::substring::ReplacementAssembler	charr::shared::substring	charr::shared	true	src/shared/substring.h	55		shared					true	false	external	3
decl:c:@N@charr@N@shared@N@substring@S@ReplacementAssembler@F@append#*1C#l#	method	append	charr::shared::substring::ReplacementAssembler::append	charr::shared::substring	charr::shared	true	src/shared/substring.cpp	137	unit:src/shared/substring.cpp	shared	cxx_helper	void (const char *, unsigned long)	false	decl:c:@N@charr@N@shared@N@substring@S@ReplacementAssembler			external	1
decl:c:@N@charr@N@shared@N@substring@S@ReplacementAssembler@F@build#&1$@N@charr@N@shared@S@StringView#*1S1_#I#*1I#I#S3_#I#S3_#I#I#b#	method	build	charr::shared::substring::ReplacementAssembler::build	charr::shared::substring	charr::shared	true	src/shared/substring.cpp	150	unit:src/shared/substring.cpp	shared	cxx_helper	struct charr::shared::substring::ReplacementResult (const struct charr::shared::StringView &, const struct charr::shared::StringView *, int, const int *, int, const int *, int, const int *, int, int, _Bool)	false	decl:c:@N@charr@N@shared@N@substring@S@ReplacementAssembler			external	3
decl:c:@N@charr@N@shared@N@substring@S@ReplacementResult	struct	ReplacementResult	charr::shared::substring::ReplacementResult	charr::shared::substring	charr::shared	true	src/shared/substring.h	27		shared					false	true	external	3
decl:c:@N@charr@N@shared@N@substring@S@Utf8Indexer	class	Utf8Indexer	charr::shared::substring::Utf8Indexer	charr::shared::substring	charr::shared	true	src/shared/substring.h	32		shared					false	true	external	3
decl:c:@N@charr@N@shared@N@substring@S@Utf8Indexer@F@Utf8Indexer#	constructor	Utf8Indexer	charr::shared::substring::Utf8Indexer::Utf8Indexer	charr::shared::substring	charr::shared	true	src/shared/substring.cpp	18	unit:src/shared/substring.cpp	shared	neutral_helper	void (void) noexcept	true	decl:c:@N@charr@N@shared@N@substring@S@Utf8Indexer			external	3
decl:c:@N@charr@N@shared@N@substring@S@Utf8Indexer@F@backward#I#	method	backward	charr::shared::substring::Utf8Indexer::backward	charr::shared::substring	charr::shared	true	src/shared/substring.cpp	79	unit:src/shared/substring.cpp	shared	neutral_helper	int (int) noexcept	true	decl:c:@N@charr@N@shared@N@substring@S@Utf8Indexer			external	1
decl:c:@N@charr@N@shared@N@substring@S@Utf8Indexer@F@codepoint_count#	method	codepoint_count	charr::shared::substring::Utf8Indexer::codepoint_count	charr::shared::substring	charr::shared	true	src/shared/substring.cpp	121	unit:src/shared/substring.cpp	shared	neutral_helper	int (void) noexcept	true	decl:c:@N@charr@N@shared@N@substring@S@Utf8Indexer			external	1
decl:c:@N@charr@N@shared@N@substring@S@Utf8Indexer@F@forward#I#	method	forward	charr::shared::substring::Utf8Indexer::forward	charr::shared::substring	charr::shared	true	src/shared/substring.cpp	38	unit:src/shared/substring.cpp	shared	neutral_helper	int (int) noexcept	true	decl:c:@N@charr@N@shared@N@substring@S@Utf8Indexer			external	1
decl:c:@N@charr@N@shared@N@substring@S@Utf8Indexer@F@range#I#I#	method	range	charr::shared::substring::Utf8Indexer::range	charr::shared::substring	charr::shared	true	src/shared/substring.cpp	296	unit:src/shared/substring.cpp	shared	neutral_helper	struct charr::shared::substring::ByteRange (int, int) noexcept	true	decl:c:@N@charr@N@shared@N@substring@S@Utf8Indexer			external	3
decl:c:@N@charr@N@shared@N@substring@S@Utf8Indexer@F@reset#*1C#I#b#	method	reset	charr::shared::substring::Utf8Indexer::reset	charr::shared::substring	charr::shared	true	src/shared/substring.cpp	25	unit:src/shared/substring.cpp	shared	neutral_helper	void (const char *, int, _Bool) noexcept	true	decl:c:@N@charr@N@shared@N@substring@S@Utf8Indexer			external	3
decl:c:@N@charr@N@shared@N@title_case@F@ascii_title_eligible#&1$@N@charr@N@shared@S@TitleCaseInput#	function	ascii_title_eligible	charr::shared::title_case::ascii_title_eligible	charr::shared::title_case	charr::shared	true	src/shared/title_case.cpp	83	unit:src/shared/title_case.cpp	shared	neutral_helper	_Bool (const struct charr::shared::TitleCaseInput &) noexcept	true				external	1
decl:c:@N@charr@N@shared@N@title_case@F@has_bom#*1C#I#	function	has_bom	charr::shared::title_case::has_bom	charr::shared::title_case	charr::shared	true	src/shared/title_case.cpp	24	unit:src/shared/title_case.cpp	shared	neutral_helper	_Bool (const char *, int) noexcept	true				external	1
decl:c:@N@charr@N@shared@N@title_case@F@is_ascii#*1C#I#	function	is_ascii	charr::shared::title_case::is_ascii	charr::shared::title_case	charr::shared	true	src/shared/title_case.cpp	34	unit:src/shared/title_case.cpp	shared	neutral_helper	_Bool (const char *, int) noexcept	true				external	1
decl:c:@N@charr@N@shared@N@title_case@F@is_title_locale#*1C#	function	is_title_locale	charr::shared::title_case::is_title_locale	charr::shared::title_case	charr::shared	true	src/shared/title_case.cpp	45	unit:src/shared/title_case.cpp	shared	neutral_helper	_Bool (const char *) noexcept	true				external	1
decl:c:@N@charr@N@shared@N@title_case@F@is_turkic_locale#*1C#	function	is_turkic_locale	charr::shared::title_case::is_turkic_locale	charr::shared::title_case	charr::shared	true	src/shared/title_case.cpp	70	unit:src/shared/title_case.cpp	shared	neutral_helper	_Bool (const char *) noexcept	true				external	1
decl:c:@N@charr@N@shared@N@title_case@F@missing#	function	missing	charr::shared::title_case::missing	charr::shared::title_case	charr::shared	true	src/shared/title_case.cpp	126	unit:src/shared/title_case.cpp	shared	neutral_helper	struct charr::shared::StringView (void) noexcept	true				external	1
decl:c:@N@charr@N@shared@N@unwind_detail@F@call_cleanup#*v#$@EA@Rboolean#	function	call_cleanup	charr::shared::unwind_detail::call_cleanup	charr::shared::unwind_detail	charr::shared	true	src/shared/unwind.h	47		shared	trusted_unwind	void (void *, Rboolean) noexcept	true				external	94
decl:c:@N@charr@N@shared@N@unwind_detail@FT@>1#Tcall_body#*v#*$@S@SEXPREC#	function	call_body	charr::shared::unwind_detail::call_body	charr::shared::unwind_detail	charr::shared	true	src/shared/unwind.h	35		shared	trusted_unwind	struct SEXPREC *(void *) noexcept	true				external	94
decl:c:@N@charr@N@shared@N@unwind_detail@S@JumpBuffer	struct	JumpBuffer	charr::shared::unwind_detail::JumpBuffer	charr::shared::unwind_detail	charr::shared	true	src/shared/unwind.h	24		shared					false	true	external	94
decl:c:@N@charr@N@shared@N@unwind_detail@ST>1#T@CallState	struct	CallState	charr::shared::unwind_detail::CallState	charr::shared::unwind_detail	charr::shared	true	src/shared/unwind.h	29		shared					false	false	external	94
decl:c:@N@charr@N@shared@N@utf8@F@has_bom#*1C#I#	function	has_bom	charr::shared::utf8::has_bom	charr::shared::utf8	charr::shared	true	src/shared/utf8.cpp	22	unit:src/shared/utf8.cpp	shared	neutral_helper	_Bool (const char *, int) noexcept	true				external	1
decl:c:@N@charr@N@shared@N@wrap@N@wrap_detail@F@ascii_char_width#c#	function	ascii_char_width	charr::shared::wrap::wrap_detail::ascii_char_width	charr::shared::wrap::wrap_detail	charr::shared	true	src/shared/wrap.cpp	48	unit:src/shared/wrap.cpp	shared	neutral_helper	int (unsigned char) noexcept	true				external	1
decl:c:@N@charr@N@shared@N@wrap@N@wrap_detail@F@character_width#I#	function	character_width	charr::shared::wrap::wrap_detail::character_width	charr::shared::wrap::wrap_detail	charr::shared	true	src/shared/wrap.cpp	55	unit:src/shared/wrap.cpp	shared	neutral_helper	int (int) noexcept	true				external	1
decl:c:@N@charr@N@shared@N@wrap@N@wrap_detail@F@character_width_with_context#I#I#&b#	function	character_width_with_context	charr::shared::wrap::wrap_detail::character_width_with_context	charr::shared::wrap::wrap_detail	charr::shared	true	src/shared/wrap.cpp	103	unit:src/shared/wrap.cpp	shared	neutral_helper	int (int, int, _Bool &) noexcept	true				external	1
decl:c:@N@charr@N@shared@N@wrap@N@wrap_detail@F@checked_sum#l#l#	function	checked_sum	charr::shared::wrap::wrap_detail::checked_sum	charr::shared::wrap::wrap_detail	charr::shared	true	src/shared/wrap.cpp	183	unit:src/shared/wrap.cpp	shared	cxx_helper	unsigned long (unsigned long, unsigned long)	false				external	1
decl:c:@N@charr@N@shared@N@wrap@N@wrap_detail@F@code_point_count#*1C#I#	function	code_point_count	charr::shared::wrap::wrap_detail::code_point_count	charr::shared::wrap::wrap_detail	charr::shared	true	src/shared/wrap.cpp	132	unit:src/shared/wrap.cpp	shared	cxx_helper	int (const char *, int)	false				external	1
decl:c:@N@charr@N@shared@N@wrap@N@wrap_detail@F@has_bom#*1C#I#	function	has_bom	charr::shared::wrap::wrap_detail::has_bom	charr::shared::wrap::wrap_detail	charr::shared	true	src/shared/wrap.cpp	27	unit:src/shared/wrap.cpp	shared	neutral_helper	_Bool (const char *, int) noexcept	true				external	1
decl:c:@N@charr@N@shared@N@wrap@N@wrap_detail@F@is_ascii#*1C#I#	function	is_ascii	charr::shared::wrap::wrap_detail::is_ascii	charr::shared::wrap::wrap_detail	charr::shared	true	src/shared/wrap.cpp	37	unit:src/shared/wrap.cpp	shared	neutral_helper	_Bool (const char *, int) noexcept	true				external	1
decl:c:@N@charr@N@shared@N@wrap@N@wrap_detail@F@string_width#*1C#I#	function	string_width	charr::shared::wrap::wrap_detail::string_width	charr::shared::wrap::wrap_detail	charr::shared	true	src/shared/wrap.cpp	150	unit:src/shared/wrap.cpp	shared	cxx_helper	long (const char *, int)	false				external	1
decl:c:@N@charr@N@shared@N@wrap@S@Engine	class	Engine	charr::shared::wrap::Engine	charr::shared::wrap	charr::shared	true	src/shared/wrap.h	113		shared					true	false	external	3
decl:c:@N@charr@N@shared@N@wrap@S@Engine@F@Engine#	constructor	Engine	charr::shared::wrap::Engine::Engine	charr::shared::wrap	charr::shared	true	src/shared/wrap.cpp	244	unit:src/shared/wrap.cpp	shared	cxx_helper	void (void) noexcept	true	decl:c:@N@charr@N@shared@N@wrap@S@Engine			external	3
decl:c:@N@charr@N@shared@N@wrap@S@Engine@F@add_word#I#I#	method	add_word	charr::shared::wrap::Engine::add_word	charr::shared::wrap	charr::shared	true	src/shared/wrap.cpp	508	unit:src/shared/wrap.cpp	shared	cxx_helper	void (int, int)	false	decl:c:@N@charr@N@shared@N@wrap@S@Engine			external	1
decl:c:@N@charr@N@shared@N@wrap@S@Engine@F@ascii_fits#L#&I#1	method	ascii_fits	charr::shared::wrap::Engine::ascii_fits	charr::shared::wrap	charr::shared	true	src/shared/wrap.cpp	472	unit:src/shared/wrap.cpp	shared	cxx_helper	_Bool (long, int &) const	false	decl:c:@N@charr@N@shared@N@wrap@S@Engine			external	1
decl:c:@N@charr@N@shared@N@wrap@S@Engine@F@bytes_are_ascii#*1C#I#S	method	bytes_are_ascii	charr::shared::wrap::Engine::bytes_are_ascii	charr::shared::wrap	charr::shared	true	src/shared/wrap.h	293		shared	neutral_helper	_Bool (const char *, int) noexcept	true	decl:c:@N@charr@N@shared@N@wrap@S@Engine			external	3
decl:c:@N@charr@N@shared@N@wrap@S@Engine@F@checked_output_sum#l#l#S	method	checked_output_sum	charr::shared::wrap::Engine::checked_output_sum	charr::shared::wrap	charr::shared	true	src/shared/wrap.h	279		shared	cxx_helper	unsigned long (unsigned long, unsigned long)	false	decl:c:@N@charr@N@shared@N@wrap@S@Engine			external	3
decl:c:@N@charr@N@shared@N@wrap@S@Engine@F@clear_words#	method	clear_words	charr::shared::wrap::Engine::clear_words	charr::shared::wrap	charr::shared	true	src/shared/wrap.cpp	462	unit:src/shared/wrap.cpp	shared	neutral_helper	void (void) noexcept	true	decl:c:@N@charr@N@shared@N@wrap@S@Engine			external	1
decl:c:@N@charr@N@shared@N@wrap@S@Engine@F@dynamic#L#L#	method	dynamic	charr::shared::wrap::Engine::dynamic	charr::shared::wrap	charr::shared	true	src/shared/wrap.cpp	592	unit:src/shared/wrap.cpp	shared	cxx_helper	void (long, long)	false	decl:c:@N@charr@N@shared@N@wrap@S@Engine			external	1
decl:c:@N@charr@N@shared@N@wrap@S@Engine@F@fits_one_line#L#1	method	fits_one_line	charr::shared::wrap::Engine::fits_one_line	charr::shared::wrap	charr::shared	true	src/shared/wrap.cpp	563	unit:src/shared/wrap.cpp	shared	neutral_helper	_Bool (long) const noexcept	true	decl:c:@N@charr@N@shared@N@wrap@S@Engine			external	1
decl:c:@N@charr@N@shared@N@wrap@S@Engine@F@greedy#L#L#	method	greedy	charr::shared::wrap::Engine::greedy	charr::shared::wrap	charr::shared	true	src/shared/wrap.cpp	573	unit:src/shared/wrap.cpp	shared	cxx_helper	void (long, long)	false	decl:c:@N@charr@N@shared@N@wrap@S@Engine			external	1
decl:c:@N@charr@N@shared@N@wrap@S@Engine@F@joined#&1$@N@charr@N@shared@N@wrap@S@LineStart#S0_#b#1	method	joined	charr::shared::wrap::Engine::joined	charr::shared::wrap	charr::shared	true	src/shared/wrap.h	189		shared	cxx_helper	struct charr::shared::wrap::Joined (const class charr::shared::wrap::LineStart &, const class charr::shared::wrap::LineStart &, _Bool) const	false	decl:c:@N@charr@N@shared@N@wrap@S@Engine			external	3
decl:c:@N@charr@N@shared@N@wrap@S@Engine@F@line#I#&1$@N@charr@N@shared@N@wrap@S@LineStart#S0_#b#1	method	line	charr::shared::wrap::Engine::line	charr::shared::wrap	charr::shared	true	src/shared/wrap.h	138		shared	cxx_helper	struct charr::shared::wrap::Line (int, const class charr::shared::wrap::LineStart &, const class charr::shared::wrap::LineStart &, _Bool) const	false	decl:c:@N@charr@N@shared@N@wrap@S@Engine			external	3
decl:c:@N@charr@N@shared@N@wrap@S@Engine@F@line_count#1	method	line_count	charr::shared::wrap::Engine::line_count	charr::shared::wrap	charr::shared	true	src/shared/wrap.h	133		shared	neutral_helper	int (void) const noexcept	true	decl:c:@N@charr@N@shared@N@wrap@S@Engine			external	3
decl:c:@N@charr@N@shared@N@wrap@S@Engine@F@plan#&1$@N@charr@N@shared@S@StringView#&1$@N@charr@N@shared@N@wrap@S@LineStart#S2_#	method	plan	charr::shared::wrap::Engine::plan	charr::shared::wrap	charr::shared	true	src/shared/wrap.cpp	683	unit:src/shared/wrap.cpp	shared	cxx_helper	enum UErrorCode (const struct charr::shared::StringView &, const class charr::shared::wrap::LineStart &, const class charr::shared::wrap::LineStart &)	false	decl:c:@N@charr@N@shared@N@wrap@S@Engine			external	3
decl:c:@N@charr@N@shared@N@wrap@S@Engine@F@prepare_record#&1$@N@charr@N@shared@S@StringView#	method	prepare_record	charr::shared::wrap::Engine::prepare_record	charr::shared::wrap	charr::shared	true	src/shared/wrap.cpp	326	unit:src/shared/wrap.cpp	shared	cxx_helper	enum UErrorCode (const struct charr::shared::StringView &)	false	decl:c:@N@charr@N@shared@N@wrap@S@Engine			external	1
decl:c:@N@charr@N@shared@N@wrap@S@Engine@F@reset#&1$@N@charr@N@shared@N@wrap@S@Options#	method	reset	charr::shared::wrap::Engine::reset	charr::shared::wrap	charr::shared	true	src/shared/wrap.cpp	260	unit:src/shared/wrap.cpp	shared	cxx_helper	struct charr::shared::wrap::OpenResult (const struct charr::shared::wrap::Options &)	false	decl:c:@N@charr@N@shared@N@wrap@S@Engine			external	3
decl:c:@N@charr@N@shared@N@wrap@S@Engine@F@write_joined#*C#&1$@N@charr@N@shared@N@wrap@S@LineStart#S1_#1	method	write_joined	charr::shared::wrap::Engine::write_joined	charr::shared::wrap	charr::shared	true	src/shared/wrap.h	219		shared	cxx_helper	void (char *, const class charr::shared::wrap::LineStart &, const class charr::shared::wrap::LineStart &) const	false	decl:c:@N@charr@N@shared@N@wrap@S@Engine			external	3
decl:c:@N@charr@N@shared@N@wrap@S@Engine@F@write_line#&1$@N@charr@N@shared@N@wrap@S@Line#*C#S	method	write_line	charr::shared::wrap::Engine::write_line	charr::shared::wrap	charr::shared	true	src/shared/wrap.h	207		shared	neutral_helper	void (const struct charr::shared::wrap::Line &, char *) noexcept	true	decl:c:@N@charr@N@shared@N@wrap@S@Engine			external	3
decl:c:@N@charr@N@shared@N@wrap@S@Joined	struct	Joined	charr::shared::wrap::Joined	charr::shared::wrap	charr::shared	true	src/shared/wrap.h	50		shared					false	true	external	3
decl:c:@N@charr@N@shared@N@wrap@S@Line	struct	Line	charr::shared::wrap::Line	charr::shared::wrap	charr::shared	true	src/shared/wrap.h	40		shared					false	true	external	3
decl:c:@N@charr@N@shared@N@wrap@S@LineStart	class	LineStart	charr::shared::wrap::LineStart	charr::shared::wrap	charr::shared	true	src/shared/wrap.h	58		shared					true	false	external	3
decl:c:@N@charr@N@shared@N@wrap@S@LineStart@F@LineStart#	constructor	LineStart	charr::shared::wrap::LineStart::LineStart	charr::shared::wrap	charr::shared	true	src/shared/wrap.cpp	199	unit:src/shared/wrap.cpp	shared	cxx_helper	void (void) noexcept	true	decl:c:@N@charr@N@shared@N@wrap@S@LineStart			external	3
decl:c:@N@charr@N@shared@N@wrap@S@LineStart@F@count#1	method	count	charr::shared::wrap::LineStart::count	charr::shared::wrap	charr::shared	true	src/shared/wrap.h	77		shared	neutral_helper	int (void) const noexcept	true	decl:c:@N@charr@N@shared@N@wrap@S@LineStart			external	3
decl:c:@N@charr@N@shared@N@wrap@S@LineStart@F@data#1	method	data	charr::shared::wrap::LineStart::data	charr::shared::wrap	charr::shared	true	src/shared/wrap.h	92		shared	neutral_helper	const char *(void) const noexcept	true	decl:c:@N@charr@N@shared@N@wrap@S@LineStart			external	3
decl:c:@N@charr@N@shared@N@wrap@S@LineStart@F@is_ascii#1	method	is_ascii	charr::shared::wrap::LineStart::is_ascii	charr::shared::wrap	charr::shared	true	src/shared/wrap.h	87		shared	neutral_helper	_Bool (void) const noexcept	true	decl:c:@N@charr@N@shared@N@wrap@S@LineStart			external	3
decl:c:@N@charr@N@shared@N@wrap@S@LineStart@F@is_na#1	method	is_na	charr::shared::wrap::LineStart::is_na	charr::shared::wrap	charr::shared	true	src/shared/wrap.h	72		shared	neutral_helper	_Bool (void) const noexcept	true	decl:c:@N@charr@N@shared@N@wrap@S@LineStart			external	3
decl:c:@N@charr@N@shared@N@wrap@S@LineStart@F@reset#&1$@N@charr@N@shared@S@StringView#I#	method	reset	charr::shared::wrap::LineStart::reset	charr::shared::wrap	charr::shared	true	src/shared/wrap.cpp	208	unit:src/shared/wrap.cpp	shared	cxx_helper	void (const struct charr::shared::StringView &, int)	false	decl:c:@N@charr@N@shared@N@wrap@S@LineStart			external	3
decl:c:@N@charr@N@shared@N@wrap@S@LineStart@F@size#1	method	size	charr::shared::wrap::LineStart::size	charr::shared::wrap	charr::shared	true	src/shared/wrap.h	97		shared	neutral_helper	unsigned long (void) const noexcept	true	decl:c:@N@charr@N@shared@N@wrap@S@LineStart			external	3
decl:c:@N@charr@N@shared@N@wrap@S@LineStart@F@width#1	method	width	charr::shared::wrap::LineStart::width	charr::shared::wrap	charr::shared	true	src/shared/wrap.h	82		shared	neutral_helper	long (void) const noexcept	true	decl:c:@N@charr@N@shared@N@wrap@S@LineStart			external	3
decl:c:@N@charr@N@shared@N@wrap@S@OpenResult	struct	OpenResult	charr::shared::wrap::OpenResult	charr::shared::wrap	charr::shared	true	src/shared/wrap.h	34		shared					false	true	external	3
decl:c:@N@charr@N@shared@N@wrap@S@Options	struct	Options	charr::shared::wrap::Options	charr::shared::wrap	charr::shared	true	src/shared/wrap.h	24		shared					false	true	external	3
decl:c:@N@charr@N@shared@S@BoundaryIterator	class	BoundaryIterator	charr::shared::BoundaryIterator	charr::shared	charr::shared	true	src/shared/boundary_iterator.h	43		shared					true	false	external	14
decl:c:@N@charr@N@shared@S@BoundaryIterator@F@BoundaryIterator#	constructor	BoundaryIterator	charr::shared::BoundaryIterator::BoundaryIterator	charr::shared	charr::shared	true	src/shared/boundary_iterator.cpp	15	unit:src/shared/boundary_iterator.cpp	shared	cxx_helper	void (void) noexcept	true	decl:c:@N@charr@N@shared@S@BoundaryIterator			external	10
decl:c:@N@charr@N@shared@S@BoundaryIterator@F@close#	method	close	charr::shared::BoundaryIterator::close	charr::shared	charr::shared	true	src/shared/boundary_iterator.cpp	28	unit:src/shared/boundary_iterator.cpp	shared	cxx_helper	void (void) noexcept	true	decl:c:@N@charr@N@shared@S@BoundaryIterator			external	1
decl:c:@N@charr@N@shared@S@BoundaryIterator@F@count#&1$@N@charr@N@shared@S@StringView#&$@E@UErrorCode#	method	count	charr::shared::BoundaryIterator::count	charr::shared	charr::shared	true	src/shared/boundary_iterator.cpp	103	unit:src/shared/boundary_iterator.cpp	shared	cxx_helper	int (const struct charr::shared::StringView &, enum UErrorCode &) noexcept	true	decl:c:@N@charr@N@shared@S@BoundaryIterator			external	3
decl:c:@N@charr@N@shared@S@BoundaryIterator@F@first#	method	first	charr::shared::BoundaryIterator::first	charr::shared	charr::shared	true	src/shared/boundary_iterator.h	87		shared	neutral_helper	void (void) noexcept	true	decl:c:@N@charr@N@shared@S@BoundaryIterator			external	14
decl:c:@N@charr@N@shared@S@BoundaryIterator@F@last#	method	last	charr::shared::BoundaryIterator::last	charr::shared	charr::shared	true	src/shared/boundary_iterator.h	92		shared	neutral_helper	void (void) noexcept	true	decl:c:@N@charr@N@shared@S@BoundaryIterator			external	14
decl:c:@N@charr@N@shared@S@BoundaryIterator@F@next#&$@N@charr@N@shared@S@BoundaryRange#	method	next	charr::shared::BoundaryIterator::next	charr::shared	charr::shared	true	src/shared/boundary_iterator.h	102		shared	neutral_helper	_Bool (struct charr::shared::BoundaryRange &) noexcept	true	decl:c:@N@charr@N@shared@S@BoundaryIterator			external	14
decl:c:@N@charr@N@shared@S@BoundaryIterator@F@previous#&$@N@charr@N@shared@S@BoundaryRange#	method	previous	charr::shared::BoundaryIterator::previous	charr::shared	charr::shared	true	src/shared/boundary_iterator.h	124		shared	neutral_helper	_Bool (struct charr::shared::BoundaryRange &) noexcept	true	decl:c:@N@charr@N@shared@S@BoundaryIterator			external	14
decl:c:@N@charr@N@shared@S@BoundaryIterator@F@reset#&1$@N@charr@N@shared@S@BoundaryOptions#	method	reset	charr::shared::BoundaryIterator::reset	charr::shared	charr::shared	true	src/shared/boundary_iterator.cpp	44	unit:src/shared/boundary_iterator.cpp	shared	cxx_helper	struct charr::shared::BoundaryOpenResult (const struct charr::shared::BoundaryOptions &) noexcept	true	decl:c:@N@charr@N@shared@S@BoundaryIterator			external	10
decl:c:@N@charr@N@shared@S@BoundaryIterator@F@set_text#&1$@N@charr@N@shared@S@StringView#	method	set_text	charr::shared::BoundaryIterator::set_text	charr::shared	charr::shared	true	src/shared/boundary_iterator.h	59		shared	cxx_helper	enum UErrorCode (const struct charr::shared::StringView &) noexcept	true	decl:c:@N@charr@N@shared@S@BoundaryIterator			external	14
decl:c:@N@charr@N@shared@S@BoundaryIterator@F@skip#1	method	skip	charr::shared::BoundaryIterator::skip	charr::shared	charr::shared	true	src/shared/boundary_iterator.h	156		shared	neutral_helper	_Bool (void) const noexcept	true	decl:c:@N@charr@N@shared@S@BoundaryIterator			external	14
decl:c:@N@charr@N@shared@S@BoundaryIterator@F@~BoundaryIterator#	destructor	~BoundaryIterator	charr::shared::BoundaryIterator::~BoundaryIterator	charr::shared	charr::shared	true	src/shared/boundary_iterator.cpp	22	unit:src/shared/boundary_iterator.cpp	shared	cxx_helper	void (void) noexcept	true	decl:c:@N@charr@N@shared@S@BoundaryIterator			external	1
decl:c:@N@charr@N@shared@S@BoundaryOpenResult	struct	BoundaryOpenResult	charr::shared::BoundaryOpenResult	charr::shared	charr::shared	true	src/shared/boundary_iterator.h	29		shared					false	true	external	14
decl:c:@N@charr@N@shared@S@BoundaryOptions	struct	BoundaryOptions	charr::shared::BoundaryOptions	charr::shared	charr::shared	true	src/shared/boundary_iterator.h	18		shared					false	true	external	14
decl:c:@N@charr@N@shared@S@BoundaryRange	struct	BoundaryRange	charr::shared::BoundaryRange	charr::shared	charr::shared	true	src/shared/boundary_iterator.h	35		shared					false	true	external	14
decl:c:@N@charr@N@shared@S@ByteRange	struct	ByteRange	charr::shared::ByteRange	charr::shared	charr::shared	true	src/shared/replacement.h	13		shared					false	true	external	23
decl:c:@N@charr@N@shared@S@ByteSearchMatcher	class	ByteSearchMatcher	charr::shared::ByteSearchMatcher	charr::shared	charr::shared	true	src/shared/byte_search_matcher.h	49		shared					true	false	external	19
decl:c:@N@charr@N@shared@S@ByteSearchMatcher@F@ByteSearchMatcher#*1C#I#b#b#	constructor	ByteSearchMatcher	charr::shared::ByteSearchMatcher::ByteSearchMatcher	charr::shared	charr::shared	true	src/shared/byte_search_matcher.h	386		shared	cxx_helper	void (const char *, int, _Bool, _Bool)	false	decl:c:@N@charr@N@shared@S@ByteSearchMatcher			external	1
decl:c:@N@charr@N@shared@S@ByteSearchMatcher@F@find_first#	method	find_first	charr::shared::ByteSearchMatcher::find_first	charr::shared	charr::shared	true	src/shared/byte_search_matcher.h	452		shared	cxx_helper	int (void)	false	decl:c:@N@charr@N@shared@S@ByteSearchMatcher			external	1
decl:c:@N@charr@N@shared@S@ByteSearchMatcher@F@find_first_kmp#	method	find_first_kmp	charr::shared::ByteSearchMatcher::find_first_kmp	charr::shared	charr::shared	true	src/shared/byte_search_matcher.h	249		shared	cxx_helper	int (void)	false	decl:c:@N@charr@N@shared@S@ByteSearchMatcher			external	1
decl:c:@N@charr@N@shared@S@ByteSearchMatcher@F@find_first_kmp_case_insensitive#	method	find_first_kmp_case_insensitive	charr::shared::ByteSearchMatcher::find_first_kmp_case_insensitive	charr::shared	charr::shared	true	src/shared/byte_search_matcher.h	289		shared	cxx_helper	int (void)	false	decl:c:@N@charr@N@shared@S@ByteSearchMatcher			external	1
decl:c:@N@charr@N@shared@S@ByteSearchMatcher@F@find_from_pos#I#	method	find_from_pos	charr::shared::ByteSearchMatcher::find_from_pos	charr::shared	charr::shared	true	src/shared/byte_search_matcher.h	203		shared	cxx_helper	int (int)	false	decl:c:@N@charr@N@shared@S@ByteSearchMatcher			external	1
decl:c:@N@charr@N@shared@S@ByteSearchMatcher@F@find_from_pos_kmp#I#	method	find_from_pos_kmp	charr::shared::ByteSearchMatcher::find_from_pos_kmp	charr::shared	charr::shared	true	src/shared/byte_search_matcher.h	77		shared	cxx_helper	int (int)	false	decl:c:@N@charr@N@shared@S@ByteSearchMatcher			external	1
decl:c:@N@charr@N@shared@S@ByteSearchMatcher@F@find_from_pos_kmp_case_insensitive#I#	method	find_from_pos_kmp_case_insensitive	charr::shared::ByteSearchMatcher::find_from_pos_kmp_case_insensitive	charr::shared	charr::shared	true	src/shared/byte_search_matcher.h	104		shared	cxx_helper	int (int)	false	decl:c:@N@charr@N@shared@S@ByteSearchMatcher			external	1
decl:c:@N@charr@N@shared@S@ByteSearchMatcher@F@find_from_pos_short#I#	method	find_from_pos_short	charr::shared::ByteSearchMatcher::find_from_pos_short	charr::shared	charr::shared	true	src/shared/byte_search_matcher.h	164		shared	cxx_helper	int (int)	false	decl:c:@N@charr@N@shared@S@ByteSearchMatcher			external	1
decl:c:@N@charr@N@shared@S@ByteSearchMatcher@F@find_from_pos_single_byte#I#	method	find_from_pos_single_byte	charr::shared::ByteSearchMatcher::find_from_pos_single_byte	charr::shared	charr::shared	true	src/shared/byte_search_matcher.h	138		shared	cxx_helper	int (int)	false	decl:c:@N@charr@N@shared@S@ByteSearchMatcher			external	1
decl:c:@N@charr@N@shared@S@ByteSearchMatcher@F@find_last#	method	find_last	charr::shared::ByteSearchMatcher::find_last	charr::shared	charr::shared	true	src/shared/byte_search_matcher.h	467		shared	cxx_helper	int (void)	false	decl:c:@N@charr@N@shared@S@ByteSearchMatcher			external	1
decl:c:@N@charr@N@shared@S@ByteSearchMatcher@F@find_last_kmp#	method	find_last_kmp	charr::shared::ByteSearchMatcher::find_last_kmp	charr::shared	charr::shared	true	src/shared/byte_search_matcher.h	255		shared	cxx_helper	int (void)	false	decl:c:@N@charr@N@shared@S@ByteSearchMatcher			external	1
decl:c:@N@charr@N@shared@S@ByteSearchMatcher@F@find_last_kmp_case_insensitive#	method	find_last_kmp_case_insensitive	charr::shared::ByteSearchMatcher::find_last_kmp_case_insensitive	charr::shared	charr::shared	true	src/shared/byte_search_matcher.h	295		shared	cxx_helper	int (void)	false	decl:c:@N@charr@N@shared@S@ByteSearchMatcher			external	1
decl:c:@N@charr@N@shared@S@ByteSearchMatcher@F@find_last_short#	method	find_last_short	charr::shared::ByteSearchMatcher::find_last_short	charr::shared	charr::shared	true	src/shared/byte_search_matcher.h	363		shared	cxx_helper	int (void)	false	decl:c:@N@charr@N@shared@S@ByteSearchMatcher			external	1
decl:c:@N@charr@N@shared@S@ByteSearchMatcher@F@find_last_single_byte#	method	find_last_single_byte	charr::shared::ByteSearchMatcher::find_last_single_byte	charr::shared	charr::shared	true	src/shared/byte_search_matcher.h	343		shared	cxx_helper	int (void)	false	decl:c:@N@charr@N@shared@S@ByteSearchMatcher			external	1
decl:c:@N@charr@N@shared@S@ByteSearchMatcher@F@find_next#	method	find_next	charr::shared::ByteSearchMatcher::find_next	charr::shared	charr::shared	true	src/shared/byte_search_matcher.h	482		shared	cxx_helper	int (void)	false	decl:c:@N@charr@N@shared@S@ByteSearchMatcher			external	1
decl:c:@N@charr@N@shared@S@ByteSearchMatcher@F@matched_length#1	method	matched_length	charr::shared::ByteSearchMatcher::matched_length	charr::shared	charr::shared	true	src/shared/byte_search_matcher.h	509		shared	cxx_helper	int (void) const	false	decl:c:@N@charr@N@shared@S@ByteSearchMatcher			external	1
decl:c:@N@charr@N@shared@S@ByteSearchMatcher@F@matched_start#1	method	matched_start	charr::shared::ByteSearchMatcher::matched_start	charr::shared	charr::shared	true	src/shared/byte_search_matcher.h	495		shared	cxx_helper	int (void) const	false	decl:c:@N@charr@N@shared@S@ByteSearchMatcher			external	1
decl:c:@N@charr@N@shared@S@ByteSearchMatcher@F@pattern_data#1	method	pattern_data	charr::shared::ByteSearchMatcher::pattern_data	charr::shared	charr::shared	true	src/shared/byte_search_matcher.h	436		shared	neutral_helper	const char *(void) const noexcept	true	decl:c:@N@charr@N@shared@S@ByteSearchMatcher			external	1
decl:c:@N@charr@N@shared@S@ByteSearchMatcher@F@prepare_folded_kmp_forward#	method	prepare_folded_kmp_forward	charr::shared::ByteSearchMatcher::prepare_folded_kmp_forward	charr::shared	charr::shared	true	src/shared/byte_search_matcher.h	234		shared	cxx_helper	void (void)	false	decl:c:@N@charr@N@shared@S@ByteSearchMatcher			external	1
decl:c:@N@charr@N@shared@S@ByteSearchMatcher@F@prepare_kmp_forward#I#*1C#	method	prepare_kmp_forward	charr::shared::ByteSearchMatcher::prepare_kmp_forward	charr::shared	charr::shared	true	src/shared/byte_search_matcher.h	218		shared	cxx_helper	void (int, const char *)	false	decl:c:@N@charr@N@shared@S@ByteSearchMatcher			external	1
decl:c:@N@charr@N@shared@S@ByteSearchMatcher@F@reset#*1C#I#	method	reset	charr::shared::ByteSearchMatcher::reset	charr::shared	charr::shared	true	src/shared/byte_search_matcher.h	441		shared	cxx_helper	void (const char *, int)	false	decl:c:@N@charr@N@shared@S@ByteSearchMatcher			external	1
decl:c:@N@charr@N@shared@S@ByteView	struct	ByteView	charr::shared::ByteView	charr::shared	charr::shared	true	src/shared/byte_view.h	9		shared					false	true	external	95
decl:c:@N@charr@N@shared@S@ByteView@F@data#1	method	data	charr::shared::ByteView::data	charr::shared	charr::shared	true	src/shared/byte_view.h	13		shared	neutral_helper	const char *(void) const noexcept	true	decl:c:@N@charr@N@shared@S@ByteView			external	95
decl:c:@N@charr@N@shared@S@ByteView@F@length#1	method	length	charr::shared::ByteView::length	charr::shared	charr::shared	true	src/shared/byte_view.h	14		shared	neutral_helper	int (void) const noexcept	true	decl:c:@N@charr@N@shared@S@ByteView			external	95
decl:c:@N@charr@N@shared@S@CaseMapInput	struct	CaseMapInput	charr::shared::CaseMapInput	charr::shared	charr::shared	true	src/shared/case_mapper.h	22		shared					false	true	external	3
decl:c:@N@charr@N@shared@S@CaseMapper	class	CaseMapper	charr::shared::CaseMapper	charr::shared	charr::shared	true	src/shared/case_mapper.h	32		shared					true	false	external	3
decl:c:@N@charr@N@shared@S@CaseMapper@F@CaseMapper#	constructor	CaseMapper	charr::shared::CaseMapper::CaseMapper	charr::shared	charr::shared	true	src/shared/case_mapper.cpp	71	unit:src/shared/case_mapper.cpp	shared	cxx_helper	void (void)	false	decl:c:@N@charr@N@shared@S@CaseMapper			external	3
decl:c:@N@charr@N@shared@S@CaseMapper@F@close#	method	close	charr::shared::CaseMapper::close	charr::shared	charr::shared	true	src/shared/case_mapper.cpp	84	unit:src/shared/case_mapper.cpp	shared	cxx_helper	void (void) noexcept	true	decl:c:@N@charr@N@shared@S@CaseMapper			external	1
decl:c:@N@charr@N@shared@S@CaseMapper@F@has_ascii_fast_path#&1$@N@charr@N@shared@S@CaseMapInput#1	method	has_ascii_fast_path	charr::shared::CaseMapper::has_ascii_fast_path	charr::shared	charr::shared	true	src/shared/case_mapper.cpp	169	unit:src/shared/case_mapper.cpp	shared	neutral_helper	_Bool (const struct charr::shared::CaseMapInput &) const noexcept	true	decl:c:@N@charr@N@shared@S@CaseMapper			external	3
decl:c:@N@charr@N@shared@S@CaseMapper@F@map_ascii#&1$@N@charr@N@shared@S@CaseMapInput#*C#1	method	map_ascii	charr::shared::CaseMapper::map_ascii	charr::shared	charr::shared	true	src/shared/case_mapper.cpp	176	unit:src/shared/case_mapper.cpp	shared	neutral_helper	_Bool (const struct charr::shared::CaseMapInput &, char *) const noexcept	true	decl:c:@N@charr@N@shared@S@CaseMapper			external	3
decl:c:@N@charr@N@shared@S@CaseMapper@F@map_icu#&1$@N@charr@N@shared@S@CaseMapInput#&$@E@UErrorCode#	method	map_icu	charr::shared::CaseMapper::map_icu	charr::shared	charr::shared	true	src/shared/case_mapper.cpp	221	unit:src/shared/case_mapper.cpp	shared	cxx_helper	struct charr::shared::StringView (const struct charr::shared::CaseMapInput &, enum UErrorCode &)	false	decl:c:@N@charr@N@shared@S@CaseMapper			external	3
decl:c:@N@charr@N@shared@S@CaseMapper@F@open#&$@E@UErrorCode#	method	open	charr::shared::CaseMapper::open	charr::shared	charr::shared	true	src/shared/case_mapper.cpp	204	unit:src/shared/case_mapper.cpp	shared	cxx_helper	_Bool (enum UErrorCode &) noexcept	true	decl:c:@N@charr@N@shared@S@CaseMapper			external	1
decl:c:@N@charr@N@shared@S@CaseMapper@F@prepare#&1$@N@charr@N@shared@S@StringView#	method	prepare	charr::shared::CaseMapper::prepare	charr::shared	charr::shared	true	src/shared/case_mapper.cpp	103	unit:src/shared/case_mapper.cpp	shared	cxx_helper	struct charr::shared::CaseMapInput (const struct charr::shared::StringView &)	false	decl:c:@N@charr@N@shared@S@CaseMapper			external	3
decl:c:@N@charr@N@shared@S@CaseMapper@F@reset#*1C#$@N@charr@N@shared@E@CaseMapMode#	method	reset	charr::shared::CaseMapper::reset	charr::shared	charr::shared	true	src/shared/case_mapper.cpp	93	unit:src/shared/case_mapper.cpp	shared	cxx_helper	void (const char *, enum charr::shared::CaseMapMode) noexcept	true	decl:c:@N@charr@N@shared@S@CaseMapper			external	3
decl:c:@N@charr@N@shared@S@CaseMapper@F@~CaseMapper#	destructor	~CaseMapper	charr::shared::CaseMapper::~CaseMapper	charr::shared	charr::shared	true	src/shared/case_mapper.cpp	78	unit:src/shared/case_mapper.cpp	shared	cxx_helper	void (void) noexcept	true	decl:c:@N@charr@N@shared@S@CaseMapper			external	1
decl:c:@N@charr@N@shared@S@CharacterClassSet	class	CharacterClassSet	charr::shared::CharacterClassSet	charr::shared	charr::shared	true	src/shared/character_class.h	18		shared					true	false	external	5
decl:c:@N@charr@N@shared@S@CharacterClassSet@F@CharacterClassSet#	constructor	CharacterClassSet	charr::shared::CharacterClassSet::CharacterClassSet	charr::shared	charr::shared	true	src/shared/character_class.cpp	12	unit:src/shared/character_class.cpp	shared	cxx_helper	void (void) noexcept	true	decl:c:@N@charr@N@shared@S@CharacterClassSet			external	5
decl:c:@N@charr@N@shared@S@CharacterClassSet@F@get#l#1	method	get	charr::shared::CharacterClassSet::get	charr::shared	charr::shared	true	src/shared/character_class.cpp	62	unit:src/shared/character_class.cpp	shared	cxx_helper	const class icu_78::UnicodeSet &(unsigned long) const noexcept	true	decl:c:@N@charr@N@shared@S@CharacterClassSet			external	5
decl:c:@N@charr@N@shared@S@CharacterClassSet@F@is_na#l#1	method	is_na	charr::shared::CharacterClassSet::is_na	charr::shared	charr::shared	true	src/shared/character_class.cpp	56	unit:src/shared/character_class.cpp	shared	cxx_helper	_Bool (unsigned long) const noexcept	true	decl:c:@N@charr@N@shared@S@CharacterClassSet			external	5
decl:c:@N@charr@N@shared@S@CharacterClassSet@F@reset#&1$@N@std@S@vector>#$@N@charr@N@shared@S@StringView#$@N@std@S@allocator>#S2_#b#	method	reset	charr::shared::CharacterClassSet::reset	charr::shared	charr::shared	true	src/shared/character_class.cpp	20	unit:src/shared/character_class.cpp	shared	cxx_helper	enum UErrorCode (const class std::vector<struct charr::shared::StringView> &, _Bool)	false	decl:c:@N@charr@N@shared@S@CharacterClassSet			external	5
decl:c:@N@charr@N@shared@S@CharacterClassSet@F@size#1	method	size	charr::shared::CharacterClassSet::size	charr::shared	charr::shared	true	src/shared/character_class.cpp	50	unit:src/shared/character_class.cpp	shared	neutral_helper	unsigned long (void) const noexcept	true	decl:c:@N@charr@N@shared@S@CharacterClassSet			external	4
decl:c:@N@charr@N@shared@S@CollationCursor	class	CollationCursor	charr::shared::CollationCursor	charr::shared	charr::shared	true	src/shared/collation_search.h	83		shared					true	false	external	15
decl:c:@N@charr@N@shared@S@CollationCursor@F@CollationCursor#	constructor	CollationCursor	charr::shared::CollationCursor::CollationCursor	charr::shared	charr::shared	true	src/shared/collation_search.cpp	107	unit:src/shared/collation_search.cpp	shared	cxx_helper	void (void) noexcept	true	decl:c:@N@charr@N@shared@S@CollationCursor			external	8
decl:c:@N@charr@N@shared@S@CollationCursor@F@current#1	method	current	charr::shared::CollationCursor::current	charr::shared	charr::shared	true	src/shared/collation_search.cpp	113	unit:src/shared/collation_search.cpp	shared	neutral_helper	struct charr::shared::CollationInput (void) const noexcept	true	decl:c:@N@charr@N@shared@S@CollationCursor			external	1
decl:c:@N@charr@N@shared@S@CollationCursor@F@get#*1v#&1$@N@charr@N@shared@S@StringView#	method	get	charr::shared::CollationCursor::get	charr::shared	charr::shared	true	src/shared/collation_search.cpp	124	unit:src/shared/collation_search.cpp	shared	cxx_helper	struct charr::shared::CollationInput (const void *, const struct charr::shared::StringView &)	false	decl:c:@N@charr@N@shared@S@CollationCursor			external	8
decl:c:@N@charr@N@shared@S@CollationInput	struct	CollationInput	charr::shared::CollationInput	charr::shared	charr::shared	true	src/shared/collation_search.h	22		shared					false	true	external	15
decl:c:@N@charr@N@shared@S@CollationInputs	class	CollationInputs	charr::shared::CollationInputs	charr::shared	charr::shared	true	src/shared/collation_search.h	51		shared					true	false	external	15
decl:c:@N@charr@N@shared@S@CollationInputs@F@CollationInputs#	constructor	CollationInputs	charr::shared::CollationInputs::CollationInputs	charr::shared	charr::shared	true	src/shared/collation_search.cpp	17	unit:src/shared/collation_search.cpp	shared	cxx_helper	void (void) noexcept	true	decl:c:@N@charr@N@shared@S@CollationInputs			external	15
decl:c:@N@charr@N@shared@S@CollationInputs@F@get#l#1	method	get	charr::shared::CollationInputs::get	charr::shared	charr::shared	true	src/shared/collation_search.cpp	92	unit:src/shared/collation_search.cpp	shared	cxx_helper	struct charr::shared::CollationInput (unsigned long) const	false	decl:c:@N@charr@N@shared@S@CollationInputs			external	15
decl:c:@N@charr@N@shared@S@CollationInputs@F@resize#l#	method	resize	charr::shared::CollationInputs::resize	charr::shared	charr::shared	true	src/shared/collation_search.cpp	22	unit:src/shared/collation_search.cpp	shared	cxx_helper	void (unsigned long)	false	decl:c:@N@charr@N@shared@S@CollationInputs			external	15
decl:c:@N@charr@N@shared@S@CollationInputs@F@set#l#&1$@N@charr@N@shared@S@StringView#	method	set	charr::shared::CollationInputs::set	charr::shared	charr::shared	true	src/shared/collation_search.cpp	29	unit:src/shared/collation_search.cpp	shared	cxx_helper	void (unsigned long, const struct charr::shared::StringView &)	false	decl:c:@N@charr@N@shared@S@CollationInputs			external	15
decl:c:@N@charr@N@shared@S@CollationInputs@F@set_missing#l#	method	set_missing	charr::shared::CollationInputs::set_missing	charr::shared	charr::shared	true	src/shared/collation_search.cpp	64	unit:src/shared/collation_search.cpp	shared	cxx_helper	void (unsigned long)	false	decl:c:@N@charr@N@shared@S@CollationInputs			external	3
decl:c:@N@charr@N@shared@S@CollationInputs@F@size#1	method	size	charr::shared::CollationInputs::size	charr::shared	charr::shared	true	src/shared/collation_search.cpp	86	unit:src/shared/collation_search.cpp	shared	neutral_helper	unsigned long (void) const noexcept	true	decl:c:@N@charr@N@shared@S@CollationInputs			external	13
decl:c:@N@charr@N@shared@S@CollationInputs@F@swap_value#l#&$@N@icu_78@S@UnicodeString#	method	swap_value	charr::shared::CollationInputs::swap_value	charr::shared	charr::shared	true	src/shared/collation_search.cpp	72	unit:src/shared/collation_search.cpp	shared	cxx_helper	void (unsigned long, class icu_78::UnicodeString &)	false	decl:c:@N@charr@N@shared@S@CollationInputs			external	3
decl:c:@N@charr@N@shared@S@CollationMatcher	class	CollationMatcher	charr::shared::CollationMatcher	charr::shared	charr::shared	true	src/shared/collation_search.h	129		shared					true	false	external	15
decl:c:@N@charr@N@shared@S@CollationMatcher@F@CollationMatcher#	constructor	CollationMatcher	charr::shared::CollationMatcher::CollationMatcher	charr::shared	charr::shared	true	src/shared/collation_search.cpp	209	unit:src/shared/collation_search.cpp	shared	cxx_helper	void (void) noexcept	true	decl:c:@N@charr@N@shared@S@CollationMatcher			external	15
decl:c:@N@charr@N@shared@S@CollationMatcher@F@close#	method	close	charr::shared::CollationMatcher::close	charr::shared	charr::shared	true	src/shared/collation_search.cpp	221	unit:src/shared/collation_search.cpp	shared	cxx_helper	void (void) noexcept	true	decl:c:@N@charr@N@shared@S@CollationMatcher			external	1
decl:c:@N@charr@N@shared@S@CollationMatcher@F@contains#*$@S@UCollator#&1$@N@charr@N@shared@S@CollationInput#S2_#&$@E@UErrorCode#	method	contains	charr::shared::CollationMatcher::contains	charr::shared	charr::shared	true	src/shared/collation_search.cpp	310	unit:src/shared/collation_search.cpp	shared	cxx_helper	_Bool (struct UCollator *, const struct charr::shared::CollationInput &, const struct charr::shared::CollationInput &, enum UErrorCode &) noexcept	true	decl:c:@N@charr@N@shared@S@CollationMatcher			external	3
decl:c:@N@charr@N@shared@S@CollationMatcher@F@count#*$@S@UCollator#&1$@N@charr@N@shared@S@CollationInput#S2_#&$@E@UErrorCode#	method	count	charr::shared::CollationMatcher::count	charr::shared	charr::shared	true	src/shared/collation_search.cpp	289	unit:src/shared/collation_search.cpp	shared	cxx_helper	int (struct UCollator *, const struct charr::shared::CollationInput &, const struct charr::shared::CollationInput &, enum UErrorCode &) noexcept	true	decl:c:@N@charr@N@shared@S@CollationMatcher			external	3
decl:c:@N@charr@N@shared@S@CollationMatcher@F@ends_with#*$@S@UCollator#&1$@N@charr@N@shared@S@CollationInput#S2_#I#&$@E@UErrorCode#	method	ends_with	charr::shared::CollationMatcher::ends_with	charr::shared	charr::shared	true	src/shared/collation_search.cpp	471	unit:src/shared/collation_search.cpp	shared	cxx_helper	_Bool (struct UCollator *, const struct charr::shared::CollationInput &, const struct charr::shared::CollationInput &, int, enum UErrorCode &) noexcept	true	decl:c:@N@charr@N@shared@S@CollationMatcher			external	3
decl:c:@N@charr@N@shared@S@CollationMatcher@F@find_all#*$@S@UCollator#&1$@N@charr@N@shared@S@CollationInput#S2_#&$@N@std@S@vector>#$@N@charr@N@shared@S@CollationRange#$@N@std@S@allocator>#S6_#&$@E@UErrorCode#	method	find_all	charr::shared::CollationMatcher::find_all	charr::shared	charr::shared	true	src/shared/collation_search.cpp	353	unit:src/shared/collation_search.cpp	shared	cxx_helper	void (struct UCollator *, const struct charr::shared::CollationInput &, const struct charr::shared::CollationInput &, class std::vector<struct charr::shared::CollationRange> &, enum UErrorCode &)	false	decl:c:@N@charr@N@shared@S@CollationMatcher			external	7
decl:c:@N@charr@N@shared@S@CollationMatcher@F@find_first#*$@S@UCollator#&1$@N@charr@N@shared@S@CollationInput#S2_#&$@N@charr@N@shared@S@CollationRange#&$@E@UErrorCode#	method	find_first	charr::shared::CollationMatcher::find_first	charr::shared	charr::shared	true	src/shared/collation_search.cpp	328	unit:src/shared/collation_search.cpp	shared	cxx_helper	_Bool (struct UCollator *, const struct charr::shared::CollationInput &, const struct charr::shared::CollationInput &, struct charr::shared::CollationRange &, enum UErrorCode &) noexcept	true	decl:c:@N@charr@N@shared@S@CollationMatcher			external	7
decl:c:@N@charr@N@shared@S@CollationMatcher@F@prepare#*$@S@UCollator#&1$@N@charr@N@shared@S@CollationInput#S2_#&$@E@UErrorCode#	method	prepare	charr::shared::CollationMatcher::prepare	charr::shared	charr::shared	true	src/shared/collation_search.cpp	232	unit:src/shared/collation_search.cpp	shared	cxx_helper	_Bool (struct UCollator *, const struct charr::shared::CollationInput &, const struct charr::shared::CollationInput &, enum UErrorCode &) noexcept	true	decl:c:@N@charr@N@shared@S@CollationMatcher			external	1
decl:c:@N@charr@N@shared@S@CollationMatcher@F@split#*$@S@UCollator#&1$@N@charr@N@shared@S@CollationInput#S2_#I#b#b#&$@N@std@S@vector>#$@N@charr@N@shared@S@CollationRange#$@N@std@S@allocator>#S6_#&$@E@UErrorCode#	method	split	charr::shared::CollationMatcher::split	charr::shared	charr::shared	true	src/shared/collation_search.cpp	377	unit:src/shared/collation_search.cpp	shared	cxx_helper	enum charr::shared::CollationSplitResult (struct UCollator *, const struct charr::shared::CollationInput &, const struct charr::shared::CollationInput &, int, _Bool, _Bool, class std::vector<struct charr::shared::CollationRange> &, enum UErrorCode &)	false	decl:c:@N@charr@N@shared@S@CollationMatcher			external	3
decl:c:@N@charr@N@shared@S@CollationMatcher@F@starts_with#*$@S@UCollator#&1$@N@charr@N@shared@S@CollationInput#S2_#I#&$@E@UErrorCode#	method	starts_with	charr::shared::CollationMatcher::starts_with	charr::shared	charr::shared	true	src/shared/collation_search.cpp	438	unit:src/shared/collation_search.cpp	shared	cxx_helper	_Bool (struct UCollator *, const struct charr::shared::CollationInput &, const struct charr::shared::CollationInput &, int, enum UErrorCode &) noexcept	true	decl:c:@N@charr@N@shared@S@CollationMatcher			external	3
decl:c:@N@charr@N@shared@S@CollationMatcher@F@~CollationMatcher#	destructor	~CollationMatcher	charr::shared::CollationMatcher::~CollationMatcher	charr::shared	charr::shared	true	src/shared/collation_search.cpp	215	unit:src/shared/collation_search.cpp	shared	cxx_helper	void (void) noexcept	true	decl:c:@N@charr@N@shared@S@CollationMatcher			external	1
decl:c:@N@charr@N@shared@S@CollationPositionCursor	class	CollationPositionCursor	charr::shared::CollationPositionCursor	charr::shared	charr::shared	true	src/shared/collation_search.h	108		shared					false	true	external	15
decl:c:@N@charr@N@shared@S@CollationPositionCursor@F@CollationPositionCursor#&1$@N@charr@N@shared@S@CollationInput#	constructor	CollationPositionCursor	charr::shared::CollationPositionCursor::CollationPositionCursor	charr::shared	charr::shared	true	src/shared/collation_search.cpp	167	unit:src/shared/collation_search.cpp	shared	neutral_helper	void (const struct charr::shared::CollationInput &) noexcept	true	decl:c:@N@charr@N@shared@S@CollationPositionCursor			external	3
decl:c:@N@charr@N@shared@S@CollationPositionCursor@F@at_utf16#I#	method	at_utf16	charr::shared::CollationPositionCursor::at_utf16	charr::shared	charr::shared	true	src/shared/collation_search.cpp	177	unit:src/shared/collation_search.cpp	shared	neutral_helper	int (int) noexcept	true	decl:c:@N@charr@N@shared@S@CollationPositionCursor			external	1
decl:c:@N@charr@N@shared@S@CollationPositionCursor@F@to_r_range#&1$@N@charr@N@shared@S@CollationRange#b#	method	to_r_range	charr::shared::CollationPositionCursor::to_r_range	charr::shared	charr::shared	true	src/shared/collation_search.cpp	197	unit:src/shared/collation_search.cpp	shared	neutral_helper	struct charr::shared::CollationRange (const struct charr::shared::CollationRange &, _Bool) noexcept	true	decl:c:@N@charr@N@shared@S@CollationPositionCursor			external	3
decl:c:@N@charr@N@shared@S@CollationRange	struct	CollationRange	charr::shared::CollationRange	charr::shared	charr::shared	true	src/shared/collation_search.h	30		shared					false	true	external	15
decl:c:@N@charr@N@shared@S@CollationUtf8Slice	struct	CollationUtf8Slice	charr::shared::CollationUtf8Slice	charr::shared	charr::shared	true	src/shared/collation_search.h	36		shared					false	true	external	15
decl:c:@N@charr@N@shared@S@Collator	class	Collator	charr::shared::Collator	charr::shared	charr::shared	true	src/shared/collator.h	35		shared					true	false	external	23
decl:c:@N@charr@N@shared@S@Collator@F@Collator#	constructor	Collator	charr::shared::Collator::Collator	charr::shared	charr::shared	true	src/shared/collator.cpp	8	unit:src/shared/collator.cpp	shared	cxx_helper	void (void) noexcept	true	decl:c:@N@charr@N@shared@S@Collator			external	21
decl:c:@N@charr@N@shared@S@Collator@F@close#	method	close	charr::shared::Collator::close	charr::shared	charr::shared	true	src/shared/collator.cpp	19	unit:src/shared/collator.cpp	shared	cxx_helper	void (void) noexcept	true	decl:c:@N@charr@N@shared@S@Collator			external	1
decl:c:@N@charr@N@shared@S@Collator@F@get#1	method	get	charr::shared::Collator::get	charr::shared	charr::shared	true	src/shared/collator.cpp	98	unit:src/shared/collator.cpp	shared	neutral_helper	struct UCollator *(void) const noexcept	true	decl:c:@N@charr@N@shared@S@Collator			external	21
decl:c:@N@charr@N@shared@S@Collator@F@reset#&1$@N@charr@N@shared@S@CollatorOptions#	method	reset	charr::shared::Collator::reset	charr::shared	charr::shared	true	src/shared/collator.cpp	28	unit:src/shared/collator.cpp	shared	cxx_helper	struct charr::shared::CollatorOpenResult (const struct charr::shared::CollatorOptions &) noexcept	true	decl:c:@N@charr@N@shared@S@Collator			external	21
decl:c:@N@charr@N@shared@S@Collator@F@~Collator#	destructor	~Collator	charr::shared::Collator::~Collator	charr::shared	charr::shared	true	src/shared/collator.cpp	13	unit:src/shared/collator.cpp	shared	cxx_helper	void (void) noexcept	true	decl:c:@N@charr@N@shared@S@Collator			external	1
decl:c:@N@charr@N@shared@S@CollatorOpenResult	struct	CollatorOpenResult	charr::shared::CollatorOpenResult	charr::shared	charr::shared	true	src/shared/collator.h	26		shared					false	true	external	23
decl:c:@N@charr@N@shared@S@CollatorOptions	struct	CollatorOptions	charr::shared::CollatorOptions	charr::shared	charr::shared	true	src/shared/collator.h	13		shared					false	true	external	23
decl:c:@N@charr@N@shared@S@DeferredWarnings	class	DeferredWarnings	charr::shared::DeferredWarnings	charr::shared	charr::shared	true	src/shared/deferred_warnings.h	14		shared					true	false	external	4
decl:c:@N@charr@N@shared@S@DeferredWarnings@F@emit_r#1	method	emit_r	charr::shared::DeferredWarnings::emit_r	charr::shared	charr::shared	true	src/shared/deferred_warnings.h	27		shared	r_helper	void (void) const noexcept	true	decl:c:@N@charr@N@shared@S@DeferredWarnings			external	4
decl:c:@N@charr@N@shared@S@DeferredWarnings@F@push#*1C#	method	push	charr::shared::DeferredWarnings::push	charr::shared	charr::shared	true	src/shared/deferred_warnings.h	22		shared	cxx_helper	void (const char *)	false	decl:c:@N@charr@N@shared@S@DeferredWarnings			external	4
decl:c:@N@charr@N@shared@S@EncodingInfo	class	EncodingInfo	charr::shared::EncodingInfo	charr::shared	charr::shared	true	src/shared/encoding_info.h	51		shared					true	false	external	3
decl:c:@N@charr@N@shared@S@EncodingInfo@F@EncodingInfo#	constructor	EncodingInfo	charr::shared::EncodingInfo::EncodingInfo	charr::shared	charr::shared	true	src/shared/encoding_info.cpp	66	unit:src/shared/encoding_info.cpp	shared	cxx_helper	void (void) noexcept	true	decl:c:@N@charr@N@shared@S@EncodingInfo			external	3
decl:c:@N@charr@N@shared@S@EncodingInfo@F@close#	method	close	charr::shared::EncodingInfo::close	charr::shared	charr::shared	true	src/shared/encoding_info.cpp	79	unit:src/shared/encoding_info.cpp	shared	cxx_helper	void (void) noexcept	true	decl:c:@N@charr@N@shared@S@EncodingInfo			external	1
decl:c:@N@charr@N@shared@S@EncodingInfo@F@converter_name#1	method	converter_name	charr::shared::EncodingInfo::converter_name	charr::shared	charr::shared	true	src/shared/encoding_info.cpp	110	unit:src/shared/encoding_info.cpp	shared	neutral_helper	const char *(void) const noexcept	true	decl:c:@N@charr@N@shared@S@EncodingInfo			external	1
decl:c:@N@charr@N@shared@S@EncodingInfo@F@diagnostic#I#1	method	diagnostic	charr::shared::EncodingInfo::diagnostic	charr::shared	charr::shared	true	src/shared/encoding_info.cpp	450	unit:src/shared/encoding_info.cpp	shared	neutral_helper	struct charr::shared::EncodingInfoDiagnostic (int) const noexcept	true	decl:c:@N@charr@N@shared@S@EncodingInfo			external	3
decl:c:@N@charr@N@shared@S@EncodingInfo@F@diagnostic_count#1	method	diagnostic_count	charr::shared::EncodingInfo::diagnostic_count	charr::shared	charr::shared	true	src/shared/encoding_info.cpp	444	unit:src/shared/encoding_info.cpp	shared	neutral_helper	int (void) const noexcept	true	decl:c:@N@charr@N@shared@S@EncodingInfo			external	3
decl:c:@N@charr@N@shared@S@EncodingInfo@F@has_ascii_subset#	method	has_ascii_subset	charr::shared::EncodingInfo::has_ascii_subset	charr::shared	charr::shared	true	src/shared/encoding_info.cpp	122	unit:src/shared/encoding_info.cpp	shared	cxx_helper	_Bool (void)	false	decl:c:@N@charr@N@shared@S@EncodingInfo			external	1
decl:c:@N@charr@N@shared@S@EncodingInfo@F@has_name#I#1	method	has_name	charr::shared::EncodingInfo::has_name	charr::shared	charr::shared	true	src/shared/encoding_info.cpp	412	unit:src/shared/encoding_info.cpp	shared	neutral_helper	_Bool (int) const noexcept	true	decl:c:@N@charr@N@shared@S@EncodingInfo			external	3
decl:c:@N@charr@N@shared@S@EncodingInfo@F@inspect#	method	inspect	charr::shared::EncodingInfo::inspect	charr::shared	charr::shared	true	src/shared/encoding_info.cpp	263	unit:src/shared/encoding_info.cpp	shared	cxx_helper	void (void)	false	decl:c:@N@charr@N@shared@S@EncodingInfo			external	3
decl:c:@N@charr@N@shared@S@EncodingInfo@F@is_one_to_one#	method	is_one_to_one	charr::shared::EncodingInfo::is_one_to_one	charr::shared	charr::shared	true	src/shared/encoding_info.cpp	168	unit:src/shared/encoding_info.cpp	shared	cxx_helper	_Bool (void)	false	decl:c:@N@charr@N@shared@S@EncodingInfo			external	1
decl:c:@N@charr@N@shared@S@EncodingInfo@F@name_data#I#1	method	name_data	charr::shared::EncodingInfo::name_data	charr::shared	charr::shared	true	src/shared/encoding_info.cpp	418	unit:src/shared/encoding_info.cpp	shared	neutral_helper	const char *(int) const noexcept	true	decl:c:@N@charr@N@shared@S@EncodingInfo			external	3
decl:c:@N@charr@N@shared@S@EncodingInfo@F@name_length#I#1	method	name_length	charr::shared::EncodingInfo::name_length	charr::shared	charr::shared	true	src/shared/encoding_info.cpp	424	unit:src/shared/encoding_info.cpp	shared	neutral_helper	int (int) const noexcept	true	decl:c:@N@charr@N@shared@S@EncodingInfo			external	3
decl:c:@N@charr@N@shared@S@EncodingInfo@F@reset#*1C#	method	reset	charr::shared::EncodingInfo::reset	charr::shared	charr::shared	true	src/shared/encoding_info.cpp	88	unit:src/shared/encoding_info.cpp	shared	cxx_helper	enum UErrorCode (const char *) noexcept	true	decl:c:@N@charr@N@shared@S@EncodingInfo			external	3
decl:c:@N@charr@N@shared@S@EncodingInfo@F@size#1	method	size	charr::shared::EncodingInfo::size	charr::shared	charr::shared	true	src/shared/encoding_info.cpp	406	unit:src/shared/encoding_info.cpp	shared	neutral_helper	int (void) const noexcept	true	decl:c:@N@charr@N@shared@S@EncodingInfo			external	3
decl:c:@N@charr@N@shared@S@EncodingInfo@F@value#I#1	method	value	charr::shared::EncodingInfo::value	charr::shared	charr::shared	true	src/shared/encoding_info.cpp	432	unit:src/shared/encoding_info.cpp	shared	neutral_helper	struct charr::shared::EncodingInfoValue (int) const noexcept	true	decl:c:@N@charr@N@shared@S@EncodingInfo			external	3
decl:c:@N@charr@N@shared@S@EncodingInfo@F@warn_get_name#1	method	warn_get_name	charr::shared::EncodingInfo::warn_get_name	charr::shared	charr::shared	true	src/shared/encoding_info.cpp	438	unit:src/shared/encoding_info.cpp	shared	neutral_helper	_Bool (void) const noexcept	true	decl:c:@N@charr@N@shared@S@EncodingInfo			external	3
decl:c:@N@charr@N@shared@S@EncodingInfo@F@~EncodingInfo#	destructor	~EncodingInfo	charr::shared::EncodingInfo::~EncodingInfo	charr::shared	charr::shared	true	src/shared/encoding_info.cpp	73	unit:src/shared/encoding_info.cpp	shared	cxx_helper	void (void) noexcept	true	decl:c:@N@charr@N@shared@S@EncodingInfo			external	1
decl:c:@N@charr@N@shared@S@EncodingInfoDiagnostic	struct	EncodingInfoDiagnostic	charr::shared::EncodingInfoDiagnostic	charr::shared	charr::shared	true	src/shared/encoding_info.h	40		shared					false	true	external	3
decl:c:@N@charr@N@shared@S@EncodingInfoValue	struct	EncodingInfoValue	charr::shared::EncodingInfoValue	charr::shared	charr::shared	true	src/shared/encoding_info.h	22		shared					false	true	external	3
decl:c:@N@charr@N@shared@S@EntryErrorState	class	EntryErrorState	charr::shared::EntryErrorState	charr::shared	charr::shared	true	src/shared/entrypoint.h	14		shared					false	true	external	94
decl:c:@N@charr@N@shared@S@EntryErrorState@F@capture_cpp_error#*1C#	method	capture_cpp_error	charr::shared::EntryErrorState::capture_cpp_error	charr::shared	charr::shared	true	src/shared/entrypoint.h	31		shared	neutral_helper	void (const char *) noexcept	true	decl:c:@N@charr@N@shared@S@EntryErrorState			external	94
decl:c:@N@charr@N@shared@S@EntryErrorState@F@capture_r_error#	method	capture_r_error	charr::shared::EntryErrorState::capture_r_error	charr::shared	charr::shared	true	src/shared/entrypoint.h	26		shared	neutral_helper	void (void) noexcept	true	decl:c:@N@charr@N@shared@S@EntryErrorState			external	94
decl:c:@N@charr@N@shared@S@EntryErrorState@F@capture_unknown_cpp_error#	method	capture_unknown_cpp_error	charr::shared::EntryErrorState::capture_unknown_cpp_error	charr::shared	charr::shared	true	src/shared/entrypoint.h	41		shared	neutral_helper	void (void) noexcept	true	decl:c:@N@charr@N@shared@S@EntryErrorState			external	94
decl:c:@N@charr@N@shared@S@EntryErrorState@F@has_cpp_error#1	method	has_cpp_error	charr::shared::EntryErrorState::has_cpp_error	charr::shared	charr::shared	true	src/shared/entrypoint.h	51		shared	neutral_helper	_Bool (void) const noexcept	true	decl:c:@N@charr@N@shared@S@EntryErrorState			external	94
decl:c:@N@charr@N@shared@S@EntryErrorState@F@has_r_error#1	method	has_r_error	charr::shared::EntryErrorState::has_r_error	charr::shared	charr::shared	true	src/shared/entrypoint.h	46		shared	neutral_helper	_Bool (void) const noexcept	true	decl:c:@N@charr@N@shared@S@EntryErrorState			external	94
decl:c:@N@charr@N@shared@S@EntryErrorState@F@message#1	method	message	charr::shared::EntryErrorState::message	charr::shared	charr::shared	true	src/shared/entrypoint.h	56		shared	neutral_helper	const char *(void) const noexcept	true	decl:c:@N@charr@N@shared@S@EntryErrorState			external	94
decl:c:@N@charr@N@shared@S@FixedExtractPlan	struct	FixedExtractPlan	charr::shared::FixedExtractPlan	charr::shared	charr::shared	true	src/shared/fixed_search.h	304		shared					true	false	external	19
decl:c:@N@charr@N@shared@S@FixedExtractPlan@F@FixedExtractPlan#	constructor	FixedExtractPlan	charr::shared::FixedExtractPlan::FixedExtractPlan	charr::shared	charr::shared	true	src/shared/fixed_search.cpp	104	unit:src/shared/fixed_search.cpp	shared	cxx_helper	void (void) noexcept	true	decl:c:@N@charr@N@shared@S@FixedExtractPlan			external	3
decl:c:@N@charr@N@shared@S@FixedExtractRepeatHash	struct	FixedExtractRepeatHash	charr::shared::FixedExtractRepeatHash	charr::shared	charr::shared	true	src/shared/fixed_search.h	286		shared					false	true	external	19
decl:c:@N@charr@N@shared@S@FixedExtractRepeatHash@F@operator()#&1$@N@charr@N@shared@S@FixedExtractRepeatKey#1	method	operator()	charr::shared::FixedExtractRepeatHash::operator()	charr::shared	charr::shared	true	src/shared/fixed_search.h	287		shared	neutral_helper	unsigned long (const struct charr::shared::FixedExtractRepeatKey &) const noexcept	true	decl:c:@N@charr@N@shared@S@FixedExtractRepeatHash			external	19
decl:c:@N@charr@N@shared@S@FixedExtractRepeatKey	struct	FixedExtractRepeatKey	charr::shared::FixedExtractRepeatKey	charr::shared	charr::shared	true	src/shared/fixed_search.h	267		shared					false	true	external	19
decl:c:@N@charr@N@shared@S@FixedExtractRepeatKey@F@operator==#&1$@N@charr@N@shared@S@FixedExtractRepeatKey#1	method	operator==	charr::shared::FixedExtractRepeatKey::operator==	charr::shared	charr::shared	true	src/shared/fixed_search.h	271		shared	neutral_helper	_Bool (const struct charr::shared::FixedExtractRepeatKey &) const noexcept	true	decl:c:@N@charr@N@shared@S@FixedExtractRepeatKey			external	19
decl:c:@N@charr@N@shared@S@FixedExtractRow	struct	FixedExtractRow	charr::shared::FixedExtractRow	charr::shared	charr::shared	true	src/shared/fixed_search.h	258		shared					false	true	external	19
decl:c:@N@charr@N@shared@S@FixedMatcher	class	FixedMatcher	charr::shared::FixedMatcher	charr::shared	charr::shared	true	src/shared/fixed_search.h	190		shared					true	false	external	19
decl:c:@N@charr@N@shared@S@FixedMatcher@F@FixedMatcher#	constructor	FixedMatcher	charr::shared::FixedMatcher::FixedMatcher	charr::shared	charr::shared	true	src/shared/fixed_search.cpp	94	unit:src/shared/fixed_search.cpp	shared	cxx_helper	void (void) noexcept	true	decl:c:@N@charr@N@shared@S@FixedMatcher			external	15
decl:c:@N@charr@N@shared@S@FixedMatcher@F@contains#&1$@N@charr@N@shared@S@StringView#S0_#$@N@charr@N@shared@S@FixedSearchOptions#	method	contains	charr::shared::FixedMatcher::contains	charr::shared	charr::shared	true	src/shared/fixed_search.cpp	151	unit:src/shared/fixed_search.cpp	shared	cxx_helper	_Bool (const struct charr::shared::StringView &, const struct charr::shared::StringView &, struct charr::shared::FixedSearchOptions)	false	decl:c:@N@charr@N@shared@S@FixedMatcher			external	3
decl:c:@N@charr@N@shared@S@FixedMatcher@F@count#&1$@N@charr@N@shared@S@StringView#S0_#$@N@charr@N@shared@S@FixedSearchOptions#	method	count	charr::shared::FixedMatcher::count	charr::shared	charr::shared	true	src/shared/fixed_search.cpp	135	unit:src/shared/fixed_search.cpp	shared	cxx_helper	int (const struct charr::shared::StringView &, const struct charr::shared::StringView &, struct charr::shared::FixedSearchOptions)	false	decl:c:@N@charr@N@shared@S@FixedMatcher			external	4
decl:c:@N@charr@N@shared@S@FixedMatcher@F@find_all#&1$@N@charr@N@shared@S@StringView#S0_#$@N@charr@N@shared@S@FixedSearchOptions#&$@N@std@S@vector>#$@N@charr@N@shared@S@ByteRange#$@N@std@S@allocator>#S5_#	method	find_all	charr::shared::FixedMatcher::find_all	charr::shared	charr::shared	true	src/shared/fixed_search.cpp	183	unit:src/shared/fixed_search.cpp	shared	cxx_helper	void (const struct charr::shared::StringView &, const struct charr::shared::StringView &, struct charr::shared::FixedSearchOptions, class std::vector<struct charr::shared::ByteRange> &)	false	decl:c:@N@charr@N@shared@S@FixedMatcher			external	5
decl:c:@N@charr@N@shared@S@FixedMatcher@F@find_first#&1$@N@charr@N@shared@S@StringView#S0_#$@N@charr@N@shared@S@FixedSearchOptions#&$@N@charr@N@shared@S@ByteRange#	method	find_first	charr::shared::FixedMatcher::find_first	charr::shared	charr::shared	true	src/shared/fixed_search.cpp	163	unit:src/shared/fixed_search.cpp	shared	cxx_helper	_Bool (const struct charr::shared::StringView &, const struct charr::shared::StringView &, struct charr::shared::FixedSearchOptions, struct charr::shared::ByteRange &)	false	decl:c:@N@charr@N@shared@S@FixedMatcher			external	7
decl:c:@N@charr@N@shared@S@FixedMatcher@F@prepare#&1$@N@charr@N@shared@S@StringView#$@N@charr@N@shared@S@FixedSearchOptions#	method	prepare	charr::shared::FixedMatcher::prepare	charr::shared	charr::shared	true	src/shared/fixed_search.cpp	110	unit:src/shared/fixed_search.cpp	shared	cxx_helper	void (const struct charr::shared::StringView &, struct charr::shared::FixedSearchOptions)	false	decl:c:@N@charr@N@shared@S@FixedMatcher			external	1
decl:c:@N@charr@N@shared@S@FixedMatcher@F@reset_subject#&1$@N@charr@N@shared@S@StringView#S0_#$@N@charr@N@shared@S@FixedSearchOptions#	method	reset_subject	charr::shared::FixedMatcher::reset_subject	charr::shared	charr::shared	true	src/shared/fixed_search.cpp	268	unit:src/shared/fixed_search.cpp	shared	cxx_helper	_Bool (const struct charr::shared::StringView &, const struct charr::shared::StringView &, struct charr::shared::FixedSearchOptions)	false	decl:c:@N@charr@N@shared@S@FixedMatcher			external	1
decl:c:@N@charr@N@shared@S@FixedMatcher@F@split#&1$@N@charr@N@shared@S@StringView#S0_#$@N@charr@N@shared@S@FixedSearchOptions#I#b#b#&$@N@std@S@vector>#$@N@charr@N@shared@S@ByteRange#$@N@std@S@allocator>#S5_#	method	split	charr::shared::FixedMatcher::split	charr::shared	charr::shared	true	src/shared/fixed_search.cpp	204	unit:src/shared/fixed_search.cpp	shared	cxx_helper	enum charr::shared::FixedSplitResult (const struct charr::shared::StringView &, const struct charr::shared::StringView &, struct charr::shared::FixedSearchOptions, int, _Bool, _Bool, class std::vector<struct charr::shared::ByteRange> &)	false	decl:c:@N@charr@N@shared@S@FixedMatcher			external	19
decl:c:@N@charr@N@shared@S@FixedSearchOptions	struct	FixedSearchOptions	charr::shared::FixedSearchOptions	charr::shared	charr::shared	true	src/shared/fixed_search.h	21		shared					false	true	external	19
decl:c:@N@charr@N@shared@S@NativeToUtf8	class	NativeToUtf8	charr::shared::NativeToUtf8	charr::shared	charr::shared	true	src/shared/native_to_utf8.h	16		shared					true	false	external	96
decl:c:@N@charr@N@shared@S@NativeToUtf8@F@NativeToUtf8#	constructor	NativeToUtf8	charr::shared::NativeToUtf8::NativeToUtf8	charr::shared	charr::shared	true	src/shared/native_to_utf8.cpp	83	unit:src/shared/native_to_utf8.cpp	shared	cxx_helper	void (void)	false	decl:c:@N@charr@N@shared@S@NativeToUtf8			external	88
decl:c:@N@charr@N@shared@S@NativeToUtf8@F@convert#&$@N@charr@N@shared@S@NativeToUtf8@S@Descriptor#*1C#I#	method	convert	charr::shared::NativeToUtf8::convert	charr::shared	charr::shared	true	src/shared/native_to_utf8.cpp	202	unit:src/shared/native_to_utf8.cpp	shared	cxx_helper	struct charr::shared::ByteView (class charr::shared::NativeToUtf8::Descriptor &, const char *, int)	false	decl:c:@N@charr@N@shared@S@NativeToUtf8			external	1
decl:c:@N@charr@N@shared@S@NativeToUtf8@F@ensure_capacity#l#	method	ensure_capacity	charr::shared::NativeToUtf8::ensure_capacity	charr::shared	charr::shared	true	src/shared/native_to_utf8.cpp	183	unit:src/shared/native_to_utf8.cpp	shared	cxx_helper	void (unsigned long)	false	decl:c:@N@charr@N@shared@S@NativeToUtf8			external	1
decl:c:@N@charr@N@shared@S@NativeToUtf8@F@latin1#*1C#I#	method	latin1	charr::shared::NativeToUtf8::latin1	charr::shared	charr::shared	true	src/shared/native_to_utf8.cpp	133	unit:src/shared/native_to_utf8.cpp	shared	cxx_helper	struct charr::shared::ByteView (const char *, int)	false	decl:c:@N@charr@N@shared@S@NativeToUtf8			external	17
decl:c:@N@charr@N@shared@S@NativeToUtf8@F@latin1_descriptor#	method	latin1_descriptor	charr::shared::NativeToUtf8::latin1_descriptor	charr::shared	charr::shared	true	src/shared/native_to_utf8.cpp	102	unit:src/shared/native_to_utf8.cpp	shared	cxx_helper	class charr::shared::NativeToUtf8::Descriptor &(void)	false	decl:c:@N@charr@N@shared@S@NativeToUtf8			external	1
decl:c:@N@charr@N@shared@S@NativeToUtf8@F@native#*1C#I#	method	native	charr::shared::NativeToUtf8::native	charr::shared	charr::shared	true	src/shared/native_to_utf8.cpp	128	unit:src/shared/native_to_utf8.cpp	shared	cxx_helper	struct charr::shared::ByteView (const char *, int)	false	decl:c:@N@charr@N@shared@S@NativeToUtf8			external	17
decl:c:@N@charr@N@shared@S@NativeToUtf8@F@native_descriptor#	method	native_descriptor	charr::shared::NativeToUtf8::native_descriptor	charr::shared	charr::shared	true	src/shared/native_to_utf8.cpp	91	unit:src/shared/native_to_utf8.cpp	shared	cxx_helper	class charr::shared::NativeToUtf8::Descriptor &(void)	false	decl:c:@N@charr@N@shared@S@NativeToUtf8			external	1
decl:c:@N@charr@N@shared@S@NativeToUtf8@F@native_is_utf8#	method	native_is_utf8	charr::shared::NativeToUtf8::native_is_utf8	charr::shared	charr::shared	true	src/shared/native_to_utf8.cpp	145	unit:src/shared/native_to_utf8.cpp	shared	cxx_helper	_Bool (void)	false	decl:c:@N@charr@N@shared@S@NativeToUtf8			external	8
decl:c:@N@charr@N@shared@S@NativeToUtf8@F@reset#	method	reset	charr::shared::NativeToUtf8::reset	charr::shared	charr::shared	true	src/shared/native_to_utf8.cpp	174	unit:src/shared/native_to_utf8.cpp	shared	cxx_helper	void (void) noexcept	true	decl:c:@N@charr@N@shared@S@NativeToUtf8			external	3
decl:c:@N@charr@N@shared@S@NativeToUtf8@F@utf8_to_native#*1C#I#	method	utf8_to_native	charr::shared::NativeToUtf8::utf8_to_native	charr::shared	charr::shared	true	src/shared/native_to_utf8.cpp	138	unit:src/shared/native_to_utf8.cpp	shared	cxx_helper	struct charr::shared::ByteView (const char *, int)	false	decl:c:@N@charr@N@shared@S@NativeToUtf8			external	3
decl:c:@N@charr@N@shared@S@NativeToUtf8@F@utf8_to_native_descriptor#	method	utf8_to_native_descriptor	charr::shared::NativeToUtf8::utf8_to_native_descriptor	charr::shared	charr::shared	true	src/shared/native_to_utf8.cpp	118	unit:src/shared/native_to_utf8.cpp	shared	cxx_helper	class charr::shared::NativeToUtf8::Descriptor &(void)	false	decl:c:@N@charr@N@shared@S@NativeToUtf8			external	1
decl:c:@N@charr@N@shared@S@NativeToUtf8@S@Descriptor	class	Descriptor	charr::shared::NativeToUtf8::Descriptor	charr::shared	charr::shared	true	src/shared/native_to_utf8.cpp	36	unit:src/shared/native_to_utf8.cpp	shared					true	false	external	95
decl:c:@N@charr@N@shared@S@NativeToUtf8@S@Descriptor@F@Descriptor#*1C#S0_#S0_#	constructor	Descriptor	charr::shared::NativeToUtf8::Descriptor::Descriptor	charr::shared	charr::shared	true	src/shared/native_to_utf8.cpp	38	unit:src/shared/native_to_utf8.cpp	shared	cxx_helper	void (const char *, const char *, const char *)	false	decl:c:@N@charr@N@shared@S@NativeToUtf8@S@Descriptor			external	1
decl:c:@N@charr@N@shared@S@NativeToUtf8@S@Descriptor@F@handle#1	method	handle	charr::shared::NativeToUtf8::Descriptor::handle	charr::shared	charr::shared	true	src/shared/native_to_utf8.cpp	63	unit:src/shared/native_to_utf8.cpp	shared	neutral_helper	void *(void) const noexcept	true	decl:c:@N@charr@N@shared@S@NativeToUtf8@S@Descriptor			external	1
decl:c:@N@charr@N@shared@S@NativeToUtf8@S@Descriptor@F@label#1	method	label	charr::shared::NativeToUtf8::Descriptor::label	charr::shared	charr::shared	true	src/shared/native_to_utf8.cpp	68	unit:src/shared/native_to_utf8.cpp	shared	neutral_helper	const char *(void) const noexcept	true	decl:c:@N@charr@N@shared@S@NativeToUtf8@S@Descriptor			external	1
decl:c:@N@charr@N@shared@S@NativeToUtf8@S@Descriptor@F@reset#	method	reset	charr::shared::NativeToUtf8::Descriptor::reset	charr::shared	charr::shared	true	src/shared/native_to_utf8.cpp	73	unit:src/shared/native_to_utf8.cpp	shared	neutral_helper	void (void) noexcept	true	decl:c:@N@charr@N@shared@S@NativeToUtf8@S@Descriptor			external	1
decl:c:@N@charr@N@shared@S@NativeToUtf8@S@Descriptor@F@~Descriptor#	destructor	~Descriptor	charr::shared::NativeToUtf8::Descriptor::~Descriptor	charr::shared	charr::shared	true	src/shared/native_to_utf8.cpp	54	unit:src/shared/native_to_utf8.cpp	shared	cxx_helper	void (void) noexcept	true	decl:c:@N@charr@N@shared@S@NativeToUtf8@S@Descriptor			external	1
decl:c:@N@charr@N@shared@S@NfcNormalizer	class	NfcNormalizer	charr::shared::NfcNormalizer	charr::shared	charr::shared	true	src/shared/nfc_normalizer.h	18		shared					true	false	external	3
decl:c:@N@charr@N@shared@S@NfcNormalizer@F@NfcNormalizer#	constructor	NfcNormalizer	charr::shared::NfcNormalizer::NfcNormalizer	charr::shared	charr::shared	true	src/shared/nfc_normalizer.cpp	33	unit:src/shared/nfc_normalizer.cpp	shared	cxx_helper	void (void)	false	decl:c:@N@charr@N@shared@S@NfcNormalizer			external	3
decl:c:@N@charr@N@shared@S@NfcNormalizer@F@normalize#&1$@N@charr@N@shared@S@StringView#&$@E@UErrorCode#	method	normalize	charr::shared::NfcNormalizer::normalize	charr::shared	charr::shared	true	src/shared/nfc_normalizer.cpp	47	unit:src/shared/nfc_normalizer.cpp	shared	cxx_helper	struct charr::shared::StringView (const struct charr::shared::StringView &, enum UErrorCode &)	false	decl:c:@N@charr@N@shared@S@NfcNormalizer			external	3
decl:c:@N@charr@N@shared@S@NfcNormalizer@F@reset#	method	reset	charr::shared::NfcNormalizer::reset	charr::shared	charr::shared	true	src/shared/nfc_normalizer.cpp	38	unit:src/shared/nfc_normalizer.cpp	shared	cxx_helper	enum UErrorCode (void)	false	decl:c:@N@charr@N@shared@S@NfcNormalizer			external	3
decl:c:@N@charr@N@shared@S@ProtHelper	class	ProtHelper	charr::shared::ProtHelper	charr::shared	charr::shared	true	src/shared/protect.h	17		shared					false	true	external	94
decl:c:@N@charr@N@shared@S@ProtHelper@F@adopt#I#	method	adopt	charr::shared::ProtHelper::adopt	charr::shared	charr::shared	true	src/shared/protect.h	64		shared	neutral_helper	void (int) noexcept	true	decl:c:@N@charr@N@shared@S@ProtHelper			external	94
decl:c:@N@charr@N@shared@S@ProtHelper@F@clear#	method	clear	charr::shared::ProtHelper::clear	charr::shared	charr::shared	true	src/shared/protect.h	59		shared	neutral_helper	void (void) noexcept	true	decl:c:@N@charr@N@shared@S@ProtHelper			external	94
decl:c:@N@charr@N@shared@S@ProtHelper@F@count#1	method	count	charr::shared::ProtHelper::count	charr::shared	charr::shared	true	src/shared/protect.h	54		shared	neutral_helper	int (void) const noexcept	true	decl:c:@N@charr@N@shared@S@ProtHelper			external	94
decl:c:@N@charr@N@shared@S@ProtHelper@F@protect_one#*$@S@SEXPREC#	method	protect_one	charr::shared::ProtHelper::protect_one	charr::shared	charr::shared	true	src/shared/protect.h	26		shared	r_helper	struct SEXPREC *(struct SEXPREC *) noexcept	true	decl:c:@N@charr@N@shared@S@ProtHelper			external	94
decl:c:@N@charr@N@shared@S@ProtHelper@F@protect_with_index#*$@S@SEXPREC#*I#	method	protect_with_index	charr::shared::ProtHelper::protect_with_index	charr::shared	charr::shared	true	src/shared/protect.h	33		shared	r_helper	void (struct SEXPREC *, int *) noexcept	true	decl:c:@N@charr@N@shared@S@ProtHelper			external	94
decl:c:@N@charr@N@shared@S@ProtHelper@F@release#I#	method	release	charr::shared::ProtHelper::release	charr::shared	charr::shared	true	src/shared/protect.h	69		shared	neutral_helper	void (int) noexcept	true	decl:c:@N@charr@N@shared@S@ProtHelper			external	94
decl:c:@N@charr@N@shared@S@ProtHelper@F@release_all#	method	release_all	charr::shared::ProtHelper::release_all	charr::shared	charr::shared	true	src/shared/protect.h	75		shared	neutral_helper	void (void) noexcept	true	decl:c:@N@charr@N@shared@S@ProtHelper			external	94
decl:c:@N@charr@N@shared@S@ProtHelper@F@reprotect_one#*$@S@SEXPREC#I#	method	reprotect_one	charr::shared::ProtHelper::reprotect_one	charr::shared	charr::shared	true	src/shared/protect.h	40		shared	r_helper	struct SEXPREC *(struct SEXPREC *, int) noexcept	true	decl:c:@N@charr@N@shared@S@ProtHelper			external	94
decl:c:@N@charr@N@shared@S@ProtHelper@F@reprotect_slot#*$@S@SEXPREC#I#	method	reprotect_slot	charr::shared::ProtHelper::reprotect_slot	charr::shared	charr::shared	true	src/shared/protect.h	47		shared	r_helper	struct SEXPREC *(struct SEXPREC *, int) noexcept	true	decl:c:@N@charr@N@shared@S@ProtHelper			external	94
decl:c:@N@charr@N@shared@S@RUnwind	struct	RUnwind	charr::shared::RUnwind	charr::shared	charr::shared	true	src/shared/unwind.h	18		shared					false	true	external	94
decl:c:@N@charr@N@shared@S@RegexInput	struct	RegexInput	charr::shared::RegexInput	charr::shared	charr::shared	true	src/shared/regex_search.h	27		shared					false	true	external	17
decl:c:@N@charr@N@shared@S@RegexMatcher	class	RegexMatcher	charr::shared::RegexMatcher	charr::shared	charr::shared	true	src/shared/regex_search.h	115		shared					true	false	external	17
decl:c:@N@charr@N@shared@S@RegexMatcher@F@RegexMatcher#$@N@charr@N@shared@S@RegexOptions#	constructor	RegexMatcher	charr::shared::RegexMatcher::RegexMatcher	charr::shared	charr::shared	true	src/shared/regex_search.cpp	285	unit:src/shared/regex_search.cpp	shared	cxx_helper	void (struct charr::shared::RegexOptions) noexcept	true	decl:c:@N@charr@N@shared@S@RegexMatcher			external	15
decl:c:@N@charr@N@shared@S@RegexMatcher@F@bind#&1$@N@charr@N@shared@S@RegexInput#&$@E@UErrorCode#&b#	method	bind	charr::shared::RegexMatcher::bind	charr::shared	charr::shared	true	src/shared/regex_search.cpp	316	unit:src/shared/regex_search.cpp	shared	cxx_helper	_Bool (const struct charr::shared::RegexInput &, enum UErrorCode &, _Bool &) noexcept	true	decl:c:@N@charr@N@shared@S@RegexMatcher			external	15
decl:c:@N@charr@N@shared@S@RegexMatcher@F@byte_offset#I#&$@E@UErrorCode#1	method	byte_offset	charr::shared::RegexMatcher::byte_offset	charr::shared	charr::shared	true	src/shared/regex_search.cpp	968	unit:src/shared/regex_search.cpp	shared	neutral_helper	int (int, enum UErrorCode &) const noexcept	true	decl:c:@N@charr@N@shared@S@RegexMatcher			external	1
decl:c:@N@charr@N@shared@S@RegexMatcher@F@capture_names#&$@N@std@S@vector>#$@N@std@N@__cxx11@S@basic_string>#C#$@N@std@S@char_traits>#C#$@N@std@S@allocator>#C#$@N@std@S@allocator>#S2_#&$@E@UErrorCode#1	method	capture_names	charr::shared::RegexMatcher::capture_names	charr::shared	charr::shared	true	src/shared/regex_search.cpp	737	unit:src/shared/regex_search.cpp	shared	cxx_helper	void (class std::vector<class std::basic_string<char> > &, enum UErrorCode &) const	false	decl:c:@N@charr@N@shared@S@RegexMatcher			external	5
decl:c:@N@charr@N@shared@S@RegexMatcher@F@close#	method	close	charr::shared::RegexMatcher::close	charr::shared	charr::shared	true	src/shared/regex_search.cpp	299	unit:src/shared/regex_search.cpp	shared	cxx_helper	void (void) noexcept	true	decl:c:@N@charr@N@shared@S@RegexMatcher			external	1
decl:c:@N@charr@N@shared@S@RegexMatcher@F@contains#&1$@N@charr@N@shared@S@StringView#*1v#&$@E@UErrorCode#	method	contains	charr::shared::RegexMatcher::contains	charr::shared	charr::shared	true	src/shared/regex_search.cpp	362	unit:src/shared/regex_search.cpp	shared	cxx_helper	_Bool (const struct charr::shared::StringView &, const void *, enum UErrorCode &)	false	decl:c:@N@charr@N@shared@S@RegexMatcher			external	3
decl:c:@N@charr@N@shared@S@RegexMatcher@F@count#&1$@N@charr@N@shared@S@StringView#*1v#&$@E@UErrorCode#	method	count	charr::shared::RegexMatcher::count	charr::shared	charr::shared	true	src/shared/regex_search.cpp	388	unit:src/shared/regex_search.cpp	shared	cxx_helper	int (const struct charr::shared::StringView &, const void *, enum UErrorCode &)	false	decl:c:@N@charr@N@shared@S@RegexMatcher			external	3
decl:c:@N@charr@N@shared@S@RegexMatcher@F@find_all#&1$@N@charr@N@shared@S@StringView#*1v#&$@N@std@S@vector>#$@N@charr@N@shared@S@RegexRange#$@N@std@S@allocator>#S5_#&$@E@UErrorCode#	method	find_all	charr::shared::RegexMatcher::find_all	charr::shared	charr::shared	true	src/shared/regex_search.cpp	476	unit:src/shared/regex_search.cpp	shared	cxx_helper	void (const struct charr::shared::StringView &, const void *, class std::vector<struct charr::shared::RegexRange> &, enum UErrorCode &)	false	decl:c:@N@charr@N@shared@S@RegexMatcher			external	5
decl:c:@N@charr@N@shared@S@RegexMatcher@F@find_all_with_captures#&1$@N@charr@N@shared@S@StringView#*1v#&$@N@std@S@vector>#$@N@charr@N@shared@S@RegexRange#$@N@std@S@allocator>#S5_#&$@N@std@S@vector>#S4_#$@N@std@S@allocator>#S4_#&$@E@UErrorCode#	method	find_all_with_captures	charr::shared::RegexMatcher::find_all_with_captures	charr::shared	charr::shared	true	src/shared/regex_search.cpp	572	unit:src/shared/regex_search.cpp	shared	cxx_helper	void (const struct charr::shared::StringView &, const void *, class std::vector<struct charr::shared::RegexRange> &, class std::vector<class std::vector<struct charr::shared::RegexRange> > &, enum UErrorCode &)	false	decl:c:@N@charr@N@shared@S@RegexMatcher			external	5
decl:c:@N@charr@N@shared@S@RegexMatcher@F@find_first#&1$@N@charr@N@shared@S@StringView#*1v#&$@N@charr@N@shared@S@RegexRange#&$@E@UErrorCode#	method	find_first	charr::shared::RegexMatcher::find_first	charr::shared	charr::shared	true	src/shared/regex_search.cpp	419	unit:src/shared/regex_search.cpp	shared	cxx_helper	_Bool (const struct charr::shared::StringView &, const void *, struct charr::shared::RegexRange &, enum UErrorCode &)	false	decl:c:@N@charr@N@shared@S@RegexMatcher			external	5
decl:c:@N@charr@N@shared@S@RegexMatcher@F@find_first_with_captures#&1$@N@charr@N@shared@S@StringView#*1v#&$@N@charr@N@shared@S@RegexRange#&$@N@std@S@vector>#S4_#$@N@std@S@allocator>#S4_#&$@E@UErrorCode#	method	find_first_with_captures	charr::shared::RegexMatcher::find_first_with_captures	charr::shared	charr::shared	true	src/shared/regex_search.cpp	526	unit:src/shared/regex_search.cpp	shared	cxx_helper	_Bool (const struct charr::shared::StringView &, const void *, struct charr::shared::RegexRange &, class std::vector<struct charr::shared::RegexRange> &, enum UErrorCode &)	false	decl:c:@N@charr@N@shared@S@RegexMatcher			external	5
decl:c:@N@charr@N@shared@S@RegexMatcher@F@group_count#1	method	group_count	charr::shared::RegexMatcher::group_count	charr::shared	charr::shared	true	src/shared/regex_search.cpp	731	unit:src/shared/regex_search.cpp	shared	neutral_helper	int (void) const noexcept	true	decl:c:@N@charr@N@shared@S@RegexMatcher			external	5
decl:c:@N@charr@N@shared@S@RegexMatcher@F@replace#&1$@N@charr@N@shared@S@StringView#*1v#*1$@N@icu_78@S@UnicodeString#$@N@charr@N@shared@E@RegexReplaceMode#&S4_#&$@E@UErrorCode#	method	replace	charr::shared::RegexMatcher::replace	charr::shared	charr::shared	true	src/shared/regex_search.cpp	705	unit:src/shared/regex_search.cpp	shared	cxx_helper	enum charr::shared::RegexReplaceResult (const struct charr::shared::StringView &, const void *, const class icu_78::UnicodeString *, enum charr::shared::RegexReplaceMode, class icu_78::UnicodeString &, enum UErrorCode &)	false	decl:c:@N@charr@N@shared@S@RegexMatcher			external	3
decl:c:@N@charr@N@shared@S@RegexMatcher@F@replace#&1$@N@icu_78@S@UnicodeString#*1S1_#$@N@charr@N@shared@E@RegexReplaceMode#&S1_#&$@E@UErrorCode#	method	replace	charr::shared::RegexMatcher::replace	charr::shared	charr::shared	true	src/shared/regex_search.cpp	650	unit:src/shared/regex_search.cpp	shared	cxx_helper	enum charr::shared::RegexReplaceResult (const class icu_78::UnicodeString &, const class icu_78::UnicodeString *, enum charr::shared::RegexReplaceMode, class icu_78::UnicodeString &, enum UErrorCode &)	false	decl:c:@N@charr@N@shared@S@RegexMatcher			external	3
decl:c:@N@charr@N@shared@S@RegexMatcher@F@reset_options#$@N@charr@N@shared@S@RegexOptions#	method	reset_options	charr::shared::RegexMatcher::reset_options	charr::shared	charr::shared	true	src/shared/regex_search.cpp	307	unit:src/shared/regex_search.cpp	shared	cxx_helper	void (struct charr::shared::RegexOptions) noexcept	true	decl:c:@N@charr@N@shared@S@RegexMatcher			external	3
decl:c:@N@charr@N@shared@S@RegexMatcher@F@split#&1$@N@charr@N@shared@S@StringView#*1v#I#b#b#&$@N@std@S@vector>#$@N@charr@N@shared@S@RegexRange#$@N@std@S@allocator>#S5_#&$@E@UErrorCode#	method	split	charr::shared::RegexMatcher::split	charr::shared	charr::shared	true	src/shared/regex_search.cpp	871	unit:src/shared/regex_search.cpp	shared	cxx_helper	enum charr::shared::RegexSplitResult (const struct charr::shared::StringView &, const void *, int, _Bool, _Bool, class std::vector<struct charr::shared::RegexRange> &, enum UErrorCode &)	false	decl:c:@N@charr@N@shared@S@RegexMatcher			external	3
decl:c:@N@charr@N@shared@S@RegexMatcher@F@split_default#&1$@N@charr@N@shared@S@StringView#*1v#&$@N@std@S@vector>#$@N@charr@N@shared@S@RegexRange#$@N@std@S@allocator>#S5_#&$@E@UErrorCode#	method	split_default	charr::shared::RegexMatcher::split_default	charr::shared	charr::shared	true	src/shared/regex_search.cpp	815	unit:src/shared/regex_search.cpp	shared	cxx_helper	void (const struct charr::shared::StringView &, const void *, class std::vector<struct charr::shared::RegexRange> &, enum UErrorCode &)	false	decl:c:@N@charr@N@shared@S@RegexMatcher			external	3
decl:c:@N@charr@N@shared@S@RegexMatcher@F@subject_is_ascii#1	method	subject_is_ascii	charr::shared::RegexMatcher::subject_is_ascii	charr::shared	charr::shared	true	src/shared/regex_search.cpp	962	unit:src/shared/regex_search.cpp	shared	neutral_helper	_Bool (void) const noexcept	true	decl:c:@N@charr@N@shared@S@RegexMatcher			external	3
decl:c:@N@charr@N@shared@S@RegexMatcher@F@~RegexMatcher#	destructor	~RegexMatcher	charr::shared::RegexMatcher::~RegexMatcher	charr::shared	charr::shared	true	src/shared/regex_search.cpp	293	unit:src/shared/regex_search.cpp	shared	cxx_helper	void (void) noexcept	true	decl:c:@N@charr@N@shared@S@RegexMatcher			external	1
decl:c:@N@charr@N@shared@S@RegexOptions	struct	RegexOptions	charr::shared::RegexOptions	charr::shared	charr::shared	true	src/shared/regex_search.h	18		shared					false	true	external	17
decl:c:@N@charr@N@shared@S@RegexPatterns	class	RegexPatterns	charr::shared::RegexPatterns	charr::shared	charr::shared	true	src/shared/regex_search.h	85		shared					true	false	external	17
decl:c:@N@charr@N@shared@S@RegexPatterns@F@RegexPatterns#	constructor	RegexPatterns	charr::shared::RegexPatterns::RegexPatterns	charr::shared	charr::shared	true	src/shared/regex_search.cpp	211	unit:src/shared/regex_search.cpp	shared	cxx_helper	void (void) noexcept	true	decl:c:@N@charr@N@shared@S@RegexPatterns			external	15
decl:c:@N@charr@N@shared@S@RegexPatterns@F@context#l#&$@N@std@N@__cxx11@S@basic_string>#C#$@N@std@S@char_traits>#C#$@N@std@S@allocator>#C#1	method	context	charr::shared::RegexPatterns::context	charr::shared	charr::shared	true	src/shared/regex_search.cpp	272	unit:src/shared/regex_search.cpp	shared	cxx_helper	void (unsigned long, class std::basic_string<char> &) const	false	decl:c:@N@charr@N@shared@S@RegexPatterns			external	15
decl:c:@N@charr@N@shared@S@RegexPatterns@F@empty_count#1	method	empty_count	charr::shared::RegexPatterns::empty_count	charr::shared	charr::shared	true	src/shared/regex_search.cpp	261	unit:src/shared/regex_search.cpp	shared	neutral_helper	int (void) const noexcept	true	decl:c:@N@charr@N@shared@S@RegexPatterns			external	15
decl:c:@N@charr@N@shared@S@RegexPatterns@F@get#l#1	method	get	charr::shared::RegexPatterns::get	charr::shared	charr::shared	true	src/shared/regex_search.cpp	246	unit:src/shared/regex_search.cpp	shared	cxx_helper	struct charr::shared::RegexInput (unsigned long) const	false	decl:c:@N@charr@N@shared@S@RegexPatterns			external	15
decl:c:@N@charr@N@shared@S@RegexPatterns@F@resize#l#	method	resize	charr::shared::RegexPatterns::resize	charr::shared	charr::shared	true	src/shared/regex_search.cpp	216	unit:src/shared/regex_search.cpp	shared	cxx_helper	void (unsigned long)	false	decl:c:@N@charr@N@shared@S@RegexPatterns			external	15
decl:c:@N@charr@N@shared@S@RegexPatterns@F@set#l#&1$@N@charr@N@shared@S@StringView#	method	set	charr::shared::RegexPatterns::set	charr::shared	charr::shared	true	src/shared/regex_search.cpp	223	unit:src/shared/regex_search.cpp	shared	cxx_helper	void (unsigned long, const struct charr::shared::StringView &)	false	decl:c:@N@charr@N@shared@S@RegexPatterns			external	15
decl:c:@N@charr@N@shared@S@RegexPatterns@F@size#1	method	size	charr::shared::RegexPatterns::size	charr::shared	charr::shared	true	src/shared/regex_search.cpp	240	unit:src/shared/regex_search.cpp	shared	neutral_helper	unsigned long (void) const noexcept	true	decl:c:@N@charr@N@shared@S@RegexPatterns			external	3
decl:c:@N@charr@N@shared@S@RegexRange	struct	RegexRange	charr::shared::RegexRange	charr::shared	charr::shared	true	src/shared/regex_search.h	35		shared					false	true	external	17
decl:c:@N@charr@N@shared@S@SliceArena	class	SliceArena	charr::shared::SliceArena	charr::shared	charr::shared	true	src/shared/slice_arena.h	15		shared					true	false	external	78
decl:c:@N@charr@N@shared@S@SliceArena@F@SliceArena#	constructor	SliceArena	charr::shared::SliceArena::SliceArena	charr::shared	charr::shared	true	src/shared/slice_arena.h	17		shared	cxx_helper	void (void) noexcept	true	decl:c:@N@charr@N@shared@S@SliceArena			external	77
decl:c:@N@charr@N@shared@S@SliceArena@F@allocate#l#	method	allocate	charr::shared::SliceArena::allocate	charr::shared	charr::shared	true	src/shared/slice_arena.h	30		shared	cxx_helper	char *(unsigned long)	false	decl:c:@N@charr@N@shared@S@SliceArena			external	77
decl:c:@N@charr@N@shared@S@SliceArena@F@start_slice#l#	method	start_slice	charr::shared::SliceArena::start_slice	charr::shared	charr::shared	true	src/shared/slice_arena.h	55		shared	cxx_helper	void (unsigned long)	false	decl:c:@N@charr@N@shared@S@SliceArena			external	77
decl:c:@N@charr@N@shared@S@SliceArena@F@valid#1	method	valid	charr::shared::SliceArena::valid	charr::shared	charr::shared	true	src/shared/slice_arena.h	40		shared	neutral_helper	_Bool (void) const noexcept	true	decl:c:@N@charr@N@shared@S@SliceArena			external	77
decl:c:@N@charr@N@shared@S@StringView	struct	StringView	charr::shared::StringView	charr::shared	charr::shared	true	src/shared/string_view.h	25		shared					false	true	external	103
decl:c:@N@charr@N@shared@S@StringView@F@is_na#1	method	is_na	charr::shared::StringView::is_na	charr::shared	charr::shared	true	src/shared/string_view.h	30		shared	neutral_helper	_Bool (void) const noexcept	true	decl:c:@N@charr@N@shared@S@StringView			external	103
decl:c:@N@charr@N@shared@S@TitleCaseInput	struct	TitleCaseInput	charr::shared::TitleCaseInput	charr::shared	charr::shared	true	src/shared/title_case.h	35		shared					false	true	external	3
decl:c:@N@charr@N@shared@S@TitleCaseMapper	class	TitleCaseMapper	charr::shared::TitleCaseMapper	charr::shared	charr::shared	true	src/shared/title_case.h	44		shared					true	false	external	3
decl:c:@N@charr@N@shared@S@TitleCaseMapper@F@TitleCaseMapper#	constructor	TitleCaseMapper	charr::shared::TitleCaseMapper::TitleCaseMapper	charr::shared	charr::shared	true	src/shared/title_case.cpp	137	unit:src/shared/title_case.cpp	shared	cxx_helper	void (void)	false	decl:c:@N@charr@N@shared@S@TitleCaseMapper			external	3
decl:c:@N@charr@N@shared@S@TitleCaseMapper@F@close#	method	close	charr::shared::TitleCaseMapper::close	charr::shared	charr::shared	true	src/shared/title_case.cpp	150	unit:src/shared/title_case.cpp	shared	cxx_helper	void (void) noexcept	true	decl:c:@N@charr@N@shared@S@TitleCaseMapper			external	1
decl:c:@N@charr@N@shared@S@TitleCaseMapper@F@has_ascii_fast_path#&1$@N@charr@N@shared@S@TitleCaseInput#1	method	has_ascii_fast_path	charr::shared::TitleCaseMapper::has_ascii_fast_path	charr::shared	charr::shared	true	src/shared/title_case.cpp	305	unit:src/shared/title_case.cpp	shared	neutral_helper	_Bool (const struct charr::shared::TitleCaseInput &) const noexcept	true	decl:c:@N@charr@N@shared@S@TitleCaseMapper			external	3
decl:c:@N@charr@N@shared@S@TitleCaseMapper@F@map_ascii#&1$@N@charr@N@shared@S@TitleCaseInput#*C#1	method	map_ascii	charr::shared::TitleCaseMapper::map_ascii	charr::shared	charr::shared	true	src/shared/title_case.cpp	312	unit:src/shared/title_case.cpp	shared	neutral_helper	void (const struct charr::shared::TitleCaseInput &, char *) const noexcept	true	decl:c:@N@charr@N@shared@S@TitleCaseMapper			external	3
decl:c:@N@charr@N@shared@S@TitleCaseMapper@F@map_icu#&1$@N@charr@N@shared@S@TitleCaseInput#&$@E@UErrorCode#	method	map_icu	charr::shared::TitleCaseMapper::map_icu	charr::shared	charr::shared	true	src/shared/title_case.cpp	336	unit:src/shared/title_case.cpp	shared	cxx_helper	struct charr::shared::StringView (const struct charr::shared::TitleCaseInput &, enum UErrorCode &)	false	decl:c:@N@charr@N@shared@S@TitleCaseMapper			external	3
decl:c:@N@charr@N@shared@S@TitleCaseMapper@F@prepare#&1$@N@charr@N@shared@S@StringView#	method	prepare	charr::shared::TitleCaseMapper::prepare	charr::shared	charr::shared	true	src/shared/title_case.cpp	239	unit:src/shared/title_case.cpp	shared	cxx_helper	struct charr::shared::TitleCaseInput (const struct charr::shared::StringView &)	false	decl:c:@N@charr@N@shared@S@TitleCaseMapper			external	3
decl:c:@N@charr@N@shared@S@TitleCaseMapper@F@reset#&1$@N@charr@N@shared@S@TitleCaseOptions#	method	reset	charr::shared::TitleCaseMapper::reset	charr::shared	charr::shared	true	src/shared/title_case.cpp	165	unit:src/shared/title_case.cpp	shared	cxx_helper	struct charr::shared::TitleCaseOpenResult (const struct charr::shared::TitleCaseOptions &) noexcept	true	decl:c:@N@charr@N@shared@S@TitleCaseMapper			external	3
decl:c:@N@charr@N@shared@S@TitleCaseMapper@F@~TitleCaseMapper#	destructor	~TitleCaseMapper	charr::shared::TitleCaseMapper::~TitleCaseMapper	charr::shared	charr::shared	true	src/shared/title_case.cpp	144	unit:src/shared/title_case.cpp	shared	cxx_helper	void (void) noexcept	true	decl:c:@N@charr@N@shared@S@TitleCaseMapper			external	1
decl:c:@N@charr@N@shared@S@TitleCaseOpenResult	struct	TitleCaseOpenResult	charr::shared::TitleCaseOpenResult	charr::shared	charr::shared	true	src/shared/title_case.h	29		shared					false	true	external	3
decl:c:@N@charr@N@shared@S@TitleCaseOptions	struct	TitleCaseOptions	charr::shared::TitleCaseOptions	charr::shared	charr::shared	true	src/shared/title_case.h	19		shared					false	true	external	3
decl:c:@N@charr@N@shared@S@Utf8PositionCursor	class	Utf8PositionCursor	charr::shared::Utf8PositionCursor	charr::shared	charr::shared	true	src/shared/utf8.h	21		shared					false	true	external	74
decl:c:@N@charr@N@shared@S@Utf8PositionCursor@F@Utf8PositionCursor#&1$@N@charr@N@shared@S@StringView#	constructor	Utf8PositionCursor	charr::shared::Utf8PositionCursor::Utf8PositionCursor	charr::shared	charr::shared	true	src/shared/utf8.h	23		shared	neutral_helper	void (const struct charr::shared::StringView &) noexcept	true	decl:c:@N@charr@N@shared@S@Utf8PositionCursor			external	74
decl:c:@N@charr@N@shared@S@Utf8PositionCursor@F@at_byte#I#	method	at_byte	charr::shared::Utf8PositionCursor::at_byte	charr::shared	charr::shared	true	src/shared/utf8.h	32		shared	neutral_helper	int (int) noexcept	true	decl:c:@N@charr@N@shared@S@Utf8PositionCursor			external	74
decl:c:@N@icu_78@S@Normalizer2@F@getNFCInstance#&$@E@UErrorCode#S	external_method	getNFCInstance	icu_78::Normalizer2::getNFCInstance	icu_78			/usr/include/unicode/normalizer2.h	105		external		const class icu_78::Normalizer2 *(enum UErrorCode &)	false				external	2
decl:c:@N@icu_78@S@Normalizer2@F@normalize#&1$@N@icu_78@S@UnicodeString#&S1_#&$@E@UErrorCode#1	external_method	normalize	icu_78::Normalizer2::normalize	icu_78			/usr/include/unicode/normalizer2.h	240		external		class icu_78::UnicodeString &(const class icu_78::UnicodeString &, class icu_78::UnicodeString &, enum UErrorCode &) const	false				external	1
decl:c:@N@icu_78@S@Normalizer2@F@normalizeUTF8#i#$@N@icu_78@S@StringPiece#&$@N@icu_78@S@ByteSink#*$@N@icu_78@S@Edits#&$@E@UErrorCode#1	external_method	normalizeUTF8	icu_78::Normalizer2::normalizeUTF8	icu_78			/usr/include/unicode/normalizer2.h	267		external		void (unsigned int, class icu_78::StringPiece, class icu_78::ByteSink &, class icu_78::Edits *, enum UErrorCode &) const	false				external	1
decl:c:@N@icu_78@S@RegexMatcher@F@RegexMatcher#&1$@N@icu_78@S@UnicodeString#i#&$@E@UErrorCode#	external_constructor	RegexMatcher	icu_78::RegexMatcher::RegexMatcher	icu_78			/usr/include/unicode/regex.h	675		external		void (const class icu_78::UnicodeString &, unsigned int, enum UErrorCode &)	false				external	1
decl:c:@N@icu_78@S@RegexMatcher@F@appendReplacement#&$@N@icu_78@S@UnicodeString#&1S1_#&$@E@UErrorCode#	external_method	appendReplacement	icu_78::RegexMatcher::appendReplacement	icu_78			/usr/include/unicode/regex.h	1478		external		class icu_78::RegexMatcher &(class icu_78::UnicodeString &, const class icu_78::UnicodeString &, enum UErrorCode &)	false				external	1
decl:c:@N@icu_78@S@RegexMatcher@F@appendTail#&$@N@icu_78@S@UnicodeString#	external_method	appendTail	icu_78::RegexMatcher::appendTail	icu_78			/usr/include/unicode/regex.h	1523		external		class icu_78::UnicodeString &(class icu_78::UnicodeString &)	false				external	1
decl:c:@N@icu_78@S@RegexMatcher@F@end#&$@E@UErrorCode#1	external_method	end	icu_78::RegexMatcher::end	icu_78			/usr/include/unicode/regex.h	1000		external		int (enum UErrorCode &) const	false				external	1
decl:c:@N@icu_78@S@RegexMatcher@F@end#I#&$@E@UErrorCode#1	external_method	end	icu_78::RegexMatcher::end	icu_78			/usr/include/unicode/regex.h	1035		external		int (int, enum UErrorCode &) const	false				external	1
decl:c:@N@icu_78@S@RegexMatcher@F@find#&$@E@UErrorCode#	external_method	find	icu_78::RegexMatcher::find	icu_78			/usr/include/unicode/regex.h	847		external		signed char (enum UErrorCode &)	false				external	1
decl:c:@N@icu_78@S@RegexMatcher@F@groupCount#1	external_method	groupCount	icu_78::RegexMatcher::groupCount	icu_78			/usr/include/unicode/regex.h	897		external		int (void) const	false				external	1
decl:c:@N@icu_78@S@RegexMatcher@F@pattern#1	external_method	pattern	icu_78::RegexMatcher::pattern	icu_78			/usr/include/unicode/regex.h	1356		external		const class icu_78::RegexPattern &(void) const	false				external	1
decl:c:@N@icu_78@S@RegexMatcher@F@replaceAll#&1$@N@icu_78@S@UnicodeString#&$@E@UErrorCode#	external_method	replaceAll	icu_78::RegexMatcher::replaceAll	icu_78			/usr/include/unicode/regex.h	1375		external		class icu_78::UnicodeString (const class icu_78::UnicodeString &, enum UErrorCode &)	false				external	1
decl:c:@N@icu_78@S@RegexMatcher@F@reset#&1$@N@icu_78@S@UnicodeString#	external_method	reset	icu_78::RegexMatcher::reset	icu_78			/usr/include/unicode/regex.h	1102		external		class icu_78::RegexMatcher &(const class icu_78::UnicodeString &)	false				external	1
decl:c:@N@icu_78@S@RegexMatcher@F@setStackLimit#I#&$@E@UErrorCode#	external_method	setStackLimit	icu_78::RegexMatcher::setStackLimit	icu_78			/usr/include/unicode/regex.h	1651		external		void (int, enum UErrorCode &)	false				external	1
decl:c:@N@icu_78@S@RegexMatcher@F@setTimeLimit#I#&$@E@UErrorCode#	external_method	setTimeLimit	icu_78::RegexMatcher::setTimeLimit	icu_78			/usr/include/unicode/regex.h	1620		external		void (int, enum UErrorCode &)	false				external	1
decl:c:@N@icu_78@S@RegexMatcher@F@start#&$@E@UErrorCode#1	external_method	start	icu_78::RegexMatcher::start	icu_78			/usr/include/unicode/regex.h	945		external		int (enum UErrorCode &) const	false				external	1
decl:c:@N@icu_78@S@RegexMatcher@F@start#I#&$@E@UErrorCode#1	external_method	start	icu_78::RegexMatcher::start	icu_78			/usr/include/unicode/regex.h	970		external		int (int, enum UErrorCode &) const	false				external	1
decl:c:@N@icu_78@S@RegexPattern@F@groupNumberFromName#*1C#I#&$@E@UErrorCode#1	external_method	groupNumberFromName	icu_78::RegexPattern::groupNumberFromName	icu_78			/usr/include/unicode/regex.h	476		external		int (const char *, int, enum UErrorCode &) const	false				external	1
decl:c:@N@icu_78@S@RegexPattern@F@patternText#&$@E@UErrorCode#1	external_method	patternText	icu_78::RegexPattern::patternText	icu_78			/usr/include/unicode/regex.h	441		external		struct UText *(enum UErrorCode &) const	false				external	1
decl:c:@N@icu_78@S@StringPiece@F@StringPiece#*1C#	external_constructor	StringPiece	icu_78::StringPiece::StringPiece	icu_78			/usr/include/unicode/stringpiece.h	78		external		void (const char *)	false				external	1
decl:c:@N@icu_78@S@StringPiece@F@StringPiece#*1C#I#	external_constructor	StringPiece	icu_78::StringPiece::StringPiece	icu_78			/usr/include/unicode/stringpiece.h	151		external		void (const char *, int)	false				external	8
decl:c:@N@icu_78@S@UnicodeSet@F@UnicodeSet#	external_constructor	UnicodeSet	icu_78::UnicodeSet::UnicodeSet	icu_78			/usr/include/unicode/uniset.h	382		external		void (void)	false				external	1
decl:c:@N@icu_78@S@UnicodeSet@F@applyPattern#&1$@N@icu_78@S@UnicodeString#&$@E@UErrorCode#	external_method	applyPattern	icu_78::UnicodeSet::applyPattern	icu_78			/usr/include/unicode/uniset.h	641		external		class icu_78::UnicodeSet &(const class icu_78::UnicodeString &, enum UErrorCode &)	false				external	2
decl:c:@N@icu_78@S@UnicodeSet@F@complement#	external_method	complement	icu_78::UnicodeSet::complement	icu_78			/usr/include/unicode/uniset.h	1413		external		class icu_78::UnicodeSet &(void)	false				external	1
decl:c:@N@icu_78@S@UnicodeSet@F@contains#I#1	external_method	contains	icu_78::UnicodeSet::contains	icu_78			/usr/include/unicode/uniset.h	818		external		signed char (int) const	false				external	4
decl:c:@N@icu_78@S@UnicodeSet@F@freeze#	external_method	freeze	icu_78::UnicodeSet::freeze	icu_78			/usr/include/unicode/uniset.h	594		external		class icu_78::UnicodeSet *(void)	false				external	2
decl:c:@N@icu_78@S@UnicodeSet@F@isBogus#1	external_method	isBogus	icu_78::UnicodeSet::isBogus	icu_78			/usr/include/unicode/uniset.h	1862		external		signed char (void) const	false				external	2
decl:c:@N@icu_78@S@UnicodeSet@F@setToBogus#	external_method	setToBogus	icu_78::UnicodeSet::setToBogus	icu_78			/usr/include/unicode/uniset.h	354		external		void (void)	false				external	1
decl:c:@N@icu_78@S@UnicodeString@F@UnicodeString#	external_constructor	UnicodeString	icu_78::UnicodeString::UnicodeString	icu_78			/usr/include/unicode/unistr.h	4243		external		void (void)	false				external	9
decl:c:@N@icu_78@S@UnicodeString@F@UnicodeString#I#I#I#	external_constructor	UnicodeString	icu_78::UnicodeString::UnicodeString	icu_78			/usr/include/unicode/unistr.h	3144		external		void (int, int, int)	false				external	1
decl:c:@N@icu_78@S@UnicodeString@F@append#*1q#I#I#	external_method	append	icu_78::UnicodeString::append	icu_78			/usr/include/unicode/unistr.h	5031		external		class icu_78::UnicodeString &(const char16_t *, int, int)	false				external	1
decl:c:@N@icu_78@S@UnicodeString@F@fromUTF8#$@N@icu_78@S@StringPiece#S	external_method	fromUTF8	icu_78::UnicodeString::fromUTF8	icu_78			/usr/include/unicode/unistr.h	3702		external		class icu_78::UnicodeString (class icu_78::StringPiece)	false				external	8
decl:c:@N@icu_78@S@UnicodeString@F@getBuffer#1	external_method	getBuffer	icu_78::UnicodeString::getBuffer	icu_78			/usr/include/unicode/unistr.h	4306		external		const char16_t *(void) const	false				external	10
decl:c:@N@icu_78@S@UnicodeString@F@getBuffer#I#	external_method	getBuffer	icu_78::UnicodeString::getBuffer	icu_78			/usr/include/unicode/unistr.h	3004		external		char16_t *(int)	false				external	1
decl:c:@N@icu_78@S@UnicodeString@F@isBogus#1	external_method	isBogus	icu_78::UnicodeString::isBogus	icu_78			/usr/include/unicode/unistr.h	4290		external		signed char (void) const	false				external	8
decl:c:@N@icu_78@S@UnicodeString@F@length#1	external_method	length	icu_78::UnicodeString::length	icu_78			/usr/include/unicode/unistr.h	4275		external		int (void) const	false				external	11
decl:c:@N@icu_78@S@UnicodeString@F@operator=#&&$@N@icu_78@S@UnicodeString#	external_method	operator=	icu_78::UnicodeString::operator=	icu_78			/usr/include/unicode/unistr.h	2035		external		class icu_78::UnicodeString &(class icu_78::UnicodeString &&) noexcept	true				external	1
decl:c:@N@icu_78@S@UnicodeString@F@releaseBuffer#I#	external_method	releaseBuffer	icu_78::UnicodeString::releaseBuffer	icu_78			/usr/include/unicode/unistr.h	3026		external		void (int)	false				external	1
decl:c:@N@icu_78@S@UnicodeString@F@remove#	external_method	remove	icu_78::UnicodeString::remove	icu_78			/usr/include/unicode/unistr.h	5095		external		class icu_78::UnicodeString &(void)	false				external	1
decl:c:@N@icu_78@S@UnicodeString@F@setTo#&1$@N@icu_78@S@UnicodeString#	external_method	setTo	icu_78::UnicodeString::setTo	icu_78			/usr/include/unicode/unistr.h	4993		external		class icu_78::UnicodeString &(const class icu_78::UnicodeString &)	false				external	9
decl:c:@N@icu_78@S@UnicodeString@F@setToBogus#	external_method	setToBogus	icu_78::UnicodeString::setToBogus	icu_78			/usr/include/unicode/unistr.h	2234		external		void (void)	false				external	4
decl:c:@N@icu_78@S@UnicodeString@F@swap#&$@N@icu_78@S@UnicodeString#	external_method	swap	icu_78::UnicodeString::swap	icu_78			/usr/include/unicode/unistr.h	2042		external		void (class icu_78::UnicodeString &) noexcept	true				external	1
decl:c:@N@icu_78@S@UnicodeString@FT@>1#TtoUTF8String#&t0.0#S0_#1	external_method	toUTF8String	icu_78::UnicodeString::toUTF8String	icu_78			/usr/include/unicode/unistr.h	1783		external		type-parameter-0-0 &(type-parameter-0-0 &) const	false				external	2
decl:c:@N@icu_78@ST>1#T@StringByteSink@F@StringByteSink#*t0.0#	external_constructor	StringByteSink<StringClass>	icu_78::StringByteSink::StringByteSink<StringClass>	icu_78			/usr/include/unicode/bytestream.h	299		external		void (type-parameter-0-0 *)	false				external	1
decl:c:@N@std@F@current_exception#	external_function	current_exception	std::current_exception	std			/usr/include/c++/15/bits/exception_ptr.h	75		external		class std::__exception_ptr::exception_ptr (void) noexcept	true				external	94
decl:c:@N@std@F@operator!=#&1>@N@std@ST>3#T#T#T@_Deque_iterator3t0.0t0.1t0.2#S0_#	external_function	operator!=	std::operator!=	std			/usr/include/c++/15/bits/stl_deque.h	301		external		_Bool (const _Deque_iterator<_Tp, _Ref, _Ptr> &, const _Deque_iterator<_Tp, _Ref, _Ptr> &) noexcept	true				external	6
decl:c:@N@std@F@rethrow_exception#$@N@std@N@__exception_ptr@S@exception_ptr#	external_function	rethrow_exception	std::rethrow_exception	std			/usr/include/c++/15/bits/exception_ptr.h	81		external		void (class std::__exception_ptr::exception_ptr) __attribute__((noreturn))	false				external	94
decl:c:@N@std@FT@>1#Tmake_unique#l#^_MakeUniq<type-parameter-0-0>:::__array#	external_function	make_unique	std::make_unique	std			/usr/include/c++/15/bits/unique_ptr.h	1098		external		_MakeUniq<type-parameter-0-0>::__array (unsigned long)	false				external	77
decl:c:@N@std@FT@>1#Tmax#&1t0.0#S0_#S0_#	external_function	max	std::max	std			/usr/include/c++/15/bits/stl_algobase.h	258		external		const type-parameter-0-0 &(const type-parameter-0-0 &, const type-parameter-0-0 &)	false				external	77
decl:c:@N@std@FT@>1#Tmin#&1t0.0#S0_#S0_#	external_function	min	std::min	std			/usr/include/c++/15/bits/stl_algobase.h	234		external		const type-parameter-0-0 &(const type-parameter-0-0 &, const type-parameter-0-0 &)	false				external	4
decl:c:@N@std@FT@>1#Tmove#&&t0.0#&&^remove_reference<type-parameter-0-0>:::type#	external_function	move	std::move	std			/usr/include/c++/15/bits/move.h	138		external		remove_reference<type-parameter-0-0>::type &&(type-parameter-0-0 &&) noexcept	true				external	85
decl:c:@N@std@FT@>2#T#Treverse_copy#t0.0#S0_#t0.1#S1_#	external_function	reverse_copy	std::reverse_copy	std			/usr/include/c++/15/bits/stl_algo.h	1095		external		type-parameter-0-1 (type-parameter-0-0, type-parameter-0-0, type-parameter-0-1)	false				external	2
decl:c:@N@std@FT@>2#T#Tstable_sort#t0.0#S0_#t0.1#v#	external_function	stable_sort	std::stable_sort	std			/usr/include/c++/15/bits/stl_algo.h	5096		external		void (type-parameter-0-0, type-parameter-0-0, type-parameter-0-1)	false				external	1
decl:c:@N@std@FT@>3#T#T#Toperator+#&&>@N@std@N@__cxx11@ST>3#T#T#T@basic_string3t0.0t0.1t0.2#*1S2_#S1_#	external_function	operator+	std::operator+	std			/usr/include/c++/15/bits/basic_string.h	3973		external		basic_string<type-parameter-0-0, type-parameter-0-1, type-parameter-0-2> (basic_string<type-parameter-0-0, type-parameter-0-1, type-parameter-0-2> &&, const type-parameter-0-0 *)	false				external	42
decl:c:@N@std@N@__cxx11@ST>3#T#T#T@basic_string@F@append#*1t0.0#^__alloc_traits<__alloc_traits<type-parameter-0-2, type-parameter-0-2::value_type>::template rebind<type-parameter-0-0>::other, __alloc_traits<type-parameter-0-2, type-parameter-0-2::value_type>::template rebind<type-parameter-0-0>::other::value_type>:::size_type#	external_method	append	std::basic_string::append	std::__cxx11			/usr/include/c++/15/bits/basic_string.h	1566		external		basic_string<_CharT, _Traits, _Alloc> &(const type-parameter-0-0 *, __alloc_traits<__alloc_traits<type-parameter-0-2, type-parameter-0-2::value_type>::template rebind<type-parameter-0-0>::other, __alloc_traits<type-parameter-0-2, type-parameter-0-2::value_type>::template rebind<type-parameter-0-0>::other::value_type>::size_type)	false				external	4
decl:c:@N@std@N@__cxx11@ST>3#T#T#T@basic_string@F@append#^__alloc_traits<__alloc_traits<type-parameter-0-2, type-parameter-0-2::value_type>::template rebind<type-parameter-0-0>::other, __alloc_traits<type-parameter-0-2, type-parameter-0-2::value_type>::template rebind<type-parameter-0-0>::other::value_type>:::size_type#t0.0#	external_method	append	std::basic_string::append	std::__cxx11			/usr/include/c++/15/bits/basic_string.h	1598		external		basic_string<_CharT, _Traits, _Alloc> &(__alloc_traits<__alloc_traits<type-parameter-0-2, type-parameter-0-2::value_type>::template rebind<type-parameter-0-0>::other, __alloc_traits<type-parameter-0-2, type-parameter-0-2::value_type>::template rebind<type-parameter-0-0>::other::value_type>::size_type, type-parameter-0-0)	false				external	1
decl:c:@N@std@N@__cxx11@ST>3#T#T#T@basic_string@F@assign#*1t0.0#^__alloc_traits<__alloc_traits<type-parameter-0-2, type-parameter-0-2::value_type>::template rebind<type-parameter-0-0>::other, __alloc_traits<type-parameter-0-2, type-parameter-0-2::value_type>::template rebind<type-parameter-0-0>::other::value_type>:::size_type#	external_method	assign	std::basic_string::assign	std::__cxx11			/usr/include/c++/15/bits/basic_string.h	1827		external		basic_string<_CharT, _Traits, _Alloc> &(const type-parameter-0-0 *, __alloc_traits<__alloc_traits<type-parameter-0-2, type-parameter-0-2::value_type>::template rebind<type-parameter-0-0>::other, __alloc_traits<type-parameter-0-2, type-parameter-0-2::value_type>::template rebind<type-parameter-0-0>::other::value_type>::size_type)	false				external	1
decl:c:@N@std@N@__cxx11@ST>3#T#T#T@basic_string@F@basic_string#	external_constructor	basic_string<_CharT, _Traits, _Alloc>	std::basic_string::basic_string<_CharT, _Traits, _Alloc>	std::__cxx11			/usr/include/c++/15/bits/basic_string.h	585		external		void (void) noexcept(is_nothrow_default_constructible<_Alloc>::value)	false				external	22
decl:c:@N@std@N@__cxx11@ST>3#T#T#T@basic_string@F@basic_string#&&>@N@std@N@__cxx11@ST>3#T#T#T@basic_string3t0.0t0.1t0.2#	external_constructor	basic_string<_CharT, _Traits, _Alloc>	std::basic_string::basic_string<_CharT, _Traits, _Alloc>	std::__cxx11			/usr/include/c++/15/bits/basic_string.h	742		external		void (basic_string<_CharT, _Traits, _Alloc> &&) noexcept	true				external	1
decl:c:@N@std@N@__cxx11@ST>3#T#T#T@basic_string@F@c_str#1	external_method	c_str	std::basic_string::c_str	std::__cxx11			/usr/include/c++/15/bits/basic_string.h	2873		external		const type-parameter-0-0 *(void) const noexcept	true				external	20
decl:c:@N@std@N@__cxx11@ST>3#T#T#T@basic_string@F@clear#	external_method	clear	std::basic_string::clear	std::__cxx11			/usr/include/c++/15/bits/basic_string.h	1322		external		void (void) noexcept	true				external	3
decl:c:@N@std@N@__cxx11@ST>3#T#T#T@basic_string@F@data#	external_method	data	std::basic_string::data	std::__cxx11			/usr/include/c++/15/bits/basic_string.h	2898		external		type-parameter-0-0 *(void) noexcept	true				external	6
decl:c:@N@std@N@__cxx11@ST>3#T#T#T@basic_string@F@data#1	external_method	data	std::basic_string::data	std::__cxx11			/usr/include/c++/15/bits/basic_string.h	2886		external		const type-parameter-0-0 *(void) const noexcept	true				external	10
decl:c:@N@std@N@__cxx11@ST>3#T#T#T@basic_string@F@empty#1	external_method	empty	std::basic_string::empty	std::__cxx11			/usr/include/c++/15/bits/basic_string.h	1331		external		_Bool (void) const noexcept	true				external	5
decl:c:@N@std@N@__cxx11@ST>3#T#T#T@basic_string@F@operator=#&1>@N@std@N@__cxx11@ST>3#T#T#T@basic_string3t0.0t0.1t0.2#	external_method	operator=	std::basic_string::operator=	std::__cxx11			/usr/include/c++/15/bits/basic_string.h	904		external		basic_string<_CharT, _Traits, _Alloc> &(const basic_string<_CharT, _Traits, _Alloc> &)	false				external	1
decl:c:@N@std@N@__cxx11@ST>3#T#T#T@basic_string@F@operator=#*1t0.0#	external_method	operator=	std::basic_string::operator=	std::__cxx11			/usr/include/c++/15/bits/basic_string.h	915		external		basic_string<_CharT, _Traits, _Alloc> &(const type-parameter-0-0 *)	false				external	3
decl:c:@N@std@N@__cxx11@ST>3#T#T#T@basic_string@F@operator[]#^__alloc_traits<__alloc_traits<type-parameter-0-2, type-parameter-0-2::value_type>::template rebind<type-parameter-0-0>::other, __alloc_traits<type-parameter-0-2, type-parameter-0-2::value_type>::template rebind<type-parameter-0-0>::other::value_type>:::size_type#	external_method	operator[]	std::basic_string::operator[]	std::__cxx11			/usr/include/c++/15/bits/basic_string.h	1365		external		__alloc_traits<__alloc_traits<type-parameter-0-2, type-parameter-0-2::value_type>::template rebind<type-parameter-0-0>::other, __alloc_traits<type-parameter-0-2, type-parameter-0-2::value_type>::template rebind<type-parameter-0-0>::other::value_type>::reference (__alloc_traits<__alloc_traits<type-parameter-0-2, type-parameter-0-2::value_type>::template rebind<type-parameter-0-0>::other, __alloc_traits<type-parameter-0-2, type-parameter-0-2::value_type>::template rebind<type-parameter-0-0>::other::value_type>::size_type)	false				external	1
decl:c:@N@std@N@__cxx11@ST>3#T#T#T@basic_string@F@push_back#t0.0#	external_method	push_back	std::basic_string::push_back	std::__cxx11			/usr/include/c++/15/bits/basic_string.h	1724		external		void (type-parameter-0-0)	false				external	2
decl:c:@N@std@N@__cxx11@ST>3#T#T#T@basic_string@F@reserve#^__alloc_traits<__alloc_traits<type-parameter-0-2, type-parameter-0-2::value_type>::template rebind<type-parameter-0-0>::other, __alloc_traits<type-parameter-0-2, type-parameter-0-2::value_type>::template rebind<type-parameter-0-0>::other::value_type>:::size_type#	external_method	reserve	std::basic_string::reserve	std::__cxx11			/usr/include/c++/15/bits/basic_string.tcc	336		external		void (__alloc_traits<__alloc_traits<type-parameter-0-2, type-parameter-0-2::value_type>::template rebind<type-parameter-0-0>::other, __alloc_traits<type-parameter-0-2, type-parameter-0-2::value_type>::template rebind<type-parameter-0-0>::other::value_type>::size_type)	false				external	2
decl:c:@N@std@N@__cxx11@ST>3#T#T#T@basic_string@F@resize#^__alloc_traits<__alloc_traits<type-parameter-0-2, type-parameter-0-2::value_type>::template rebind<type-parameter-0-0>::other, __alloc_traits<type-parameter-0-2, type-parameter-0-2::value_type>::template rebind<type-parameter-0-0>::other::value_type>:::size_type#	external_method	resize	std::basic_string::resize	std::__cxx11			/usr/include/c++/15/bits/basic_string.h	1215		external		void (__alloc_traits<__alloc_traits<type-parameter-0-2, type-parameter-0-2::value_type>::template rebind<type-parameter-0-0>::other, __alloc_traits<type-parameter-0-2, type-parameter-0-2::value_type>::template rebind<type-parameter-0-0>::other::value_type>::size_type)	false				external	2
decl:c:@N@std@N@__cxx11@ST>3#T#T#T@basic_string@F@size#1	external_method	size	std::basic_string::size	std::__cxx11			/usr/include/c++/15/bits/basic_string.h	1163		external		__alloc_traits<__alloc_traits<type-parameter-0-2, type-parameter-0-2::value_type>::template rebind<type-parameter-0-0>::other, __alloc_traits<type-parameter-0-2, type-parameter-0-2::value_type>::template rebind<type-parameter-0-0>::other::value_type>::size_type (void) const noexcept	true				external	14
decl:c:@N@std@N@__cxx11@ST>3#T#T#T@basic_string@FT@>1#Tbasic_string#*1t0.0#&1t0.2#v#	external_constructor	basic_string<_CharT, _Traits, _Alloc>	std::basic_string::basic_string<_CharT, _Traits, _Alloc>	std::__cxx11			/usr/include/c++/15/bits/basic_string.h	706		external		void (const type-parameter-0-0 *, const type-parameter-0-2 &)	false				external	46
decl:c:@N@std@N@__detail@F@operator!=#&1>@N@std@N@__detail@ST>3#T#Nb#Nb@_Node_iterator3t0.0#S0_#	external_function	operator!=	std::__detail::operator!=	std::__detail			/usr/include/c++/15/bits/hashtable_policy.h	460		external		_Bool (const _Node_iterator<_Value, __constant_iterators, __cache> &, const _Node_iterator<_Value, __constant_iterators, __cache> &) noexcept	true				external	2
decl:c:@N@std@N@__detail@ST>3#T#Nb#Nb@_Node_iterator@F@operator->#1	external_method	operator->	std::__detail::_Node_iterator::operator->	std::__detail			/usr/include/c++/15/bits/hashtable_policy.h	429		external		__conditional<value-parameter-0-1>::template type<const type-parameter-0-0 *, type-parameter-0-0 *> (void) const noexcept	true				external	2
decl:c:@N@std@N@__exception_ptr@S@exception_ptr@F@exception_ptr#	external_constructor	exception_ptr	std::__exception_ptr::exception_ptr::exception_ptr	std::__exception_ptr			/usr/include/c++/15/bits/exception_ptr.h	188		external		void (void) noexcept	true				external	94
decl:c:@N@std@N@__exception_ptr@S@exception_ptr@F@exception_ptr#&1$@N@std@N@__exception_ptr@S@exception_ptr#	external_constructor	exception_ptr	std::__exception_ptr::exception_ptr::exception_ptr	std::__exception_ptr			/usr/include/c++/15/bits/exception_ptr.h	194		external		void (const class std::__exception_ptr::exception_ptr &) noexcept	true				external	2
decl:c:@N@std@N@__exception_ptr@S@exception_ptr@F@operator bool#1	external_method	operator bool	std::__exception_ptr::exception_ptr::operator bool	std::__exception_ptr			/usr/include/c++/15/bits/exception_ptr.h	161		external		_Bool (void) const noexcept	true				external	2
decl:c:@N@std@N@__exception_ptr@S@exception_ptr@F@operator=#&&$@N@std@N@__exception_ptr@S@exception_ptr#	external_method	operator=	std::__exception_ptr::exception_ptr::operator=	std::__exception_ptr			/usr/include/c++/15/bits/exception_ptr.h	140		external		class std::__exception_ptr::exception_ptr &(class std::__exception_ptr::exception_ptr &&) noexcept	true				external	2
decl:c:@N@std@S@bad_alloc@F@bad_alloc#	external_constructor	bad_alloc	std::bad_alloc::bad_alloc	std			/usr/include/c++/15/new	69		external		void (void) noexcept	true				external	2
decl:c:@N@std@S@exception@F@what#1	external_method	what	std::exception::what	std			/usr/include/c++/15/bits/exception.h	76		external		const char *(void) const noexcept	true				external	94
decl:c:@N@std@S@invalid_argument@F@invalid_argument#*1C#	external_constructor	invalid_argument	std::invalid_argument::invalid_argument	std			/usr/include/c++/15/stdexcept	175		external		void (const char *)	false				external	33
decl:c:@N@std@S@length_error@F@length_error#&1$@N@std@N@__cxx11@S@basic_string>#C#$@N@std@S@char_traits>#C#$@N@std@S@allocator>#C#	external_constructor	length_error	std::length_error::length_error	std			/usr/include/c++/15/stdexcept	189		external		void (const class std::basic_string<char> &)	false				external	42
decl:c:@N@std@S@length_error@F@length_error#*1C#	external_constructor	length_error	std::length_error::length_error	std			/usr/include/c++/15/stdexcept	191		external		void (const char *)	false				external	44
decl:c:@N@std@S@logic_error@F@logic_error#*1C#	external_constructor	logic_error	std::logic_error::logic_error	std			/usr/include/c++/15/stdexcept	126		external		void (const char *)	false				external	18
decl:c:@N@std@S@numeric_limits>#I@F@max#S	external_method	max	std::numeric_limits<int>::max	std			/usr/include/c++/15/limits	1075		external		int (void) noexcept	true				external	46
decl:c:@N@std@S@numeric_limits>#l@F@max#S	external_method	max	std::numeric_limits<unsigned long>::max	std			/usr/include/c++/15/limits	1281		external		unsigned long (void) noexcept	true				external	13
decl:c:@N@std@S@out_of_range@F@out_of_range#*1C#	external_constructor	out_of_range	std::out_of_range::out_of_range	std			/usr/include/c++/15/stdexcept	207		external		void (const char *)	false				external	7
decl:c:@N@std@S@runtime_error@F@runtime_error#&1$@N@std@N@__cxx11@S@basic_string>#C#$@N@std@S@char_traits>#C#$@N@std@S@allocator>#C#	external_constructor	runtime_error	std::runtime_error::runtime_error	std			/usr/include/c++/15/stdexcept	228		external		void (const class std::basic_string<char> &)	false				external	1
decl:c:@N@std@S@runtime_error@F@runtime_error#*1C#	external_constructor	runtime_error	std::runtime_error::runtime_error	std			/usr/include/c++/15/stdexcept	232		external		void (const char *)	false				external	54
decl:c:@N@std@SP>2#T#T@unique_ptr>#{nt0.0#t0.1@F@get#1	external_method	get	std::unique_ptr<type-parameter-0-0[], type-parameter-0-1>::get	std			/usr/include/c++/15/bits/unique_ptr.h	741		external		__uniq_ptr_impl<type-parameter-0-0, type-parameter-0-1>::pointer (void) const noexcept	true				external	77
decl:c:@N@std@SP>2#T#T@unique_ptr>#{nt0.0#t0.1@F@operator[]#l#1	external_method	operator[]	std::unique_ptr<type-parameter-0-0[], type-parameter-0-1>::operator[]	std			/usr/include/c++/15/bits/unique_ptr.h	732		external		add_lvalue_reference<type-parameter-0-0>::type (unsigned long) const	false				external	1
decl:c:@N@std@SP>2#T#T@unique_ptr>#{nt0.0#t0.1@FT@>2#T#Treset#t1.0#v#	external_method	reset	std::unique_ptr<type-parameter-0-0[], type-parameter-0-1>::reset	std			/usr/include/c++/15/bits/unique_ptr.h	789		external		void (type-parameter-1-0) noexcept	true				external	1
decl:c:@N@std@SP>2#T#T@unique_ptr>#{nt0.0#t0.1@FT@>2#T#Tunique_ptr#v#	external_constructor	unique_ptr<_Tp[], _Dp>	std::unique_ptr<type-parameter-0-0[], type-parameter-0-1>::unique_ptr<_Tp[], _Dp>	std			/usr/include/c++/15/bits/unique_ptr.h	595		external		void (void) noexcept	true				external	1
decl:c:@N@std@ST>2#T#Nl@array@F@data#1	external_method	data	std::array::data	std			/usr/include/c++/15/array	289		external		const type-parameter-0-0 *(void) const noexcept	true				external	2
decl:c:@N@std@ST>2#T#Nl@array@F@operator[]#l#	external_method	operator[]	std::array::operator[]	std			/usr/include/c++/15/array	208		external		type-parameter-0-0 &(unsigned long) noexcept	true				external	2
decl:c:@N@std@ST>2#T#Nl@array@F@size#1	external_method	size	std::array::size	std			/usr/include/c++/15/array	195		external		unsigned long (void) const noexcept	true				external	2
decl:c:@N@std@ST>2#T#T@basic_string_view@F@data#1	external_method	data	std::basic_string_view::data	std			/usr/include/c++/15/string_view	293		external		const type-parameter-0-0 *(void) const noexcept	true				external	1
decl:c:@N@std@ST>2#T#T@basic_string_view@F@size#1	external_method	size	std::basic_string_view::size	std			/usr/include/c++/15/string_view	233		external		unsigned long (void) const noexcept	true				external	1
decl:c:@N@std@ST>2#T#T@deque@F@begin#	external_method	begin	std::deque::begin	std			/usr/include/c++/15/bits/stl_deque.h	1213		external		_Deque_base<type-parameter-0-0, type-parameter-0-1>::iterator (void) noexcept	true				external	6
decl:c:@N@std@ST>2#T#T@deque@F@end#	external_method	end	std::deque::end	std			/usr/include/c++/15/bits/stl_deque.h	1232		external		_Deque_base<type-parameter-0-0, type-parameter-0-1>::iterator (void) noexcept	true				external	6
decl:c:@N@std@ST>2#T#T@unique_ptr@F@operator bool#1	external_method	operator bool	std::unique_ptr::operator bool	std			/usr/include/c++/15/bits/unique_ptr.h	488		external		_Bool (void) const noexcept	true				external	2
decl:c:@N@std@ST>2#T#T@unique_ptr@F@operator*#1	external_method	operator*	std::unique_ptr::operator*	std			/usr/include/c++/15/bits/unique_ptr.h	445		external		add_lvalue_reference<type-parameter-0-0>::type (void) const noexcept(noexcept(*std::declval<pointer>()))	false				external	1
decl:c:@N@std@ST>2#T#T@unique_ptr@F@operator->#1	external_method	operator->	std::unique_ptr::operator->	std			/usr/include/c++/15/bits/unique_ptr.h	462		external		__uniq_ptr_impl<type-parameter-0-0, type-parameter-0-1>::pointer (void) const noexcept	true				external	1
decl:c:@N@std@ST>2#T#T@unique_ptr@F@reset#^__uniq_ptr_impl<type-parameter-0-0, type-parameter-0-1>:::pointer#	external_method	reset	std::unique_ptr::reset	std			/usr/include/c++/15/bits/unique_ptr.h	507		external		void (__uniq_ptr_impl<type-parameter-0-0, type-parameter-0-1>::pointer) noexcept	true				external	2
decl:c:@N@std@ST>2#T#T@unique_ptr@FT@>2#T#Tunique_ptr#v#	external_constructor	unique_ptr<_Tp, _Dp>	std::unique_ptr::unique_ptr<_Tp, _Dp>	std			/usr/include/c++/15/bits/unique_ptr.h	297		external		void (void) noexcept	true				external	2
decl:c:@N@std@ST>2#T#T@vector@F@assign#l#&1t0.0#	external_method	assign	std::vector::assign	std			/usr/include/c++/15/bits/stl_vector.h	875		external		void (unsigned long, const type-parameter-0-0 &)	false				external	12
decl:c:@N@std@ST>2#T#T@vector@F@back#	external_method	back	std::vector::back	std			/usr/include/c++/15/bits/stl_vector.h	1368		external		__alloc_traits<_Vector_base<type-parameter-0-0, type-parameter-0-1>::_Tp_alloc_type, _Vector_base<type-parameter-0-0, type-parameter-0-1>::_Tp_alloc_type::value_type>::reference (void) noexcept	true				external	21
decl:c:@N@std@ST>2#T#T@vector@F@back#1	external_method	back	std::vector::back	std			/usr/include/c++/15/bits/stl_vector.h	1380		external		__alloc_traits<_Vector_base<type-parameter-0-0, type-parameter-0-1>::_Tp_alloc_type, _Vector_base<type-parameter-0-0, type-parameter-0-1>::_Tp_alloc_type::value_type>::const_reference (void) const noexcept	true				external	3
decl:c:@N@std@ST>2#T#T@vector@F@begin#	external_method	begin	std::vector::begin	std			/usr/include/c++/15/bits/stl_vector.h	998		external		__normal_iterator<_Vector_base<type-parameter-0-0, type-parameter-0-1>::pointer, vector<_Tp, _Alloc> > (void) noexcept	true				external	1
decl:c:@N@std@ST>2#T#T@vector@F@begin#1	external_method	begin	std::vector::begin	std			/usr/include/c++/15/bits/stl_vector.h	1008		external		__normal_iterator<__alloc_traits<_Vector_base<type-parameter-0-0, type-parameter-0-1>::_Tp_alloc_type, _Vector_base<type-parameter-0-0, type-parameter-0-1>::_Tp_alloc_type::value_type>::const_pointer, vector<_Tp, _Alloc> > (void) const noexcept	true				external	4
decl:c:@N@std@ST>2#T#T@vector@F@capacity#1	external_method	capacity	std::vector::capacity	std			/usr/include/c++/15/bits/stl_vector.h	1208		external		unsigned long (void) const noexcept	true				external	1
decl:c:@N@std@ST>2#T#T@vector@F@clear#	external_method	clear	std::vector::clear	std			/usr/include/c++/15/bits/stl_vector.h	1863		external		void (void) noexcept	true				external	43
decl:c:@N@std@ST>2#T#T@vector@F@data#	external_method	data	std::vector::data	std			/usr/include/c++/15/bits/stl_vector.h	1395		external		type-parameter-0-0 *(void) noexcept	true				external	33
decl:c:@N@std@ST>2#T#T@vector@F@data#1	external_method	data	std::vector::data	std			/usr/include/c++/15/bits/stl_vector.h	1400		external		const type-parameter-0-0 *(void) const noexcept	true				external	4
decl:c:@N@std@ST>2#T#T@vector@F@empty#1	external_method	empty	std::vector::empty	std			/usr/include/c++/15/bits/stl_vector.h	1223		external		_Bool (void) const noexcept	true				external	12
decl:c:@N@std@ST>2#T#T@vector@F@end#	external_method	end	std::vector::end	std			/usr/include/c++/15/bits/stl_vector.h	1018		external		__normal_iterator<_Vector_base<type-parameter-0-0, type-parameter-0-1>::pointer, vector<_Tp, _Alloc> > (void) noexcept	true				external	1
decl:c:@N@std@ST>2#T#T@vector@F@end#1	external_method	end	std::vector::end	std			/usr/include/c++/15/bits/stl_vector.h	1028		external		__normal_iterator<__alloc_traits<_Vector_base<type-parameter-0-0, type-parameter-0-1>::_Tp_alloc_type, _Vector_base<type-parameter-0-0, type-parameter-0-1>::_Tp_alloc_type::value_type>::const_pointer, vector<_Tp, _Alloc> > (void) const noexcept	true				external	4
decl:c:@N@std@ST>2#T#T@vector@F@max_size#1	external_method	max_size	std::vector::max_size	std			/usr/include/c++/15/bits/stl_vector.h	1128		external		unsigned long (void) const noexcept	true				external	2
decl:c:@N@std@ST>2#T#T@vector@F@operator[]#l#	external_method	operator[]	std::vector::operator[]	std			/usr/include/c++/15/bits/stl_vector.h	1261		external		__alloc_traits<_Vector_base<type-parameter-0-0, type-parameter-0-1>::_Tp_alloc_type, _Vector_base<type-parameter-0-0, type-parameter-0-1>::_Tp_alloc_type::value_type>::reference (unsigned long) noexcept	true				external	81
decl:c:@N@std@ST>2#T#T@vector@F@operator[]#l#1	external_method	operator[]	std::vector::operator[]	std			/usr/include/c++/15/bits/stl_vector.h	1280		external		__alloc_traits<_Vector_base<type-parameter-0-0, type-parameter-0-1>::_Tp_alloc_type, _Vector_base<type-parameter-0-0, type-parameter-0-1>::_Tp_alloc_type::value_type>::const_reference (unsigned long) const noexcept	true				external	46
decl:c:@N@std@ST>2#T#T@vector@F@pop_back#	external_method	pop_back	std::vector::pop_back	std			/usr/include/c++/15/bits/stl_vector.h	1457		external		void (void) noexcept	true				external	21
decl:c:@N@std@ST>2#T#T@vector@F@push_back#&&t0.0#	external_method	push_back	std::vector::push_back	std			/usr/include/c++/15/bits/stl_vector.h	1433		external		void (type-parameter-0-0 &&)	false				external	90
decl:c:@N@std@ST>2#T#T@vector@F@push_back#&1t0.0#	external_method	push_back	std::vector::push_back	std			/usr/include/c++/15/bits/stl_vector.h	1416		external		void (const type-parameter-0-0 &)	false				external	14
decl:c:@N@std@ST>2#T#T@vector@F@reserve#l#	external_method	reserve	std::vector::reserve	std			/usr/include/c++/15/bits/vector.tcc	68		external		void (unsigned long)	false				external	23
decl:c:@N@std@ST>2#T#T@vector@F@resize#l#	external_method	resize	std::vector::resize	std			/usr/include/c++/15/bits/stl_vector.h	1143		external		void (unsigned long)	false				external	85
decl:c:@N@std@ST>2#T#T@vector@F@size#1	external_method	size	std::vector::size	std			/usr/include/c++/15/bits/stl_vector.h	1117		external		unsigned long (void) const noexcept	true				external	81
decl:c:@N@std@ST>2#T#T@vector@F@swap#&>@N@std@ST>2#T#T@vector2t0.0t0.1#	external_method	swap	std::vector::swap	std			/usr/include/c++/15/bits/stl_vector.h	1844		external		void (vector<_Tp, _Alloc> &) noexcept	true				external	1
decl:c:@N@std@ST>2#T#T@vector@F@vector#l#&1t0.0#&1t0.1#	external_constructor	vector<_Tp, _Alloc>	std::vector::vector<_Tp, _Alloc>	std			/usr/include/c++/15/bits/stl_vector.h	599		external		void (unsigned long, const type-parameter-0-0 &, const type-parameter-0-1 &)	false				external	3
decl:c:@N@std@ST>2#T#T@vector@F@vector#l#&1t0.1#	external_constructor	vector<_Tp, _Alloc>	std::vector::vector<_Tp, _Alloc>	std			/usr/include/c++/15/bits/stl_vector.h	586		external		void (unsigned long, const type-parameter-0-1 &)	false				external	5
decl:c:@N@std@ST>2#T#T@vector@FT@>1#pTemplace_back#P&&t1.0#^__alloc_traits<_Vector_base<type-parameter-0-0, type-parameter-0-1>::_Tp_alloc_type, _Vector_base<type-parameter-0-0, type-parameter-0-1>::_Tp_alloc_type::value_type>:::reference#	external_method	emplace_back	std::vector::emplace_back	std			/usr/include/c++/15/bits/vector.tcc	112		external		__alloc_traits<_Vector_base<type-parameter-0-0, type-parameter-0-1>::_Tp_alloc_type, _Vector_base<type-parameter-0-0, type-parameter-0-1>::_Tp_alloc_type::value_type>::reference (type-parameter-1-0 &&...)	false				external	8
decl:c:@N@std@ST>2#T#T@vector@FT@>2#T#Tassign#t1.0#S0_#v#	external_method	assign	std::vector::assign	std			/usr/include/c++/15/bits/stl_vector.h	895		external		void (type-parameter-1-0, type-parameter-1-0)	false				external	1
decl:c:@N@std@ST>3#T#T#T@_Deque_iterator@F@operator*#1	external_method	operator*	std::_Deque_iterator::operator*	std			/usr/include/c++/15/bits/stl_deque.h	184		external		type-parameter-0-1 (void) const noexcept	true				external	6
decl:c:@N@std@ST>3#T#T#T@_Deque_iterator@F@operator++#	external_method	operator++	std::_Deque_iterator::operator++	std			/usr/include/c++/15/bits/stl_deque.h	193		external		_Deque_iterator<_Tp, _Ref, _Ptr> &(void) noexcept	true				external	6
decl:c:@N@std@ST>3#T#T#T@set@F@insert#&1t0.0#	external_method	insert	std::set::insert	std			/usr/include/c++/15/bits/stl_set.h	533		external		pair<_Rb_tree<type-parameter-0-0, type-parameter-0-0, _Identity<type-parameter-0-0>, type-parameter-0-1, __alloc_traits<type-parameter-0-2, type-parameter-0-2::value_type>::template rebind<type-parameter-0-0>::other>::const_iterator, _Bool> (const type-parameter-0-0 &)	false				external	1
decl:c:@N@std@ST>3#T#T#T@set@F@set#&1t0.1#&1t0.2#	external_constructor	set<_Key, _Compare, _Alloc>	std::set::set<_Key, _Compare, _Alloc>	std			/usr/include/c++/15/bits/stl_set.h	181		external		void (const type-parameter-0-1 &, const type-parameter-0-2 &)	false				external	1
decl:c:@N@std@ST>5#T#T#T#T#T@unordered_map@F@end#	external_method	end	std::unordered_map::end	std			/usr/include/c++/15/bits/unordered_map.h	400		external		_Hashtable<type-parameter-0-0, pair<const type-parameter-0-0, type-parameter-0-1>, type-parameter-0-4, std::__detail::_Select1st, type-parameter-0-3, type-parameter-0-2, std::__detail::_Mod_range_hashing, std::__detail::_Default_ranged_hash, std::__detail::_Prime_rehash_policy, _Hashtable_traits<__not_<__and_<__is_fast_hash<type-parameter-0-2>, __is_nothrow_invocable<const type-parameter-0-2 &, const type-parameter-0-0 &> > >::value, false, true> >::iterator (void) noexcept	true				external	2
decl:c:@N@std@ST>5#T#T#T#T#T@unordered_map@F@find#&1^_Hashtable<type-parameter-0-0, pair<const type-parameter-0-0, type-parameter-0-1>, type-parameter-0-4, std::__detail::_Select1st, type-parameter-0-3, type-parameter-0-2, std::__detail::_Mod_range_hashing, std::__detail::_Default_ranged_hash, std::__detail::_Prime_rehash_policy, _Hashtable_traits<__not_<__and_<__is_fast_hash<type-parameter-0-2>, __is_nothrow_invocable<const type-parameter-0-2 &, const type-parameter-0-0 &>>>::value, false, true>>:::key_type#	external_method	find	std::unordered_map::find	std			/usr/include/c++/15/bits/unordered_map.h	946		external		_Hashtable<type-parameter-0-0, pair<const type-parameter-0-0, type-parameter-0-1>, type-parameter-0-4, std::__detail::_Select1st, type-parameter-0-3, type-parameter-0-2, std::__detail::_Mod_range_hashing, std::__detail::_Default_ranged_hash, std::__detail::_Prime_rehash_policy, _Hashtable_traits<__not_<__and_<__is_fast_hash<type-parameter-0-2>, __is_nothrow_invocable<const type-parameter-0-2 &, const type-parameter-0-0 &> > >::value, false, true> >::iterator (const _Hashtable<type-parameter-0-0, pair<const type-parameter-0-0, type-parameter-0-1>, type-parameter-0-4, std::__detail::_Select1st, type-parameter-0-3, type-parameter-0-2, std::__detail::_Mod_range_hashing, std::__detail::_Default_ranged_hash, std::__detail::_Prime_rehash_policy, _Hashtable_traits<__not_<__and_<__is_fast_hash<type-parameter-0-2>, __is_nothrow_invocable<const type-parameter-0-2 &, const type-parameter-0-0 &> > >::value, false, true> >::key_type &)	false				external	2
decl:c:@N@std@ST>5#T#T#T#T#T@unordered_map@F@reserve#^_Hashtable<type-parameter-0-0, pair<const type-parameter-0-0, type-parameter-0-1>, type-parameter-0-4, std::__detail::_Select1st, type-parameter-0-3, type-parameter-0-2, std::__detail::_Mod_range_hashing, std::__detail::_Default_ranged_hash, std::__detail::_Prime_rehash_policy, _Hashtable_traits<__not_<__and_<__is_fast_hash<type-parameter-0-2>, __is_nothrow_invocable<const type-parameter-0-2 &, const type-parameter-0-0 &>>>::value, false, true>>:::size_type#	external_method	reserve	std::unordered_map::reserve	std			/usr/include/c++/15/bits/unordered_map.h	1204		external		void (_Hashtable<type-parameter-0-0, pair<const type-parameter-0-0, type-parameter-0-1>, type-parameter-0-4, std::__detail::_Select1st, type-parameter-0-3, type-parameter-0-2, std::__detail::_Mod_range_hashing, std::__detail::_Default_ranged_hash, std::__detail::_Prime_rehash_policy, _Hashtable_traits<__not_<__and_<__is_fast_hash<type-parameter-0-2>, __is_nothrow_invocable<const type-parameter-0-2 &, const type-parameter-0-0 &> > >::value, false, true> >::size_type)	false				external	2
decl:c:@N@std@ST>5#T#T#T#T#T@unordered_map@FT@>1#pTemplace#P&&t1.0#>@N@std@ST>2#T#T@pair2^_Hashtable<type-parameter-0-0, pair<const type-parameter-0-0, type-parameter-0-1>, type-parameter-0-4, std::__detail::_Select1st, type-parameter-0-3, type-parameter-0-2, std::__detail::_Mod_range_hashing, std::__detail::_Default_ranged_hash, std::__detail::_Prime_rehash_policy, _Hashtable_traits<__not_<__and_<__is_fast_hash<type-parameter-0-2>, __is_nothrow_invocable<const type-parameter-0-2 &, const type-parameter-0-0 &>>>::value, false, true>>:::iteratorb#	external_method	emplace	std::unordered_map::emplace	std			/usr/include/c++/15/bits/unordered_map.h	441		external		pair<_Hashtable<type-parameter-0-0, pair<const type-parameter-0-0, type-parameter-0-1>, type-parameter-0-4, std::__detail::_Select1st, type-parameter-0-3, type-parameter-0-2, std::__detail::_Mod_range_hashing, std::__detail::_Default_ranged_hash, std::__detail::_Prime_rehash_policy, _Hashtable_traits<__not_<__and_<__is_fast_hash<type-parameter-0-2>, __is_nothrow_invocable<const type-parameter-0-2 &, const type-parameter-0-0 &> > >::value, false, true> >::iterator, _Bool> (type-parameter-1-0 &&...)	false				external	2
decl:c:@S@cetype_ext_t@F@operator!=#$@S@cetype_ext_t#1	external_method	operator!=	cetype_ext_t::operator!=				charport/include/charport/interop/types.h	43		external		_Bool (struct cetype_ext_t) const noexcept	true				external	9
decl:c:@S@cetype_ext_t@F@operator==#$@S@cetype_ext_t#1	external_method	operator==	cetype_ext_t::operator==				charport/include/charport/interop/types.h	40		external		_Bool (struct cetype_ext_t) const noexcept	true				external	15
decl:c:@S@charport_strview@F@is_na#1	external_method	is_na	charport_strview::is_na				charport/include/charport/interop/types.h	122		external		_Bool (void) const noexcept	true				external	33
decl:c:ci_ucnv.cpp@N@charr@N@altrep_backend@N@ucnv@F@ci__queue_converter_warning#*$@N@charr@N@shared@S@DeferredWarnings#*$@E@UErrorCode#*1C#	function	ci__queue_converter_warning	charr::altrep_backend::ucnv::ci__queue_converter_warning	charr::altrep_backend::ucnv	charr::altrep_backend	true	src/altrep_backend/ci_ucnv.cpp	43	unit:src/altrep_backend/ci_ucnv.cpp	altrep	cxx_helper	void (class charr::shared::DeferredWarnings *, enum UErrorCode *, const char *) noexcept	true				internal	1
decl:c:ci_ucnv.cpp@N@charr@N@base_backend@N@ucnv@F@queue_converter_warning#*$@N@charr@N@shared@S@DeferredWarnings#*$@E@UErrorCode#*1C#	function	queue_converter_warning	charr::base_backend::ucnv::queue_converter_warning	charr::base_backend::ucnv	charr::base_backend	true	src/base_backend/ci_ucnv.cpp	44	unit:src/base_backend/ci_ucnv.cpp	base	cxx_helper	void (class charr::shared::DeferredWarnings *, enum UErrorCode *, const char *) noexcept	true				internal	1
decl:c:join.cpp@N@charr@N@shared@N@join@F@add_bytes#&$@N@charr@N@shared@N@join@S@FlattenPlan#l#	function	add_bytes	charr::shared::join::add_bytes	charr::shared::join	charr::shared	true	src/shared/join.cpp	42	unit:src/shared/join.cpp	shared	neutral_helper	void (struct charr::shared::join::FlattenPlan &, unsigned long) noexcept	true				internal	1
decl:c:join.cpp@N@charr@N@shared@N@join@F@copy_bytes#&1$@N@charr@N@shared@S@StringView#*C#&l#	function	copy_bytes	charr::shared::join::copy_bytes	charr::shared::join	charr::shared	true	src/shared/join.cpp	66	unit:src/shared/join.cpp	shared	neutral_helper	void (const struct charr::shared::StringView &, char *, unsigned long &) noexcept	true				internal	1
decl:c:join.cpp@N@charr@N@shared@N@join@F@included#&1$@N@charr@N@shared@S@StringView#I#b#	function	included	charr::shared::join::included	charr::shared::join	charr::shared	true	src/shared/join.cpp	15	unit:src/shared/join.cpp	shared	neutral_helper	_Bool (const struct charr::shared::StringView &, int, _Bool) noexcept	true				internal	1
decl:c:join.cpp@N@charr@N@shared@N@join@F@is_ascii#&1$@N@charr@N@shared@S@StringView#	function	is_ascii	charr::shared::join::is_ascii	charr::shared::join	charr::shared	true	src/shared/join.cpp	27	unit:src/shared/join.cpp	shared	neutral_helper	_Bool (const struct charr::shared::StringView &) noexcept	true				internal	1
decl:c:join.cpp@N@charr@N@shared@N@join@F@value_at#&1$@N@charr@N@shared@N@join@S@Column#l#l#	function	value_at	charr::shared::join::value_at	charr::shared::join	charr::shared	true	src/shared/join.cpp	54	unit:src/shared/join.cpp	shared	neutral_helper	const struct charr::shared::StringView &(const struct charr::shared::join::Column &, unsigned long, unsigned long) noexcept	true				internal	1
file:src/altrep_backend/boundary/options_r.cpp	file	options_r.cpp	src/altrep_backend/boundary/options_r.cpp				src/altrep_backend/boundary/options_r.cpp	0		altrep								1
file:src/altrep_backend/ci_builder.h	file	ci_builder.h	src/altrep_backend/ci_builder.h				src/altrep_backend/ci_builder.h	0		altrep								0
file:src/altrep_backend/ci_compare.cpp	file	ci_compare.cpp	src/altrep_backend/ci_compare.cpp				src/altrep_backend/ci_compare.cpp	0		altrep								1
file:src/altrep_backend/ci_dup.cpp	file	ci_dup.cpp	src/altrep_backend/ci_dup.cpp				src/altrep_backend/ci_dup.cpp	0		altrep								1
file:src/altrep_backend/ci_duplicated.cpp	file	ci_duplicated.cpp	src/altrep_backend/ci_duplicated.cpp				src/altrep_backend/ci_duplicated.cpp	0		altrep								1
file:src/altrep_backend/ci_encoding_conversion.cpp	file	ci_encoding_conversion.cpp	src/altrep_backend/ci_encoding_conversion.cpp				src/altrep_backend/ci_encoding_conversion.cpp	0		altrep								1
file:src/altrep_backend/ci_encoding_management.cpp	file	ci_encoding_management.cpp	src/altrep_backend/ci_encoding_management.cpp				src/altrep_backend/ci_encoding_management.cpp	0		altrep								1
file:src/altrep_backend/ci_escape.cpp	file	ci_escape.cpp	src/altrep_backend/ci_escape.cpp				src/altrep_backend/ci_escape.cpp	0		altrep								1
file:src/altrep_backend/ci_exception.cpp	file	ci_exception.cpp	src/altrep_backend/ci_exception.cpp				src/altrep_backend/ci_exception.cpp	0		altrep								1
file:src/altrep_backend/ci_exception.h	file	ci_exception.h	src/altrep_backend/ci_exception.h				src/altrep_backend/ci_exception.h	0		altrep								0
file:src/altrep_backend/ci_join.cpp	file	ci_join.cpp	src/altrep_backend/ci_join.cpp				src/altrep_backend/ci_join.cpp	0		altrep								1
file:src/altrep_backend/ci_length.cpp	file	ci_length.cpp	src/altrep_backend/ci_length.cpp				src/altrep_backend/ci_length.cpp	0		altrep								1
file:src/altrep_backend/ci_order_rank.cpp	file	ci_order_rank.cpp	src/altrep_backend/ci_order_rank.cpp				src/altrep_backend/ci_order_rank.cpp	0		altrep								1
file:src/altrep_backend/ci_pad.cpp	file	ci_pad.cpp	src/altrep_backend/ci_pad.cpp				src/altrep_backend/ci_pad.cpp	0		altrep								1
file:src/altrep_backend/ci_prepare_arg.cpp	file	ci_prepare_arg.cpp	src/altrep_backend/ci_prepare_arg.cpp				src/altrep_backend/ci_prepare_arg.cpp	0		altrep								1
file:src/altrep_backend/ci_replace_na.cpp	file	ci_replace_na.cpp	src/altrep_backend/ci_replace_na.cpp				src/altrep_backend/ci_replace_na.cpp	0		altrep								1
file:src/altrep_backend/ci_reverse.cpp	file	ci_reverse.cpp	src/altrep_backend/ci_reverse.cpp				src/altrep_backend/ci_reverse.cpp	0		altrep								1
file:src/altrep_backend/ci_search_boundaries_count.cpp	file	ci_search_boundaries_count.cpp	src/altrep_backend/ci_search_boundaries_count.cpp				src/altrep_backend/ci_search_boundaries_count.cpp	0		altrep								1
file:src/altrep_backend/ci_search_boundaries_extract.cpp	file	ci_search_boundaries_extract.cpp	src/altrep_backend/ci_search_boundaries_extract.cpp				src/altrep_backend/ci_search_boundaries_extract.cpp	0		altrep								1
file:src/altrep_backend/ci_search_boundaries_locate.cpp	file	ci_search_boundaries_locate.cpp	src/altrep_backend/ci_search_boundaries_locate.cpp				src/altrep_backend/ci_search_boundaries_locate.cpp	0		altrep								1
file:src/altrep_backend/ci_search_boundaries_split.cpp	file	ci_search_boundaries_split.cpp	src/altrep_backend/ci_search_boundaries_split.cpp				src/altrep_backend/ci_search_boundaries_split.cpp	0		altrep								1
file:src/altrep_backend/ci_search_class_replace.cpp	file	ci_search_class_replace.cpp	src/altrep_backend/ci_search_class_replace.cpp				src/altrep_backend/ci_search_class_replace.cpp	0		altrep								1
file:src/altrep_backend/ci_search_class_trim.cpp	file	ci_search_class_trim.cpp	src/altrep_backend/ci_search_class_trim.cpp				src/altrep_backend/ci_search_class_trim.cpp	0		altrep								1
file:src/altrep_backend/ci_search_coll_count.cpp	file	ci_search_coll_count.cpp	src/altrep_backend/ci_search_coll_count.cpp				src/altrep_backend/ci_search_coll_count.cpp	0		altrep								1
file:src/altrep_backend/ci_search_coll_detect.cpp	file	ci_search_coll_detect.cpp	src/altrep_backend/ci_search_coll_detect.cpp				src/altrep_backend/ci_search_coll_detect.cpp	0		altrep								1
file:src/altrep_backend/ci_search_coll_extract.cpp	file	ci_search_coll_extract.cpp	src/altrep_backend/ci_search_coll_extract.cpp				src/altrep_backend/ci_search_coll_extract.cpp	0		altrep								1
file:src/altrep_backend/ci_search_coll_locate.cpp	file	ci_search_coll_locate.cpp	src/altrep_backend/ci_search_coll_locate.cpp				src/altrep_backend/ci_search_coll_locate.cpp	0		altrep								1
file:src/altrep_backend/ci_search_coll_replace.cpp	file	ci_search_coll_replace.cpp	src/altrep_backend/ci_search_coll_replace.cpp				src/altrep_backend/ci_search_coll_replace.cpp	0		altrep								1
file:src/altrep_backend/ci_search_coll_split.cpp	file	ci_search_coll_split.cpp	src/altrep_backend/ci_search_coll_split.cpp				src/altrep_backend/ci_search_coll_split.cpp	0		altrep								1
file:src/altrep_backend/ci_search_coll_startsendswith.cpp	file	ci_search_coll_startsendswith.cpp	src/altrep_backend/ci_search_coll_startsendswith.cpp				src/altrep_backend/ci_search_coll_startsendswith.cpp	0		altrep								1
file:src/altrep_backend/ci_search_common.cpp	file	ci_search_common.cpp	src/altrep_backend/ci_search_common.cpp				src/altrep_backend/ci_search_common.cpp	0		altrep								1
file:src/altrep_backend/ci_search_fixed_count.cpp	file	ci_search_fixed_count.cpp	src/altrep_backend/ci_search_fixed_count.cpp				src/altrep_backend/ci_search_fixed_count.cpp	0		altrep								1
file:src/altrep_backend/ci_search_fixed_detect.cpp	file	ci_search_fixed_detect.cpp	src/altrep_backend/ci_search_fixed_detect.cpp				src/altrep_backend/ci_search_fixed_detect.cpp	0		altrep								1
file:src/altrep_backend/ci_search_fixed_extract.cpp	file	ci_search_fixed_extract.cpp	src/altrep_backend/ci_search_fixed_extract.cpp				src/altrep_backend/ci_search_fixed_extract.cpp	0		altrep								1
file:src/altrep_backend/ci_search_fixed_extract_first.cpp	file	ci_search_fixed_extract_first.cpp	src/altrep_backend/ci_search_fixed_extract_first.cpp				src/altrep_backend/ci_search_fixed_extract_first.cpp	0		altrep								1
file:src/altrep_backend/ci_search_fixed_locate.cpp	file	ci_search_fixed_locate.cpp	src/altrep_backend/ci_search_fixed_locate.cpp				src/altrep_backend/ci_search_fixed_locate.cpp	0		altrep								1
file:src/altrep_backend/ci_search_fixed_replace.cpp	file	ci_search_fixed_replace.cpp	src/altrep_backend/ci_search_fixed_replace.cpp				src/altrep_backend/ci_search_fixed_replace.cpp	0		altrep								1
file:src/altrep_backend/ci_search_fixed_split.cpp	file	ci_search_fixed_split.cpp	src/altrep_backend/ci_search_fixed_split.cpp				src/altrep_backend/ci_search_fixed_split.cpp	0		altrep								1
file:src/altrep_backend/ci_search_fixed_startsendswith.cpp	file	ci_search_fixed_startsendswith.cpp	src/altrep_backend/ci_search_fixed_startsendswith.cpp				src/altrep_backend/ci_search_fixed_startsendswith.cpp	0		altrep								1
file:src/altrep_backend/ci_search_other_split.cpp	file	ci_search_other_split.cpp	src/altrep_backend/ci_search_other_split.cpp				src/altrep_backend/ci_search_other_split.cpp	0		altrep								1
file:src/altrep_backend/ci_search_regex_count.cpp	file	ci_search_regex_count.cpp	src/altrep_backend/ci_search_regex_count.cpp				src/altrep_backend/ci_search_regex_count.cpp	0		altrep								1
file:src/altrep_backend/ci_search_regex_detect.cpp	file	ci_search_regex_detect.cpp	src/altrep_backend/ci_search_regex_detect.cpp				src/altrep_backend/ci_search_regex_detect.cpp	0		altrep								1
file:src/altrep_backend/ci_search_regex_extract.cpp	file	ci_search_regex_extract.cpp	src/altrep_backend/ci_search_regex_extract.cpp				src/altrep_backend/ci_search_regex_extract.cpp	0		altrep								1
file:src/altrep_backend/ci_search_regex_locate.cpp	file	ci_search_regex_locate.cpp	src/altrep_backend/ci_search_regex_locate.cpp				src/altrep_backend/ci_search_regex_locate.cpp	0		altrep								1
file:src/altrep_backend/ci_search_regex_match.cpp	file	ci_search_regex_match.cpp	src/altrep_backend/ci_search_regex_match.cpp				src/altrep_backend/ci_search_regex_match.cpp	0		altrep								1
file:src/altrep_backend/ci_search_regex_replace.cpp	file	ci_search_regex_replace.cpp	src/altrep_backend/ci_search_regex_replace.cpp				src/altrep_backend/ci_search_regex_replace.cpp	0		altrep								1
file:src/altrep_backend/ci_search_regex_split.cpp	file	ci_search_regex_split.cpp	src/altrep_backend/ci_search_regex_split.cpp				src/altrep_backend/ci_search_regex_split.cpp	0		altrep								1
file:src/altrep_backend/ci_split_lines.cpp	file	ci_split_lines.cpp	src/altrep_backend/ci_split_lines.cpp				src/altrep_backend/ci_split_lines.cpp	0		altrep								1
file:src/altrep_backend/ci_string8buf.h	file	ci_string8buf.h	src/altrep_backend/ci_string8buf.h				src/altrep_backend/ci_string8buf.h	0		altrep								0
file:src/altrep_backend/ci_sub.cpp	file	ci_sub.cpp	src/altrep_backend/ci_sub.cpp				src/altrep_backend/ci_sub.cpp	0		altrep								1
file:src/altrep_backend/ci_trans_casemap.cpp	file	ci_trans_casemap.cpp	src/altrep_backend/ci_trans_casemap.cpp				src/altrep_backend/ci_trans_casemap.cpp	0		altrep								1
file:src/altrep_backend/ci_trans_normalization.cpp	file	ci_trans_normalization.cpp	src/altrep_backend/ci_trans_normalization.cpp				src/altrep_backend/ci_trans_normalization.cpp	0		altrep								1
file:src/altrep_backend/ci_trans_title.cpp	file	ci_trans_title.cpp	src/altrep_backend/ci_trans_title.cpp				src/altrep_backend/ci_trans_title.cpp	0		altrep								1
file:src/altrep_backend/ci_ucnv.cpp	file	ci_ucnv.cpp	src/altrep_backend/ci_ucnv.cpp				src/altrep_backend/ci_ucnv.cpp	0		altrep								1
file:src/altrep_backend/ci_ucnv.h	file	ci_ucnv.h	src/altrep_backend/ci_ucnv.h				src/altrep_backend/ci_ucnv.h	0		altrep								0
file:src/altrep_backend/ci_wrap.cpp	file	ci_wrap.cpp	src/altrep_backend/ci_wrap.cpp				src/altrep_backend/ci_wrap.cpp	0		altrep								1
file:src/altrep_backend/collator/options.cpp	file	options.cpp	src/altrep_backend/collator/options.cpp				src/altrep_backend/collator/options.cpp	0		altrep								1
file:src/altrep_backend/entrypoints.cpp	file	entrypoints.cpp	src/altrep_backend/entrypoints.cpp				src/altrep_backend/entrypoints.cpp	0		altrep								1
file:src/altrep_backend/fixed/options.cpp	file	options.cpp	src/altrep_backend/fixed/options.cpp				src/altrep_backend/fixed/options.cpp	0		altrep								1
file:src/altrep_backend/io/reader_utils.h	file	reader_utils.h	src/altrep_backend/io/reader_utils.h				src/altrep_backend/io/reader_utils.h	0		altrep								0
file:src/altrep_backend/io/string_view.h	file	string_view.h	src/altrep_backend/io/string_view.h				src/altrep_backend/io/string_view.h	0		altrep								0
file:src/altrep_backend/io/utf8_output.cpp	file	utf8_output.cpp	src/altrep_backend/io/utf8_output.cpp				src/altrep_backend/io/utf8_output.cpp	0		altrep								1
file:src/altrep_backend/io/utf8_output.h	file	utf8_output.h	src/altrep_backend/io/utf8_output.h				src/altrep_backend/io/utf8_output.h	0		altrep								0
file:src/altrep_backend/regex/options_r.cpp	file	options_r.cpp	src/altrep_backend/regex/options_r.cpp				src/altrep_backend/regex/options_r.cpp	0		altrep								1
file:src/base_backend/boundary/options_r.cpp	file	options_r.cpp	src/base_backend/boundary/options_r.cpp				src/base_backend/boundary/options_r.cpp	0		base								1
file:src/base_backend/ci_compare.cpp	file	ci_compare.cpp	src/base_backend/ci_compare.cpp				src/base_backend/ci_compare.cpp	0		base								1
file:src/base_backend/ci_dup.cpp	file	ci_dup.cpp	src/base_backend/ci_dup.cpp				src/base_backend/ci_dup.cpp	0		base								1
file:src/base_backend/ci_duplicated.cpp	file	ci_duplicated.cpp	src/base_backend/ci_duplicated.cpp				src/base_backend/ci_duplicated.cpp	0		base								1
file:src/base_backend/ci_encoding_conversion.cpp	file	ci_encoding_conversion.cpp	src/base_backend/ci_encoding_conversion.cpp				src/base_backend/ci_encoding_conversion.cpp	0		base								1
file:src/base_backend/ci_encoding_management.cpp	file	ci_encoding_management.cpp	src/base_backend/ci_encoding_management.cpp				src/base_backend/ci_encoding_management.cpp	0		base								1
file:src/base_backend/ci_escape.cpp	file	ci_escape.cpp	src/base_backend/ci_escape.cpp				src/base_backend/ci_escape.cpp	0		base								1
file:src/base_backend/ci_exception.cpp	file	ci_exception.cpp	src/base_backend/ci_exception.cpp				src/base_backend/ci_exception.cpp	0		base								1
file:src/base_backend/ci_exception.h	file	ci_exception.h	src/base_backend/ci_exception.h				src/base_backend/ci_exception.h	0		base								0
file:src/base_backend/ci_join.cpp	file	ci_join.cpp	src/base_backend/ci_join.cpp				src/base_backend/ci_join.cpp	0		base								1
file:src/base_backend/ci_length.cpp	file	ci_length.cpp	src/base_backend/ci_length.cpp				src/base_backend/ci_length.cpp	0		base								1
file:src/base_backend/ci_order_rank.cpp	file	ci_order_rank.cpp	src/base_backend/ci_order_rank.cpp				src/base_backend/ci_order_rank.cpp	0		base								1
file:src/base_backend/ci_pad.cpp	file	ci_pad.cpp	src/base_backend/ci_pad.cpp				src/base_backend/ci_pad.cpp	0		base								1
file:src/base_backend/ci_prepare_arg.cpp	file	ci_prepare_arg.cpp	src/base_backend/ci_prepare_arg.cpp				src/base_backend/ci_prepare_arg.cpp	0		base								1
file:src/base_backend/ci_replace_na.cpp	file	ci_replace_na.cpp	src/base_backend/ci_replace_na.cpp				src/base_backend/ci_replace_na.cpp	0		base								1
file:src/base_backend/ci_reverse.cpp	file	ci_reverse.cpp	src/base_backend/ci_reverse.cpp				src/base_backend/ci_reverse.cpp	0		base								1
file:src/base_backend/ci_search_boundaries_count.cpp	file	ci_search_boundaries_count.cpp	src/base_backend/ci_search_boundaries_count.cpp				src/base_backend/ci_search_boundaries_count.cpp	0		base								1
file:src/base_backend/ci_search_boundaries_extract.cpp	file	ci_search_boundaries_extract.cpp	src/base_backend/ci_search_boundaries_extract.cpp				src/base_backend/ci_search_boundaries_extract.cpp	0		base								1
file:src/base_backend/ci_search_boundaries_locate.cpp	file	ci_search_boundaries_locate.cpp	src/base_backend/ci_search_boundaries_locate.cpp				src/base_backend/ci_search_boundaries_locate.cpp	0		base								1
file:src/base_backend/ci_search_boundaries_split.cpp	file	ci_search_boundaries_split.cpp	src/base_backend/ci_search_boundaries_split.cpp				src/base_backend/ci_search_boundaries_split.cpp	0		base								1
file:src/base_backend/ci_search_class_replace.cpp	file	ci_search_class_replace.cpp	src/base_backend/ci_search_class_replace.cpp				src/base_backend/ci_search_class_replace.cpp	0		base								1
file:src/base_backend/ci_search_class_trim.cpp	file	ci_search_class_trim.cpp	src/base_backend/ci_search_class_trim.cpp				src/base_backend/ci_search_class_trim.cpp	0		base								1
file:src/base_backend/ci_search_coll_count.cpp	file	ci_search_coll_count.cpp	src/base_backend/ci_search_coll_count.cpp				src/base_backend/ci_search_coll_count.cpp	0		base								1
file:src/base_backend/ci_search_coll_detect.cpp	file	ci_search_coll_detect.cpp	src/base_backend/ci_search_coll_detect.cpp				src/base_backend/ci_search_coll_detect.cpp	0		base								1
file:src/base_backend/ci_search_coll_extract.cpp	file	ci_search_coll_extract.cpp	src/base_backend/ci_search_coll_extract.cpp				src/base_backend/ci_search_coll_extract.cpp	0		base								1
file:src/base_backend/ci_search_coll_locate.cpp	file	ci_search_coll_locate.cpp	src/base_backend/ci_search_coll_locate.cpp				src/base_backend/ci_search_coll_locate.cpp	0		base								1
file:src/base_backend/ci_search_coll_replace.cpp	file	ci_search_coll_replace.cpp	src/base_backend/ci_search_coll_replace.cpp				src/base_backend/ci_search_coll_replace.cpp	0		base								1
file:src/base_backend/ci_search_coll_split.cpp	file	ci_search_coll_split.cpp	src/base_backend/ci_search_coll_split.cpp				src/base_backend/ci_search_coll_split.cpp	0		base								1
file:src/base_backend/ci_search_coll_startsendswith.cpp	file	ci_search_coll_startsendswith.cpp	src/base_backend/ci_search_coll_startsendswith.cpp				src/base_backend/ci_search_coll_startsendswith.cpp	0		base								1
file:src/base_backend/ci_search_common.cpp	file	ci_search_common.cpp	src/base_backend/ci_search_common.cpp				src/base_backend/ci_search_common.cpp	0		base								1
file:src/base_backend/ci_search_fixed_count.cpp	file	ci_search_fixed_count.cpp	src/base_backend/ci_search_fixed_count.cpp				src/base_backend/ci_search_fixed_count.cpp	0		base								1
file:src/base_backend/ci_search_fixed_detect.cpp	file	ci_search_fixed_detect.cpp	src/base_backend/ci_search_fixed_detect.cpp				src/base_backend/ci_search_fixed_detect.cpp	0		base								1
file:src/base_backend/ci_search_fixed_extract.cpp	file	ci_search_fixed_extract.cpp	src/base_backend/ci_search_fixed_extract.cpp				src/base_backend/ci_search_fixed_extract.cpp	0		base								1
file:src/base_backend/ci_search_fixed_extract_first.cpp	file	ci_search_fixed_extract_first.cpp	src/base_backend/ci_search_fixed_extract_first.cpp				src/base_backend/ci_search_fixed_extract_first.cpp	0		base								1
file:src/base_backend/ci_search_fixed_locate.cpp	file	ci_search_fixed_locate.cpp	src/base_backend/ci_search_fixed_locate.cpp				src/base_backend/ci_search_fixed_locate.cpp	0		base								1
file:src/base_backend/ci_search_fixed_replace.cpp	file	ci_search_fixed_replace.cpp	src/base_backend/ci_search_fixed_replace.cpp				src/base_backend/ci_search_fixed_replace.cpp	0		base								1
file:src/base_backend/ci_search_fixed_split.cpp	file	ci_search_fixed_split.cpp	src/base_backend/ci_search_fixed_split.cpp				src/base_backend/ci_search_fixed_split.cpp	0		base								1
file:src/base_backend/ci_search_fixed_startsendswith.cpp	file	ci_search_fixed_startsendswith.cpp	src/base_backend/ci_search_fixed_startsendswith.cpp				src/base_backend/ci_search_fixed_startsendswith.cpp	0		base								1
file:src/base_backend/ci_search_other_split.cpp	file	ci_search_other_split.cpp	src/base_backend/ci_search_other_split.cpp				src/base_backend/ci_search_other_split.cpp	0		base								1
file:src/base_backend/ci_search_regex_count.cpp	file	ci_search_regex_count.cpp	src/base_backend/ci_search_regex_count.cpp				src/base_backend/ci_search_regex_count.cpp	0		base								1
file:src/base_backend/ci_search_regex_detect.cpp	file	ci_search_regex_detect.cpp	src/base_backend/ci_search_regex_detect.cpp				src/base_backend/ci_search_regex_detect.cpp	0		base								1
file:src/base_backend/ci_search_regex_extract.cpp	file	ci_search_regex_extract.cpp	src/base_backend/ci_search_regex_extract.cpp				src/base_backend/ci_search_regex_extract.cpp	0		base								1
file:src/base_backend/ci_search_regex_locate.cpp	file	ci_search_regex_locate.cpp	src/base_backend/ci_search_regex_locate.cpp				src/base_backend/ci_search_regex_locate.cpp	0		base								1
file:src/base_backend/ci_search_regex_match.cpp	file	ci_search_regex_match.cpp	src/base_backend/ci_search_regex_match.cpp				src/base_backend/ci_search_regex_match.cpp	0		base								1
file:src/base_backend/ci_search_regex_replace.cpp	file	ci_search_regex_replace.cpp	src/base_backend/ci_search_regex_replace.cpp				src/base_backend/ci_search_regex_replace.cpp	0		base								1
file:src/base_backend/ci_search_regex_split.cpp	file	ci_search_regex_split.cpp	src/base_backend/ci_search_regex_split.cpp				src/base_backend/ci_search_regex_split.cpp	0		base								1
file:src/base_backend/ci_split_lines.cpp	file	ci_split_lines.cpp	src/base_backend/ci_split_lines.cpp				src/base_backend/ci_split_lines.cpp	0		base								1
file:src/base_backend/ci_string8buf.h	file	ci_string8buf.h	src/base_backend/ci_string8buf.h				src/base_backend/ci_string8buf.h	0		base								0
file:src/base_backend/ci_sub.cpp	file	ci_sub.cpp	src/base_backend/ci_sub.cpp				src/base_backend/ci_sub.cpp	0		base								1
file:src/base_backend/ci_trans_casemap.cpp	file	ci_trans_casemap.cpp	src/base_backend/ci_trans_casemap.cpp				src/base_backend/ci_trans_casemap.cpp	0		base								1
file:src/base_backend/ci_trans_normalization.cpp	file	ci_trans_normalization.cpp	src/base_backend/ci_trans_normalization.cpp				src/base_backend/ci_trans_normalization.cpp	0		base								1
file:src/base_backend/ci_trans_title.cpp	file	ci_trans_title.cpp	src/base_backend/ci_trans_title.cpp				src/base_backend/ci_trans_title.cpp	0		base								1
file:src/base_backend/ci_ucnv.cpp	file	ci_ucnv.cpp	src/base_backend/ci_ucnv.cpp				src/base_backend/ci_ucnv.cpp	0		base								1
file:src/base_backend/ci_ucnv.h	file	ci_ucnv.h	src/base_backend/ci_ucnv.h				src/base_backend/ci_ucnv.h	0		base								0
file:src/base_backend/ci_wrap.cpp	file	ci_wrap.cpp	src/base_backend/ci_wrap.cpp				src/base_backend/ci_wrap.cpp	0		base								1
file:src/base_backend/collator/options.cpp	file	options.cpp	src/base_backend/collator/options.cpp				src/base_backend/collator/options.cpp	0		base								1
file:src/base_backend/entrypoints.cpp	file	entrypoints.cpp	src/base_backend/entrypoints.cpp				src/base_backend/entrypoints.cpp	0		base								1
file:src/base_backend/fixed/options.cpp	file	options.cpp	src/base_backend/fixed/options.cpp				src/base_backend/fixed/options.cpp	0		base								1
file:src/base_backend/io/string_view.h	file	string_view.h	src/base_backend/io/string_view.h				src/base_backend/io/string_view.h	0		base								0
file:src/base_backend/regex/options_r.cpp	file	options_r.cpp	src/base_backend/regex/options_r.cpp				src/base_backend/regex/options_r.cpp	0		base								1
file:src/runtime/icu.cpp	file	icu.cpp	src/runtime/icu.cpp				src/runtime/icu.cpp	0		runtime								1
file:src/runtime/registration.cpp	file	registration.cpp	src/runtime/registration.cpp				src/runtime/registration.cpp	0		runtime								1
file:src/shared/ascii.h	file	ascii.h	src/shared/ascii.h				src/shared/ascii.h	0		shared								0
file:src/shared/boundary_iterator.cpp	file	boundary_iterator.cpp	src/shared/boundary_iterator.cpp				src/shared/boundary_iterator.cpp	0		shared								1
file:src/shared/boundary_iterator.h	file	boundary_iterator.h	src/shared/boundary_iterator.h				src/shared/boundary_iterator.h	0		shared								0
file:src/shared/byte_search_matcher.h	file	byte_search_matcher.h	src/shared/byte_search_matcher.h				src/shared/byte_search_matcher.h	0		shared								0
file:src/shared/byte_view.h	file	byte_view.h	src/shared/byte_view.h				src/shared/byte_view.h	0		shared								0
file:src/shared/case_mapper.cpp	file	case_mapper.cpp	src/shared/case_mapper.cpp				src/shared/case_mapper.cpp	0		shared								1
file:src/shared/case_mapper.h	file	case_mapper.h	src/shared/case_mapper.h				src/shared/case_mapper.h	0		shared								0
file:src/shared/character_class.cpp	file	character_class.cpp	src/shared/character_class.cpp				src/shared/character_class.cpp	0		shared								1
file:src/shared/character_class.h	file	character_class.h	src/shared/character_class.h				src/shared/character_class.h	0		shared								0
file:src/shared/character_class_search.cpp	file	character_class_search.cpp	src/shared/character_class_search.cpp				src/shared/character_class_search.cpp	0		shared								1
file:src/shared/collation_ordering.cpp	file	collation_ordering.cpp	src/shared/collation_ordering.cpp				src/shared/collation_ordering.cpp	0		shared								1
file:src/shared/collation_search.cpp	file	collation_search.cpp	src/shared/collation_search.cpp				src/shared/collation_search.cpp	0		shared								1
file:src/shared/collation_search.h	file	collation_search.h	src/shared/collation_search.h				src/shared/collation_search.h	0		shared								0
file:src/shared/collator.cpp	file	collator.cpp	src/shared/collator.cpp				src/shared/collator.cpp	0		shared								1
file:src/shared/collator.h	file	collator.h	src/shared/collator.h				src/shared/collator.h	0		shared								0
file:src/shared/deferred_warnings.h	file	deferred_warnings.h	src/shared/deferred_warnings.h				src/shared/deferred_warnings.h	0		shared								0
file:src/shared/encoding_info.cpp	file	encoding_info.cpp	src/shared/encoding_info.cpp				src/shared/encoding_info.cpp	0		shared								1
file:src/shared/encoding_info.h	file	encoding_info.h	src/shared/encoding_info.h				src/shared/encoding_info.h	0		shared								0
file:src/shared/entrypoint.h	file	entrypoint.h	src/shared/entrypoint.h				src/shared/entrypoint.h	0		shared								0
file:src/shared/fixed_search.cpp	file	fixed_search.cpp	src/shared/fixed_search.cpp				src/shared/fixed_search.cpp	0		shared								1
file:src/shared/fixed_search.h	file	fixed_search.h	src/shared/fixed_search.h				src/shared/fixed_search.h	0		shared								0
file:src/shared/join.cpp	file	join.cpp	src/shared/join.cpp				src/shared/join.cpp	0		shared								1
file:src/shared/join.h	file	join.h	src/shared/join.h				src/shared/join.h	0		shared								0
file:src/shared/line_split.cpp	file	line_split.cpp	src/shared/line_split.cpp				src/shared/line_split.cpp	0		shared								1
file:src/shared/line_split.h	file	line_split.h	src/shared/line_split.h				src/shared/line_split.h	0		shared								0
file:src/shared/native_to_utf8.cpp	file	native_to_utf8.cpp	src/shared/native_to_utf8.cpp				src/shared/native_to_utf8.cpp	0		shared								1
file:src/shared/native_to_utf8.h	file	native_to_utf8.h	src/shared/native_to_utf8.h				src/shared/native_to_utf8.h	0		shared								0
file:src/shared/nfc_normalizer.cpp	file	nfc_normalizer.cpp	src/shared/nfc_normalizer.cpp				src/shared/nfc_normalizer.cpp	0		shared								1
file:src/shared/nfc_normalizer.h	file	nfc_normalizer.h	src/shared/nfc_normalizer.h				src/shared/nfc_normalizer.h	0		shared								0
file:src/shared/protect.h	file	protect.h	src/shared/protect.h				src/shared/protect.h	0		shared								0
file:src/shared/r_matrix.cpp	file	r_matrix.cpp	src/shared/r_matrix.cpp				src/shared/r_matrix.cpp	0		shared								1
file:src/shared/read_lines.cpp	file	read_lines.cpp	src/shared/read_lines.cpp				src/shared/read_lines.cpp	0		shared								1
file:src/shared/read_lines.h	file	read_lines.h	src/shared/read_lines.h				src/shared/read_lines.h	0		shared								0
file:src/shared/regex_search.cpp	file	regex_search.cpp	src/shared/regex_search.cpp				src/shared/regex_search.cpp	0		shared								1
file:src/shared/regex_search.h	file	regex_search.h	src/shared/regex_search.h				src/shared/regex_search.h	0		shared								0
file:src/shared/repeat.cpp	file	repeat.cpp	src/shared/repeat.cpp				src/shared/repeat.cpp	0		shared								1
file:src/shared/replacement.cpp	file	replacement.cpp	src/shared/replacement.cpp				src/shared/replacement.cpp	0		shared								1
file:src/shared/replacement.h	file	replacement.h	src/shared/replacement.h				src/shared/replacement.h	0		shared								0
file:src/shared/slice_arena.h	file	slice_arena.h	src/shared/slice_arena.h				src/shared/slice_arena.h	0		shared								0
file:src/shared/string_view.h	file	string_view.h	src/shared/string_view.h				src/shared/string_view.h	0		shared								0
file:src/shared/substring.cpp	file	substring.cpp	src/shared/substring.cpp				src/shared/substring.cpp	0		shared								1
file:src/shared/substring.h	file	substring.h	src/shared/substring.h				src/shared/substring.h	0		shared								0
file:src/shared/title_case.cpp	file	title_case.cpp	src/shared/title_case.cpp				src/shared/title_case.cpp	0		shared								1
file:src/shared/title_case.h	file	title_case.h	src/shared/title_case.h				src/shared/title_case.h	0		shared								0
file:src/shared/unwind.h	file	unwind.h	src/shared/unwind.h				src/shared/unwind.h	0		shared								0
file:src/shared/utf8.cpp	file	utf8.cpp	src/shared/utf8.cpp				src/shared/utf8.cpp	0		shared								1
file:src/shared/utf8.h	file	utf8.h	src/shared/utf8.h				src/shared/utf8.h	0		shared								0
file:src/shared/wrap.cpp	file	wrap.cpp	src/shared/wrap.cpp				src/shared/wrap.cpp	0		shared								1
file:src/shared/wrap.h	file	wrap.h	src/shared/wrap.h				src/shared/wrap.h	0		shared								0
unit:src/altrep_backend/boundary/options_r.cpp	compilation_unit	options_r.cpp	src/altrep_backend/boundary/options_r.cpp				src/altrep_backend/boundary/options_r.cpp	0	unit:src/altrep_backend/boundary/options_r.cpp	altrep								1
unit:src/altrep_backend/ci_compare.cpp	compilation_unit	ci_compare.cpp	src/altrep_backend/ci_compare.cpp				src/altrep_backend/ci_compare.cpp	0	unit:src/altrep_backend/ci_compare.cpp	altrep								1
unit:src/altrep_backend/ci_dup.cpp	compilation_unit	ci_dup.cpp	src/altrep_backend/ci_dup.cpp				src/altrep_backend/ci_dup.cpp	0	unit:src/altrep_backend/ci_dup.cpp	altrep								1
unit:src/altrep_backend/ci_duplicated.cpp	compilation_unit	ci_duplicated.cpp	src/altrep_backend/ci_duplicated.cpp				src/altrep_backend/ci_duplicated.cpp	0	unit:src/altrep_backend/ci_duplicated.cpp	altrep								1
unit:src/altrep_backend/ci_encoding_conversion.cpp	compilation_unit	ci_encoding_conversion.cpp	src/altrep_backend/ci_encoding_conversion.cpp				src/altrep_backend/ci_encoding_conversion.cpp	0	unit:src/altrep_backend/ci_encoding_conversion.cpp	altrep								1
unit:src/altrep_backend/ci_encoding_management.cpp	compilation_unit	ci_encoding_management.cpp	src/altrep_backend/ci_encoding_management.cpp				src/altrep_backend/ci_encoding_management.cpp	0	unit:src/altrep_backend/ci_encoding_management.cpp	altrep								1
unit:src/altrep_backend/ci_escape.cpp	compilation_unit	ci_escape.cpp	src/altrep_backend/ci_escape.cpp				src/altrep_backend/ci_escape.cpp	0	unit:src/altrep_backend/ci_escape.cpp	altrep								1
unit:src/altrep_backend/ci_exception.cpp	compilation_unit	ci_exception.cpp	src/altrep_backend/ci_exception.cpp				src/altrep_backend/ci_exception.cpp	0	unit:src/altrep_backend/ci_exception.cpp	altrep								1
unit:src/altrep_backend/ci_join.cpp	compilation_unit	ci_join.cpp	src/altrep_backend/ci_join.cpp				src/altrep_backend/ci_join.cpp	0	unit:src/altrep_backend/ci_join.cpp	altrep								1
unit:src/altrep_backend/ci_length.cpp	compilation_unit	ci_length.cpp	src/altrep_backend/ci_length.cpp				src/altrep_backend/ci_length.cpp	0	unit:src/altrep_backend/ci_length.cpp	altrep								1
unit:src/altrep_backend/ci_order_rank.cpp	compilation_unit	ci_order_rank.cpp	src/altrep_backend/ci_order_rank.cpp				src/altrep_backend/ci_order_rank.cpp	0	unit:src/altrep_backend/ci_order_rank.cpp	altrep								1
unit:src/altrep_backend/ci_pad.cpp	compilation_unit	ci_pad.cpp	src/altrep_backend/ci_pad.cpp				src/altrep_backend/ci_pad.cpp	0	unit:src/altrep_backend/ci_pad.cpp	altrep								1
unit:src/altrep_backend/ci_prepare_arg.cpp	compilation_unit	ci_prepare_arg.cpp	src/altrep_backend/ci_prepare_arg.cpp				src/altrep_backend/ci_prepare_arg.cpp	0	unit:src/altrep_backend/ci_prepare_arg.cpp	altrep								1
unit:src/altrep_backend/ci_replace_na.cpp	compilation_unit	ci_replace_na.cpp	src/altrep_backend/ci_replace_na.cpp				src/altrep_backend/ci_replace_na.cpp	0	unit:src/altrep_backend/ci_replace_na.cpp	altrep								1
unit:src/altrep_backend/ci_reverse.cpp	compilation_unit	ci_reverse.cpp	src/altrep_backend/ci_reverse.cpp				src/altrep_backend/ci_reverse.cpp	0	unit:src/altrep_backend/ci_reverse.cpp	altrep								1
unit:src/altrep_backend/ci_search_boundaries_count.cpp	compilation_unit	ci_search_boundaries_count.cpp	src/altrep_backend/ci_search_boundaries_count.cpp				src/altrep_backend/ci_search_boundaries_count.cpp	0	unit:src/altrep_backend/ci_search_boundaries_count.cpp	altrep								1
unit:src/altrep_backend/ci_search_boundaries_extract.cpp	compilation_unit	ci_search_boundaries_extract.cpp	src/altrep_backend/ci_search_boundaries_extract.cpp				src/altrep_backend/ci_search_boundaries_extract.cpp	0	unit:src/altrep_backend/ci_search_boundaries_extract.cpp	altrep								1
unit:src/altrep_backend/ci_search_boundaries_locate.cpp	compilation_unit	ci_search_boundaries_locate.cpp	src/altrep_backend/ci_search_boundaries_locate.cpp				src/altrep_backend/ci_search_boundaries_locate.cpp	0	unit:src/altrep_backend/ci_search_boundaries_locate.cpp	altrep								1
unit:src/altrep_backend/ci_search_boundaries_split.cpp	compilation_unit	ci_search_boundaries_split.cpp	src/altrep_backend/ci_search_boundaries_split.cpp				src/altrep_backend/ci_search_boundaries_split.cpp	0	unit:src/altrep_backend/ci_search_boundaries_split.cpp	altrep								1
unit:src/altrep_backend/ci_search_class_replace.cpp	compilation_unit	ci_search_class_replace.cpp	src/altrep_backend/ci_search_class_replace.cpp				src/altrep_backend/ci_search_class_replace.cpp	0	unit:src/altrep_backend/ci_search_class_replace.cpp	altrep								1
unit:src/altrep_backend/ci_search_class_trim.cpp	compilation_unit	ci_search_class_trim.cpp	src/altrep_backend/ci_search_class_trim.cpp				src/altrep_backend/ci_search_class_trim.cpp	0	unit:src/altrep_backend/ci_search_class_trim.cpp	altrep								1
unit:src/altrep_backend/ci_search_coll_count.cpp	compilation_unit	ci_search_coll_count.cpp	src/altrep_backend/ci_search_coll_count.cpp				src/altrep_backend/ci_search_coll_count.cpp	0	unit:src/altrep_backend/ci_search_coll_count.cpp	altrep								1
unit:src/altrep_backend/ci_search_coll_detect.cpp	compilation_unit	ci_search_coll_detect.cpp	src/altrep_backend/ci_search_coll_detect.cpp				src/altrep_backend/ci_search_coll_detect.cpp	0	unit:src/altrep_backend/ci_search_coll_detect.cpp	altrep								1
unit:src/altrep_backend/ci_search_coll_extract.cpp	compilation_unit	ci_search_coll_extract.cpp	src/altrep_backend/ci_search_coll_extract.cpp				src/altrep_backend/ci_search_coll_extract.cpp	0	unit:src/altrep_backend/ci_search_coll_extract.cpp	altrep								1
unit:src/altrep_backend/ci_search_coll_locate.cpp	compilation_unit	ci_search_coll_locate.cpp	src/altrep_backend/ci_search_coll_locate.cpp				src/altrep_backend/ci_search_coll_locate.cpp	0	unit:src/altrep_backend/ci_search_coll_locate.cpp	altrep								1
unit:src/altrep_backend/ci_search_coll_replace.cpp	compilation_unit	ci_search_coll_replace.cpp	src/altrep_backend/ci_search_coll_replace.cpp				src/altrep_backend/ci_search_coll_replace.cpp	0	unit:src/altrep_backend/ci_search_coll_replace.cpp	altrep								1
unit:src/altrep_backend/ci_search_coll_split.cpp	compilation_unit	ci_search_coll_split.cpp	src/altrep_backend/ci_search_coll_split.cpp				src/altrep_backend/ci_search_coll_split.cpp	0	unit:src/altrep_backend/ci_search_coll_split.cpp	altrep								1
unit:src/altrep_backend/ci_search_coll_startsendswith.cpp	compilation_unit	ci_search_coll_startsendswith.cpp	src/altrep_backend/ci_search_coll_startsendswith.cpp				src/altrep_backend/ci_search_coll_startsendswith.cpp	0	unit:src/altrep_backend/ci_search_coll_startsendswith.cpp	altrep								1
unit:src/altrep_backend/ci_search_common.cpp	compilation_unit	ci_search_common.cpp	src/altrep_backend/ci_search_common.cpp				src/altrep_backend/ci_search_common.cpp	0	unit:src/altrep_backend/ci_search_common.cpp	altrep								1
unit:src/altrep_backend/ci_search_fixed_count.cpp	compilation_unit	ci_search_fixed_count.cpp	src/altrep_backend/ci_search_fixed_count.cpp				src/altrep_backend/ci_search_fixed_count.cpp	0	unit:src/altrep_backend/ci_search_fixed_count.cpp	altrep								1
unit:src/altrep_backend/ci_search_fixed_detect.cpp	compilation_unit	ci_search_fixed_detect.cpp	src/altrep_backend/ci_search_fixed_detect.cpp				src/altrep_backend/ci_search_fixed_detect.cpp	0	unit:src/altrep_backend/ci_search_fixed_detect.cpp	altrep								1
unit:src/altrep_backend/ci_search_fixed_extract.cpp	compilation_unit	ci_search_fixed_extract.cpp	src/altrep_backend/ci_search_fixed_extract.cpp				src/altrep_backend/ci_search_fixed_extract.cpp	0	unit:src/altrep_backend/ci_search_fixed_extract.cpp	altrep								1
unit:src/altrep_backend/ci_search_fixed_extract_first.cpp	compilation_unit	ci_search_fixed_extract_first.cpp	src/altrep_backend/ci_search_fixed_extract_first.cpp				src/altrep_backend/ci_search_fixed_extract_first.cpp	0	unit:src/altrep_backend/ci_search_fixed_extract_first.cpp	altrep								1
unit:src/altrep_backend/ci_search_fixed_locate.cpp	compilation_unit	ci_search_fixed_locate.cpp	src/altrep_backend/ci_search_fixed_locate.cpp				src/altrep_backend/ci_search_fixed_locate.cpp	0	unit:src/altrep_backend/ci_search_fixed_locate.cpp	altrep								1
unit:src/altrep_backend/ci_search_fixed_replace.cpp	compilation_unit	ci_search_fixed_replace.cpp	src/altrep_backend/ci_search_fixed_replace.cpp				src/altrep_backend/ci_search_fixed_replace.cpp	0	unit:src/altrep_backend/ci_search_fixed_replace.cpp	altrep								1
unit:src/altrep_backend/ci_search_fixed_split.cpp	compilation_unit	ci_search_fixed_split.cpp	src/altrep_backend/ci_search_fixed_split.cpp				src/altrep_backend/ci_search_fixed_split.cpp	0	unit:src/altrep_backend/ci_search_fixed_split.cpp	altrep								1
unit:src/altrep_backend/ci_search_fixed_startsendswith.cpp	compilation_unit	ci_search_fixed_startsendswith.cpp	src/altrep_backend/ci_search_fixed_startsendswith.cpp				src/altrep_backend/ci_search_fixed_startsendswith.cpp	0	unit:src/altrep_backend/ci_search_fixed_startsendswith.cpp	altrep								1
unit:src/altrep_backend/ci_search_other_split.cpp	compilation_unit	ci_search_other_split.cpp	src/altrep_backend/ci_search_other_split.cpp				src/altrep_backend/ci_search_other_split.cpp	0	unit:src/altrep_backend/ci_search_other_split.cpp	altrep								1
unit:src/altrep_backend/ci_search_regex_count.cpp	compilation_unit	ci_search_regex_count.cpp	src/altrep_backend/ci_search_regex_count.cpp				src/altrep_backend/ci_search_regex_count.cpp	0	unit:src/altrep_backend/ci_search_regex_count.cpp	altrep								1
unit:src/altrep_backend/ci_search_regex_detect.cpp	compilation_unit	ci_search_regex_detect.cpp	src/altrep_backend/ci_search_regex_detect.cpp				src/altrep_backend/ci_search_regex_detect.cpp	0	unit:src/altrep_backend/ci_search_regex_detect.cpp	altrep								1
unit:src/altrep_backend/ci_search_regex_extract.cpp	compilation_unit	ci_search_regex_extract.cpp	src/altrep_backend/ci_search_regex_extract.cpp				src/altrep_backend/ci_search_regex_extract.cpp	0	unit:src/altrep_backend/ci_search_regex_extract.cpp	altrep								1
unit:src/altrep_backend/ci_search_regex_locate.cpp	compilation_unit	ci_search_regex_locate.cpp	src/altrep_backend/ci_search_regex_locate.cpp				src/altrep_backend/ci_search_regex_locate.cpp	0	unit:src/altrep_backend/ci_search_regex_locate.cpp	altrep								1
unit:src/altrep_backend/ci_search_regex_match.cpp	compilation_unit	ci_search_regex_match.cpp	src/altrep_backend/ci_search_regex_match.cpp				src/altrep_backend/ci_search_regex_match.cpp	0	unit:src/altrep_backend/ci_search_regex_match.cpp	altrep								1
unit:src/altrep_backend/ci_search_regex_replace.cpp	compilation_unit	ci_search_regex_replace.cpp	src/altrep_backend/ci_search_regex_replace.cpp				src/altrep_backend/ci_search_regex_replace.cpp	0	unit:src/altrep_backend/ci_search_regex_replace.cpp	altrep								1
unit:src/altrep_backend/ci_search_regex_split.cpp	compilation_unit	ci_search_regex_split.cpp	src/altrep_backend/ci_search_regex_split.cpp				src/altrep_backend/ci_search_regex_split.cpp	0	unit:src/altrep_backend/ci_search_regex_split.cpp	altrep								1
unit:src/altrep_backend/ci_split_lines.cpp	compilation_unit	ci_split_lines.cpp	src/altrep_backend/ci_split_lines.cpp				src/altrep_backend/ci_split_lines.cpp	0	unit:src/altrep_backend/ci_split_lines.cpp	altrep								1
unit:src/altrep_backend/ci_sub.cpp	compilation_unit	ci_sub.cpp	src/altrep_backend/ci_sub.cpp				src/altrep_backend/ci_sub.cpp	0	unit:src/altrep_backend/ci_sub.cpp	altrep								1
unit:src/altrep_backend/ci_trans_casemap.cpp	compilation_unit	ci_trans_casemap.cpp	src/altrep_backend/ci_trans_casemap.cpp				src/altrep_backend/ci_trans_casemap.cpp	0	unit:src/altrep_backend/ci_trans_casemap.cpp	altrep								1
unit:src/altrep_backend/ci_trans_normalization.cpp	compilation_unit	ci_trans_normalization.cpp	src/altrep_backend/ci_trans_normalization.cpp				src/altrep_backend/ci_trans_normalization.cpp	0	unit:src/altrep_backend/ci_trans_normalization.cpp	altrep								1
unit:src/altrep_backend/ci_trans_title.cpp	compilation_unit	ci_trans_title.cpp	src/altrep_backend/ci_trans_title.cpp				src/altrep_backend/ci_trans_title.cpp	0	unit:src/altrep_backend/ci_trans_title.cpp	altrep								1
unit:src/altrep_backend/ci_ucnv.cpp	compilation_unit	ci_ucnv.cpp	src/altrep_backend/ci_ucnv.cpp				src/altrep_backend/ci_ucnv.cpp	0	unit:src/altrep_backend/ci_ucnv.cpp	altrep								1
unit:src/altrep_backend/ci_wrap.cpp	compilation_unit	ci_wrap.cpp	src/altrep_backend/ci_wrap.cpp				src/altrep_backend/ci_wrap.cpp	0	unit:src/altrep_backend/ci_wrap.cpp	altrep								1
unit:src/altrep_backend/collator/options.cpp	compilation_unit	options.cpp	src/altrep_backend/collator/options.cpp				src/altrep_backend/collator/options.cpp	0	unit:src/altrep_backend/collator/options.cpp	altrep								1
unit:src/altrep_backend/entrypoints.cpp	compilation_unit	entrypoints.cpp	src/altrep_backend/entrypoints.cpp				src/altrep_backend/entrypoints.cpp	0	unit:src/altrep_backend/entrypoints.cpp	altrep								1
unit:src/altrep_backend/fixed/options.cpp	compilation_unit	options.cpp	src/altrep_backend/fixed/options.cpp				src/altrep_backend/fixed/options.cpp	0	unit:src/altrep_backend/fixed/options.cpp	altrep								1
unit:src/altrep_backend/io/utf8_output.cpp	compilation_unit	utf8_output.cpp	src/altrep_backend/io/utf8_output.cpp				src/altrep_backend/io/utf8_output.cpp	0	unit:src/altrep_backend/io/utf8_output.cpp	altrep								1
unit:src/altrep_backend/regex/options_r.cpp	compilation_unit	options_r.cpp	src/altrep_backend/regex/options_r.cpp				src/altrep_backend/regex/options_r.cpp	0	unit:src/altrep_backend/regex/options_r.cpp	altrep								1
unit:src/base_backend/boundary/options_r.cpp	compilation_unit	options_r.cpp	src/base_backend/boundary/options_r.cpp				src/base_backend/boundary/options_r.cpp	0	unit:src/base_backend/boundary/options_r.cpp	base								1
unit:src/base_backend/ci_compare.cpp	compilation_unit	ci_compare.cpp	src/base_backend/ci_compare.cpp				src/base_backend/ci_compare.cpp	0	unit:src/base_backend/ci_compare.cpp	base								1
unit:src/base_backend/ci_dup.cpp	compilation_unit	ci_dup.cpp	src/base_backend/ci_dup.cpp				src/base_backend/ci_dup.cpp	0	unit:src/base_backend/ci_dup.cpp	base								1
unit:src/base_backend/ci_duplicated.cpp	compilation_unit	ci_duplicated.cpp	src/base_backend/ci_duplicated.cpp				src/base_backend/ci_duplicated.cpp	0	unit:src/base_backend/ci_duplicated.cpp	base								1
unit:src/base_backend/ci_encoding_conversion.cpp	compilation_unit	ci_encoding_conversion.cpp	src/base_backend/ci_encoding_conversion.cpp				src/base_backend/ci_encoding_conversion.cpp	0	unit:src/base_backend/ci_encoding_conversion.cpp	base								1
unit:src/base_backend/ci_encoding_management.cpp	compilation_unit	ci_encoding_management.cpp	src/base_backend/ci_encoding_management.cpp				src/base_backend/ci_encoding_management.cpp	0	unit:src/base_backend/ci_encoding_management.cpp	base								1
unit:src/base_backend/ci_escape.cpp	compilation_unit	ci_escape.cpp	src/base_backend/ci_escape.cpp				src/base_backend/ci_escape.cpp	0	unit:src/base_backend/ci_escape.cpp	base								1
unit:src/base_backend/ci_exception.cpp	compilation_unit	ci_exception.cpp	src/base_backend/ci_exception.cpp				src/base_backend/ci_exception.cpp	0	unit:src/base_backend/ci_exception.cpp	base								1
unit:src/base_backend/ci_join.cpp	compilation_unit	ci_join.cpp	src/base_backend/ci_join.cpp				src/base_backend/ci_join.cpp	0	unit:src/base_backend/ci_join.cpp	base								1
unit:src/base_backend/ci_length.cpp	compilation_unit	ci_length.cpp	src/base_backend/ci_length.cpp				src/base_backend/ci_length.cpp	0	unit:src/base_backend/ci_length.cpp	base								1
unit:src/base_backend/ci_order_rank.cpp	compilation_unit	ci_order_rank.cpp	src/base_backend/ci_order_rank.cpp				src/base_backend/ci_order_rank.cpp	0	unit:src/base_backend/ci_order_rank.cpp	base								1
unit:src/base_backend/ci_pad.cpp	compilation_unit	ci_pad.cpp	src/base_backend/ci_pad.cpp				src/base_backend/ci_pad.cpp	0	unit:src/base_backend/ci_pad.cpp	base								1
unit:src/base_backend/ci_prepare_arg.cpp	compilation_unit	ci_prepare_arg.cpp	src/base_backend/ci_prepare_arg.cpp				src/base_backend/ci_prepare_arg.cpp	0	unit:src/base_backend/ci_prepare_arg.cpp	base								1
unit:src/base_backend/ci_replace_na.cpp	compilation_unit	ci_replace_na.cpp	src/base_backend/ci_replace_na.cpp				src/base_backend/ci_replace_na.cpp	0	unit:src/base_backend/ci_replace_na.cpp	base								1
unit:src/base_backend/ci_reverse.cpp	compilation_unit	ci_reverse.cpp	src/base_backend/ci_reverse.cpp				src/base_backend/ci_reverse.cpp	0	unit:src/base_backend/ci_reverse.cpp	base								1
unit:src/base_backend/ci_search_boundaries_count.cpp	compilation_unit	ci_search_boundaries_count.cpp	src/base_backend/ci_search_boundaries_count.cpp				src/base_backend/ci_search_boundaries_count.cpp	0	unit:src/base_backend/ci_search_boundaries_count.cpp	base								1
unit:src/base_backend/ci_search_boundaries_extract.cpp	compilation_unit	ci_search_boundaries_extract.cpp	src/base_backend/ci_search_boundaries_extract.cpp				src/base_backend/ci_search_boundaries_extract.cpp	0	unit:src/base_backend/ci_search_boundaries_extract.cpp	base								1
unit:src/base_backend/ci_search_boundaries_locate.cpp	compilation_unit	ci_search_boundaries_locate.cpp	src/base_backend/ci_search_boundaries_locate.cpp				src/base_backend/ci_search_boundaries_locate.cpp	0	unit:src/base_backend/ci_search_boundaries_locate.cpp	base								1
unit:src/base_backend/ci_search_boundaries_split.cpp	compilation_unit	ci_search_boundaries_split.cpp	src/base_backend/ci_search_boundaries_split.cpp				src/base_backend/ci_search_boundaries_split.cpp	0	unit:src/base_backend/ci_search_boundaries_split.cpp	base								1
unit:src/base_backend/ci_search_class_replace.cpp	compilation_unit	ci_search_class_replace.cpp	src/base_backend/ci_search_class_replace.cpp				src/base_backend/ci_search_class_replace.cpp	0	unit:src/base_backend/ci_search_class_replace.cpp	base								1
unit:src/base_backend/ci_search_class_trim.cpp	compilation_unit	ci_search_class_trim.cpp	src/base_backend/ci_search_class_trim.cpp				src/base_backend/ci_search_class_trim.cpp	0	unit:src/base_backend/ci_search_class_trim.cpp	base								1
unit:src/base_backend/ci_search_coll_count.cpp	compilation_unit	ci_search_coll_count.cpp	src/base_backend/ci_search_coll_count.cpp				src/base_backend/ci_search_coll_count.cpp	0	unit:src/base_backend/ci_search_coll_count.cpp	base								1
unit:src/base_backend/ci_search_coll_detect.cpp	compilation_unit	ci_search_coll_detect.cpp	src/base_backend/ci_search_coll_detect.cpp				src/base_backend/ci_search_coll_detect.cpp	0	unit:src/base_backend/ci_search_coll_detect.cpp	base								1
unit:src/base_backend/ci_search_coll_extract.cpp	compilation_unit	ci_search_coll_extract.cpp	src/base_backend/ci_search_coll_extract.cpp				src/base_backend/ci_search_coll_extract.cpp	0	unit:src/base_backend/ci_search_coll_extract.cpp	base								1
unit:src/base_backend/ci_search_coll_locate.cpp	compilation_unit	ci_search_coll_locate.cpp	src/base_backend/ci_search_coll_locate.cpp				src/base_backend/ci_search_coll_locate.cpp	0	unit:src/base_backend/ci_search_coll_locate.cpp	base								1
unit:src/base_backend/ci_search_coll_replace.cpp	compilation_unit	ci_search_coll_replace.cpp	src/base_backend/ci_search_coll_replace.cpp				src/base_backend/ci_search_coll_replace.cpp	0	unit:src/base_backend/ci_search_coll_replace.cpp	base								1
unit:src/base_backend/ci_search_coll_split.cpp	compilation_unit	ci_search_coll_split.cpp	src/base_backend/ci_search_coll_split.cpp				src/base_backend/ci_search_coll_split.cpp	0	unit:src/base_backend/ci_search_coll_split.cpp	base								1
unit:src/base_backend/ci_search_coll_startsendswith.cpp	compilation_unit	ci_search_coll_startsendswith.cpp	src/base_backend/ci_search_coll_startsendswith.cpp				src/base_backend/ci_search_coll_startsendswith.cpp	0	unit:src/base_backend/ci_search_coll_startsendswith.cpp	base								1
unit:src/base_backend/ci_search_common.cpp	compilation_unit	ci_search_common.cpp	src/base_backend/ci_search_common.cpp				src/base_backend/ci_search_common.cpp	0	unit:src/base_backend/ci_search_common.cpp	base								1
unit:src/base_backend/ci_search_fixed_count.cpp	compilation_unit	ci_search_fixed_count.cpp	src/base_backend/ci_search_fixed_count.cpp				src/base_backend/ci_search_fixed_count.cpp	0	unit:src/base_backend/ci_search_fixed_count.cpp	base								1
unit:src/base_backend/ci_search_fixed_detect.cpp	compilation_unit	ci_search_fixed_detect.cpp	src/base_backend/ci_search_fixed_detect.cpp				src/base_backend/ci_search_fixed_detect.cpp	0	unit:src/base_backend/ci_search_fixed_detect.cpp	base								1
unit:src/base_backend/ci_search_fixed_extract.cpp	compilation_unit	ci_search_fixed_extract.cpp	src/base_backend/ci_search_fixed_extract.cpp				src/base_backend/ci_search_fixed_extract.cpp	0	unit:src/base_backend/ci_search_fixed_extract.cpp	base								1
unit:src/base_backend/ci_search_fixed_extract_first.cpp	compilation_unit	ci_search_fixed_extract_first.cpp	src/base_backend/ci_search_fixed_extract_first.cpp				src/base_backend/ci_search_fixed_extract_first.cpp	0	unit:src/base_backend/ci_search_fixed_extract_first.cpp	base								1
unit:src/base_backend/ci_search_fixed_locate.cpp	compilation_unit	ci_search_fixed_locate.cpp	src/base_backend/ci_search_fixed_locate.cpp				src/base_backend/ci_search_fixed_locate.cpp	0	unit:src/base_backend/ci_search_fixed_locate.cpp	base								1
unit:src/base_backend/ci_search_fixed_replace.cpp	compilation_unit	ci_search_fixed_replace.cpp	src/base_backend/ci_search_fixed_replace.cpp				src/base_backend/ci_search_fixed_replace.cpp	0	unit:src/base_backend/ci_search_fixed_replace.cpp	base								1
unit:src/base_backend/ci_search_fixed_split.cpp	compilation_unit	ci_search_fixed_split.cpp	src/base_backend/ci_search_fixed_split.cpp				src/base_backend/ci_search_fixed_split.cpp	0	unit:src/base_backend/ci_search_fixed_split.cpp	base								1
unit:src/base_backend/ci_search_fixed_startsendswith.cpp	compilation_unit	ci_search_fixed_startsendswith.cpp	src/base_backend/ci_search_fixed_startsendswith.cpp				src/base_backend/ci_search_fixed_startsendswith.cpp	0	unit:src/base_backend/ci_search_fixed_startsendswith.cpp	base								1
unit:src/base_backend/ci_search_other_split.cpp	compilation_unit	ci_search_other_split.cpp	src/base_backend/ci_search_other_split.cpp				src/base_backend/ci_search_other_split.cpp	0	unit:src/base_backend/ci_search_other_split.cpp	base								1
unit:src/base_backend/ci_search_regex_count.cpp	compilation_unit	ci_search_regex_count.cpp	src/base_backend/ci_search_regex_count.cpp				src/base_backend/ci_search_regex_count.cpp	0	unit:src/base_backend/ci_search_regex_count.cpp	base								1
unit:src/base_backend/ci_search_regex_detect.cpp	compilation_unit	ci_search_regex_detect.cpp	src/base_backend/ci_search_regex_detect.cpp				src/base_backend/ci_search_regex_detect.cpp	0	unit:src/base_backend/ci_search_regex_detect.cpp	base								1
unit:src/base_backend/ci_search_regex_extract.cpp	compilation_unit	ci_search_regex_extract.cpp	src/base_backend/ci_search_regex_extract.cpp				src/base_backend/ci_search_regex_extract.cpp	0	unit:src/base_backend/ci_search_regex_extract.cpp	base								1
unit:src/base_backend/ci_search_regex_locate.cpp	compilation_unit	ci_search_regex_locate.cpp	src/base_backend/ci_search_regex_locate.cpp				src/base_backend/ci_search_regex_locate.cpp	0	unit:src/base_backend/ci_search_regex_locate.cpp	base								1
unit:src/base_backend/ci_search_regex_match.cpp	compilation_unit	ci_search_regex_match.cpp	src/base_backend/ci_search_regex_match.cpp				src/base_backend/ci_search_regex_match.cpp	0	unit:src/base_backend/ci_search_regex_match.cpp	base								1
unit:src/base_backend/ci_search_regex_replace.cpp	compilation_unit	ci_search_regex_replace.cpp	src/base_backend/ci_search_regex_replace.cpp				src/base_backend/ci_search_regex_replace.cpp	0	unit:src/base_backend/ci_search_regex_replace.cpp	base								1
unit:src/base_backend/ci_search_regex_split.cpp	compilation_unit	ci_search_regex_split.cpp	src/base_backend/ci_search_regex_split.cpp				src/base_backend/ci_search_regex_split.cpp	0	unit:src/base_backend/ci_search_regex_split.cpp	base								1
unit:src/base_backend/ci_split_lines.cpp	compilation_unit	ci_split_lines.cpp	src/base_backend/ci_split_lines.cpp				src/base_backend/ci_split_lines.cpp	0	unit:src/base_backend/ci_split_lines.cpp	base								1
unit:src/base_backend/ci_sub.cpp	compilation_unit	ci_sub.cpp	src/base_backend/ci_sub.cpp				src/base_backend/ci_sub.cpp	0	unit:src/base_backend/ci_sub.cpp	base								1
unit:src/base_backend/ci_trans_casemap.cpp	compilation_unit	ci_trans_casemap.cpp	src/base_backend/ci_trans_casemap.cpp				src/base_backend/ci_trans_casemap.cpp	0	unit:src/base_backend/ci_trans_casemap.cpp	base								1
unit:src/base_backend/ci_trans_normalization.cpp	compilation_unit	ci_trans_normalization.cpp	src/base_backend/ci_trans_normalization.cpp				src/base_backend/ci_trans_normalization.cpp	0	unit:src/base_backend/ci_trans_normalization.cpp	base								1
unit:src/base_backend/ci_trans_title.cpp	compilation_unit	ci_trans_title.cpp	src/base_backend/ci_trans_title.cpp				src/base_backend/ci_trans_title.cpp	0	unit:src/base_backend/ci_trans_title.cpp	base								1
unit:src/base_backend/ci_ucnv.cpp	compilation_unit	ci_ucnv.cpp	src/base_backend/ci_ucnv.cpp				src/base_backend/ci_ucnv.cpp	0	unit:src/base_backend/ci_ucnv.cpp	base								1
unit:src/base_backend/ci_wrap.cpp	compilation_unit	ci_wrap.cpp	src/base_backend/ci_wrap.cpp				src/base_backend/ci_wrap.cpp	0	unit:src/base_backend/ci_wrap.cpp	base								1
unit:src/base_backend/collator/options.cpp	compilation_unit	options.cpp	src/base_backend/collator/options.cpp				src/base_backend/collator/options.cpp	0	unit:src/base_backend/collator/options.cpp	base								1
unit:src/base_backend/entrypoints.cpp	compilation_unit	entrypoints.cpp	src/base_backend/entrypoints.cpp				src/base_backend/entrypoints.cpp	0	unit:src/base_backend/entrypoints.cpp	base								1
unit:src/base_backend/fixed/options.cpp	compilation_unit	options.cpp	src/base_backend/fixed/options.cpp				src/base_backend/fixed/options.cpp	0	unit:src/base_backend/fixed/options.cpp	base								1
unit:src/base_backend/regex/options_r.cpp	compilation_unit	options_r.cpp	src/base_backend/regex/options_r.cpp				src/base_backend/regex/options_r.cpp	0	unit:src/base_backend/regex/options_r.cpp	base								1
unit:src/runtime/icu.cpp	compilation_unit	icu.cpp	src/runtime/icu.cpp				src/runtime/icu.cpp	0	unit:src/runtime/icu.cpp	runtime								1
unit:src/runtime/registration.cpp	compilation_unit	registration.cpp	src/runtime/registration.cpp				src/runtime/registration.cpp	0	unit:src/runtime/registration.cpp	runtime								1
unit:src/shared/boundary_iterator.cpp	compilation_unit	boundary_iterator.cpp	src/shared/boundary_iterator.cpp				src/shared/boundary_iterator.cpp	0	unit:src/shared/boundary_iterator.cpp	shared								1
unit:src/shared/case_mapper.cpp	compilation_unit	case_mapper.cpp	src/shared/case_mapper.cpp				src/shared/case_mapper.cpp	0	unit:src/shared/case_mapper.cpp	shared								1
unit:src/shared/character_class.cpp	compilation_unit	character_class.cpp	src/shared/character_class.cpp				src/shared/character_class.cpp	0	unit:src/shared/character_class.cpp	shared								1
unit:src/shared/character_class_search.cpp	compilation_unit	character_class_search.cpp	src/shared/character_class_search.cpp				src/shared/character_class_search.cpp	0	unit:src/shared/character_class_search.cpp	shared								1
unit:src/shared/collation_ordering.cpp	compilation_unit	collation_ordering.cpp	src/shared/collation_ordering.cpp				src/shared/collation_ordering.cpp	0	unit:src/shared/collation_ordering.cpp	shared								1
unit:src/shared/collation_search.cpp	compilation_unit	collation_search.cpp	src/shared/collation_search.cpp				src/shared/collation_search.cpp	0	unit:src/shared/collation_search.cpp	shared								1
unit:src/shared/collator.cpp	compilation_unit	collator.cpp	src/shared/collator.cpp				src/shared/collator.cpp	0	unit:src/shared/collator.cpp	shared								1
unit:src/shared/encoding_info.cpp	compilation_unit	encoding_info.cpp	src/shared/encoding_info.cpp				src/shared/encoding_info.cpp	0	unit:src/shared/encoding_info.cpp	shared								1
unit:src/shared/fixed_search.cpp	compilation_unit	fixed_search.cpp	src/shared/fixed_search.cpp				src/shared/fixed_search.cpp	0	unit:src/shared/fixed_search.cpp	shared								1
unit:src/shared/join.cpp	compilation_unit	join.cpp	src/shared/join.cpp				src/shared/join.cpp	0	unit:src/shared/join.cpp	shared								1
unit:src/shared/line_split.cpp	compilation_unit	line_split.cpp	src/shared/line_split.cpp				src/shared/line_split.cpp	0	unit:src/shared/line_split.cpp	shared								1
unit:src/shared/native_to_utf8.cpp	compilation_unit	native_to_utf8.cpp	src/shared/native_to_utf8.cpp				src/shared/native_to_utf8.cpp	0	unit:src/shared/native_to_utf8.cpp	shared								1
unit:src/shared/nfc_normalizer.cpp	compilation_unit	nfc_normalizer.cpp	src/shared/nfc_normalizer.cpp				src/shared/nfc_normalizer.cpp	0	unit:src/shared/nfc_normalizer.cpp	shared								1
unit:src/shared/r_matrix.cpp	compilation_unit	r_matrix.cpp	src/shared/r_matrix.cpp				src/shared/r_matrix.cpp	0	unit:src/shared/r_matrix.cpp	shared								1
unit:src/shared/read_lines.cpp	compilation_unit	read_lines.cpp	src/shared/read_lines.cpp				src/shared/read_lines.cpp	0	unit:src/shared/read_lines.cpp	shared								1
unit:src/shared/regex_search.cpp	compilation_unit	regex_search.cpp	src/shared/regex_search.cpp				src/shared/regex_search.cpp	0	unit:src/shared/regex_search.cpp	shared								1
unit:src/shared/repeat.cpp	compilation_unit	repeat.cpp	src/shared/repeat.cpp				src/shared/repeat.cpp	0	unit:src/shared/repeat.cpp	shared								1
unit:src/shared/replacement.cpp	compilation_unit	replacement.cpp	src/shared/replacement.cpp				src/shared/replacement.cpp	0	unit:src/shared/replacement.cpp	shared								1
unit:src/shared/substring.cpp	compilation_unit	substring.cpp	src/shared/substring.cpp				src/shared/substring.cpp	0	unit:src/shared/substring.cpp	shared								1
unit:src/shared/title_case.cpp	compilation_unit	title_case.cpp	src/shared/title_case.cpp				src/shared/title_case.cpp	0	unit:src/shared/title_case.cpp	shared								1
unit:src/shared/utf8.cpp	compilation_unit	utf8.cpp	src/shared/utf8.cpp				src/shared/utf8.cpp	0	unit:src/shared/utf8.cpp	shared								1
unit:src/shared/wrap.cpp	compilation_unit	wrap.cpp	src/shared/wrap.cpp				src/shared/wrap.cpp	0	unit:src/shared/wrap.cpp	shared								1
