"label","op","family","condition","condition_label","branch","branch_commit","backend","rep","reps","seconds","milliseconds","input_n","scale_class","input_class","seed","corpus_md5","icu_owner","icu_version","icu_mode","r_version","package_path","ops_md5","worker_md5","run_md5","prepare_md5","fixture_format_version","fixture_md5"
"optimized-backends-record-20260731","ci_detect_fixed","fixed","stringi","stringi","main","36f5c8d","stringi",1,5,0.042,42,1000000,"fast","character",20260721,"25c716f0d4b3b4e05398094ee12e945f","stringi","74.1","bundle","R version 4.6.1 (2026-06-24)","/home/ted/R/x86_64-pc-linux-gnu-library/4.6/charr","3d947f3df10c63e20fffc0e4ef7f55f7","b6048fe5a9145f64d47e32d5df72435c","eedae0ee27c545032905b17ea9a2007c","54701f5f079bcb077976c7b53a0c2386",2,"e549c43af71954c67b43b1b565be2a42"
"optimized-backends-record-20260731","ci_detect_fixed","fixed","base","Main base","main","36f5c8d","base",1,5,0.032,32,1000000,"fast","character",20260721,"25c716f0d4b3b4e05398094ee12e945f","charr","78.2","system","R version 4.6.1 (2026-06-24)","/home/ted/R/x86_64-pc-linux-gnu-library/4.6/charr","3d947f3df10c63e20fffc0e4ef7f55f7","b6048fe5a9145f64d47e32d5df72435c","eedae0ee27c545032905b17ea9a2007c","54701f5f079bcb077976c7b53a0c2386",2,"e549c43af71954c67b43b1b565be2a42"
"optimized-backends-record-20260731","ci_detect_fixed","fixed","altrep","Main ALTREP","main","36f5c8d","altrep",1,5,0.022,22,1000000,"fast","charvec",20260721,"25c716f0d4b3b4e05398094ee12e945f","charr","78.2","system","R version 4.6.1 (2026-06-24)","/home/ted/R/x86_64-pc-linux-gnu-library/4.6/charr","3d947f3df10c63e20fffc0e4ef7f55f7","b6048fe5a9145f64d47e32d5df72435c","eedae0ee27c545032905b17ea9a2007c","54701f5f079bcb077976c7b53a0c2386",2,"fc726ee9f66ea138ae03cf9f86fb4d49"
"optimized-backends-record-20260731","ci_detect_fixed","fixed","stringi","stringi","main","36f5c8d","stringi",2,5,0.041,41,1000000,"fast","character",20260721,"25c716f0d4b3b4e05398094ee12e945f","stringi","74.1","bundle","R version 4.6.1 (2026-06-24)","/home/ted/R/x86_64-pc-linux-gnu-library/4.6/charr","3d947f3df10c63e20fffc0e4ef7f55f7","b6048fe5a9145f64d47e32d5df72435c","eedae0ee27c545032905b17ea9a2007c","54701f5f079bcb077976c7b53a0c2386",2,"e549c43af71954c67b43b1b565be2a42"
"optimized-backends-record-20260731","ci_detect_fixed","fixed","base","Main base","main","36f5c8d","base",2,5,0.035,35,1000000,"fast","character",20260721,"25c716f0d4b3b4e05398094ee12e945f","charr","78.2","system","R version 4.6.1 (2026-06-24)","/home/ted/R/x86_64-pc-linux-gnu-library/4.6/charr","3d947f3df10c63e20fffc0e4ef7f55f7","b6048fe5a9145f64d47e32d5df72435c","eedae0ee27c545032905b17ea9a2007c","54701f5f079bcb077976c7b53a0c2386",2,"e549c43af71954c67b43b1b565be2a42"
"optimized-backends-record-20260731","ci_detect_fixed","fixed","altrep","Main ALTREP","main","36f5c8d","altrep",2,5,0.023,23,1000000,"fast","charvec",20260721,"25c716f0d4b3b4e05398094ee12e945f","charr","78.2","system","R version 4.6.1 (2026-06-24)","/home/ted/R/x86_64-pc-linux-gnu-library/4.6/charr","3d947f3df10c63e20fffc0e4ef7f55f7","b6048fe5a9145f64d47e32d5df72435c","eedae0ee27c545032905b17ea9a2007c","54701f5f079bcb077976c7b53a0c2386",2,"fc726ee9f66ea138ae03cf9f86fb4d49"
"optimized-backends-record-20260731","ci_detect_fixed","fixed","stringi","stringi","main","36f5c8d","stringi",3,5,0.042,42,1000000,"fast","character",20260721,"25c716f0d4b3b4e05398094ee12e945f","stringi","74.1","bundle","R version 4.6.1 (2026-06-24)","/home/ted/R/x86_64-pc-linux-gnu-library/4.6/charr","3d947f3df10c63e20fffc0e4ef7f55f7","b6048fe5a9145f64d47e32d5df72435c","eedae0ee27c545032905b17ea9a2007c","54701f5f079bcb077976c7b53a0c2386",2,"e549c43af71954c67b43b1b565be2a42"
"optimized-backends-record-20260731","ci_detect_fixed","fixed","base","Main base","main","36f5c8d","base",3,5,0.032,32,1000000,"fast","character",20260721,"25c716f0d4b3b4e05398094ee12e945f","charr","78.2","system","R version 4.6.1 (2026-06-24)","/home/ted/R/x86_64-pc-linux-gnu-library/4.6/charr","3d947f3df10c63e20fffc0e4ef7f55f7","b6048fe5a9145f64d47e32d5df72435c","eedae0ee27c545032905b17ea9a2007c","54701f5f079bcb077976c7b53a0c2386",2,"e549c43af71954c67b43b1b565be2a42"
"optimized-backends-record-20260731","ci_detect_fixed","fixed","altrep","Main ALTREP","main","36f5c8d","altrep",3,5,0.023,23,1000000,"fast","charvec",20260721,"25c716f0d4b3b4e05398094ee12e945f","charr","78.2","system","R version 4.6.1 (2026-06-24)","/home/ted/R/x86_64-pc-linux-gnu-library/4.6/charr","3d947f3df10c63e20fffc0e4ef7f55f7","b6048fe5a9145f64d47e32d5df72435c","eedae0ee27c545032905b17ea9a2007c","54701f5f079bcb077976c7b53a0c2386",2,"fc726ee9f66ea138ae03cf9f86fb4d49"
"optimized-backends-record-20260731","ci_detect_fixed","fixed","stringi","stringi","main","36f5c8d","stringi",4,5,0.042,42,1000000,"fast","character",20260721,"25c716f0d4b3b4e05398094ee12e945f","stringi","74.1","bundle","R version 4.6.1 (2026-06-24)","/home/ted/R/x86_64-pc-linux-gnu-library/4.6/charr","3d947f3df10c63e20fffc0e4ef7f55f7","b6048fe5a9145f64d47e32d5df72435c","eedae0ee27c545032905b17ea9a2007c","54701f5f079bcb077976c7b53a0c2386",2,"e549c43af71954c67b43b1b565be2a42"
"optimized-backends-record-20260731","ci_detect_fixed","fixed","base","Main base","main","36f5c8d","base",4,5,0.033,33,1000000,"fast","character",20260721,"25c716f0d4b3b4e05398094ee12e945f","charr","78.2","system","R version 4.6.1 (2026-06-24)","/home/ted/R/x86_64-pc-linux-gnu-library/4.6/charr","3d947f3df10c63e20fffc0e4ef7f55f7","b6048fe5a9145f64d47e32d5df72435c","eedae0ee27c545032905b17ea9a2007c","54701f5f079bcb077976c7b53a0c2386",2,"e549c43af71954c67b43b1b565be2a42"
"optimized-backends-record-20260731","ci_detect_fixed","fixed","altrep","Main ALTREP","main","36f5c8d","altrep",4,5,0.023,23,1000000,"fast","charvec",20260721,"25c716f0d4b3b4e05398094ee12e945f","charr","78.2","system","R version 4.6.1 (2026-06-24)","/home/ted/R/x86_64-pc-linux-gnu-library/4.6/charr","3d947f3df10c63e20fffc0e4ef7f55f7","b6048fe5a9145f64d47e32d5df72435c","eedae0ee27c545032905b17ea9a2007c","54701f5f079bcb077976c7b53a0c2386",2,"fc726ee9f66ea138ae03cf9f86fb4d49"
"optimized-backends-record-20260731","ci_detect_fixed","fixed","stringi","stringi","main","36f5c8d","stringi",5,5,0.042,42,1000000,"fast","character",20260721,"25c716f0d4b3b4e05398094ee12e945f","stringi","74.1","bundle","R version 4.6.1 (2026-06-24)","/home/ted/R/x86_64-pc-linux-gnu-library/4.6/charr","3d947f3df10c63e20fffc0e4ef7f55f7","b6048fe5a9145f64d47e32d5df72435c","eedae0ee27c545032905b17ea9a2007c","54701f5f079bcb077976c7b53a0c2386",2,"e549c43af71954c67b43b1b565be2a42"
"optimized-backends-record-20260731","ci_detect_fixed","fixed","base","Main base","main","36f5c8d","base",5,5,0.033,33,1000000,"fast","character",20260721,"25c716f0d4b3b4e05398094ee12e945f","charr","78.2","system","R version 4.6.1 (2026-06-24)","/home/ted/R/x86_64-pc-linux-gnu-library/4.6/charr","3d947f3df10c63e20fffc0e4ef7f55f7","b6048fe5a9145f64d47e32d5df72435c","eedae0ee27c545032905b17ea9a2007c","54701f5f079bcb077976c7b53a0c2386",2,"e549c43af71954c67b43b1b565be2a42"
"optimized-backends-record-20260731","ci_detect_fixed","fixed","altrep","Main ALTREP","main","36f5c8d","altrep",5,5,0.023,23,1000000,"fast","charvec",20260721,"25c716f0d4b3b4e05398094ee12e945f","charr","78.2","system","R version 4.6.1 (2026-06-24)","/home/ted/R/x86_64-pc-linux-gnu-library/4.6/charr","3d947f3df10c63e20fffc0e4ef7f55f7","b6048fe5a9145f64d47e32d5df72435c","eedae0ee27c545032905b17ea9a2007c","54701f5f079bcb077976c7b53a0c2386",2,"fc726ee9f66ea138ae03cf9f86fb4d49"
"optimized-backends-record-20260731","ci_startswith_fixed","fixed","stringi","stringi","main","36f5c8d","stringi",1,5,0.034,34,1000000,"fast","character",20260721,"25c716f0d4b3b4e05398094ee12e945f","stringi","74.1","bundle","R version 4.6.1 (2026-06-24)","/home/ted/R/x86_64-pc-linux-gnu-library/4.6/charr","3d947f3df10c63e20fffc0e4ef7f55f7","b6048fe5a9145f64d47e32d5df72435c","eedae0ee27c545032905b17ea9a2007c","54701f5f079bcb077976c7b53a0c2386",2,"e549c43af71954c67b43b1b565be2a42"
"optimized-backends-record-20260731","ci_startswith_fixed","fixed","base","Main base","main","36f5c8d","base",1,5,0.023,23,1000000,"fast","character",20260721,"25c716f0d4b3b4e05398094ee12e945f","charr","78.2","system","R version 4.6.1 (2026-06-24)","/home/ted/R/x86_64-pc-linux-gnu-library/4.6/charr","3d947f3df10c63e20fffc0e4ef7f55f7","b6048fe5a9145f64d47e32d5df72435c","eedae0ee27c545032905b17ea9a2007c","54701f5f079bcb077976c7b53a0c2386",2,"e549c43af71954c67b43b1b565be2a42"
"optimized-backends-record-20260731","ci_startswith_fixed","fixed","altrep","Main ALTREP","main","36f5c8d","altrep",1,5,0.016,16,1000000,"fast","charvec",20260721,"25c716f0d4b3b4e05398094ee12e945f","charr","78.2","system","R version 4.6.1 (2026-06-24)","/home/ted/R/x86_64-pc-linux-gnu-library/4.6/charr","3d947f3df10c63e20fffc0e4ef7f55f7","b6048fe5a9145f64d47e32d5df72435c","eedae0ee27c545032905b17ea9a2007c","54701f5f079bcb077976c7b53a0c2386",2,"fc726ee9f66ea138ae03cf9f86fb4d49"
"optimized-backends-record-20260731","ci_startswith_fixed","fixed","stringi","stringi","main","36f5c8d","stringi",2,5,0.035,35,1000000,"fast","character",20260721,"25c716f0d4b3b4e05398094ee12e945f","stringi","74.1","bundle","R version 4.6.1 (2026-06-24)","/home/ted/R/x86_64-pc-linux-gnu-library/4.6/charr","3d947f3df10c63e20fffc0e4ef7f55f7","b6048fe5a9145f64d47e32d5df72435c","eedae0ee27c545032905b17ea9a2007c","54701f5f079bcb077976c7b53a0c2386",2,"e549c43af71954c67b43b1b565be2a42"
"optimized-backends-record-20260731","ci_startswith_fixed","fixed","base","Main base","main","36f5c8d","base",2,5,0.023,23,1000000,"fast","character",20260721,"25c716f0d4b3b4e05398094ee12e945f","charr","78.2","system","R version 4.6.1 (2026-06-24)","/home/ted/R/x86_64-pc-linux-gnu-library/4.6/charr","3d947f3df10c63e20fffc0e4ef7f55f7","b6048fe5a9145f64d47e32d5df72435c","eedae0ee27c545032905b17ea9a2007c","54701f5f079bcb077976c7b53a0c2386",2,"e549c43af71954c67b43b1b565be2a42"
"optimized-backends-record-20260731","ci_startswith_fixed","fixed","altrep","Main ALTREP","main","36f5c8d","altrep",2,5,0.017,17,1000000,"fast","charvec",20260721,"25c716f0d4b3b4e05398094ee12e945f","charr","78.2","system","R version 4.6.1 (2026-06-24)","/home/ted/R/x86_64-pc-linux-gnu-library/4.6/charr","3d947f3df10c63e20fffc0e4ef7f55f7","b6048fe5a9145f64d47e32d5df72435c","eedae0ee27c545032905b17ea9a2007c","54701f5f079bcb077976c7b53a0c2386",2,"fc726ee9f66ea138ae03cf9f86fb4d49"
"optimized-backends-record-20260731","ci_startswith_fixed","fixed","stringi","stringi","main","36f5c8d","stringi",3,5,0.036,36,1000000,"fast","character",20260721,"25c716f0d4b3b4e05398094ee12e945f","stringi","74.1","bundle","R version 4.6.1 (2026-06-24)","/home/ted/R/x86_64-pc-linux-gnu-library/4.6/charr","3d947f3df10c63e20fffc0e4ef7f55f7","b6048fe5a9145f64d47e32d5df72435c","eedae0ee27c545032905b17ea9a2007c","54701f5f079bcb077976c7b53a0c2386",2,"e549c43af71954c67b43b1b565be2a42"
"optimized-backends-record-20260731","ci_startswith_fixed","fixed","base","Main base","main","36f5c8d","base",3,5,0.023,23,1000000,"fast","character",20260721,"25c716f0d4b3b4e05398094ee12e945f","charr","78.2","system","R version 4.6.1 (2026-06-24)","/home/ted/R/x86_64-pc-linux-gnu-library/4.6/charr","3d947f3df10c63e20fffc0e4ef7f55f7","b6048fe5a9145f64d47e32d5df72435c","eedae0ee27c545032905b17ea9a2007c","54701f5f079bcb077976c7b53a0c2386",2,"e549c43af71954c67b43b1b565be2a42"
"optimized-backends-record-20260731","ci_startswith_fixed","fixed","altrep","Main ALTREP","main","36f5c8d","altrep",3,5,0.016,16,1000000,"fast","charvec",20260721,"25c716f0d4b3b4e05398094ee12e945f","charr","78.2","system","R version 4.6.1 (2026-06-24)","/home/ted/R/x86_64-pc-linux-gnu-library/4.6/charr","3d947f3df10c63e20fffc0e4ef7f55f7","b6048fe5a9145f64d47e32d5df72435c","eedae0ee27c545032905b17ea9a2007c","54701f5f079bcb077976c7b53a0c2386",2,"fc726ee9f66ea138ae03cf9f86fb4d49"
"optimized-backends-record-20260731","ci_startswith_fixed","fixed","stringi","stringi","main","36f5c8d","stringi",4,5,0.036,36,1000000,"fast","character",20260721,"25c716f0d4b3b4e05398094ee12e945f","stringi","74.1","bundle","R version 4.6.1 (2026-06-24)","/home/ted/R/x86_64-pc-linux-gnu-library/4.6/charr","3d947f3df10c63e20fffc0e4ef7f55f7","b6048fe5a9145f64d47e32d5df72435c","eedae0ee27c545032905b17ea9a2007c","54701f5f079bcb077976c7b53a0c2386",2,"e549c43af71954c67b43b1b565be2a42"
"optimized-backends-record-20260731","ci_startswith_fixed","fixed","base","Main base","main","36f5c8d","base",4,5,0.025,25,1000000,"fast","character",20260721,"25c716f0d4b3b4e05398094ee12e945f","charr","78.2","system","R version 4.6.1 (2026-06-24)","/home/ted/R/x86_64-pc-linux-gnu-library/4.6/charr","3d947f3df10c63e20fffc0e4ef7f55f7","b6048fe5a9145f64d47e32d5df72435c","eedae0ee27c545032905b17ea9a2007c","54701f5f079bcb077976c7b53a0c2386",2,"e549c43af71954c67b43b1b565be2a42"
"optimized-backends-record-20260731","ci_startswith_fixed","fixed","altrep","Main ALTREP","main","36f5c8d","altrep",4,5,0.016,16,1000000,"fast","charvec",20260721,"25c716f0d4b3b4e05398094ee12e945f","charr","78.2","system","R version 4.6.1 (2026-06-24)","/home/ted/R/x86_64-pc-linux-gnu-library/4.6/charr","3d947f3df10c63e20fffc0e4ef7f55f7","b6048fe5a9145f64d47e32d5df72435c","eedae0ee27c545032905b17ea9a2007c","54701f5f079bcb077976c7b53a0c2386",2,"fc726ee9f66ea138ae03cf9f86fb4d49"
"optimized-backends-record-20260731","ci_startswith_fixed","fixed","stringi","stringi","main","36f5c8d","stringi",5,5,0.035,35,1000000,"fast","character",20260721,"25c716f0d4b3b4e05398094ee12e945f","stringi","74.1","bundle","R version 4.6.1 (2026-06-24)","/home/ted/R/x86_64-pc-linux-gnu-library/4.6/charr","3d947f3df10c63e20fffc0e4ef7f55f7","b6048fe5a9145f64d47e32d5df72435c","eedae0ee27c545032905b17ea9a2007c","54701f5f079bcb077976c7b53a0c2386",2,"e549c43af71954c67b43b1b565be2a42"
"optimized-backends-record-20260731","ci_startswith_fixed","fixed","base","Main base","main","36f5c8d","base",5,5,0.025,25,1000000,"fast","character",20260721,"25c716f0d4b3b4e05398094ee12e945f","charr","78.2","system","R version 4.6.1 (2026-06-24)","/home/ted/R/x86_64-pc-linux-gnu-library/4.6/charr","3d947f3df10c63e20fffc0e4ef7f55f7","b6048fe5a9145f64d47e32d5df72435c","eedae0ee27c545032905b17ea9a2007c","54701f5f079bcb077976c7b53a0c2386",2,"e549c43af71954c67b43b1b565be2a42"
"optimized-backends-record-20260731","ci_startswith_fixed","fixed","altrep","Main ALTREP","main","36f5c8d","altrep",5,5,0.017,17,1000000,"fast","charvec",20260721,"25c716f0d4b3b4e05398094ee12e945f","charr","78.2","system","R version 4.6.1 (2026-06-24)","/home/ted/R/x86_64-pc-linux-gnu-library/4.6/charr","3d947f3df10c63e20fffc0e4ef7f55f7","b6048fe5a9145f64d47e32d5df72435c","eedae0ee27c545032905b17ea9a2007c","54701f5f079bcb077976c7b53a0c2386",2,"fc726ee9f66ea138ae03cf9f86fb4d49"
"optimized-backends-record-20260731","ci_endswith_fixed","fixed","stringi","stringi","main","36f5c8d","stringi",1,5,0.035,35,1000000,"fast","character",20260721,"25c716f0d4b3b4e05398094ee12e945f","stringi","74.1","bundle","R version 4.6.1 (2026-06-24)","/home/ted/R/x86_64-pc-linux-gnu-library/4.6/charr","3d947f3df10c63e20fffc0e4ef7f55f7","b6048fe5a9145f64d47e32d5df72435c","eedae0ee27c545032905b17ea9a2007c","54701f5f079bcb077976c7b53a0c2386",2,"e549c43af71954c67b43b1b565be2a42"
"optimized-backends-record-20260731","ci_endswith_fixed","fixed","base","Main base","main","36f5c8d","base",1,5,0.024,24,1000000,"fast","character",20260721,"25c716f0d4b3b4e05398094ee12e945f","charr","78.2","system","R version 4.6.1 (2026-06-24)","/home/ted/R/x86_64-pc-linux-gnu-library/4.6/charr","3d947f3df10c63e20fffc0e4ef7f55f7","b6048fe5a9145f64d47e32d5df72435c","eedae0ee27c545032905b17ea9a2007c","54701f5f079bcb077976c7b53a0c2386",2,"e549c43af71954c67b43b1b565be2a42"
"optimized-backends-record-20260731","ci_endswith_fixed","fixed","altrep","Main ALTREP","main","36f5c8d","altrep",1,5,0.017,17,1000000,"fast","charvec",20260721,"25c716f0d4b3b4e05398094ee12e945f","charr","78.2","system","R version 4.6.1 (2026-06-24)","/home/ted/R/x86_64-pc-linux-gnu-library/4.6/charr","3d947f3df10c63e20fffc0e4ef7f55f7","b6048fe5a9145f64d47e32d5df72435c","eedae0ee27c545032905b17ea9a2007c","54701f5f079bcb077976c7b53a0c2386",2,"fc726ee9f66ea138ae03cf9f86fb4d49"
"optimized-backends-record-20260731","ci_endswith_fixed","fixed","stringi","stringi","main","36f5c8d","stringi",2,5,0.039,39,1000000,"fast","character",20260721,"25c716f0d4b3b4e05398094ee12e945f","stringi","74.1","bundle","R version 4.6.1 (2026-06-24)","/home/ted/R/x86_64-pc-linux-gnu-library/4.6/charr","3d947f3df10c63e20fffc0e4ef7f55f7","b6048fe5a9145f64d47e32d5df72435c","eedae0ee27c545032905b17ea9a2007c","54701f5f079bcb077976c7b53a0c2386",2,"e549c43af71954c67b43b1b565be2a42"
"optimized-backends-record-20260731","ci_endswith_fixed","fixed","base","Main base","main","36f5c8d","base",2,5,0.025,25,1000000,"fast","character",20260721,"25c716f0d4b3b4e05398094ee12e945f","charr","78.2","system","R version 4.6.1 (2026-06-24)","/home/ted/R/x86_64-pc-linux-gnu-library/4.6/charr","3d947f3df10c63e20fffc0e4ef7f55f7","b6048fe5a9145f64d47e32d5df72435c","eedae0ee27c545032905b17ea9a2007c","54701f5f079bcb077976c7b53a0c2386",2,"e549c43af71954c67b43b1b565be2a42"
"optimized-backends-record-20260731","ci_endswith_fixed","fixed","altrep","Main ALTREP","main","36f5c8d","altrep",2,5,0.017,17,1000000,"fast","charvec",20260721,"25c716f0d4b3b4e05398094ee12e945f","charr","78.2","system","R version 4.6.1 (2026-06-24)","/home/ted/R/x86_64-pc-linux-gnu-library/4.6/charr","3d947f3df10c63e20fffc0e4ef7f55f7","b6048fe5a9145f64d47e32d5df72435c","eedae0ee27c545032905b17ea9a2007c","54701f5f079bcb077976c7b53a0c2386",2,"fc726ee9f66ea138ae03cf9f86fb4d49"
"optimized-backends-record-20260731","ci_endswith_fixed","fixed","stringi","stringi","main","36f5c8d","stringi",3,5,0.036,36,1000000,"fast","character",20260721,"25c716f0d4b3b4e05398094ee12e945f","stringi","74.1","bundle","R version 4.6.1 (2026-06-24)","/home/ted/R/x86_64-pc-linux-gnu-library/4.6/charr","3d947f3df10c63e20fffc0e4ef7f55f7","b6048fe5a9145f64d47e32d5df72435c","eedae0ee27c545032905b17ea9a2007c","54701f5f079bcb077976c7b53a0c2386",2,"e549c43af71954c67b43b1b565be2a42"
"optimized-backends-record-20260731","ci_endswith_fixed","fixed","base","Main base","main","36f5c8d","base",3,5,0.024,24,1000000,"fast","character",20260721,"25c716f0d4b3b4e05398094ee12e945f","charr","78.2","system","R version 4.6.1 (2026-06-24)","/home/ted/R/x86_64-pc-linux-gnu-library/4.6/charr","3d947f3df10c63e20fffc0e4ef7f55f7","b6048fe5a9145f64d47e32d5df72435c","eedae0ee27c545032905b17ea9a2007c","54701f5f079bcb077976c7b53a0c2386",2,"e549c43af71954c67b43b1b565be2a42"
"optimized-backends-record-20260731","ci_endswith_fixed","fixed","altrep","Main ALTREP","main","36f5c8d","altrep",3,5,0.017,17,1000000,"fast","charvec",20260721,"25c716f0d4b3b4e05398094ee12e945f","charr","78.2","system","R version 4.6.1 (2026-06-24)","/home/ted/R/x86_64-pc-linux-gnu-library/4.6/charr","3d947f3df10c63e20fffc0e4ef7f55f7","b6048fe5a9145f64d47e32d5df72435c","eedae0ee27c545032905b17ea9a2007c","54701f5f079bcb077976c7b53a0c2386",2,"fc726ee9f66ea138ae03cf9f86fb4d49"
"optimized-backends-record-20260731","ci_endswith_fixed","fixed","stringi","stringi","main","36f5c8d","stringi",4,5,0.035,35,1000000,"fast","character",20260721,"25c716f0d4b3b4e05398094ee12e945f","stringi","74.1","bundle","R version 4.6.1 (2026-06-24)","/home/ted/R/x86_64-pc-linux-gnu-library/4.6/charr","3d947f3df10c63e20fffc0e4ef7f55f7","b6048fe5a9145f64d47e32d5df72435c","eedae0ee27c545032905b17ea9a2007c","54701f5f079bcb077976c7b53a0c2386",2,"e549c43af71954c67b43b1b565be2a42"
"optimized-backends-record-20260731","ci_endswith_fixed","fixed","base","Main base","main","36f5c8d","base",4,5,0.026,26,1000000,"fast","character",20260721,"25c716f0d4b3b4e05398094ee12e945f","charr","78.2","system","R version 4.6.1 (2026-06-24)","/home/ted/R/x86_64-pc-linux-gnu-library/4.6/charr","3d947f3df10c63e20fffc0e4ef7f55f7","b6048fe5a9145f64d47e32d5df72435c","eedae0ee27c545032905b17ea9a2007c","54701f5f079bcb077976c7b53a0c2386",2,"e549c43af71954c67b43b1b565be2a42"
"optimized-backends-record-20260731","ci_endswith_fixed","fixed","altrep","Main ALTREP","main","36f5c8d","altrep",4,5,0.017,17,1000000,"fast","charvec",20260721,"25c716f0d4b3b4e05398094ee12e945f","charr","78.2","system","R version 4.6.1 (2026-06-24)","/home/ted/R/x86_64-pc-linux-gnu-library/4.6/charr","3d947f3df10c63e20fffc0e4ef7f55f7","b6048fe5a9145f64d47e32d5df72435c","eedae0ee27c545032905b17ea9a2007c","54701f5f079bcb077976c7b53a0c2386",2,"fc726ee9f66ea138ae03cf9f86fb4d49"
"optimized-backends-record-20260731","ci_endswith_fixed","fixed","stringi","stringi","main","36f5c8d","stringi",5,5,0.036,36,1000000,"fast","character",20260721,"25c716f0d4b3b4e05398094ee12e945f","stringi","74.1","bundle","R version 4.6.1 (2026-06-24)","/home/ted/R/x86_64-pc-linux-gnu-library/4.6/charr","3d947f3df10c63e20fffc0e4ef7f55f7","b6048fe5a9145f64d47e32d5df72435c","eedae0ee27c545032905b17ea9a2007c","54701f5f079bcb077976c7b53a0c2386",2,"e549c43af71954c67b43b1b565be2a42"
"optimized-backends-record-20260731","ci_endswith_fixed","fixed","base","Main base","main","36f5c8d","base",5,5,0.025,25,1000000,"fast","character",20260721,"25c716f0d4b3b4e05398094ee12e945f","charr","78.2","system","R version 4.6.1 (2026-06-24)","/home/ted/R/x86_64-pc-linux-gnu-library/4.6/charr","3d947f3df10c63e20fffc0e4ef7f55f7","b6048fe5a9145f64d47e32d5df72435c","eedae0ee27c545032905b17ea9a2007c","54701f5f079bcb077976c7b53a0c2386",2,"e549c43af71954c67b43b1b565be2a42"
"optimized-backends-record-20260731","ci_endswith_fixed","fixed","altrep","Main ALTREP","main","36f5c8d","altrep",5,5,0.016,16,1000000,"fast","charvec",20260721,"25c716f0d4b3b4e05398094ee12e945f","charr","78.2","system","R version 4.6.1 (2026-06-24)","/home/ted/R/x86_64-pc-linux-gnu-library/4.6/charr","3d947f3df10c63e20fffc0e4ef7f55f7","b6048fe5a9145f64d47e32d5df72435c","eedae0ee27c545032905b17ea9a2007c","54701f5f079bcb077976c7b53a0c2386",2,"fc726ee9f66ea138ae03cf9f86fb4d49"
"optimized-backends-record-20260731","ci_count_fixed","fixed","stringi","stringi","main","36f5c8d","stringi",1,5,0.1,100,1000000,"fast","character",20260721,"25c716f0d4b3b4e05398094ee12e945f","stringi","74.1","bundle","R version 4.6.1 (2026-06-24)","/home/ted/R/x86_64-pc-linux-gnu-library/4.6/charr","3d947f3df10c63e20fffc0e4ef7f55f7","b6048fe5a9145f64d47e32d5df72435c","eedae0ee27c545032905b17ea9a2007c","54701f5f079bcb077976c7b53a0c2386",2,"e549c43af71954c67b43b1b565be2a42"
"optimized-backends-record-20260731","ci_count_fixed","fixed","base","Main base","main","36f5c8d","base",1,5,0.037,37,1000000,"fast","character",20260721,"25c716f0d4b3b4e05398094ee12e945f","charr","78.2","system","R version 4.6.1 (2026-06-24)","/home/ted/R/x86_64-pc-linux-gnu-library/4.6/charr","3d947f3df10c63e20fffc0e4ef7f55f7","b6048fe5a9145f64d47e32d5df72435c","eedae0ee27c545032905b17ea9a2007c","54701f5f079bcb077976c7b53a0c2386",2,"e549c43af71954c67b43b1b565be2a42"
"optimized-backends-record-20260731","ci_count_fixed","fixed","altrep","Main ALTREP","main","36f5c8d","altrep",1,5,0.027,27,1000000,"fast","charvec",20260721,"25c716f0d4b3b4e05398094ee12e945f","charr","78.2","system","R version 4.6.1 (2026-06-24)","/home/ted/R/x86_64-pc-linux-gnu-library/4.6/charr","3d947f3df10c63e20fffc0e4ef7f55f7","b6048fe5a9145f64d47e32d5df72435c","eedae0ee27c545032905b17ea9a2007c","54701f5f079bcb077976c7b53a0c2386",2,"fc726ee9f66ea138ae03cf9f86fb4d49"
"optimized-backends-record-20260731","ci_count_fixed","fixed","stringi","stringi","main","36f5c8d","stringi",2,5,0.104,104,1000000,"fast","character",20260721,"25c716f0d4b3b4e05398094ee12e945f","stringi","74.1","bundle","R version 4.6.1 (2026-06-24)","/home/ted/R/x86_64-pc-linux-gnu-library/4.6/charr","3d947f3df10c63e20fffc0e4ef7f55f7","b6048fe5a9145f64d47e32d5df72435c","eedae0ee27c545032905b17ea9a2007c","54701f5f079bcb077976c7b53a0c2386",2,"e549c43af71954c67b43b1b565be2a42"
"optimized-backends-record-20260731","ci_count_fixed","fixed","base","Main base","main","36f5c8d","base",2,5,0.036,36,1000000,"fast","character",20260721,"25c716f0d4b3b4e05398094ee12e945f","charr","78.2","system","R version 4.6.1 (2026-06-24)","/home/ted/R/x86_64-pc-linux-gnu-library/4.6/charr","3d947f3df10c63e20fffc0e4ef7f55f7","b6048fe5a9145f64d47e32d5df72435c","eedae0ee27c545032905b17ea9a2007c","54701f5f079bcb077976c7b53a0c2386",2,"e549c43af71954c67b43b1b565be2a42"
"optimized-backends-record-20260731","ci_count_fixed","fixed","altrep","Main ALTREP","main","36f5c8d","altrep",2,5,0.028,28,1000000,"fast","charvec",20260721,"25c716f0d4b3b4e05398094ee12e945f","charr","78.2","system","R version 4.6.1 (2026-06-24)","/home/ted/R/x86_64-pc-linux-gnu-library/4.6/charr","3d947f3df10c63e20fffc0e4ef7f55f7","b6048fe5a9145f64d47e32d5df72435c","eedae0ee27c545032905b17ea9a2007c","54701f5f079bcb077976c7b53a0c2386",2,"fc726ee9f66ea138ae03cf9f86fb4d49"
"optimized-backends-record-20260731","ci_count_fixed","fixed","stringi","stringi","main","36f5c8d","stringi",3,5,0.101,101,1000000,"fast","character",20260721,"25c716f0d4b3b4e05398094ee12e945f","stringi","74.1","bundle","R version 4.6.1 (2026-06-24)","/home/ted/R/x86_64-pc-linux-gnu-library/4.6/charr","3d947f3df10c63e20fffc0e4ef7f55f7","b6048fe5a9145f64d47e32d5df72435c","eedae0ee27c545032905b17ea9a2007c","54701f5f079bcb077976c7b53a0c2386",2,"e549c43af71954c67b43b1b565be2a42"
"optimized-backends-record-20260731","ci_count_fixed","fixed","base","Main base","main","36f5c8d","base",3,5,0.037,37,1000000,"fast","character",20260721,"25c716f0d4b3b4e05398094ee12e945f","charr","78.2","system","R version 4.6.1 (2026-06-24)","/home/ted/R/x86_64-pc-linux-gnu-library/4.6/charr","3d947f3df10c63e20fffc0e4ef7f55f7","b6048fe5a9145f64d47e32d5df72435c","eedae0ee27c545032905b17ea9a2007c","54701f5f079bcb077976c7b53a0c2386",2,"e549c43af71954c67b43b1b565be2a42"
"optimized-backends-record-20260731","ci_count_fixed","fixed","altrep","Main ALTREP","main","36f5c8d","altrep",3,5,0.028,28,1000000,"fast","charvec",20260721,"25c716f0d4b3b4e05398094ee12e945f","charr","78.2","system","R version 4.6.1 (2026-06-24)","/home/ted/R/x86_64-pc-linux-gnu-library/4.6/charr","3d947f3df10c63e20fffc0e4ef7f55f7","b6048fe5a9145f64d47e32d5df72435c","eedae0ee27c545032905b17ea9a2007c","54701f5f079bcb077976c7b53a0c2386",2,"fc726ee9f66ea138ae03cf9f86fb4d49"
"optimized-backends-record-20260731","ci_count_fixed","fixed","stringi","stringi","main","36f5c8d","stringi",4,5,0.102,102,1000000,"fast","character",20260721,"25c716f0d4b3b4e05398094ee12e945f","stringi","74.1","bundle","R version 4.6.1 (2026-06-24)","/home/ted/R/x86_64-pc-linux-gnu-library/4.6/charr","3d947f3df10c63e20fffc0e4ef7f55f7","b6048fe5a9145f64d47e32d5df72435c","eedae0ee27c545032905b17ea9a2007c","54701f5f079bcb077976c7b53a0c2386",2,"e549c43af71954c67b43b1b565be2a42"
"optimized-backends-record-20260731","ci_count_fixed","fixed","base","Main base","main","36f5c8d","base",4,5,0.039,39,1000000,"fast","character",20260721,"25c716f0d4b3b4e05398094ee12e945f","charr","78.2","system","R version 4.6.1 (2026-06-24)","/home/ted/R/x86_64-pc-linux-gnu-library/4.6/charr","3d947f3df10c63e20fffc0e4ef7f55f7","b6048fe5a9145f64d47e32d5df72435c","eedae0ee27c545032905b17ea9a2007c","54701f5f079bcb077976c7b53a0c2386",2,"e549c43af71954c67b43b1b565be2a42"
"optimized-backends-record-20260731","ci_count_fixed","fixed","altrep","Main ALTREP","main","36f5c8d","altrep",4,5,0.027,27,1000000,"fast","charvec",20260721,"25c716f0d4b3b4e05398094ee12e945f","charr","78.2","system","R version 4.6.1 (2026-06-24)","/home/ted/R/x86_64-pc-linux-gnu-library/4.6/charr","3d947f3df10c63e20fffc0e4ef7f55f7","b6048fe5a9145f64d47e32d5df72435c","eedae0ee27c545032905b17ea9a2007c","54701f5f079bcb077976c7b53a0c2386",2,"fc726ee9f66ea138ae03cf9f86fb4d49"
"optimized-backends-record-20260731","ci_count_fixed","fixed","stringi","stringi","main","36f5c8d","stringi",5,5,0.104,104,1000000,"fast","character",20260721,"25c716f0d4b3b4e05398094ee12e945f","stringi","74.1","bundle","R version 4.6.1 (2026-06-24)","/home/ted/R/x86_64-pc-linux-gnu-library/4.6/charr","3d947f3df10c63e20fffc0e4ef7f55f7","b6048fe5a9145f64d47e32d5df72435c","eedae0ee27c545032905b17ea9a2007c","54701f5f079bcb077976c7b53a0c2386",2,"e549c43af71954c67b43b1b565be2a42"
"optimized-backends-record-20260731","ci_count_fixed","fixed","base","Main base","main","36f5c8d","base",5,5,0.038,38,1000000,"fast","character",20260721,"25c716f0d4b3b4e05398094ee12e945f","charr","78.2","system","R version 4.6.1 (2026-06-24)","/home/ted/R/x86_64-pc-linux-gnu-library/4.6/charr","3d947f3df10c63e20fffc0e4ef7f55f7","b6048fe5a9145f64d47e32d5df72435c","eedae0ee27c545032905b17ea9a2007c","54701f5f079bcb077976c7b53a0c2386",2,"e549c43af71954c67b43b1b565be2a42"
"optimized-backends-record-20260731","ci_count_fixed","fixed","altrep","Main ALTREP","main","36f5c8d","altrep",5,5,0.027,27,1000000,"fast","charvec",20260721,"25c716f0d4b3b4e05398094ee12e945f","charr","78.2","system","R version 4.6.1 (2026-06-24)","/home/ted/R/x86_64-pc-linux-gnu-library/4.6/charr","3d947f3df10c63e20fffc0e4ef7f55f7","b6048fe5a9145f64d47e32d5df72435c","eedae0ee27c545032905b17ea9a2007c","54701f5f079bcb077976c7b53a0c2386",2,"fc726ee9f66ea138ae03cf9f86fb4d49"
"optimized-backends-record-20260731","ci_locate_first_fixed","fixed","stringi","stringi","main","36f5c8d","stringi",1,5,0.07,70,1000000,"fast","character",20260721,"25c716f0d4b3b4e05398094ee12e945f","stringi","74.1","bundle","R version 4.6.1 (2026-06-24)","/home/ted/R/x86_64-pc-linux-gnu-library/4.6/charr","3d947f3df10c63e20fffc0e4ef7f55f7","b6048fe5a9145f64d47e32d5df72435c","eedae0ee27c545032905b17ea9a2007c","54701f5f079bcb077976c7b53a0c2386",2,"e549c43af71954c67b43b1b565be2a42"
"optimized-backends-record-20260731","ci_locate_first_fixed","fixed","base","Main base","main","36f5c8d","base",1,5,0.04,40,1000000,"fast","character",20260721,"25c716f0d4b3b4e05398094ee12e945f","charr","78.2","system","R version 4.6.1 (2026-06-24)","/home/ted/R/x86_64-pc-linux-gnu-library/4.6/charr","3d947f3df10c63e20fffc0e4ef7f55f7","b6048fe5a9145f64d47e32d5df72435c","eedae0ee27c545032905b17ea9a2007c","54701f5f079bcb077976c7b53a0c2386",2,"e549c43af71954c67b43b1b565be2a42"
"optimized-backends-record-20260731","ci_locate_first_fixed","fixed","altrep","Main ALTREP","main","36f5c8d","altrep",1,5,0.032,32,1000000,"fast","charvec",20260721,"25c716f0d4b3b4e05398094ee12e945f","charr","78.2","system","R version 4.6.1 (2026-06-24)","/home/ted/R/x86_64-pc-linux-gnu-library/4.6/charr","3d947f3df10c63e20fffc0e4ef7f55f7","b6048fe5a9145f64d47e32d5df72435c","eedae0ee27c545032905b17ea9a2007c","54701f5f079bcb077976c7b53a0c2386",2,"fc726ee9f66ea138ae03cf9f86fb4d49"
"optimized-backends-record-20260731","ci_locate_first_fixed","fixed","stringi","stringi","main","36f5c8d","stringi",2,5,0.069,69,1000000,"fast","character",20260721,"25c716f0d4b3b4e05398094ee12e945f","stringi","74.1","bundle","R version 4.6.1 (2026-06-24)","/home/ted/R/x86_64-pc-linux-gnu-library/4.6/charr","3d947f3df10c63e20fffc0e4ef7f55f7","b6048fe5a9145f64d47e32d5df72435c","eedae0ee27c545032905b17ea9a2007c","54701f5f079bcb077976c7b53a0c2386",2,"e549c43af71954c67b43b1b565be2a42"
"optimized-backends-record-20260731","ci_locate_first_fixed","fixed","base","Main base","main","36f5c8d","base",2,5,0.039,39,1000000,"fast","character",20260721,"25c716f0d4b3b4e05398094ee12e945f","charr","78.2","system","R version 4.6.1 (2026-06-24)","/home/ted/R/x86_64-pc-linux-gnu-library/4.6/charr","3d947f3df10c63e20fffc0e4ef7f55f7","b6048fe5a9145f64d47e32d5df72435c","eedae0ee27c545032905b17ea9a2007c","54701f5f079bcb077976c7b53a0c2386",2,"e549c43af71954c67b43b1b565be2a42"
"optimized-backends-record-20260731","ci_locate_first_fixed","fixed","altrep","Main ALTREP","main","36f5c8d","altrep",2,5,0.031,31,1000000,"fast","charvec",20260721,"25c716f0d4b3b4e05398094ee12e945f","charr","78.2","system","R version 4.6.1 (2026-06-24)","/home/ted/R/x86_64-pc-linux-gnu-library/4.6/charr","3d947f3df10c63e20fffc0e4ef7f55f7","b6048fe5a9145f64d47e32d5df72435c","eedae0ee27c545032905b17ea9a2007c","54701f5f079bcb077976c7b53a0c2386",2,"fc726ee9f66ea138ae03cf9f86fb4d49"
"optimized-backends-record-20260731","ci_locate_first_fixed","fixed","stringi","stringi","main","36f5c8d","stringi",3,5,0.068,68,1000000,"fast","character",20260721,"25c716f0d4b3b4e05398094ee12e945f","stringi","74.1","bundle","R version 4.6.1 (2026-06-24)","/home/ted/R/x86_64-pc-linux-gnu-library/4.6/charr","3d947f3df10c63e20fffc0e4ef7f55f7","b6048fe5a9145f64d47e32d5df72435c","eedae0ee27c545032905b17ea9a2007c","54701f5f079bcb077976c7b53a0c2386",2,"e549c43af71954c67b43b1b565be2a42"
"optimized-backends-record-20260731","ci_locate_first_fixed","fixed","base","Main base","main","36f5c8d","base",3,5,0.04,40,1000000,"fast","character",20260721,"25c716f0d4b3b4e05398094ee12e945f","charr","78.2","system","R version 4.6.1 (2026-06-24)","/home/ted/R/x86_64-pc-linux-gnu-library/4.6/charr","3d947f3df10c63e20fffc0e4ef7f55f7","b6048fe5a9145f64d47e32d5df72435c","eedae0ee27c545032905b17ea9a2007c","54701f5f079bcb077976c7b53a0c2386",2,"e549c43af71954c67b43b1b565be2a42"
"optimized-backends-record-20260731","ci_locate_first_fixed","fixed","altrep","Main ALTREP","main","36f5c8d","altrep",3,5,0.031,31,1000000,"fast","charvec",20260721,"25c716f0d4b3b4e05398094ee12e945f","charr","78.2","system","R version 4.6.1 (2026-06-24)","/home/ted/R/x86_64-pc-linux-gnu-library/4.6/charr","3d947f3df10c63e20fffc0e4ef7f55f7","b6048fe5a9145f64d47e32d5df72435c","eedae0ee27c545032905b17ea9a2007c","54701f5f079bcb077976c7b53a0c2386",2,"fc726ee9f66ea138ae03cf9f86fb4d49"
"optimized-backends-record-20260731","ci_locate_first_fixed","fixed","stringi","stringi","main","36f5c8d","stringi",4,5,0.07,70,1000000,"fast","character",20260721,"25c716f0d4b3b4e05398094ee12e945f","stringi","74.1","bundle","R version 4.6.1 (2026-06-24)","/home/ted/R/x86_64-pc-linux-gnu-library/4.6/charr","3d947f3df10c63e20fffc0e4ef7f55f7","b6048fe5a9145f64d47e32d5df72435c","eedae0ee27c545032905b17ea9a2007c","54701f5f079bcb077976c7b53a0c2386",2,"e549c43af71954c67b43b1b565be2a42"
"optimized-backends-record-20260731","ci_locate_first_fixed","fixed","base","Main base","main","36f5c8d","base",4,5,0.043,43,1000000,"fast","character",20260721,"25c716f0d4b3b4e05398094ee12e945f","charr","78.2","system","R version 4.6.1 (2026-06-24)","/home/ted/R/x86_64-pc-linux-gnu-library/4.6/charr","3d947f3df10c63e20fffc0e4ef7f55f7","b6048fe5a9145f64d47e32d5df72435c","eedae0ee27c545032905b17ea9a2007c","54701f5f079bcb077976c7b53a0c2386",2,"e549c43af71954c67b43b1b565be2a42"
"optimized-backends-record-20260731","ci_locate_first_fixed","fixed","altrep","Main ALTREP","main","36f5c8d","altrep",4,5,0.03,30,1000000,"fast","charvec",20260721,"25c716f0d4b3b4e05398094ee12e945f","charr","78.2","system","R version 4.6.1 (2026-06-24)","/home/ted/R/x86_64-pc-linux-gnu-library/4.6/charr","3d947f3df10c63e20fffc0e4ef7f55f7","b6048fe5a9145f64d47e32d5df72435c","eedae0ee27c545032905b17ea9a2007c","54701f5f079bcb077976c7b53a0c2386",2,"fc726ee9f66ea138ae03cf9f86fb4d49"
"optimized-backends-record-20260731","ci_locate_first_fixed","fixed","stringi","stringi","main","36f5c8d","stringi",5,5,0.07,70,1000000,"fast","character",20260721,"25c716f0d4b3b4e05398094ee12e945f","stringi","74.1","bundle","R version 4.6.1 (2026-06-24)","/home/ted/R/x86_64-pc-linux-gnu-library/4.6/charr","3d947f3df10c63e20fffc0e4ef7f55f7","b6048fe5a9145f64d47e32d5df72435c","eedae0ee27c545032905b17ea9a2007c","54701f5f079bcb077976c7b53a0c2386",2,"e549c43af71954c67b43b1b565be2a42"
"optimized-backends-record-20260731","ci_locate_first_fixed","fixed","base","Main base","main","36f5c8d","base",5,5,0.04,40,1000000,"fast","character",20260721,"25c716f0d4b3b4e05398094ee12e945f","charr","78.2","system","R version 4.6.1 (2026-06-24)","/home/ted/R/x86_64-pc-linux-gnu-library/4.6/charr","3d947f3df10c63e20fffc0e4ef7f55f7","b6048fe5a9145f64d47e32d5df72435c","eedae0ee27c545032905b17ea9a2007c","54701f5f079bcb077976c7b53a0c2386",2,"e549c43af71954c67b43b1b565be2a42"
"optimized-backends-record-20260731","ci_locate_first_fixed","fixed","altrep","Main ALTREP","main","36f5c8d","altrep",5,5,0.031,31,1000000,"fast","charvec",20260721,"25c716f0d4b3b4e05398094ee12e945f","charr","78.2","system","R version 4.6.1 (2026-06-24)","/home/ted/R/x86_64-pc-linux-gnu-library/4.6/charr","3d947f3df10c63e20fffc0e4ef7f55f7","b6048fe5a9145f64d47e32d5df72435c","eedae0ee27c545032905b17ea9a2007c","54701f5f079bcb077976c7b53a0c2386",2,"fc726ee9f66ea138ae03cf9f86fb4d49"
"optimized-backends-record-20260731","ci_locate_all_fixed","fixed","stringi","stringi","main","36f5c8d","stringi",1,5,0.038,38,100000,"medium","character",20260721,"32930d4bafb9d6f4ee7b61840dbeb01a","stringi","74.1","bundle","R version 4.6.1 (2026-06-24)","/home/ted/R/x86_64-pc-linux-gnu-library/4.6/charr","3d947f3df10c63e20fffc0e4ef7f55f7","b6048fe5a9145f64d47e32d5df72435c","eedae0ee27c545032905b17ea9a2007c","54701f5f079bcb077976c7b53a0c2386",2,"c1ab2344fda0c7ff167883d2fcb4c64e"
"optimized-backends-record-20260731","ci_locate_all_fixed","fixed","base","Main base","main","36f5c8d","base",1,5,0.032,32,100000,"medium","character",20260721,"32930d4bafb9d6f4ee7b61840dbeb01a","charr","78.2","system","R version 4.6.1 (2026-06-24)","/home/ted/R/x86_64-pc-linux-gnu-library/4.6/charr","3d947f3df10c63e20fffc0e4ef7f55f7","b6048fe5a9145f64d47e32d5df72435c","eedae0ee27c545032905b17ea9a2007c","54701f5f079bcb077976c7b53a0c2386",2,"c1ab2344fda0c7ff167883d2fcb4c64e"
"optimized-backends-record-20260731","ci_locate_all_fixed","fixed","altrep","Main ALTREP","main","36f5c8d","altrep",1,5,0.028,28,100000,"medium","charvec",20260721,"32930d4bafb9d6f4ee7b61840dbeb01a","charr","78.2","system","R version 4.6.1 (2026-06-24)","/home/ted/R/x86_64-pc-linux-gnu-library/4.6/charr","3d947f3df10c63e20fffc0e4ef7f55f7","b6048fe5a9145f64d47e32d5df72435c","eedae0ee27c545032905b17ea9a2007c","54701f5f079bcb077976c7b53a0c2386",2,"fd3f05a163222901d4176ce041c7cbd2"
"optimized-backends-record-20260731","ci_locate_all_fixed","fixed","stringi","stringi","main","36f5c8d","stringi",2,5,0.037,37,100000,"medium","character",20260721,"32930d4bafb9d6f4ee7b61840dbeb01a","stringi","74.1","bundle","R version 4.6.1 (2026-06-24)","/home/ted/R/x86_64-pc-linux-gnu-library/4.6/charr","3d947f3df10c63e20fffc0e4ef7f55f7","b6048fe5a9145f64d47e32d5df72435c","eedae0ee27c545032905b17ea9a2007c","54701f5f079bcb077976c7b53a0c2386",2,"c1ab2344fda0c7ff167883d2fcb4c64e"
"optimized-backends-record-20260731","ci_locate_all_fixed","fixed","base","Main base","main","36f5c8d","base",2,5,0.031,31,100000,"medium","character",20260721,"32930d4bafb9d6f4ee7b61840dbeb01a","charr","78.2","system","R version 4.6.1 (2026-06-24)","/home/ted/R/x86_64-pc-linux-gnu-library/4.6/charr","3d947f3df10c63e20fffc0e4ef7f55f7","b6048fe5a9145f64d47e32d5df72435c","eedae0ee27c545032905b17ea9a2007c","54701f5f079bcb077976c7b53a0c2386",2,"c1ab2344fda0c7ff167883d2fcb4c64e"
"optimized-backends-record-20260731","ci_locate_all_fixed","fixed","altrep","Main ALTREP","main","36f5c8d","altrep",2,5,0.029,29,100000,"medium","charvec",20260721,"32930d4bafb9d6f4ee7b61840dbeb01a","charr","78.2","system","R version 4.6.1 (2026-06-24)","/home/ted/R/x86_64-pc-linux-gnu-library/4.6/charr","3d947f3df10c63e20fffc0e4ef7f55f7","b6048fe5a9145f64d47e32d5df72435c","eedae0ee27c545032905b17ea9a2007c","54701f5f079bcb077976c7b53a0c2386",2,"fd3f05a163222901d4176ce041c7cbd2"
"optimized-backends-record-20260731","ci_locate_all_fixed","fixed","stringi","stringi","main","36f5c8d","stringi",3,5,0.037,37,100000,"medium","character",20260721,"32930d4bafb9d6f4ee7b61840dbeb01a","stringi","74.1","bundle","R version 4.6.1 (2026-06-24)","/home/ted/R/x86_64-pc-linux-gnu-library/4.6/charr","3d947f3df10c63e20fffc0e4ef7f55f7","b6048fe5a9145f64d47e32d5df72435c","eedae0ee27c545032905b17ea9a2007c","54701f5f079bcb077976c7b53a0c2386",2,"c1ab2344fda0c7ff167883d2fcb4c64e"
"optimized-backends-record-20260731","ci_locate_all_fixed","fixed","base","Main base","main","36f5c8d","base",3,5,0.031,31,100000,"medium","character",20260721,"32930d4bafb9d6f4ee7b61840dbeb01a","charr","78.2","system","R version 4.6.1 (2026-06-24)","/home/ted/R/x86_64-pc-linux-gnu-library/4.6/charr","3d947f3df10c63e20fffc0e4ef7f55f7","b6048fe5a9145f64d47e32d5df72435c","eedae0ee27c545032905b17ea9a2007c","54701f5f079bcb077976c7b53a0c2386",2,"c1ab2344fda0c7ff167883d2fcb4c64e"
"optimized-backends-record-20260731","ci_locate_all_fixed","fixed","altrep","Main ALTREP","main","36f5c8d","altrep",3,5,0.029,29,100000,"medium","charvec",20260721,"32930d4bafb9d6f4ee7b61840dbeb01a","charr","78.2","system","R version 4.6.1 (2026-06-24)","/home/ted/R/x86_64-pc-linux-gnu-library/4.6/charr","3d947f3df10c63e20fffc0e4ef7f55f7","b6048fe5a9145f64d47e32d5df72435c","eedae0ee27c545032905b17ea9a2007c","54701f5f079bcb077976c7b53a0c2386",2,"fd3f05a163222901d4176ce041c7cbd2"
"optimized-backends-record-20260731","ci_locate_all_fixed","fixed","stringi","stringi","main","36f5c8d","stringi",4,5,0.04,40,100000,"medium","character",20260721,"32930d4bafb9d6f4ee7b61840dbeb01a","stringi","74.1","bundle","R version 4.6.1 (2026-06-24)","/home/ted/R/x86_64-pc-linux-gnu-library/4.6/charr","3d947f3df10c63e20fffc0e4ef7f55f7","b6048fe5a9145f64d47e32d5df72435c","eedae0ee27c545032905b17ea9a2007c","54701f5f079bcb077976c7b53a0c2386",2,"c1ab2344fda0c7ff167883d2fcb4c64e"
"optimized-backends-record-20260731","ci_locate_all_fixed","fixed","base","Main base","main","36f5c8d","base",4,5,0.032,32,100000,"medium","character",20260721,"32930d4bafb9d6f4ee7b61840dbeb01a","charr","78.2","system","R version 4.6.1 (2026-06-24)","/home/ted/R/x86_64-pc-linux-gnu-library/4.6/charr","3d947f3df10c63e20fffc0e4ef7f55f7","b6048fe5a9145f64d47e32d5df72435c","eedae0ee27c545032905b17ea9a2007c","54701f5f079bcb077976c7b53a0c2386",2,"c1ab2344fda0c7ff167883d2fcb4c64e"
"optimized-backends-record-20260731","ci_locate_all_fixed","fixed","altrep","Main ALTREP","main","36f5c8d","altrep",4,5,0.03,30,100000,"medium","charvec",20260721,"32930d4bafb9d6f4ee7b61840dbeb01a","charr","78.2","system","R version 4.6.1 (2026-06-24)","/home/ted/R/x86_64-pc-linux-gnu-library/4.6/charr","3d947f3df10c63e20fffc0e4ef7f55f7","b6048fe5a9145f64d47e32d5df72435c","eedae0ee27c545032905b17ea9a2007c","54701f5f079bcb077976c7b53a0c2386",2,"fd3f05a163222901d4176ce041c7cbd2"
"optimized-backends-record-20260731","ci_locate_all_fixed","fixed","stringi","stringi","main","36f5c8d","stringi",5,5,0.039,39,100000,"medium","character",20260721,"32930d4bafb9d6f4ee7b61840dbeb01a","stringi","74.1","bundle","R version 4.6.1 (2026-06-24)","/home/ted/R/x86_64-pc-linux-gnu-library/4.6/charr","3d947f3df10c63e20fffc0e4ef7f55f7","b6048fe5a9145f64d47e32d5df72435c","eedae0ee27c545032905b17ea9a2007c","54701f5f079bcb077976c7b53a0c2386",2,"c1ab2344fda0c7ff167883d2fcb4c64e"
"optimized-backends-record-20260731","ci_locate_all_fixed","fixed","base","Main base","main","36f5c8d","base",5,5,0.032,32,100000,"medium","character",20260721,"32930d4bafb9d6f4ee7b61840dbeb01a","charr","78.2","system","R version 4.6.1 (2026-06-24)","/home/ted/R/x86_64-pc-linux-gnu-library/4.6/charr","3d947f3df10c63e20fffc0e4ef7f55f7","b6048fe5a9145f64d47e32d5df72435c","eedae0ee27c545032905b17ea9a2007c","54701f5f079bcb077976c7b53a0c2386",2,"c1ab2344fda0c7ff167883d2fcb4c64e"
"optimized-backends-record-20260731","ci_locate_all_fixed","fixed","altrep","Main ALTREP","main","36f5c8d","altrep",5,5,0.028,28,100000,"medium","charvec",20260721,"32930d4bafb9d6f4ee7b61840dbeb01a","charr","78.2","system","R version 4.6.1 (2026-06-24)","/home/ted/R/x86_64-pc-linux-gnu-library/4.6/charr","3d947f3df10c63e20fffc0e4ef7f55f7","b6048fe5a9145f64d47e32d5df72435c","eedae0ee27c545032905b17ea9a2007c","54701f5f079bcb077976c7b53a0c2386",2,"fd3f05a163222901d4176ce041c7cbd2"
"optimized-backends-record-20260731","ci_extract_first_fixed","fixed","stringi","stringi","main","36f5c8d","stringi",1,5,0.101,101,1000000,"fast","character",20260721,"25c716f0d4b3b4e05398094ee12e945f","stringi","74.1","bundle","R version 4.6.1 (2026-06-24)","/home/ted/R/x86_64-pc-linux-gnu-library/4.6/charr","3d947f3df10c63e20fffc0e4ef7f55f7","b6048fe5a9145f64d47e32d5df72435c","eedae0ee27c545032905b17ea9a2007c","54701f5f079bcb077976c7b53a0c2386",2,"e549c43af71954c67b43b1b565be2a42"
"optimized-backends-record-20260731","ci_extract_first_fixed","fixed","base","Main base","main","36f5c8d","base",1,5,0.076,76,1000000,"fast","character",20260721,"25c716f0d4b3b4e05398094ee12e945f","charr","78.2","system","R version 4.6.1 (2026-06-24)","/home/ted/R/x86_64-pc-linux-gnu-library/4.6/charr","3d947f3df10c63e20fffc0e4ef7f55f7","b6048fe5a9145f64d47e32d5df72435c","eedae0ee27c545032905b17ea9a2007c","54701f5f079bcb077976c7b53a0c2386",2,"e549c43af71954c67b43b1b565be2a42"
"optimized-backends-record-20260731","ci_extract_first_fixed","fixed","altrep","Main ALTREP","main","36f5c8d","altrep",1,5,0.055,55,1000000,"fast","charvec",20260721,"25c716f0d4b3b4e05398094ee12e945f","charr","78.2","system","R version 4.6.1 (2026-06-24)","/home/ted/R/x86_64-pc-linux-gnu-library/4.6/charr","3d947f3df10c63e20fffc0e4ef7f55f7","b6048fe5a9145f64d47e32d5df72435c","eedae0ee27c545032905b17ea9a2007c","54701f5f079bcb077976c7b53a0c2386",2,"fc726ee9f66ea138ae03cf9f86fb4d49"
"optimized-backends-record-20260731","ci_extract_first_fixed","fixed","stringi","stringi","main","36f5c8d","stringi",2,5,0.101,101,1000000,"fast","character",20260721,"25c716f0d4b3b4e05398094ee12e945f","stringi","74.1","bundle","R version 4.6.1 (2026-06-24)","/home/ted/R/x86_64-pc-linux-gnu-library/4.6/charr","3d947f3df10c63e20fffc0e4ef7f55f7","b6048fe5a9145f64d47e32d5df72435c","eedae0ee27c545032905b17ea9a2007c","54701f5f079bcb077976c7b53a0c2386",2,"e549c43af71954c67b43b1b565be2a42"
"optimized-backends-record-20260731","ci_extract_first_fixed","fixed","base","Main base","main","36f5c8d","base",2,5,0.078,78,1000000,"fast","character",20260721,"25c716f0d4b3b4e05398094ee12e945f","charr","78.2","system","R version 4.6.1 (2026-06-24)","/home/ted/R/x86_64-pc-linux-gnu-library/4.6/charr","3d947f3df10c63e20fffc0e4ef7f55f7","b6048fe5a9145f64d47e32d5df72435c","eedae0ee27c545032905b17ea9a2007c","54701f5f079bcb077976c7b53a0c2386",2,"e549c43af71954c67b43b1b565be2a42"
"optimized-backends-record-20260731","ci_extract_first_fixed","fixed","altrep","Main ALTREP","main","36f5c8d","altrep",2,5,0.055,55,1000000,"fast","charvec",20260721,"25c716f0d4b3b4e05398094ee12e945f","charr","78.2","system","R version 4.6.1 (2026-06-24)","/home/ted/R/x86_64-pc-linux-gnu-library/4.6/charr","3d947f3df10c63e20fffc0e4ef7f55f7","b6048fe5a9145f64d47e32d5df72435c","eedae0ee27c545032905b17ea9a2007c","54701f5f079bcb077976c7b53a0c2386",2,"fc726ee9f66ea138ae03cf9f86fb4d49"
"optimized-backends-record-20260731","ci_extract_first_fixed","fixed","stringi","stringi","main","36f5c8d","stringi",3,5,0.1,100,1000000,"fast","character",20260721,"25c716f0d4b3b4e05398094ee12e945f","stringi","74.1","bundle","R version 4.6.1 (2026-06-24)","/home/ted/R/x86_64-pc-linux-gnu-library/4.6/charr","3d947f3df10c63e20fffc0e4ef7f55f7","b6048fe5a9145f64d47e32d5df72435c","eedae0ee27c545032905b17ea9a2007c","54701f5f079bcb077976c7b53a0c2386",2,"e549c43af71954c67b43b1b565be2a42"
"optimized-backends-record-20260731","ci_extract_first_fixed","fixed","base","Main base","main","36f5c8d","base",3,5,0.077,77,1000000,"fast","character",20260721,"25c716f0d4b3b4e05398094ee12e945f","charr","78.2","system","R version 4.6.1 (2026-06-24)","/home/ted/R/x86_64-pc-linux-gnu-library/4.6/charr","3d947f3df10c63e20fffc0e4ef7f55f7","b6048fe5a9145f64d47e32d5df72435c","eedae0ee27c545032905b17ea9a2007c","54701f5f079bcb077976c7b53a0c2386",2,"e549c43af71954c67b43b1b565be2a42"
"optimized-backends-record-20260731","ci_extract_first_fixed","fixed","altrep","Main ALTREP","main","36f5c8d","altrep",3,5,0.055,55,1000000,"fast","charvec",20260721,"25c716f0d4b3b4e05398094ee12e945f","charr","78.2","system","R version 4.6.1 (2026-06-24)","/home/ted/R/x86_64-pc-linux-gnu-library/4.6/charr","3d947f3df10c63e20fffc0e4ef7f55f7","b6048fe5a9145f64d47e32d5df72435c","eedae0ee27c545032905b17ea9a2007c","54701f5f079bcb077976c7b53a0c2386",2,"fc726ee9f66ea138ae03cf9f86fb4d49"
"optimized-backends-record-20260731","ci_extract_first_fixed","fixed","stringi","stringi","main","36f5c8d","stringi",4,5,0.1,100,1000000,"fast","character",20260721,"25c716f0d4b3b4e05398094ee12e945f","stringi","74.1","bundle","R version 4.6.1 (2026-06-24)","/home/ted/R/x86_64-pc-linux-gnu-library/4.6/charr","3d947f3df10c63e20fffc0e4ef7f55f7","b6048fe5a9145f64d47e32d5df72435c","eedae0ee27c545032905b17ea9a2007c","54701f5f079bcb077976c7b53a0c2386",2,"e549c43af71954c67b43b1b565be2a42"
"optimized-backends-record-20260731","ci_extract_first_fixed","fixed","base","Main base","main","36f5c8d","base",4,5,0.076,76,1000000,"fast","character",20260721,"25c716f0d4b3b4e05398094ee12e945f","charr","78.2","system","R version 4.6.1 (2026-06-24)","/home/ted/R/x86_64-pc-linux-gnu-library/4.6/charr","3d947f3df10c63e20fffc0e4ef7f55f7","b6048fe5a9145f64d47e32d5df72435c","eedae0ee27c545032905b17ea9a2007c","54701f5f079bcb077976c7b53a0c2386",2,"e549c43af71954c67b43b1b565be2a42"
"optimized-backends-record-20260731","ci_extract_first_fixed","fixed","altrep","Main ALTREP","main","36f5c8d","altrep",4,5,0.056,56,1000000,"fast","charvec",20260721,"25c716f0d4b3b4e05398094ee12e945f","charr","78.2","system","R version 4.6.1 (2026-06-24)","/home/ted/R/x86_64-pc-linux-gnu-library/4.6/charr","3d947f3df10c63e20fffc0e4ef7f55f7","b6048fe5a9145f64d47e32d5df72435c","eedae0ee27c545032905b17ea9a2007c","54701f5f079bcb077976c7b53a0c2386",2,"fc726ee9f66ea138ae03cf9f86fb4d49"
"optimized-backends-record-20260731","ci_extract_first_fixed","fixed","stringi","stringi","main","36f5c8d","stringi",5,5,0.103,103,1000000,"fast","character",20260721,"25c716f0d4b3b4e05398094ee12e945f","stringi","74.1","bundle","R version 4.6.1 (2026-06-24)","/home/ted/R/x86_64-pc-linux-gnu-library/4.6/charr","3d947f3df10c63e20fffc0e4ef7f55f7","b6048fe5a9145f64d47e32d5df72435c","eedae0ee27c545032905b17ea9a2007c","54701f5f079bcb077976c7b53a0c2386",2,"e549c43af71954c67b43b1b565be2a42"
"optimized-backends-record-20260731","ci_extract_first_fixed","fixed","base","Main base","main","36f5c8d","base",5,5,0.076,76,1000000,"fast","character",20260721,"25c716f0d4b3b4e05398094ee12e945f","charr","78.2","system","R version 4.6.1 (2026-06-24)","/home/ted/R/x86_64-pc-linux-gnu-library/4.6/charr","3d947f3df10c63e20fffc0e4ef7f55f7","b6048fe5a9145f64d47e32d5df72435c","eedae0ee27c545032905b17ea9a2007c","54701f5f079bcb077976c7b53a0c2386",2,"e549c43af71954c67b43b1b565be2a42"
"optimized-backends-record-20260731","ci_extract_first_fixed","fixed","altrep","Main ALTREP","main","36f5c8d","altrep",5,5,0.057,57,1000000,"fast","charvec",20260721,"25c716f0d4b3b4e05398094ee12e945f","charr","78.2","system","R version 4.6.1 (2026-06-24)","/home/ted/R/x86_64-pc-linux-gnu-library/4.6/charr","3d947f3df10c63e20fffc0e4ef7f55f7","b6048fe5a9145f64d47e32d5df72435c","eedae0ee27c545032905b17ea9a2007c","54701f5f079bcb077976c7b53a0c2386",2,"fc726ee9f66ea138ae03cf9f86fb4d49"
"optimized-backends-record-20260731","ci_extract_all_fixed","fixed","stringi","stringi","main","36f5c8d","stringi",1,5,0.015,15,100000,"medium","character",20260721,"32930d4bafb9d6f4ee7b61840dbeb01a","stringi","74.1","bundle","R version 4.6.1 (2026-06-24)","/home/ted/R/x86_64-pc-linux-gnu-library/4.6/charr","3d947f3df10c63e20fffc0e4ef7f55f7","b6048fe5a9145f64d47e32d5df72435c","eedae0ee27c545032905b17ea9a2007c","54701f5f079bcb077976c7b53a0c2386",2,"c1ab2344fda0c7ff167883d2fcb4c64e"
"optimized-backends-record-20260731","ci_extract_all_fixed","fixed","base","Main base","main","36f5c8d","base",1,5,0.01,10,100000,"medium","character",20260721,"32930d4bafb9d6f4ee7b61840dbeb01a","charr","78.2","system","R version 4.6.1 (2026-06-24)","/home/ted/R/x86_64-pc-linux-gnu-library/4.6/charr","3d947f3df10c63e20fffc0e4ef7f55f7","b6048fe5a9145f64d47e32d5df72435c","eedae0ee27c545032905b17ea9a2007c","54701f5f079bcb077976c7b53a0c2386",2,"c1ab2344fda0c7ff167883d2fcb4c64e"
"optimized-backends-record-20260731","ci_extract_all_fixed","fixed","altrep","Main ALTREP","main","36f5c8d","altrep",1,5,0.009,9,100000,"medium","charvec",20260721,"32930d4bafb9d6f4ee7b61840dbeb01a","charr","78.2","system","R version 4.6.1 (2026-06-24)","/home/ted/R/x86_64-pc-linux-gnu-library/4.6/charr","3d947f3df10c63e20fffc0e4ef7f55f7","b6048fe5a9145f64d47e32d5df72435c","eedae0ee27c545032905b17ea9a2007c","54701f5f079bcb077976c7b53a0c2386",2,"fd3f05a163222901d4176ce041c7cbd2"
"optimized-backends-record-20260731","ci_extract_all_fixed","fixed","stringi","stringi","main","36f5c8d","stringi",2,5,0.014,14,100000,"medium","character",20260721,"32930d4bafb9d6f4ee7b61840dbeb01a","stringi","74.1","bundle","R version 4.6.1 (2026-06-24)","/home/ted/R/x86_64-pc-linux-gnu-library/4.6/charr","3d947f3df10c63e20fffc0e4ef7f55f7","b6048fe5a9145f64d47e32d5df72435c","eedae0ee27c545032905b17ea9a2007c","54701f5f079bcb077976c7b53a0c2386",2,"c1ab2344fda0c7ff167883d2fcb4c64e"
"optimized-backends-record-20260731","ci_extract_all_fixed","fixed","base","Main base","main","36f5c8d","base",2,5,0.01,10,100000,"medium","character",20260721,"32930d4bafb9d6f4ee7b61840dbeb01a","charr","78.2","system","R version 4.6.1 (2026-06-24)","/home/ted/R/x86_64-pc-linux-gnu-library/4.6/charr","3d947f3df10c63e20fffc0e4ef7f55f7","b6048fe5a9145f64d47e32d5df72435c","eedae0ee27c545032905b17ea9a2007c","54701f5f079bcb077976c7b53a0c2386",2,"c1ab2344fda0c7ff167883d2fcb4c64e"
"optimized-backends-record-20260731","ci_extract_all_fixed","fixed","altrep","Main ALTREP","main","36f5c8d","altrep",2,5,0.01,10,100000,"medium","charvec",20260721,"32930d4bafb9d6f4ee7b61840dbeb01a","charr","78.2","system","R version 4.6.1 (2026-06-24)","/home/ted/R/x86_64-pc-linux-gnu-library/4.6/charr","3d947f3df10c63e20fffc0e4ef7f55f7","b6048fe5a9145f64d47e32d5df72435c","eedae0ee27c545032905b17ea9a2007c","54701f5f079bcb077976c7b53a0c2386",2,"fd3f05a163222901d4176ce041c7cbd2"
"optimized-backends-record-20260731","ci_extract_all_fixed","fixed","stringi","stringi","main","36f5c8d","stringi",3,5,0.015,15,100000,"medium","character",20260721,"32930d4bafb9d6f4ee7b61840dbeb01a","stringi","74.1","bundle","R version 4.6.1 (2026-06-24)","/home/ted/R/x86_64-pc-linux-gnu-library/4.6/charr","3d947f3df10c63e20fffc0e4ef7f55f7","b6048fe5a9145f64d47e32d5df72435c","eedae0ee27c545032905b17ea9a2007c","54701f5f079bcb077976c7b53a0c2386",2,"c1ab2344fda0c7ff167883d2fcb4c64e"
"optimized-backends-record-20260731","ci_extract_all_fixed","fixed","base","Main base","main","36f5c8d","base",3,5,0.01,10,100000,"medium","character",20260721,"32930d4bafb9d6f4ee7b61840dbeb01a","charr","78.2","system","R version 4.6.1 (2026-06-24)","/home/ted/R/x86_64-pc-linux-gnu-library/4.6/charr","3d947f3df10c63e20fffc0e4ef7f55f7","b6048fe5a9145f64d47e32d5df72435c","eedae0ee27c545032905b17ea9a2007c","54701f5f079bcb077976c7b53a0c2386",2,"c1ab2344fda0c7ff167883d2fcb4c64e"
"optimized-backends-record-20260731","ci_extract_all_fixed","fixed","altrep","Main ALTREP","main","36f5c8d","altrep",3,5,0.008,8,100000,"medium","charvec",20260721,"32930d4bafb9d6f4ee7b61840dbeb01a","charr","78.2","system","R version 4.6.1 (2026-06-24)","/home/ted/R/x86_64-pc-linux-gnu-library/4.6/charr","3d947f3df10c63e20fffc0e4ef7f55f7","b6048fe5a9145f64d47e32d5df72435c","eedae0ee27c545032905b17ea9a2007c","54701f5f079bcb077976c7b53a0c2386",2,"fd3f05a163222901d4176ce041c7cbd2"
"optimized-backends-record-20260731","ci_extract_all_fixed","fixed","stringi","stringi","main","36f5c8d","stringi",4,5,0.016,16,100000,"medium","character",20260721,"32930d4bafb9d6f4ee7b61840dbeb01a","stringi","74.1","bundle","R version 4.6.1 (2026-06-24)","/home/ted/R/x86_64-pc-linux-gnu-library/4.6/charr","3d947f3df10c63e20fffc0e4ef7f55f7","b6048fe5a9145f64d47e32d5df72435c","eedae0ee27c545032905b17ea9a2007c","54701f5f079bcb077976c7b53a0c2386",2,"c1ab2344fda0c7ff167883d2fcb4c64e"
"optimized-backends-record-20260731","ci_extract_all_fixed","fixed","base","Main base","main","36f5c8d","base",4,5,0.01,10,100000,"medium","character",20260721,"32930d4bafb9d6f4ee7b61840dbeb01a","charr","78.2","system","R version 4.6.1 (2026-06-24)","/home/ted/R/x86_64-pc-linux-gnu-library/4.6/charr","3d947f3df10c63e20fffc0e4ef7f55f7","b6048fe5a9145f64d47e32d5df72435c","eedae0ee27c545032905b17ea9a2007c","54701f5f079bcb077976c7b53a0c2386",2,"c1ab2344fda0c7ff167883d2fcb4c64e"
"optimized-backends-record-20260731","ci_extract_all_fixed","fixed","altrep","Main ALTREP","main","36f5c8d","altrep",4,5,0.008,8,100000,"medium","charvec",20260721,"32930d4bafb9d6f4ee7b61840dbeb01a","charr","78.2","system","R version 4.6.1 (2026-06-24)","/home/ted/R/x86_64-pc-linux-gnu-library/4.6/charr","3d947f3df10c63e20fffc0e4ef7f55f7","b6048fe5a9145f64d47e32d5df72435c","eedae0ee27c545032905b17ea9a2007c","54701f5f079bcb077976c7b53a0c2386",2,"fd3f05a163222901d4176ce041c7cbd2"
"optimized-backends-record-20260731","ci_extract_all_fixed","fixed","stringi","stringi","main","36f5c8d","stringi",5,5,0.015,15,100000,"medium","character",20260721,"32930d4bafb9d6f4ee7b61840dbeb01a","stringi","74.1","bundle","R version 4.6.1 (2026-06-24)","/home/ted/R/x86_64-pc-linux-gnu-library/4.6/charr","3d947f3df10c63e20fffc0e4ef7f55f7","b6048fe5a9145f64d47e32d5df72435c","eedae0ee27c545032905b17ea9a2007c","54701f5f079bcb077976c7b53a0c2386",2,"c1ab2344fda0c7ff167883d2fcb4c64e"
"optimized-backends-record-20260731","ci_extract_all_fixed","fixed","base","Main base","main","36f5c8d","base",5,5,0.01,10,100000,"medium","character",20260721,"32930d4bafb9d6f4ee7b61840dbeb01a","charr","78.2","system","R version 4.6.1 (2026-06-24)","/home/ted/R/x86_64-pc-linux-gnu-library/4.6/charr","3d947f3df10c63e20fffc0e4ef7f55f7","b6048fe5a9145f64d47e32d5df72435c","eedae0ee27c545032905b17ea9a2007c","54701f5f079bcb077976c7b53a0c2386",2,"c1ab2344fda0c7ff167883d2fcb4c64e"
"optimized-backends-record-20260731","ci_extract_all_fixed","fixed","altrep","Main ALTREP","main","36f5c8d","altrep",5,5,0.009,9,100000,"medium","charvec",20260721,"32930d4bafb9d6f4ee7b61840dbeb01a","charr","78.2","system","R version 4.6.1 (2026-06-24)","/home/ted/R/x86_64-pc-linux-gnu-library/4.6/charr","3d947f3df10c63e20fffc0e4ef7f55f7","b6048fe5a9145f64d47e32d5df72435c","eedae0ee27c545032905b17ea9a2007c","54701f5f079bcb077976c7b53a0c2386",2,"fd3f05a163222901d4176ce041c7cbd2"
"optimized-backends-record-20260731","ci_replace_first_fixed","fixed","stringi","stringi","main","36f5c8d","stringi",1,5,0.038,38,100000,"medium","character",20260721,"32930d4bafb9d6f4ee7b61840dbeb01a","stringi","74.1","bundle","R version 4.6.1 (2026-06-24)","/home/ted/R/x86_64-pc-linux-gnu-library/4.6/charr","3d947f3df10c63e20fffc0e4ef7f55f7","b6048fe5a9145f64d47e32d5df72435c","eedae0ee27c545032905b17ea9a2007c","54701f5f079bcb077976c7b53a0c2386",2,"c1ab2344fda0c7ff167883d2fcb4c64e"
"optimized-backends-record-20260731","ci_replace_first_fixed","fixed","base","Main base","main","36f5c8d","base",1,5,0.034,34,100000,"medium","character",20260721,"32930d4bafb9d6f4ee7b61840dbeb01a","charr","78.2","system","R version 4.6.1 (2026-06-24)","/home/ted/R/x86_64-pc-linux-gnu-library/4.6/charr","3d947f3df10c63e20fffc0e4ef7f55f7","b6048fe5a9145f64d47e32d5df72435c","eedae0ee27c545032905b17ea9a2007c","54701f5f079bcb077976c7b53a0c2386",2,"c1ab2344fda0c7ff167883d2fcb4c64e"
"optimized-backends-record-20260731","ci_replace_first_fixed","fixed","altrep","Main ALTREP","main","36f5c8d","altrep",1,5,0.005,5,100000,"medium","charvec",20260721,"32930d4bafb9d6f4ee7b61840dbeb01a","charr","78.2","system","R version 4.6.1 (2026-06-24)","/home/ted/R/x86_64-pc-linux-gnu-library/4.6/charr","3d947f3df10c63e20fffc0e4ef7f55f7","b6048fe5a9145f64d47e32d5df72435c","eedae0ee27c545032905b17ea9a2007c","54701f5f079bcb077976c7b53a0c2386",2,"fd3f05a163222901d4176ce041c7cbd2"
"optimized-backends-record-20260731","ci_replace_first_fixed","fixed","stringi","stringi","main","36f5c8d","stringi",2,5,0.037,37,100000,"medium","character",20260721,"32930d4bafb9d6f4ee7b61840dbeb01a","stringi","74.1","bundle","R version 4.6.1 (2026-06-24)","/home/ted/R/x86_64-pc-linux-gnu-library/4.6/charr","3d947f3df10c63e20fffc0e4ef7f55f7","b6048fe5a9145f64d47e32d5df72435c","eedae0ee27c545032905b17ea9a2007c","54701f5f079bcb077976c7b53a0c2386",2,"c1ab2344fda0c7ff167883d2fcb4c64e"
"optimized-backends-record-20260731","ci_replace_first_fixed","fixed","base","Main base","main","36f5c8d","base",2,5,0.036,36,100000,"medium","character",20260721,"32930d4bafb9d6f4ee7b61840dbeb01a","charr","78.2","system","R version 4.6.1 (2026-06-24)","/home/ted/R/x86_64-pc-linux-gnu-library/4.6/charr","3d947f3df10c63e20fffc0e4ef7f55f7","b6048fe5a9145f64d47e32d5df72435c","eedae0ee27c545032905b17ea9a2007c","54701f5f079bcb077976c7b53a0c2386",2,"c1ab2344fda0c7ff167883d2fcb4c64e"
"optimized-backends-record-20260731","ci_replace_first_fixed","fixed","altrep","Main ALTREP","main","36f5c8d","altrep",2,5,0.006,6,100000,"medium","charvec",20260721,"32930d4bafb9d6f4ee7b61840dbeb01a","charr","78.2","system","R version 4.6.1 (2026-06-24)","/home/ted/R/x86_64-pc-linux-gnu-library/4.6/charr","3d947f3df10c63e20fffc0e4ef7f55f7","b6048fe5a9145f64d47e32d5df72435c","eedae0ee27c545032905b17ea9a2007c","54701f5f079bcb077976c7b53a0c2386",2,"fd3f05a163222901d4176ce041c7cbd2"
"optimized-backends-record-20260731","ci_replace_first_fixed","fixed","stringi","stringi","main","36f5c8d","stringi",3,5,0.037,37,100000,"medium","character",20260721,"32930d4bafb9d6f4ee7b61840dbeb01a","stringi","74.1","bundle","R version 4.6.1 (2026-06-24)","/home/ted/R/x86_64-pc-linux-gnu-library/4.6/charr","3d947f3df10c63e20fffc0e4ef7f55f7","b6048fe5a9145f64d47e32d5df72435c","eedae0ee27c545032905b17ea9a2007c","54701f5f079bcb077976c7b53a0c2386",2,"c1ab2344fda0c7ff167883d2fcb4c64e"
"optimized-backends-record-20260731","ci_replace_first_fixed","fixed","base","Main base","main","36f5c8d","base",3,5,0.034,34,100000,"medium","character",20260721,"32930d4bafb9d6f4ee7b61840dbeb01a","charr","78.2","system","R version 4.6.1 (2026-06-24)","/home/ted/R/x86_64-pc-linux-gnu-library/4.6/charr","3d947f3df10c63e20fffc0e4ef7f55f7","b6048fe5a9145f64d47e32d5df72435c","eedae0ee27c545032905b17ea9a2007c","54701f5f079bcb077976c7b53a0c2386",2,"c1ab2344fda0c7ff167883d2fcb4c64e"
"optimized-backends-record-20260731","ci_replace_first_fixed","fixed","altrep","Main ALTREP","main","36f5c8d","altrep",3,5,0.006,6,100000,"medium","charvec",20260721,"32930d4bafb9d6f4ee7b61840dbeb01a","charr","78.2","system","R version 4.6.1 (2026-06-24)","/home/ted/R/x86_64-pc-linux-gnu-library/4.6/charr","3d947f3df10c63e20fffc0e4ef7f55f7","b6048fe5a9145f64d47e32d5df72435c","eedae0ee27c545032905b17ea9a2007c","54701f5f079bcb077976c7b53a0c2386",2,"fd3f05a163222901d4176ce041c7cbd2"
"optimized-backends-record-20260731","ci_replace_first_fixed","fixed","stringi","stringi","main","36f5c8d","stringi",4,5,0.038,38,100000,"medium","character",20260721,"32930d4bafb9d6f4ee7b61840dbeb01a","stringi","74.1","bundle","R version 4.6.1 (2026-06-24)","/home/ted/R/x86_64-pc-linux-gnu-library/4.6/charr","3d947f3df10c63e20fffc0e4ef7f55f7","b6048fe5a9145f64d47e32d5df72435c","eedae0ee27c545032905b17ea9a2007c","54701f5f079bcb077976c7b53a0c2386",2,"c1ab2344fda0c7ff167883d2fcb4c64e"
"optimized-backends-record-20260731","ci_replace_first_fixed","fixed","base","Main base","main","36f5c8d","base",4,5,0.037,37,100000,"medium","character",20260721,"32930d4bafb9d6f4ee7b61840dbeb01a","charr","78.2","system","R version 4.6.1 (2026-06-24)","/home/ted/R/x86_64-pc-linux-gnu-library/4.6/charr","3d947f3df10c63e20fffc0e4ef7f55f7","b6048fe5a9145f64d47e32d5df72435c","eedae0ee27c545032905b17ea9a2007c","54701f5f079bcb077976c7b53a0c2386",2,"c1ab2344fda0c7ff167883d2fcb4c64e"
"optimized-backends-record-20260731","ci_replace_first_fixed","fixed","altrep","Main ALTREP","main","36f5c8d","altrep",4,5,0.006,6,100000,"medium","charvec",20260721,"32930d4bafb9d6f4ee7b61840dbeb01a","charr","78.2","system","R version 4.6.1 (2026-06-24)","/home/ted/R/x86_64-pc-linux-gnu-library/4.6/charr","3d947f3df10c63e20fffc0e4ef7f55f7","b6048fe5a9145f64d47e32d5df72435c","eedae0ee27c545032905b17ea9a2007c","54701f5f079bcb077976c7b53a0c2386",2,"fd3f05a163222901d4176ce041c7cbd2"
"optimized-backends-record-20260731","ci_replace_first_fixed","fixed","stringi","stringi","main","36f5c8d","stringi",5,5,0.04,40,100000,"medium","character",20260721,"32930d4bafb9d6f4ee7b61840dbeb01a","stringi","74.1","bundle","R version 4.6.1 (2026-06-24)","/home/ted/R/x86_64-pc-linux-gnu-library/4.6/charr","3d947f3df10c63e20fffc0e4ef7f55f7","b6048fe5a9145f64d47e32d5df72435c","eedae0ee27c545032905b17ea9a2007c","54701f5f079bcb077976c7b53a0c2386",2,"c1ab2344fda0c7ff167883d2fcb4c64e"
"optimized-backends-record-20260731","ci_replace_first_fixed","fixed","base","Main base","main","36f5c8d","base",5,5,0.038,38,100000,"medium","character",20260721,"32930d4bafb9d6f4ee7b61840dbeb01a","charr","78.2","system","R version 4.6.1 (2026-06-24)","/home/ted/R/x86_64-pc-linux-gnu-library/4.6/charr","3d947f3df10c63e20fffc0e4ef7f55f7","b6048fe5a9145f64d47e32d5df72435c","eedae0ee27c545032905b17ea9a2007c","54701f5f079bcb077976c7b53a0c2386",2,"c1ab2344fda0c7ff167883d2fcb4c64e"
"optimized-backends-record-20260731","ci_replace_first_fixed","fixed","altrep","Main ALTREP","main","36f5c8d","altrep",5,5,0.006,6,100000,"medium","charvec",20260721,"32930d4bafb9d6f4ee7b61840dbeb01a","charr","78.2","system","R version 4.6.1 (2026-06-24)","/home/ted/R/x86_64-pc-linux-gnu-library/4.6/charr","3d947f3df10c63e20fffc0e4ef7f55f7","b6048fe5a9145f64d47e32d5df72435c","eedae0ee27c545032905b17ea9a2007c","54701f5f079bcb077976c7b53a0c2386",2,"fd3f05a163222901d4176ce041c7cbd2"
"optimized-backends-record-20260731","ci_replace_all_fixed","fixed","stringi","stringi","main","36f5c8d","stringi",1,5,0.05,50,100000,"medium","character",20260721,"32930d4bafb9d6f4ee7b61840dbeb01a","stringi","74.1","bundle","R version 4.6.1 (2026-06-24)","/home/ted/R/x86_64-pc-linux-gnu-library/4.6/charr","3d947f3df10c63e20fffc0e4ef7f55f7","b6048fe5a9145f64d47e32d5df72435c","eedae0ee27c545032905b17ea9a2007c","54701f5f079bcb077976c7b53a0c2386",2,"c1ab2344fda0c7ff167883d2fcb4c64e"
"optimized-backends-record-20260731","ci_replace_all_fixed","fixed","base","Main base","main","36f5c8d","base",1,5,0.046,46,100000,"medium","character",20260721,"32930d4bafb9d6f4ee7b61840dbeb01a","charr","78.2","system","R version 4.6.1 (2026-06-24)","/home/ted/R/x86_64-pc-linux-gnu-library/4.6/charr","3d947f3df10c63e20fffc0e4ef7f55f7","b6048fe5a9145f64d47e32d5df72435c","eedae0ee27c545032905b17ea9a2007c","54701f5f079bcb077976c7b53a0c2386",2,"c1ab2344fda0c7ff167883d2fcb4c64e"
"optimized-backends-record-20260731","ci_replace_all_fixed","fixed","altrep","Main ALTREP","main","36f5c8d","altrep",1,5,0.017,17,100000,"medium","charvec",20260721,"32930d4bafb9d6f4ee7b61840dbeb01a","charr","78.2","system","R version 4.6.1 (2026-06-24)","/home/ted/R/x86_64-pc-linux-gnu-library/4.6/charr","3d947f3df10c63e20fffc0e4ef7f55f7","b6048fe5a9145f64d47e32d5df72435c","eedae0ee27c545032905b17ea9a2007c","54701f5f079bcb077976c7b53a0c2386",2,"fd3f05a163222901d4176ce041c7cbd2"
"optimized-backends-record-20260731","ci_replace_all_fixed","fixed","stringi","stringi","main","36f5c8d","stringi",2,5,0.046,46,100000,"medium","character",20260721,"32930d4bafb9d6f4ee7b61840dbeb01a","stringi","74.1","bundle","R version 4.6.1 (2026-06-24)","/home/ted/R/x86_64-pc-linux-gnu-library/4.6/charr","3d947f3df10c63e20fffc0e4ef7f55f7","b6048fe5a9145f64d47e32d5df72435c","eedae0ee27c545032905b17ea9a2007c","54701f5f079bcb077976c7b53a0c2386",2,"c1ab2344fda0c7ff167883d2fcb4c64e"
"optimized-backends-record-20260731","ci_replace_all_fixed","fixed","base","Main base","main","36f5c8d","base",2,5,0.044,44,100000,"medium","character",20260721,"32930d4bafb9d6f4ee7b61840dbeb01a","charr","78.2","system","R version 4.6.1 (2026-06-24)","/home/ted/R/x86_64-pc-linux-gnu-library/4.6/charr","3d947f3df10c63e20fffc0e4ef7f55f7","b6048fe5a9145f64d47e32d5df72435c","eedae0ee27c545032905b17ea9a2007c","54701f5f079bcb077976c7b53a0c2386",2,"c1ab2344fda0c7ff167883d2fcb4c64e"
"optimized-backends-record-20260731","ci_replace_all_fixed","fixed","altrep","Main ALTREP","main","36f5c8d","altrep",2,5,0.018,18,100000,"medium","charvec",20260721,"32930d4bafb9d6f4ee7b61840dbeb01a","charr","78.2","system","R version 4.6.1 (2026-06-24)","/home/ted/R/x86_64-pc-linux-gnu-library/4.6/charr","3d947f3df10c63e20fffc0e4ef7f55f7","b6048fe5a9145f64d47e32d5df72435c","eedae0ee27c545032905b17ea9a2007c","54701f5f079bcb077976c7b53a0c2386",2,"fd3f05a163222901d4176ce041c7cbd2"
"optimized-backends-record-20260731","ci_replace_all_fixed","fixed","stringi","stringi","main","36f5c8d","stringi",3,5,0.051,51,100000,"medium","character",20260721,"32930d4bafb9d6f4ee7b61840dbeb01a","stringi","74.1","bundle","R version 4.6.1 (2026-06-24)","/home/ted/R/x86_64-pc-linux-gnu-library/4.6/charr","3d947f3df10c63e20fffc0e4ef7f55f7","b6048fe5a9145f64d47e32d5df72435c","eedae0ee27c545032905b17ea9a2007c","54701f5f079bcb077976c7b53a0c2386",2,"c1ab2344fda0c7ff167883d2fcb4c64e"
"optimized-backends-record-20260731","ci_replace_all_fixed","fixed","base","Main base","main","36f5c8d","base",3,5,0.044,44,100000,"medium","character",20260721,"32930d4bafb9d6f4ee7b61840dbeb01a","charr","78.2","system","R version 4.6.1 (2026-06-24)","/home/ted/R/x86_64-pc-linux-gnu-library/4.6/charr","3d947f3df10c63e20fffc0e4ef7f55f7","b6048fe5a9145f64d47e32d5df72435c","eedae0ee27c545032905b17ea9a2007c","54701f5f079bcb077976c7b53a0c2386",2,"c1ab2344fda0c7ff167883d2fcb4c64e"
"optimized-backends-record-20260731","ci_replace_all_fixed","fixed","altrep","Main ALTREP","main","36f5c8d","altrep",3,5,0.017,17,100000,"medium","charvec",20260721,"32930d4bafb9d6f4ee7b61840dbeb01a","charr","78.2","system","R version 4.6.1 (2026-06-24)","/home/ted/R/x86_64-pc-linux-gnu-library/4.6/charr","3d947f3df10c63e20fffc0e4ef7f55f7","b6048fe5a9145f64d47e32d5df72435c","eedae0ee27c545032905b17ea9a2007c","54701f5f079bcb077976c7b53a0c2386",2,"fd3f05a163222901d4176ce041c7cbd2"
"optimized-backends-record-20260731","ci_replace_all_fixed","fixed","stringi","stringi","main","36f5c8d","stringi",4,5,0.047,47,100000,"medium","character",20260721,"32930d4bafb9d6f4ee7b61840dbeb01a","stringi","74.1","bundle","R version 4.6.1 (2026-06-24)","/home/ted/R/x86_64-pc-linux-gnu-library/4.6/charr","3d947f3df10c63e20fffc0e4ef7f55f7","b6048fe5a9145f64d47e32d5df72435c","eedae0ee27c545032905b17ea9a2007c","54701f5f079bcb077976c7b53a0c2386",2,"c1ab2344fda0c7ff167883d2fcb4c64e"
"optimized-backends-record-20260731","ci_replace_all_fixed","fixed","base","Main base","main","36f5c8d","base",4,5,0.044,44,100000,"medium","character",20260721,"32930d4bafb9d6f4ee7b61840dbeb01a","charr","78.2","system","R version 4.6.1 (2026-06-24)","/home/ted/R/x86_64-pc-linux-gnu-library/4.6/charr","3d947f3df10c63e20fffc0e4ef7f55f7","b6048fe5a9145f64d47e32d5df72435c","eedae0ee27c545032905b17ea9a2007c","54701f5f079bcb077976c7b53a0c2386",2,"c1ab2344fda0c7ff167883d2fcb4c64e"
"optimized-backends-record-20260731","ci_replace_all_fixed","fixed","altrep","Main ALTREP","main","36f5c8d","altrep",4,5,0.018,18,100000,"medium","charvec",20260721,"32930d4bafb9d6f4ee7b61840dbeb01a","charr","78.2","system","R version 4.6.1 (2026-06-24)","/home/ted/R/x86_64-pc-linux-gnu-library/4.6/charr","3d947f3df10c63e20fffc0e4ef7f55f7","b6048fe5a9145f64d47e32d5df72435c","eedae0ee27c545032905b17ea9a2007c","54701f5f079bcb077976c7b53a0c2386",2,"fd3f05a163222901d4176ce041c7cbd2"
"optimized-backends-record-20260731","ci_replace_all_fixed","fixed","stringi","stringi","main","36f5c8d","stringi",5,5,0.048,48,100000,"medium","character",20260721,"32930d4bafb9d6f4ee7b61840dbeb01a","stringi","74.1","bundle","R version 4.6.1 (2026-06-24)","/home/ted/R/x86_64-pc-linux-gnu-library/4.6/charr","3d947f3df10c63e20fffc0e4ef7f55f7","b6048fe5a9145f64d47e32d5df72435c","eedae0ee27c545032905b17ea9a2007c","54701f5f079bcb077976c7b53a0c2386",2,"c1ab2344fda0c7ff167883d2fcb4c64e"
"optimized-backends-record-20260731","ci_replace_all_fixed","fixed","base","Main base","main","36f5c8d","base",5,5,0.045,45,100000,"medium","character",20260721,"32930d4bafb9d6f4ee7b61840dbeb01a","charr","78.2","system","R version 4.6.1 (2026-06-24)","/home/ted/R/x86_64-pc-linux-gnu-library/4.6/charr","3d947f3df10c63e20fffc0e4ef7f55f7","b6048fe5a9145f64d47e32d5df72435c","eedae0ee27c545032905b17ea9a2007c","54701f5f079bcb077976c7b53a0c2386",2,"c1ab2344fda0c7ff167883d2fcb4c64e"
"optimized-backends-record-20260731","ci_replace_all_fixed","fixed","altrep","Main ALTREP","main","36f5c8d","altrep",5,5,0.018,18,100000,"medium","charvec",20260721,"32930d4bafb9d6f4ee7b61840dbeb01a","charr","78.2","system","R version 4.6.1 (2026-06-24)","/home/ted/R/x86_64-pc-linux-gnu-library/4.6/charr","3d947f3df10c63e20fffc0e4ef7f55f7","b6048fe5a9145f64d47e32d5df72435c","eedae0ee27c545032905b17ea9a2007c","54701f5f079bcb077976c7b53a0c2386",2,"fd3f05a163222901d4176ce041c7cbd2"
"optimized-backends-record-20260731","ci_split_fixed","fixed","stringi","stringi","main","36f5c8d","stringi",1,5,0.104,104,100000,"medium","character",20260721,"32930d4bafb9d6f4ee7b61840dbeb01a","stringi","74.1","bundle","R version 4.6.1 (2026-06-24)","/home/ted/R/x86_64-pc-linux-gnu-library/4.6/charr","3d947f3df10c63e20fffc0e4ef7f55f7","b6048fe5a9145f64d47e32d5df72435c","eedae0ee27c545032905b17ea9a2007c","54701f5f079bcb077976c7b53a0c2386",2,"c1ab2344fda0c7ff167883d2fcb4c64e"
"optimized-backends-record-20260731","ci_split_fixed","fixed","base","Main base","main","36f5c8d","base",1,5,0.1,100,100000,"medium","character",20260721,"32930d4bafb9d6f4ee7b61840dbeb01a","charr","78.2","system","R version 4.6.1 (2026-06-24)","/home/ted/R/x86_64-pc-linux-gnu-library/4.6/charr","3d947f3df10c63e20fffc0e4ef7f55f7","b6048fe5a9145f64d47e32d5df72435c","eedae0ee27c545032905b17ea9a2007c","54701f5f079bcb077976c7b53a0c2386",2,"c1ab2344fda0c7ff167883d2fcb4c64e"
"optimized-backends-record-20260731","ci_split_fixed","fixed","altrep","Main ALTREP","main","36f5c8d","altrep",1,5,0.038,38,100000,"medium","charvec",20260721,"32930d4bafb9d6f4ee7b61840dbeb01a","charr","78.2","system","R version 4.6.1 (2026-06-24)","/home/ted/R/x86_64-pc-linux-gnu-library/4.6/charr","3d947f3df10c63e20fffc0e4ef7f55f7","b6048fe5a9145f64d47e32d5df72435c","eedae0ee27c545032905b17ea9a2007c","54701f5f079bcb077976c7b53a0c2386",2,"fd3f05a163222901d4176ce041c7cbd2"
"optimized-backends-record-20260731","ci_split_fixed","fixed","stringi","stringi","main","36f5c8d","stringi",2,5,0.109,109,100000,"medium","character",20260721,"32930d4bafb9d6f4ee7b61840dbeb01a","stringi","74.1","bundle","R version 4.6.1 (2026-06-24)","/home/ted/R/x86_64-pc-linux-gnu-library/4.6/charr","3d947f3df10c63e20fffc0e4ef7f55f7","b6048fe5a9145f64d47e32d5df72435c","eedae0ee27c545032905b17ea9a2007c","54701f5f079bcb077976c7b53a0c2386",2,"c1ab2344fda0c7ff167883d2fcb4c64e"
"optimized-backends-record-20260731","ci_split_fixed","fixed","base","Main base","main","36f5c8d","base",2,5,0.1,100,100000,"medium","character",20260721,"32930d4bafb9d6f4ee7b61840dbeb01a","charr","78.2","system","R version 4.6.1 (2026-06-24)","/home/ted/R/x86_64-pc-linux-gnu-library/4.6/charr","3d947f3df10c63e20fffc0e4ef7f55f7","b6048fe5a9145f64d47e32d5df72435c","eedae0ee27c545032905b17ea9a2007c","54701f5f079bcb077976c7b53a0c2386",2,"c1ab2344fda0c7ff167883d2fcb4c64e"
"optimized-backends-record-20260731","ci_split_fixed","fixed","altrep","Main ALTREP","main","36f5c8d","altrep",2,5,0.038,38,100000,"medium","charvec",20260721,"32930d4bafb9d6f4ee7b61840dbeb01a","charr","78.2","system","R version 4.6.1 (2026-06-24)","/home/ted/R/x86_64-pc-linux-gnu-library/4.6/charr","3d947f3df10c63e20fffc0e4ef7f55f7","b6048fe5a9145f64d47e32d5df72435c","eedae0ee27c545032905b17ea9a2007c","54701f5f079bcb077976c7b53a0c2386",2,"fd3f05a163222901d4176ce041c7cbd2"
"optimized-backends-record-20260731","ci_split_fixed","fixed","stringi","stringi","main","36f5c8d","stringi",3,5,0.108,108,100000,"medium","character",20260721,"32930d4bafb9d6f4ee7b61840dbeb01a","stringi","74.1","bundle","R version 4.6.1 (2026-06-24)","/home/ted/R/x86_64-pc-linux-gnu-library/4.6/charr","3d947f3df10c63e20fffc0e4ef7f55f7","b6048fe5a9145f64d47e32d5df72435c","eedae0ee27c545032905b17ea9a2007c","54701f5f079bcb077976c7b53a0c2386",2,"c1ab2344fda0c7ff167883d2fcb4c64e"
"optimized-backends-record-20260731","ci_split_fixed","fixed","base","Main base","main","36f5c8d","base",3,5,0.1,100,100000,"medium","character",20260721,"32930d4bafb9d6f4ee7b61840dbeb01a","charr","78.2","system","R version 4.6.1 (2026-06-24)","/home/ted/R/x86_64-pc-linux-gnu-library/4.6/charr","3d947f3df10c63e20fffc0e4ef7f55f7","b6048fe5a9145f64d47e32d5df72435c","eedae0ee27c545032905b17ea9a2007c","54701f5f079bcb077976c7b53a0c2386",2,"c1ab2344fda0c7ff167883d2fcb4c64e"
"optimized-backends-record-20260731","ci_split_fixed","fixed","altrep","Main ALTREP","main","36f5c8d","altrep",3,5,0.038,38,100000,"medium","charvec",20260721,"32930d4bafb9d6f4ee7b61840dbeb01a","charr","78.2","system","R version 4.6.1 (2026-06-24)","/home/ted/R/x86_64-pc-linux-gnu-library/4.6/charr","3d947f3df10c63e20fffc0e4ef7f55f7","b6048fe5a9145f64d47e32d5df72435c","eedae0ee27c545032905b17ea9a2007c","54701f5f079bcb077976c7b53a0c2386",2,"fd3f05a163222901d4176ce041c7cbd2"
"optimized-backends-record-20260731","ci_split_fixed","fixed","stringi","stringi","main","36f5c8d","stringi",4,5,0.106,106,100000,"medium","character",20260721,"32930d4bafb9d6f4ee7b61840dbeb01a","stringi","74.1","bundle","R version 4.6.1 (2026-06-24)","/home/ted/R/x86_64-pc-linux-gnu-library/4.6/charr","3d947f3df10c63e20fffc0e4ef7f55f7","b6048fe5a9145f64d47e32d5df72435c","eedae0ee27c545032905b17ea9a2007c","54701f5f079bcb077976c7b53a0c2386",2,"c1ab2344fda0c7ff167883d2fcb4c64e"
"optimized-backends-record-20260731","ci_split_fixed","fixed","base","Main base","main","36f5c8d","base",4,5,0.1,100,100000,"medium","character",20260721,"32930d4bafb9d6f4ee7b61840dbeb01a","charr","78.2","system","R version 4.6.1 (2026-06-24)","/home/ted/R/x86_64-pc-linux-gnu-library/4.6/charr","3d947f3df10c63e20fffc0e4ef7f55f7","b6048fe5a9145f64d47e32d5df72435c","eedae0ee27c545032905b17ea9a2007c","54701f5f079bcb077976c7b53a0c2386",2,"c1ab2344fda0c7ff167883d2fcb4c64e"
"optimized-backends-record-20260731","ci_split_fixed","fixed","altrep","Main ALTREP","main","36f5c8d","altrep",4,5,0.038,38,100000,"medium","charvec",20260721,"32930d4bafb9d6f4ee7b61840dbeb01a","charr","78.2","system","R version 4.6.1 (2026-06-24)","/home/ted/R/x86_64-pc-linux-gnu-library/4.6/charr","3d947f3df10c63e20fffc0e4ef7f55f7","b6048fe5a9145f64d47e32d5df72435c","eedae0ee27c545032905b17ea9a2007c","54701f5f079bcb077976c7b53a0c2386",2,"fd3f05a163222901d4176ce041c7cbd2"
"optimized-backends-record-20260731","ci_split_fixed","fixed","stringi","stringi","main","36f5c8d","stringi",5,5,0.107,107,100000,"medium","character",20260721,"32930d4bafb9d6f4ee7b61840dbeb01a","stringi","74.1","bundle","R version 4.6.1 (2026-06-24)","/home/ted/R/x86_64-pc-linux-gnu-library/4.6/charr","3d947f3df10c63e20fffc0e4ef7f55f7","b6048fe5a9145f64d47e32d5df72435c","eedae0ee27c545032905b17ea9a2007c","54701f5f079bcb077976c7b53a0c2386",2,"c1ab2344fda0c7ff167883d2fcb4c64e"
"optimized-backends-record-20260731","ci_split_fixed","fixed","base","Main base","main","36f5c8d","base",5,5,0.099,99,100000,"medium","character",20260721,"32930d4bafb9d6f4ee7b61840dbeb01a","charr","78.2","system","R version 4.6.1 (2026-06-24)","/home/ted/R/x86_64-pc-linux-gnu-library/4.6/charr","3d947f3df10c63e20fffc0e4ef7f55f7","b6048fe5a9145f64d47e32d5df72435c","eedae0ee27c545032905b17ea9a2007c","54701f5f079bcb077976c7b53a0c2386",2,"c1ab2344fda0c7ff167883d2fcb4c64e"
"optimized-backends-record-20260731","ci_split_fixed","fixed","altrep","Main ALTREP","main","36f5c8d","altrep",5,5,0.038,38,100000,"medium","charvec",20260721,"32930d4bafb9d6f4ee7b61840dbeb01a","charr","78.2","system","R version 4.6.1 (2026-06-24)","/home/ted/R/x86_64-pc-linux-gnu-library/4.6/charr","3d947f3df10c63e20fffc0e4ef7f55f7","b6048fe5a9145f64d47e32d5df72435c","eedae0ee27c545032905b17ea9a2007c","54701f5f079bcb077976c7b53a0c2386",2,"fd3f05a163222901d4176ce041c7cbd2"
"optimized-backends-record-20260731","ci_sub","substring","stringi","stringi","main","36f5c8d","stringi",1,5,0.026,26,100000,"medium","character",20260721,"32930d4bafb9d6f4ee7b61840dbeb01a","stringi","74.1","bundle","R version 4.6.1 (2026-06-24)","/home/ted/R/x86_64-pc-linux-gnu-library/4.6/charr","3d947f3df10c63e20fffc0e4ef7f55f7","b6048fe5a9145f64d47e32d5df72435c","eedae0ee27c545032905b17ea9a2007c","54701f5f079bcb077976c7b53a0c2386",2,"c1ab2344fda0c7ff167883d2fcb4c64e"
"optimized-backends-record-20260731","ci_sub","substring","base","Main base","main","36f5c8d","base",1,5,0.024,24,100000,"medium","character",20260721,"32930d4bafb9d6f4ee7b61840dbeb01a","charr","78.2","system","R version 4.6.1 (2026-06-24)","/home/ted/R/x86_64-pc-linux-gnu-library/4.6/charr","3d947f3df10c63e20fffc0e4ef7f55f7","b6048fe5a9145f64d47e32d5df72435c","eedae0ee27c545032905b17ea9a2007c","54701f5f079bcb077976c7b53a0c2386",2,"c1ab2344fda0c7ff167883d2fcb4c64e"
"optimized-backends-record-20260731","ci_sub","substring","altrep","Main ALTREP","main","36f5c8d","altrep",1,5,0.004,4,100000,"medium","charvec",20260721,"32930d4bafb9d6f4ee7b61840dbeb01a","charr","78.2","system","R version 4.6.1 (2026-06-24)","/home/ted/R/x86_64-pc-linux-gnu-library/4.6/charr","3d947f3df10c63e20fffc0e4ef7f55f7","b6048fe5a9145f64d47e32d5df72435c","eedae0ee27c545032905b17ea9a2007c","54701f5f079bcb077976c7b53a0c2386",2,"fd3f05a163222901d4176ce041c7cbd2"
"optimized-backends-record-20260731","ci_sub","substring","stringi","stringi","main","36f5c8d","stringi",2,5,0.028,28,100000,"medium","character",20260721,"32930d4bafb9d6f4ee7b61840dbeb01a","stringi","74.1","bundle","R version 4.6.1 (2026-06-24)","/home/ted/R/x86_64-pc-linux-gnu-library/4.6/charr","3d947f3df10c63e20fffc0e4ef7f55f7","b6048fe5a9145f64d47e32d5df72435c","eedae0ee27c545032905b17ea9a2007c","54701f5f079bcb077976c7b53a0c2386",2,"c1ab2344fda0c7ff167883d2fcb4c64e"
"optimized-backends-record-20260731","ci_sub","substring","base","Main base","main","36f5c8d","base",2,5,0.023,23,100000,"medium","character",20260721,"32930d4bafb9d6f4ee7b61840dbeb01a","charr","78.2","system","R version 4.6.1 (2026-06-24)","/home/ted/R/x86_64-pc-linux-gnu-library/4.6/charr","3d947f3df10c63e20fffc0e4ef7f55f7","b6048fe5a9145f64d47e32d5df72435c","eedae0ee27c545032905b17ea9a2007c","54701f5f079bcb077976c7b53a0c2386",2,"c1ab2344fda0c7ff167883d2fcb4c64e"
"optimized-backends-record-20260731","ci_sub","substring","altrep","Main ALTREP","main","36f5c8d","altrep",2,5,0.003,3,100000,"medium","charvec",20260721,"32930d4bafb9d6f4ee7b61840dbeb01a","charr","78.2","system","R version 4.6.1 (2026-06-24)","/home/ted/R/x86_64-pc-linux-gnu-library/4.6/charr","3d947f3df10c63e20fffc0e4ef7f55f7","b6048fe5a9145f64d47e32d5df72435c","eedae0ee27c545032905b17ea9a2007c","54701f5f079bcb077976c7b53a0c2386",2,"fd3f05a163222901d4176ce041c7cbd2"
"optimized-backends-record-20260731","ci_sub","substring","stringi","stringi","main","36f5c8d","stringi",3,5,0.028,28,100000,"medium","character",20260721,"32930d4bafb9d6f4ee7b61840dbeb01a","stringi","74.1","bundle","R version 4.6.1 (2026-06-24)","/home/ted/R/x86_64-pc-linux-gnu-library/4.6/charr","3d947f3df10c63e20fffc0e4ef7f55f7","b6048fe5a9145f64d47e32d5df72435c","eedae0ee27c545032905b17ea9a2007c","54701f5f079bcb077976c7b53a0c2386",2,"c1ab2344fda0c7ff167883d2fcb4c64e"
"optimized-backends-record-20260731","ci_sub","substring","base","Main base","main","36f5c8d","base",3,5,0.024,24,100000,"medium","character",20260721,"32930d4bafb9d6f4ee7b61840dbeb01a","charr","78.2","system","R version 4.6.1 (2026-06-24)","/home/ted/R/x86_64-pc-linux-gnu-library/4.6/charr","3d947f3df10c63e20fffc0e4ef7f55f7","b6048fe5a9145f64d47e32d5df72435c","eedae0ee27c545032905b17ea9a2007c","54701f5f079bcb077976c7b53a0c2386",2,"c1ab2344fda0c7ff167883d2fcb4c64e"
"optimized-backends-record-20260731","ci_sub","substring","altrep","Main ALTREP","main","36f5c8d","altrep",3,5,0.003,3,100000,"medium","charvec",20260721,"32930d4bafb9d6f4ee7b61840dbeb01a","charr","78.2","system","R version 4.6.1 (2026-06-24)","/home/ted/R/x86_64-pc-linux-gnu-library/4.6/charr","3d947f3df10c63e20fffc0e4ef7f55f7","b6048fe5a9145f64d47e32d5df72435c","eedae0ee27c545032905b17ea9a2007c","54701f5f079bcb077976c7b53a0c2386",2,"fd3f05a163222901d4176ce041c7cbd2"
"optimized-backends-record-20260731","ci_sub","substring","stringi","stringi","main","36f5c8d","stringi",4,5,0.026,26,100000,"medium","character",20260721,"32930d4bafb9d6f4ee7b61840dbeb01a","stringi","74.1","bundle","R version 4.6.1 (2026-06-24)","/home/ted/R/x86_64-pc-linux-gnu-library/4.6/charr","3d947f3df10c63e20fffc0e4ef7f55f7","b6048fe5a9145f64d47e32d5df72435c","eedae0ee27c545032905b17ea9a2007c","54701f5f079bcb077976c7b53a0c2386",2,"c1ab2344fda0c7ff167883d2fcb4c64e"
"optimized-backends-record-20260731","ci_sub","substring","base","Main base","main","36f5c8d","base",4,5,0.025,25,100000,"medium","character",20260721,"32930d4bafb9d6f4ee7b61840dbeb01a","charr","78.2","system","R version 4.6.1 (2026-06-24)","/home/ted/R/x86_64-pc-linux-gnu-library/4.6/charr","3d947f3df10c63e20fffc0e4ef7f55f7","b6048fe5a9145f64d47e32d5df72435c","eedae0ee27c545032905b17ea9a2007c","54701f5f079bcb077976c7b53a0c2386",2,"c1ab2344fda0c7ff167883d2fcb4c64e"
"optimized-backends-record-20260731","ci_sub","substring","altrep","Main ALTREP","main","36f5c8d","altrep",4,5,0.003,3,100000,"medium","charvec",20260721,"32930d4bafb9d6f4ee7b61840dbeb01a","charr","78.2","system","R version 4.6.1 (2026-06-24)","/home/ted/R/x86_64-pc-linux-gnu-library/4.6/charr","3d947f3df10c63e20fffc0e4ef7f55f7","b6048fe5a9145f64d47e32d5df72435c","eedae0ee27c545032905b17ea9a2007c","54701f5f079bcb077976c7b53a0c2386",2,"fd3f05a163222901d4176ce041c7cbd2"
"optimized-backends-record-20260731","ci_sub","substring","stringi","stringi","main","36f5c8d","stringi",5,5,0.027,27,100000,"medium","character",20260721,"32930d4bafb9d6f4ee7b61840dbeb01a","stringi","74.1","bundle","R version 4.6.1 (2026-06-24)","/home/ted/R/x86_64-pc-linux-gnu-library/4.6/charr","3d947f3df10c63e20fffc0e4ef7f55f7","b6048fe5a9145f64d47e32d5df72435c","eedae0ee27c545032905b17ea9a2007c","54701f5f079bcb077976c7b53a0c2386",2,"c1ab2344fda0c7ff167883d2fcb4c64e"
"optimized-backends-record-20260731","ci_sub","substring","base","Main base","main","36f5c8d","base",5,5,0.023,23,100000,"medium","character",20260721,"32930d4bafb9d6f4ee7b61840dbeb01a","charr","78.2","system","R version 4.6.1 (2026-06-24)","/home/ted/R/x86_64-pc-linux-gnu-library/4.6/charr","3d947f3df10c63e20fffc0e4ef7f55f7","b6048fe5a9145f64d47e32d5df72435c","eedae0ee27c545032905b17ea9a2007c","54701f5f079bcb077976c7b53a0c2386",2,"c1ab2344fda0c7ff167883d2fcb4c64e"
"optimized-backends-record-20260731","ci_sub","substring","altrep","Main ALTREP","main","36f5c8d","altrep",5,5,0.003,3,100000,"medium","charvec",20260721,"32930d4bafb9d6f4ee7b61840dbeb01a","charr","78.2","system","R version 4.6.1 (2026-06-24)","/home/ted/R/x86_64-pc-linux-gnu-library/4.6/charr","3d947f3df10c63e20fffc0e4ef7f55f7","b6048fe5a9145f64d47e32d5df72435c","eedae0ee27c545032905b17ea9a2007c","54701f5f079bcb077976c7b53a0c2386",2,"fd3f05a163222901d4176ce041c7cbd2"
"optimized-backends-record-20260731","ci_sub<-","substring","stringi","stringi","main","36f5c8d","stringi",1,5,0.038,38,100000,"medium","character",20260721,"32930d4bafb9d6f4ee7b61840dbeb01a","stringi","74.1","bundle","R version 4.6.1 (2026-06-24)","/home/ted/R/x86_64-pc-linux-gnu-library/4.6/charr","3d947f3df10c63e20fffc0e4ef7f55f7","b6048fe5a9145f64d47e32d5df72435c","eedae0ee27c545032905b17ea9a2007c","54701f5f079bcb077976c7b53a0c2386",2,"c1ab2344fda0c7ff167883d2fcb4c64e"
"optimized-backends-record-20260731","ci_sub<-","substring","base","Main base","main","36f5c8d","base",1,5,0.034,34,100000,"medium","character",20260721,"32930d4bafb9d6f4ee7b61840dbeb01a","charr","78.2","system","R version 4.6.1 (2026-06-24)","/home/ted/R/x86_64-pc-linux-gnu-library/4.6/charr","3d947f3df10c63e20fffc0e4ef7f55f7","b6048fe5a9145f64d47e32d5df72435c","eedae0ee27c545032905b17ea9a2007c","54701f5f079bcb077976c7b53a0c2386",2,"c1ab2344fda0c7ff167883d2fcb4c64e"
"optimized-backends-record-20260731","ci_sub<-","substring","altrep","Main ALTREP","main","36f5c8d","altrep",1,5,0.005,5,100000,"medium","charvec",20260721,"32930d4bafb9d6f4ee7b61840dbeb01a","charr","78.2","system","R version 4.6.1 (2026-06-24)","/home/ted/R/x86_64-pc-linux-gnu-library/4.6/charr","3d947f3df10c63e20fffc0e4ef7f55f7","b6048fe5a9145f64d47e32d5df72435c","eedae0ee27c545032905b17ea9a2007c","54701f5f079bcb077976c7b53a0c2386",2,"fd3f05a163222901d4176ce041c7cbd2"
"optimized-backends-record-20260731","ci_sub<-","substring","stringi","stringi","main","36f5c8d","stringi",2,5,0.037,37,100000,"medium","character",20260721,"32930d4bafb9d6f4ee7b61840dbeb01a","stringi","74.1","bundle","R version 4.6.1 (2026-06-24)","/home/ted/R/x86_64-pc-linux-gnu-library/4.6/charr","3d947f3df10c63e20fffc0e4ef7f55f7","b6048fe5a9145f64d47e32d5df72435c","eedae0ee27c545032905b17ea9a2007c","54701f5f079bcb077976c7b53a0c2386",2,"c1ab2344fda0c7ff167883d2fcb4c64e"
"optimized-backends-record-20260731","ci_sub<-","substring","base","Main base","main","36f5c8d","base",2,5,0.034,34,100000,"medium","character",20260721,"32930d4bafb9d6f4ee7b61840dbeb01a","charr","78.2","system","R version 4.6.1 (2026-06-24)","/home/ted/R/x86_64-pc-linux-gnu-library/4.6/charr","3d947f3df10c63e20fffc0e4ef7f55f7","b6048fe5a9145f64d47e32d5df72435c","eedae0ee27c545032905b17ea9a2007c","54701f5f079bcb077976c7b53a0c2386",2,"c1ab2344fda0c7ff167883d2fcb4c64e"
"optimized-backends-record-20260731","ci_sub<-","substring","altrep","Main ALTREP","main","36f5c8d","altrep",2,5,0.006,6,100000,"medium","charvec",20260721,"32930d4bafb9d6f4ee7b61840dbeb01a","charr","78.2","system","R version 4.6.1 (2026-06-24)","/home/ted/R/x86_64-pc-linux-gnu-library/4.6/charr","3d947f3df10c63e20fffc0e4ef7f55f7","b6048fe5a9145f64d47e32d5df72435c","eedae0ee27c545032905b17ea9a2007c","54701f5f079bcb077976c7b53a0c2386",2,"fd3f05a163222901d4176ce041c7cbd2"
"optimized-backends-record-20260731","ci_sub<-","substring","stringi","stringi","main","36f5c8d","stringi",3,5,0.037,37,100000,"medium","character",20260721,"32930d4bafb9d6f4ee7b61840dbeb01a","stringi","74.1","bundle","R version 4.6.1 (2026-06-24)","/home/ted/R/x86_64-pc-linux-gnu-library/4.6/charr","3d947f3df10c63e20fffc0e4ef7f55f7","b6048fe5a9145f64d47e32d5df72435c","eedae0ee27c545032905b17ea9a2007c","54701f5f079bcb077976c7b53a0c2386",2,"c1ab2344fda0c7ff167883d2fcb4c64e"
"optimized-backends-record-20260731","ci_sub<-","substring","base","Main base","main","36f5c8d","base",3,5,0.034,34,100000,"medium","character",20260721,"32930d4bafb9d6f4ee7b61840dbeb01a","charr","78.2","system","R version 4.6.1 (2026-06-24)","/home/ted/R/x86_64-pc-linux-gnu-library/4.6/charr","3d947f3df10c63e20fffc0e4ef7f55f7","b6048fe5a9145f64d47e32d5df72435c","eedae0ee27c545032905b17ea9a2007c","54701f5f079bcb077976c7b53a0c2386",2,"c1ab2344fda0c7ff167883d2fcb4c64e"
"optimized-backends-record-20260731","ci_sub<-","substring","altrep","Main ALTREP","main","36f5c8d","altrep",3,5,0.005,5,100000,"medium","charvec",20260721,"32930d4bafb9d6f4ee7b61840dbeb01a","charr","78.2","system","R version 4.6.1 (2026-06-24)","/home/ted/R/x86_64-pc-linux-gnu-library/4.6/charr","3d947f3df10c63e20fffc0e4ef7f55f7","b6048fe5a9145f64d47e32d5df72435c","eedae0ee27c545032905b17ea9a2007c","54701f5f079bcb077976c7b53a0c2386",2,"fd3f05a163222901d4176ce041c7cbd2"
"optimized-backends-record-20260731","ci_sub<-","substring","stringi","stringi","main","36f5c8d","stringi",4,5,0.049,49,100000,"medium","character",20260721,"32930d4bafb9d6f4ee7b61840dbeb01a","stringi","74.1","bundle","R version 4.6.1 (2026-06-24)","/home/ted/R/x86_64-pc-linux-gnu-library/4.6/charr","3d947f3df10c63e20fffc0e4ef7f55f7","b6048fe5a9145f64d47e32d5df72435c","eedae0ee27c545032905b17ea9a2007c","54701f5f079bcb077976c7b53a0c2386",2,"c1ab2344fda0c7ff167883d2fcb4c64e"
"optimized-backends-record-20260731","ci_sub<-","substring","base","Main base","main","36f5c8d","base",4,5,0.036,36,100000,"medium","character",20260721,"32930d4bafb9d6f4ee7b61840dbeb01a","charr","78.2","system","R version 4.6.1 (2026-06-24)","/home/ted/R/x86_64-pc-linux-gnu-library/4.6/charr","3d947f3df10c63e20fffc0e4ef7f55f7","b6048fe5a9145f64d47e32d5df72435c","eedae0ee27c545032905b17ea9a2007c","54701f5f079bcb077976c7b53a0c2386",2,"c1ab2344fda0c7ff167883d2fcb4c64e"
"optimized-backends-record-20260731","ci_sub<-","substring","altrep","Main ALTREP","main","36f5c8d","altrep",4,5,0.005,5,100000,"medium","charvec",20260721,"32930d4bafb9d6f4ee7b61840dbeb01a","charr","78.2","system","R version 4.6.1 (2026-06-24)","/home/ted/R/x86_64-pc-linux-gnu-library/4.6/charr","3d947f3df10c63e20fffc0e4ef7f55f7","b6048fe5a9145f64d47e32d5df72435c","eedae0ee27c545032905b17ea9a2007c","54701f5f079bcb077976c7b53a0c2386",2,"fd3f05a163222901d4176ce041c7cbd2"
"optimized-backends-record-20260731","ci_sub<-","substring","stringi","stringi","main","36f5c8d","stringi",5,5,0.039,39,100000,"medium","character",20260721,"32930d4bafb9d6f4ee7b61840dbeb01a","stringi","74.1","bundle","R version 4.6.1 (2026-06-24)","/home/ted/R/x86_64-pc-linux-gnu-library/4.6/charr","3d947f3df10c63e20fffc0e4ef7f55f7","b6048fe5a9145f64d47e32d5df72435c","eedae0ee27c545032905b17ea9a2007c","54701f5f079bcb077976c7b53a0c2386",2,"c1ab2344fda0c7ff167883d2fcb4c64e"
"optimized-backends-record-20260731","ci_sub<-","substring","base","Main base","main","36f5c8d","base",5,5,0.035,35,100000,"medium","character",20260721,"32930d4bafb9d6f4ee7b61840dbeb01a","charr","78.2","system","R version 4.6.1 (2026-06-24)","/home/ted/R/x86_64-pc-linux-gnu-library/4.6/charr","3d947f3df10c63e20fffc0e4ef7f55f7","b6048fe5a9145f64d47e32d5df72435c","eedae0ee27c545032905b17ea9a2007c","54701f5f079bcb077976c7b53a0c2386",2,"c1ab2344fda0c7ff167883d2fcb4c64e"
"optimized-backends-record-20260731","ci_sub<-","substring","altrep","Main ALTREP","main","36f5c8d","altrep",5,5,0.005,5,100000,"medium","charvec",20260721,"32930d4bafb9d6f4ee7b61840dbeb01a","charr","78.2","system","R version 4.6.1 (2026-06-24)","/home/ted/R/x86_64-pc-linux-gnu-library/4.6/charr","3d947f3df10c63e20fffc0e4ef7f55f7","b6048fe5a9145f64d47e32d5df72435c","eedae0ee27c545032905b17ea9a2007c","54701f5f079bcb077976c7b53a0c2386",2,"fd3f05a163222901d4176ce041c7cbd2"
"optimized-backends-record-20260731","ci_sub_all","substring","stringi","stringi","main","36f5c8d","stringi",1,5,0.046,46,100000,"medium","character",20260721,"32930d4bafb9d6f4ee7b61840dbeb01a","stringi","74.1","bundle","R version 4.6.1 (2026-06-24)","/home/ted/R/x86_64-pc-linux-gnu-library/4.6/charr","3d947f3df10c63e20fffc0e4ef7f55f7","b6048fe5a9145f64d47e32d5df72435c","eedae0ee27c545032905b17ea9a2007c","54701f5f079bcb077976c7b53a0c2386",2,"c1ab2344fda0c7ff167883d2fcb4c64e"
"optimized-backends-record-20260731","ci_sub_all","substring","base","Main base","main","36f5c8d","base",1,5,0.034,34,100000,"medium","character",20260721,"32930d4bafb9d6f4ee7b61840dbeb01a","charr","78.2","system","R version 4.6.1 (2026-06-24)","/home/ted/R/x86_64-pc-linux-gnu-library/4.6/charr","3d947f3df10c63e20fffc0e4ef7f55f7","b6048fe5a9145f64d47e32d5df72435c","eedae0ee27c545032905b17ea9a2007c","54701f5f079bcb077976c7b53a0c2386",2,"c1ab2344fda0c7ff167883d2fcb4c64e"
"optimized-backends-record-20260731","ci_sub_all","substring","altrep","Main ALTREP","main","36f5c8d","altrep",1,5,0.028,28,100000,"medium","charvec",20260721,"32930d4bafb9d6f4ee7b61840dbeb01a","charr","78.2","system","R version 4.6.1 (2026-06-24)","/home/ted/R/x86_64-pc-linux-gnu-library/4.6/charr","3d947f3df10c63e20fffc0e4ef7f55f7","b6048fe5a9145f64d47e32d5df72435c","eedae0ee27c545032905b17ea9a2007c","54701f5f079bcb077976c7b53a0c2386",2,"fd3f05a163222901d4176ce041c7cbd2"
"optimized-backends-record-20260731","ci_sub_all","substring","stringi","stringi","main","36f5c8d","stringi",2,5,0.046,46,100000,"medium","character",20260721,"32930d4bafb9d6f4ee7b61840dbeb01a","stringi","74.1","bundle","R version 4.6.1 (2026-06-24)","/home/ted/R/x86_64-pc-linux-gnu-library/4.6/charr","3d947f3df10c63e20fffc0e4ef7f55f7","b6048fe5a9145f64d47e32d5df72435c","eedae0ee27c545032905b17ea9a2007c","54701f5f079bcb077976c7b53a0c2386",2,"c1ab2344fda0c7ff167883d2fcb4c64e"
"optimized-backends-record-20260731","ci_sub_all","substring","base","Main base","main","36f5c8d","base",2,5,0.03,30,100000,"medium","character",20260721,"32930d4bafb9d6f4ee7b61840dbeb01a","charr","78.2","system","R version 4.6.1 (2026-06-24)","/home/ted/R/x86_64-pc-linux-gnu-library/4.6/charr","3d947f3df10c63e20fffc0e4ef7f55f7","b6048fe5a9145f64d47e32d5df72435c","eedae0ee27c545032905b17ea9a2007c","54701f5f079bcb077976c7b53a0c2386",2,"c1ab2344fda0c7ff167883d2fcb4c64e"
"optimized-backends-record-20260731","ci_sub_all","substring","altrep","Main ALTREP","main","36f5c8d","altrep",2,5,0.029,29,100000,"medium","charvec",20260721,"32930d4bafb9d6f4ee7b61840dbeb01a","charr","78.2","system","R version 4.6.1 (2026-06-24)","/home/ted/R/x86_64-pc-linux-gnu-library/4.6/charr","3d947f3df10c63e20fffc0e4ef7f55f7","b6048fe5a9145f64d47e32d5df72435c","eedae0ee27c545032905b17ea9a2007c","54701f5f079bcb077976c7b53a0c2386",2,"fd3f05a163222901d4176ce041c7cbd2"
"optimized-backends-record-20260731","ci_sub_all","substring","stringi","stringi","main","36f5c8d","stringi",3,5,0.044,44,100000,"medium","character",20260721,"32930d4bafb9d6f4ee7b61840dbeb01a","stringi","74.1","bundle","R version 4.6.1 (2026-06-24)","/home/ted/R/x86_64-pc-linux-gnu-library/4.6/charr","3d947f3df10c63e20fffc0e4ef7f55f7","b6048fe5a9145f64d47e32d5df72435c","eedae0ee27c545032905b17ea9a2007c","54701f5f079bcb077976c7b53a0c2386",2,"c1ab2344fda0c7ff167883d2fcb4c64e"
"optimized-backends-record-20260731","ci_sub_all","substring","base","Main base","main","36f5c8d","base",3,5,0.031,31,100000,"medium","character",20260721,"32930d4bafb9d6f4ee7b61840dbeb01a","charr","78.2","system","R version 4.6.1 (2026-06-24)","/home/ted/R/x86_64-pc-linux-gnu-library/4.6/charr","3d947f3df10c63e20fffc0e4ef7f55f7","b6048fe5a9145f64d47e32d5df72435c","eedae0ee27c545032905b17ea9a2007c","54701f5f079bcb077976c7b53a0c2386",2,"c1ab2344fda0c7ff167883d2fcb4c64e"
"optimized-backends-record-20260731","ci_sub_all","substring","altrep","Main ALTREP","main","36f5c8d","altrep",3,5,0.028,28,100000,"medium","charvec",20260721,"32930d4bafb9d6f4ee7b61840dbeb01a","charr","78.2","system","R version 4.6.1 (2026-06-24)","/home/ted/R/x86_64-pc-linux-gnu-library/4.6/charr","3d947f3df10c63e20fffc0e4ef7f55f7","b6048fe5a9145f64d47e32d5df72435c","eedae0ee27c545032905b17ea9a2007c","54701f5f079bcb077976c7b53a0c2386",2,"fd3f05a163222901d4176ce041c7cbd2"
"optimized-backends-record-20260731","ci_sub_all","substring","stringi","stringi","main","36f5c8d","stringi",4,5,0.046,46,100000,"medium","character",20260721,"32930d4bafb9d6f4ee7b61840dbeb01a","stringi","74.1","bundle","R version 4.6.1 (2026-06-24)","/home/ted/R/x86_64-pc-linux-gnu-library/4.6/charr","3d947f3df10c63e20fffc0e4ef7f55f7","b6048fe5a9145f64d47e32d5df72435c","eedae0ee27c545032905b17ea9a2007c","54701f5f079bcb077976c7b53a0c2386",2,"c1ab2344fda0c7ff167883d2fcb4c64e"
"optimized-backends-record-20260731","ci_sub_all","substring","base","Main base","main","36f5c8d","base",4,5,0.03,30,100000,"medium","character",20260721,"32930d4bafb9d6f4ee7b61840dbeb01a","charr","78.2","system","R version 4.6.1 (2026-06-24)","/home/ted/R/x86_64-pc-linux-gnu-library/4.6/charr","3d947f3df10c63e20fffc0e4ef7f55f7","b6048fe5a9145f64d47e32d5df72435c","eedae0ee27c545032905b17ea9a2007c","54701f5f079bcb077976c7b53a0c2386",2,"c1ab2344fda0c7ff167883d2fcb4c64e"
"optimized-backends-record-20260731","ci_sub_all","substring","altrep","Main ALTREP","main","36f5c8d","altrep",4,5,0.029,29,100000,"medium","charvec",20260721,"32930d4bafb9d6f4ee7b61840dbeb01a","charr","78.2","system","R version 4.6.1 (2026-06-24)","/home/ted/R/x86_64-pc-linux-gnu-library/4.6/charr","3d947f3df10c63e20fffc0e4ef7f55f7","b6048fe5a9145f64d47e32d5df72435c","eedae0ee27c545032905b17ea9a2007c","54701f5f079bcb077976c7b53a0c2386",2,"fd3f05a163222901d4176ce041c7cbd2"
"optimized-backends-record-20260731","ci_sub_all","substring","stringi","stringi","main","36f5c8d","stringi",5,5,0.043,43,100000,"medium","character",20260721,"32930d4bafb9d6f4ee7b61840dbeb01a","stringi","74.1","bundle","R version 4.6.1 (2026-06-24)","/home/ted/R/x86_64-pc-linux-gnu-library/4.6/charr","3d947f3df10c63e20fffc0e4ef7f55f7","b6048fe5a9145f64d47e32d5df72435c","eedae0ee27c545032905b17ea9a2007c","54701f5f079bcb077976c7b53a0c2386",2,"c1ab2344fda0c7ff167883d2fcb4c64e"
"optimized-backends-record-20260731","ci_sub_all","substring","base","Main base","main","36f5c8d","base",5,5,0.033,33,100000,"medium","character",20260721,"32930d4bafb9d6f4ee7b61840dbeb01a","charr","78.2","system","R version 4.6.1 (2026-06-24)","/home/ted/R/x86_64-pc-linux-gnu-library/4.6/charr","3d947f3df10c63e20fffc0e4ef7f55f7","b6048fe5a9145f64d47e32d5df72435c","eedae0ee27c545032905b17ea9a2007c","54701f5f079bcb077976c7b53a0c2386",2,"c1ab2344fda0c7ff167883d2fcb4c64e"
"optimized-backends-record-20260731","ci_sub_all","substring","altrep","Main ALTREP","main","36f5c8d","altrep",5,5,0.028,28,100000,"medium","charvec",20260721,"32930d4bafb9d6f4ee7b61840dbeb01a","charr","78.2","system","R version 4.6.1 (2026-06-24)","/home/ted/R/x86_64-pc-linux-gnu-library/4.6/charr","3d947f3df10c63e20fffc0e4ef7f55f7","b6048fe5a9145f64d47e32d5df72435c","eedae0ee27c545032905b17ea9a2007c","54701f5f079bcb077976c7b53a0c2386",2,"fd3f05a163222901d4176ce041c7cbd2"
"optimized-backends-record-20260731","ci_sub_all<-","substring","stringi","stringi","main","36f5c8d","stringi",1,5,0.074,74,100000,"medium","character",20260721,"32930d4bafb9d6f4ee7b61840dbeb01a","stringi","74.1","bundle","R version 4.6.1 (2026-06-24)","/home/ted/R/x86_64-pc-linux-gnu-library/4.6/charr","3d947f3df10c63e20fffc0e4ef7f55f7","b6048fe5a9145f64d47e32d5df72435c","eedae0ee27c545032905b17ea9a2007c","54701f5f079bcb077976c7b53a0c2386",2,"c1ab2344fda0c7ff167883d2fcb4c64e"
"optimized-backends-record-20260731","ci_sub_all<-","substring","base","Main base","main","36f5c8d","base",1,5,0.037,37,100000,"medium","character",20260721,"32930d4bafb9d6f4ee7b61840dbeb01a","charr","78.2","system","R version 4.6.1 (2026-06-24)","/home/ted/R/x86_64-pc-linux-gnu-library/4.6/charr","3d947f3df10c63e20fffc0e4ef7f55f7","b6048fe5a9145f64d47e32d5df72435c","eedae0ee27c545032905b17ea9a2007c","54701f5f079bcb077976c7b53a0c2386",2,"c1ab2344fda0c7ff167883d2fcb4c64e"
"optimized-backends-record-20260731","ci_sub_all<-","substring","altrep","Main ALTREP","main","36f5c8d","altrep",1,5,0.006,6,100000,"medium","charvec",20260721,"32930d4bafb9d6f4ee7b61840dbeb01a","charr","78.2","system","R version 4.6.1 (2026-06-24)","/home/ted/R/x86_64-pc-linux-gnu-library/4.6/charr","3d947f3df10c63e20fffc0e4ef7f55f7","b6048fe5a9145f64d47e32d5df72435c","eedae0ee27c545032905b17ea9a2007c","54701f5f079bcb077976c7b53a0c2386",2,"fd3f05a163222901d4176ce041c7cbd2"
"optimized-backends-record-20260731","ci_sub_all<-","substring","stringi","stringi","main","36f5c8d","stringi",2,5,0.074,74,100000,"medium","character",20260721,"32930d4bafb9d6f4ee7b61840dbeb01a","stringi","74.1","bundle","R version 4.6.1 (2026-06-24)","/home/ted/R/x86_64-pc-linux-gnu-library/4.6/charr","3d947f3df10c63e20fffc0e4ef7f55f7","b6048fe5a9145f64d47e32d5df72435c","eedae0ee27c545032905b17ea9a2007c","54701f5f079bcb077976c7b53a0c2386",2,"c1ab2344fda0c7ff167883d2fcb4c64e"
"optimized-backends-record-20260731","ci_sub_all<-","substring","base","Main base","main","36f5c8d","base",2,5,0.036,36,100000,"medium","character",20260721,"32930d4bafb9d6f4ee7b61840dbeb01a","charr","78.2","system","R version 4.6.1 (2026-06-24)","/home/ted/R/x86_64-pc-linux-gnu-library/4.6/charr","3d947f3df10c63e20fffc0e4ef7f55f7","b6048fe5a9145f64d47e32d5df72435c","eedae0ee27c545032905b17ea9a2007c","54701f5f079bcb077976c7b53a0c2386",2,"c1ab2344fda0c7ff167883d2fcb4c64e"
"optimized-backends-record-20260731","ci_sub_all<-","substring","altrep","Main ALTREP","main","36f5c8d","altrep",2,5,0.006,6,100000,"medium","charvec",20260721,"32930d4bafb9d6f4ee7b61840dbeb01a","charr","78.2","system","R version 4.6.1 (2026-06-24)","/home/ted/R/x86_64-pc-linux-gnu-library/4.6/charr","3d947f3df10c63e20fffc0e4ef7f55f7","b6048fe5a9145f64d47e32d5df72435c","eedae0ee27c545032905b17ea9a2007c","54701f5f079bcb077976c7b53a0c2386",2,"fd3f05a163222901d4176ce041c7cbd2"
"optimized-backends-record-20260731","ci_sub_all<-","substring","stringi","stringi","main","36f5c8d","stringi",3,5,0.072,72,100000,"medium","character",20260721,"32930d4bafb9d6f4ee7b61840dbeb01a","stringi","74.1","bundle","R version 4.6.1 (2026-06-24)","/home/ted/R/x86_64-pc-linux-gnu-library/4.6/charr","3d947f3df10c63e20fffc0e4ef7f55f7","b6048fe5a9145f64d47e32d5df72435c","eedae0ee27c545032905b17ea9a2007c","54701f5f079bcb077976c7b53a0c2386",2,"c1ab2344fda0c7ff167883d2fcb4c64e"
"optimized-backends-record-20260731","ci_sub_all<-","substring","base","Main base","main","36f5c8d","base",3,5,0.038,38,100000,"medium","character",20260721,"32930d4bafb9d6f4ee7b61840dbeb01a","charr","78.2","system","R version 4.6.1 (2026-06-24)","/home/ted/R/x86_64-pc-linux-gnu-library/4.6/charr","3d947f3df10c63e20fffc0e4ef7f55f7","b6048fe5a9145f64d47e32d5df72435c","eedae0ee27c545032905b17ea9a2007c","54701f5f079bcb077976c7b53a0c2386",2,"c1ab2344fda0c7ff167883d2fcb4c64e"
"optimized-backends-record-20260731","ci_sub_all<-","substring","altrep","Main ALTREP","main","36f5c8d","altrep",3,5,0.007,7,100000,"medium","charvec",20260721,"32930d4bafb9d6f4ee7b61840dbeb01a","charr","78.2","system","R version 4.6.1 (2026-06-24)","/home/ted/R/x86_64-pc-linux-gnu-library/4.6/charr","3d947f3df10c63e20fffc0e4ef7f55f7","b6048fe5a9145f64d47e32d5df72435c","eedae0ee27c545032905b17ea9a2007c","54701f5f079bcb077976c7b53a0c2386",2,"fd3f05a163222901d4176ce041c7cbd2"
"optimized-backends-record-20260731","ci_sub_all<-","substring","stringi","stringi","main","36f5c8d","stringi",4,5,0.07,70,100000,"medium","character",20260721,"32930d4bafb9d6f4ee7b61840dbeb01a","stringi","74.1","bundle","R version 4.6.1 (2026-06-24)","/home/ted/R/x86_64-pc-linux-gnu-library/4.6/charr","3d947f3df10c63e20fffc0e4ef7f55f7","b6048fe5a9145f64d47e32d5df72435c","eedae0ee27c545032905b17ea9a2007c","54701f5f079bcb077976c7b53a0c2386",2,"c1ab2344fda0c7ff167883d2fcb4c64e"
"optimized-backends-record-20260731","ci_sub_all<-","substring","base","Main base","main","36f5c8d","base",4,5,0.04,40,100000,"medium","character",20260721,"32930d4bafb9d6f4ee7b61840dbeb01a","charr","78.2","system","R version 4.6.1 (2026-06-24)","/home/ted/R/x86_64-pc-linux-gnu-library/4.6/charr","3d947f3df10c63e20fffc0e4ef7f55f7","b6048fe5a9145f64d47e32d5df72435c","eedae0ee27c545032905b17ea9a2007c","54701f5f079bcb077976c7b53a0c2386",2,"c1ab2344fda0c7ff167883d2fcb4c64e"
"optimized-backends-record-20260731","ci_sub_all<-","substring","altrep","Main ALTREP","main","36f5c8d","altrep",4,5,0.006,6,100000,"medium","charvec",20260721,"32930d4bafb9d6f4ee7b61840dbeb01a","charr","78.2","system","R version 4.6.1 (2026-06-24)","/home/ted/R/x86_64-pc-linux-gnu-library/4.6/charr","3d947f3df10c63e20fffc0e4ef7f55f7","b6048fe5a9145f64d47e32d5df72435c","eedae0ee27c545032905b17ea9a2007c","54701f5f079bcb077976c7b53a0c2386",2,"fd3f05a163222901d4176ce041c7cbd2"
"optimized-backends-record-20260731","ci_sub_all<-","substring","stringi","stringi","main","36f5c8d","stringi",5,5,0.074,74,100000,"medium","character",20260721,"32930d4bafb9d6f4ee7b61840dbeb01a","stringi","74.1","bundle","R version 4.6.1 (2026-06-24)","/home/ted/R/x86_64-pc-linux-gnu-library/4.6/charr","3d947f3df10c63e20fffc0e4ef7f55f7","b6048fe5a9145f64d47e32d5df72435c","eedae0ee27c545032905b17ea9a2007c","54701f5f079bcb077976c7b53a0c2386",2,"c1ab2344fda0c7ff167883d2fcb4c64e"
"optimized-backends-record-20260731","ci_sub_all<-","substring","base","Main base","main","36f5c8d","base",5,5,0.035,35,100000,"medium","character",20260721,"32930d4bafb9d6f4ee7b61840dbeb01a","charr","78.2","system","R version 4.6.1 (2026-06-24)","/home/ted/R/x86_64-pc-linux-gnu-library/4.6/charr","3d947f3df10c63e20fffc0e4ef7f55f7","b6048fe5a9145f64d47e32d5df72435c","eedae0ee27c545032905b17ea9a2007c","54701f5f079bcb077976c7b53a0c2386",2,"c1ab2344fda0c7ff167883d2fcb4c64e"
"optimized-backends-record-20260731","ci_sub_all<-","substring","altrep","Main ALTREP","main","36f5c8d","altrep",5,5,0.007,7,100000,"medium","charvec",20260721,"32930d4bafb9d6f4ee7b61840dbeb01a","charr","78.2","system","R version 4.6.1 (2026-06-24)","/home/ted/R/x86_64-pc-linux-gnu-library/4.6/charr","3d947f3df10c63e20fffc0e4ef7f55f7","b6048fe5a9145f64d47e32d5df72435c","eedae0ee27c545032905b17ea9a2007c","54701f5f079bcb077976c7b53a0c2386",2,"fd3f05a163222901d4176ce041c7cbd2"
"optimized-backends-record-20260731","ci_length","other","stringi","stringi","main","36f5c8d","stringi",1,5,0.06,60,1000000,"fast","character",20260721,"25c716f0d4b3b4e05398094ee12e945f","stringi","74.1","bundle","R version 4.6.1 (2026-06-24)","/home/ted/R/x86_64-pc-linux-gnu-library/4.6/charr","3d947f3df10c63e20fffc0e4ef7f55f7","b6048fe5a9145f64d47e32d5df72435c","eedae0ee27c545032905b17ea9a2007c","54701f5f079bcb077976c7b53a0c2386",2,"e549c43af71954c67b43b1b565be2a42"
"optimized-backends-record-20260731","ci_length","other","base","Main base","main","36f5c8d","base",1,5,0.06,60,1000000,"fast","character",20260721,"25c716f0d4b3b4e05398094ee12e945f","charr","78.2","system","R version 4.6.1 (2026-06-24)","/home/ted/R/x86_64-pc-linux-gnu-library/4.6/charr","3d947f3df10c63e20fffc0e4ef7f55f7","b6048fe5a9145f64d47e32d5df72435c","eedae0ee27c545032905b17ea9a2007c","54701f5f079bcb077976c7b53a0c2386",2,"e549c43af71954c67b43b1b565be2a42"
"optimized-backends-record-20260731","ci_length","other","altrep","Main ALTREP","main","36f5c8d","altrep",1,5,0.05,50,1000000,"fast","charvec",20260721,"25c716f0d4b3b4e05398094ee12e945f","charr","78.2","system","R version 4.6.1 (2026-06-24)","/home/ted/R/x86_64-pc-linux-gnu-library/4.6/charr","3d947f3df10c63e20fffc0e4ef7f55f7","b6048fe5a9145f64d47e32d5df72435c","eedae0ee27c545032905b17ea9a2007c","54701f5f079bcb077976c7b53a0c2386",2,"fc726ee9f66ea138ae03cf9f86fb4d49"
"optimized-backends-record-20260731","ci_length","other","stringi","stringi","main","36f5c8d","stringi",2,5,0.061,61,1000000,"fast","character",20260721,"25c716f0d4b3b4e05398094ee12e945f","stringi","74.1","bundle","R version 4.6.1 (2026-06-24)","/home/ted/R/x86_64-pc-linux-gnu-library/4.6/charr","3d947f3df10c63e20fffc0e4ef7f55f7","b6048fe5a9145f64d47e32d5df72435c","eedae0ee27c545032905b17ea9a2007c","54701f5f079bcb077976c7b53a0c2386",2,"e549c43af71954c67b43b1b565be2a42"
"optimized-backends-record-20260731","ci_length","other","base","Main base","main","36f5c8d","base",2,5,0.058,58,1000000,"fast","character",20260721,"25c716f0d4b3b4e05398094ee12e945f","charr","78.2","system","R version 4.6.1 (2026-06-24)","/home/ted/R/x86_64-pc-linux-gnu-library/4.6/charr","3d947f3df10c63e20fffc0e4ef7f55f7","b6048fe5a9145f64d47e32d5df72435c","eedae0ee27c545032905b17ea9a2007c","54701f5f079bcb077976c7b53a0c2386",2,"e549c43af71954c67b43b1b565be2a42"
"optimized-backends-record-20260731","ci_length","other","altrep","Main ALTREP","main","36f5c8d","altrep",2,5,0.05,50,1000000,"fast","charvec",20260721,"25c716f0d4b3b4e05398094ee12e945f","charr","78.2","system","R version 4.6.1 (2026-06-24)","/home/ted/R/x86_64-pc-linux-gnu-library/4.6/charr","3d947f3df10c63e20fffc0e4ef7f55f7","b6048fe5a9145f64d47e32d5df72435c","eedae0ee27c545032905b17ea9a2007c","54701f5f079bcb077976c7b53a0c2386",2,"fc726ee9f66ea138ae03cf9f86fb4d49"
"optimized-backends-record-20260731","ci_length","other","stringi","stringi","main","36f5c8d","stringi",3,5,0.06,60,1000000,"fast","character",20260721,"25c716f0d4b3b4e05398094ee12e945f","stringi","74.1","bundle","R version 4.6.1 (2026-06-24)","/home/ted/R/x86_64-pc-linux-gnu-library/4.6/charr","3d947f3df10c63e20fffc0e4ef7f55f7","b6048fe5a9145f64d47e32d5df72435c","eedae0ee27c545032905b17ea9a2007c","54701f5f079bcb077976c7b53a0c2386",2,"e549c43af71954c67b43b1b565be2a42"
"optimized-backends-record-20260731","ci_length","other","base","Main base","main","36f5c8d","base",3,5,0.057,57,1000000,"fast","character",20260721,"25c716f0d4b3b4e05398094ee12e945f","charr","78.2","system","R version 4.6.1 (2026-06-24)","/home/ted/R/x86_64-pc-linux-gnu-library/4.6/charr","3d947f3df10c63e20fffc0e4ef7f55f7","b6048fe5a9145f64d47e32d5df72435c","eedae0ee27c545032905b17ea9a2007c","54701f5f079bcb077976c7b53a0c2386",2,"e549c43af71954c67b43b1b565be2a42"
"optimized-backends-record-20260731","ci_length","other","altrep","Main ALTREP","main","36f5c8d","altrep",3,5,0.051,51,1000000,"fast","charvec",20260721,"25c716f0d4b3b4e05398094ee12e945f","charr","78.2","system","R version 4.6.1 (2026-06-24)","/home/ted/R/x86_64-pc-linux-gnu-library/4.6/charr","3d947f3df10c63e20fffc0e4ef7f55f7","b6048fe5a9145f64d47e32d5df72435c","eedae0ee27c545032905b17ea9a2007c","54701f5f079bcb077976c7b53a0c2386",2,"fc726ee9f66ea138ae03cf9f86fb4d49"
"optimized-backends-record-20260731","ci_length","other","stringi","stringi","main","36f5c8d","stringi",4,5,0.061,61,1000000,"fast","character",20260721,"25c716f0d4b3b4e05398094ee12e945f","stringi","74.1","bundle","R version 4.6.1 (2026-06-24)","/home/ted/R/x86_64-pc-linux-gnu-library/4.6/charr","3d947f3df10c63e20fffc0e4ef7f55f7","b6048fe5a9145f64d47e32d5df72435c","eedae0ee27c545032905b17ea9a2007c","54701f5f079bcb077976c7b53a0c2386",2,"e549c43af71954c67b43b1b565be2a42"
"optimized-backends-record-20260731","ci_length","other","base","Main base","main","36f5c8d","base",4,5,0.059,59,1000000,"fast","character",20260721,"25c716f0d4b3b4e05398094ee12e945f","charr","78.2","system","R version 4.6.1 (2026-06-24)","/home/ted/R/x86_64-pc-linux-gnu-library/4.6/charr","3d947f3df10c63e20fffc0e4ef7f55f7","b6048fe5a9145f64d47e32d5df72435c","eedae0ee27c545032905b17ea9a2007c","54701f5f079bcb077976c7b53a0c2386",2,"e549c43af71954c67b43b1b565be2a42"
"optimized-backends-record-20260731","ci_length","other","altrep","Main ALTREP","main","36f5c8d","altrep",4,5,0.05,50,1000000,"fast","charvec",20260721,"25c716f0d4b3b4e05398094ee12e945f","charr","78.2","system","R version 4.6.1 (2026-06-24)","/home/ted/R/x86_64-pc-linux-gnu-library/4.6/charr","3d947f3df10c63e20fffc0e4ef7f55f7","b6048fe5a9145f64d47e32d5df72435c","eedae0ee27c545032905b17ea9a2007c","54701f5f079bcb077976c7b53a0c2386",2,"fc726ee9f66ea138ae03cf9f86fb4d49"
"optimized-backends-record-20260731","ci_length","other","stringi","stringi","main","36f5c8d","stringi",5,5,0.061,61,1000000,"fast","character",20260721,"25c716f0d4b3b4e05398094ee12e945f","stringi","74.1","bundle","R version 4.6.1 (2026-06-24)","/home/ted/R/x86_64-pc-linux-gnu-library/4.6/charr","3d947f3df10c63e20fffc0e4ef7f55f7","b6048fe5a9145f64d47e32d5df72435c","eedae0ee27c545032905b17ea9a2007c","54701f5f079bcb077976c7b53a0c2386",2,"e549c43af71954c67b43b1b565be2a42"
"optimized-backends-record-20260731","ci_length","other","base","Main base","main","36f5c8d","base",5,5,0.057,57,1000000,"fast","character",20260721,"25c716f0d4b3b4e05398094ee12e945f","charr","78.2","system","R version 4.6.1 (2026-06-24)","/home/ted/R/x86_64-pc-linux-gnu-library/4.6/charr","3d947f3df10c63e20fffc0e4ef7f55f7","b6048fe5a9145f64d47e32d5df72435c","eedae0ee27c545032905b17ea9a2007c","54701f5f079bcb077976c7b53a0c2386",2,"e549c43af71954c67b43b1b565be2a42"
"optimized-backends-record-20260731","ci_length","other","altrep","Main ALTREP","main","36f5c8d","altrep",5,5,0.05,50,1000000,"fast","charvec",20260721,"25c716f0d4b3b4e05398094ee12e945f","charr","78.2","system","R version 4.6.1 (2026-06-24)","/home/ted/R/x86_64-pc-linux-gnu-library/4.6/charr","3d947f3df10c63e20fffc0e4ef7f55f7","b6048fe5a9145f64d47e32d5df72435c","eedae0ee27c545032905b17ea9a2007c","54701f5f079bcb077976c7b53a0c2386",2,"fc726ee9f66ea138ae03cf9f86fb4d49"
"optimized-backends-record-20260731","ci_c","core","stringi","stringi","main","36f5c8d","stringi",1,5,0.035,35,100000,"medium","character",20260721,"32930d4bafb9d6f4ee7b61840dbeb01a","stringi","74.1","bundle","R version 4.6.1 (2026-06-24)","/home/ted/R/x86_64-pc-linux-gnu-library/4.6/charr","3d947f3df10c63e20fffc0e4ef7f55f7","b6048fe5a9145f64d47e32d5df72435c","eedae0ee27c545032905b17ea9a2007c","54701f5f079bcb077976c7b53a0c2386",2,"c1ab2344fda0c7ff167883d2fcb4c64e"
"optimized-backends-record-20260731","ci_c","core","base","Main base","main","36f5c8d","base",1,5,0.035,35,100000,"medium","character",20260721,"32930d4bafb9d6f4ee7b61840dbeb01a","charr","78.2","system","R version 4.6.1 (2026-06-24)","/home/ted/R/x86_64-pc-linux-gnu-library/4.6/charr","3d947f3df10c63e20fffc0e4ef7f55f7","b6048fe5a9145f64d47e32d5df72435c","eedae0ee27c545032905b17ea9a2007c","54701f5f079bcb077976c7b53a0c2386",2,"c1ab2344fda0c7ff167883d2fcb4c64e"
"optimized-backends-record-20260731","ci_c","core","altrep","Main ALTREP","main","36f5c8d","altrep",1,5,0.004,4,100000,"medium","charvec",20260721,"32930d4bafb9d6f4ee7b61840dbeb01a","charr","78.2","system","R version 4.6.1 (2026-06-24)","/home/ted/R/x86_64-pc-linux-gnu-library/4.6/charr","3d947f3df10c63e20fffc0e4ef7f55f7","b6048fe5a9145f64d47e32d5df72435c","eedae0ee27c545032905b17ea9a2007c","54701f5f079bcb077976c7b53a0c2386",2,"fd3f05a163222901d4176ce041c7cbd2"
"optimized-backends-record-20260731","ci_c","core","stringi","stringi","main","36f5c8d","stringi",2,5,0.034,34,100000,"medium","character",20260721,"32930d4bafb9d6f4ee7b61840dbeb01a","stringi","74.1","bundle","R version 4.6.1 (2026-06-24)","/home/ted/R/x86_64-pc-linux-gnu-library/4.6/charr","3d947f3df10c63e20fffc0e4ef7f55f7","b6048fe5a9145f64d47e32d5df72435c","eedae0ee27c545032905b17ea9a2007c","54701f5f079bcb077976c7b53a0c2386",2,"c1ab2344fda0c7ff167883d2fcb4c64e"
"optimized-backends-record-20260731","ci_c","core","base","Main base","main","36f5c8d","base",2,5,0.034,34,100000,"medium","character",20260721,"32930d4bafb9d6f4ee7b61840dbeb01a","charr","78.2","system","R version 4.6.1 (2026-06-24)","/home/ted/R/x86_64-pc-linux-gnu-library/4.6/charr","3d947f3df10c63e20fffc0e4ef7f55f7","b6048fe5a9145f64d47e32d5df72435c","eedae0ee27c545032905b17ea9a2007c","54701f5f079bcb077976c7b53a0c2386",2,"c1ab2344fda0c7ff167883d2fcb4c64e"
"optimized-backends-record-20260731","ci_c","core","altrep","Main ALTREP","main","36f5c8d","altrep",2,5,0.004,4,100000,"medium","charvec",20260721,"32930d4bafb9d6f4ee7b61840dbeb01a","charr","78.2","system","R version 4.6.1 (2026-06-24)","/home/ted/R/x86_64-pc-linux-gnu-library/4.6/charr","3d947f3df10c63e20fffc0e4ef7f55f7","b6048fe5a9145f64d47e32d5df72435c","eedae0ee27c545032905b17ea9a2007c","54701f5f079bcb077976c7b53a0c2386",2,"fd3f05a163222901d4176ce041c7cbd2"
"optimized-backends-record-20260731","ci_c","core","stringi","stringi","main","36f5c8d","stringi",3,5,0.035,35,100000,"medium","character",20260721,"32930d4bafb9d6f4ee7b61840dbeb01a","stringi","74.1","bundle","R version 4.6.1 (2026-06-24)","/home/ted/R/x86_64-pc-linux-gnu-library/4.6/charr","3d947f3df10c63e20fffc0e4ef7f55f7","b6048fe5a9145f64d47e32d5df72435c","eedae0ee27c545032905b17ea9a2007c","54701f5f079bcb077976c7b53a0c2386",2,"c1ab2344fda0c7ff167883d2fcb4c64e"
"optimized-backends-record-20260731","ci_c","core","base","Main base","main","36f5c8d","base",3,5,0.036,36,100000,"medium","character",20260721,"32930d4bafb9d6f4ee7b61840dbeb01a","charr","78.2","system","R version 4.6.1 (2026-06-24)","/home/ted/R/x86_64-pc-linux-gnu-library/4.6/charr","3d947f3df10c63e20fffc0e4ef7f55f7","b6048fe5a9145f64d47e32d5df72435c","eedae0ee27c545032905b17ea9a2007c","54701f5f079bcb077976c7b53a0c2386",2,"c1ab2344fda0c7ff167883d2fcb4c64e"
"optimized-backends-record-20260731","ci_c","core","altrep","Main ALTREP","main","36f5c8d","altrep",3,5,0.003,3,100000,"medium","charvec",20260721,"32930d4bafb9d6f4ee7b61840dbeb01a","charr","78.2","system","R version 4.6.1 (2026-06-24)","/home/ted/R/x86_64-pc-linux-gnu-library/4.6/charr","3d947f3df10c63e20fffc0e4ef7f55f7","b6048fe5a9145f64d47e32d5df72435c","eedae0ee27c545032905b17ea9a2007c","54701f5f079bcb077976c7b53a0c2386",2,"fd3f05a163222901d4176ce041c7cbd2"
"optimized-backends-record-20260731","ci_c","core","stringi","stringi","main","36f5c8d","stringi",4,5,0.038,38,100000,"medium","character",20260721,"32930d4bafb9d6f4ee7b61840dbeb01a","stringi","74.1","bundle","R version 4.6.1 (2026-06-24)","/home/ted/R/x86_64-pc-linux-gnu-library/4.6/charr","3d947f3df10c63e20fffc0e4ef7f55f7","b6048fe5a9145f64d47e32d5df72435c","eedae0ee27c545032905b17ea9a2007c","54701f5f079bcb077976c7b53a0c2386",2,"c1ab2344fda0c7ff167883d2fcb4c64e"
"optimized-backends-record-20260731","ci_c","core","base","Main base","main","36f5c8d","base",4,5,0.036,36,100000,"medium","character",20260721,"32930d4bafb9d6f4ee7b61840dbeb01a","charr","78.2","system","R version 4.6.1 (2026-06-24)","/home/ted/R/x86_64-pc-linux-gnu-library/4.6/charr","3d947f3df10c63e20fffc0e4ef7f55f7","b6048fe5a9145f64d47e32d5df72435c","eedae0ee27c545032905b17ea9a2007c","54701f5f079bcb077976c7b53a0c2386",2,"c1ab2344fda0c7ff167883d2fcb4c64e"
"optimized-backends-record-20260731","ci_c","core","altrep","Main ALTREP","main","36f5c8d","altrep",4,5,0.004,4,100000,"medium","charvec",20260721,"32930d4bafb9d6f4ee7b61840dbeb01a","charr","78.2","system","R version 4.6.1 (2026-06-24)","/home/ted/R/x86_64-pc-linux-gnu-library/4.6/charr","3d947f3df10c63e20fffc0e4ef7f55f7","b6048fe5a9145f64d47e32d5df72435c","eedae0ee27c545032905b17ea9a2007c","54701f5f079bcb077976c7b53a0c2386",2,"fd3f05a163222901d4176ce041c7cbd2"
"optimized-backends-record-20260731","ci_c","core","stringi","stringi","main","36f5c8d","stringi",5,5,0.036,36,100000,"medium","character",20260721,"32930d4bafb9d6f4ee7b61840dbeb01a","stringi","74.1","bundle","R version 4.6.1 (2026-06-24)","/home/ted/R/x86_64-pc-linux-gnu-library/4.6/charr","3d947f3df10c63e20fffc0e4ef7f55f7","b6048fe5a9145f64d47e32d5df72435c","eedae0ee27c545032905b17ea9a2007c","54701f5f079bcb077976c7b53a0c2386",2,"c1ab2344fda0c7ff167883d2fcb4c64e"
"optimized-backends-record-20260731","ci_c","core","base","Main base","main","36f5c8d","base",5,5,0.032,32,100000,"medium","character",20260721,"32930d4bafb9d6f4ee7b61840dbeb01a","charr","78.2","system","R version 4.6.1 (2026-06-24)","/home/ted/R/x86_64-pc-linux-gnu-library/4.6/charr","3d947f3df10c63e20fffc0e4ef7f55f7","b6048fe5a9145f64d47e32d5df72435c","eedae0ee27c545032905b17ea9a2007c","54701f5f079bcb077976c7b53a0c2386",2,"c1ab2344fda0c7ff167883d2fcb4c64e"
"optimized-backends-record-20260731","ci_c","core","altrep","Main ALTREP","main","36f5c8d","altrep",5,5,0.004,4,100000,"medium","charvec",20260721,"32930d4bafb9d6f4ee7b61840dbeb01a","charr","78.2","system","R version 4.6.1 (2026-06-24)","/home/ted/R/x86_64-pc-linux-gnu-library/4.6/charr","3d947f3df10c63e20fffc0e4ef7f55f7","b6048fe5a9145f64d47e32d5df72435c","eedae0ee27c545032905b17ea9a2007c","54701f5f079bcb077976c7b53a0c2386",2,"fd3f05a163222901d4176ce041c7cbd2"
"optimized-backends-record-20260731","ci_flatten","core","stringi","stringi","main","36f5c8d","stringi",1,5,0.1,100,1000000,"fast","character",20260721,"25c716f0d4b3b4e05398094ee12e945f","stringi","74.1","bundle","R version 4.6.1 (2026-06-24)","/home/ted/R/x86_64-pc-linux-gnu-library/4.6/charr","3d947f3df10c63e20fffc0e4ef7f55f7","b6048fe5a9145f64d47e32d5df72435c","eedae0ee27c545032905b17ea9a2007c","54701f5f079bcb077976c7b53a0c2386",2,"e549c43af71954c67b43b1b565be2a42"
"optimized-backends-record-20260731","ci_flatten","core","base","Main base","main","36f5c8d","base",1,5,0.094,94,1000000,"fast","character",20260721,"25c716f0d4b3b4e05398094ee12e945f","charr","78.2","system","R version 4.6.1 (2026-06-24)","/home/ted/R/x86_64-pc-linux-gnu-library/4.6/charr","3d947f3df10c63e20fffc0e4ef7f55f7","b6048fe5a9145f64d47e32d5df72435c","eedae0ee27c545032905b17ea9a2007c","54701f5f079bcb077976c7b53a0c2386",2,"e549c43af71954c67b43b1b565be2a42"
"optimized-backends-record-20260731","ci_flatten","core","altrep","Main ALTREP","main","36f5c8d","altrep",1,5,0.035,35,1000000,"fast","charvec",20260721,"25c716f0d4b3b4e05398094ee12e945f","charr","78.2","system","R version 4.6.1 (2026-06-24)","/home/ted/R/x86_64-pc-linux-gnu-library/4.6/charr","3d947f3df10c63e20fffc0e4ef7f55f7","b6048fe5a9145f64d47e32d5df72435c","eedae0ee27c545032905b17ea9a2007c","54701f5f079bcb077976c7b53a0c2386",2,"fc726ee9f66ea138ae03cf9f86fb4d49"
"optimized-backends-record-20260731","ci_flatten","core","stringi","stringi","main","36f5c8d","stringi",2,5,0.1,100,1000000,"fast","character",20260721,"25c716f0d4b3b4e05398094ee12e945f","stringi","74.1","bundle","R version 4.6.1 (2026-06-24)","/home/ted/R/x86_64-pc-linux-gnu-library/4.6/charr","3d947f3df10c63e20fffc0e4ef7f55f7","b6048fe5a9145f64d47e32d5df72435c","eedae0ee27c545032905b17ea9a2007c","54701f5f079bcb077976c7b53a0c2386",2,"e549c43af71954c67b43b1b565be2a42"
"optimized-backends-record-20260731","ci_flatten","core","base","Main base","main","36f5c8d","base",2,5,0.094,94,1000000,"fast","character",20260721,"25c716f0d4b3b4e05398094ee12e945f","charr","78.2","system","R version 4.6.1 (2026-06-24)","/home/ted/R/x86_64-pc-linux-gnu-library/4.6/charr","3d947f3df10c63e20fffc0e4ef7f55f7","b6048fe5a9145f64d47e32d5df72435c","eedae0ee27c545032905b17ea9a2007c","54701f5f079bcb077976c7b53a0c2386",2,"e549c43af71954c67b43b1b565be2a42"
"optimized-backends-record-20260731","ci_flatten","core","altrep","Main ALTREP","main","36f5c8d","altrep",2,5,0.034,34,1000000,"fast","charvec",20260721,"25c716f0d4b3b4e05398094ee12e945f","charr","78.2","system","R version 4.6.1 (2026-06-24)","/home/ted/R/x86_64-pc-linux-gnu-library/4.6/charr","3d947f3df10c63e20fffc0e4ef7f55f7","b6048fe5a9145f64d47e32d5df72435c","eedae0ee27c545032905b17ea9a2007c","54701f5f079bcb077976c7b53a0c2386",2,"fc726ee9f66ea138ae03cf9f86fb4d49"
"optimized-backends-record-20260731","ci_flatten","core","stringi","stringi","main","36f5c8d","stringi",3,5,0.103,103,1000000,"fast","character",20260721,"25c716f0d4b3b4e05398094ee12e945f","stringi","74.1","bundle","R version 4.6.1 (2026-06-24)","/home/ted/R/x86_64-pc-linux-gnu-library/4.6/charr","3d947f3df10c63e20fffc0e4ef7f55f7","b6048fe5a9145f64d47e32d5df72435c","eedae0ee27c545032905b17ea9a2007c","54701f5f079bcb077976c7b53a0c2386",2,"e549c43af71954c67b43b1b565be2a42"
"optimized-backends-record-20260731","ci_flatten","core","base","Main base","main","36f5c8d","base",3,5,0.094,94,1000000,"fast","character",20260721,"25c716f0d4b3b4e05398094ee12e945f","charr","78.2","system","R version 4.6.1 (2026-06-24)","/home/ted/R/x86_64-pc-linux-gnu-library/4.6/charr","3d947f3df10c63e20fffc0e4ef7f55f7","b6048fe5a9145f64d47e32d5df72435c","eedae0ee27c545032905b17ea9a2007c","54701f5f079bcb077976c7b53a0c2386",2,"e549c43af71954c67b43b1b565be2a42"
"optimized-backends-record-20260731","ci_flatten","core","altrep","Main ALTREP","main","36f5c8d","altrep",3,5,0.036,36,1000000,"fast","charvec",20260721,"25c716f0d4b3b4e05398094ee12e945f","charr","78.2","system","R version 4.6.1 (2026-06-24)","/home/ted/R/x86_64-pc-linux-gnu-library/4.6/charr","3d947f3df10c63e20fffc0e4ef7f55f7","b6048fe5a9145f64d47e32d5df72435c","eedae0ee27c545032905b17ea9a2007c","54701f5f079bcb077976c7b53a0c2386",2,"fc726ee9f66ea138ae03cf9f86fb4d49"
"optimized-backends-record-20260731","ci_flatten","core","stringi","stringi","main","36f5c8d","stringi",4,5,0.101,101,1000000,"fast","character",20260721,"25c716f0d4b3b4e05398094ee12e945f","stringi","74.1","bundle","R version 4.6.1 (2026-06-24)","/home/ted/R/x86_64-pc-linux-gnu-library/4.6/charr","3d947f3df10c63e20fffc0e4ef7f55f7","b6048fe5a9145f64d47e32d5df72435c","eedae0ee27c545032905b17ea9a2007c","54701f5f079bcb077976c7b53a0c2386",2,"e549c43af71954c67b43b1b565be2a42"
"optimized-backends-record-20260731","ci_flatten","core","base","Main base","main","36f5c8d","base",4,5,0.093,93,1000000,"fast","character",20260721,"25c716f0d4b3b4e05398094ee12e945f","charr","78.2","system","R version 4.6.1 (2026-06-24)","/home/ted/R/x86_64-pc-linux-gnu-library/4.6/charr","3d947f3df10c63e20fffc0e4ef7f55f7","b6048fe5a9145f64d47e32d5df72435c","eedae0ee27c545032905b17ea9a2007c","54701f5f079bcb077976c7b53a0c2386",2,"e549c43af71954c67b43b1b565be2a42"
"optimized-backends-record-20260731","ci_flatten","core","altrep","Main ALTREP","main","36f5c8d","altrep",4,5,0.035,35,1000000,"fast","charvec",20260721,"25c716f0d4b3b4e05398094ee12e945f","charr","78.2","system","R version 4.6.1 (2026-06-24)","/home/ted/R/x86_64-pc-linux-gnu-library/4.6/charr","3d947f3df10c63e20fffc0e4ef7f55f7","b6048fe5a9145f64d47e32d5df72435c","eedae0ee27c545032905b17ea9a2007c","54701f5f079bcb077976c7b53a0c2386",2,"fc726ee9f66ea138ae03cf9f86fb4d49"
"optimized-backends-record-20260731","ci_flatten","core","stringi","stringi","main","36f5c8d","stringi",5,5,0.102,102,1000000,"fast","character",20260721,"25c716f0d4b3b4e05398094ee12e945f","stringi","74.1","bundle","R version 4.6.1 (2026-06-24)","/home/ted/R/x86_64-pc-linux-gnu-library/4.6/charr","3d947f3df10c63e20fffc0e4ef7f55f7","b6048fe5a9145f64d47e32d5df72435c","eedae0ee27c545032905b17ea9a2007c","54701f5f079bcb077976c7b53a0c2386",2,"e549c43af71954c67b43b1b565be2a42"
"optimized-backends-record-20260731","ci_flatten","core","base","Main base","main","36f5c8d","base",5,5,0.093,93,1000000,"fast","character",20260721,"25c716f0d4b3b4e05398094ee12e945f","charr","78.2","system","R version 4.6.1 (2026-06-24)","/home/ted/R/x86_64-pc-linux-gnu-library/4.6/charr","3d947f3df10c63e20fffc0e4ef7f55f7","b6048fe5a9145f64d47e32d5df72435c","eedae0ee27c545032905b17ea9a2007c","54701f5f079bcb077976c7b53a0c2386",2,"e549c43af71954c67b43b1b565be2a42"
"optimized-backends-record-20260731","ci_flatten","core","altrep","Main ALTREP","main","36f5c8d","altrep",5,5,0.034,34,1000000,"fast","charvec",20260721,"25c716f0d4b3b4e05398094ee12e945f","charr","78.2","system","R version 4.6.1 (2026-06-24)","/home/ted/R/x86_64-pc-linux-gnu-library/4.6/charr","3d947f3df10c63e20fffc0e4ef7f55f7","b6048fe5a9145f64d47e32d5df72435c","eedae0ee27c545032905b17ea9a2007c","54701f5f079bcb077976c7b53a0c2386",2,"fc726ee9f66ea138ae03cf9f86fb4d49"
"optimized-backends-record-20260731","ci_dup","core","stringi","stringi","main","36f5c8d","stringi",1,5,0.043,43,100000,"medium","character",20260721,"32930d4bafb9d6f4ee7b61840dbeb01a","stringi","74.1","bundle","R version 4.6.1 (2026-06-24)","/home/ted/R/x86_64-pc-linux-gnu-library/4.6/charr","3d947f3df10c63e20fffc0e4ef7f55f7","b6048fe5a9145f64d47e32d5df72435c","eedae0ee27c545032905b17ea9a2007c","54701f5f079bcb077976c7b53a0c2386",2,"c1ab2344fda0c7ff167883d2fcb4c64e"
"optimized-backends-record-20260731","ci_dup","core","base","Main base","main","36f5c8d","base",1,5,0.044,44,100000,"medium","character",20260721,"32930d4bafb9d6f4ee7b61840dbeb01a","charr","78.2","system","R version 4.6.1 (2026-06-24)","/home/ted/R/x86_64-pc-linux-gnu-library/4.6/charr","3d947f3df10c63e20fffc0e4ef7f55f7","b6048fe5a9145f64d47e32d5df72435c","eedae0ee27c545032905b17ea9a2007c","54701f5f079bcb077976c7b53a0c2386",2,"c1ab2344fda0c7ff167883d2fcb4c64e"
"optimized-backends-record-20260731","ci_dup","core","altrep","Main ALTREP","main","36f5c8d","altrep",1,5,0.005,5,100000,"medium","charvec",20260721,"32930d4bafb9d6f4ee7b61840dbeb01a","charr","78.2","system","R version 4.6.1 (2026-06-24)","/home/ted/R/x86_64-pc-linux-gnu-library/4.6/charr","3d947f3df10c63e20fffc0e4ef7f55f7","b6048fe5a9145f64d47e32d5df72435c","eedae0ee27c545032905b17ea9a2007c","54701f5f079bcb077976c7b53a0c2386",2,"fd3f05a163222901d4176ce041c7cbd2"
"optimized-backends-record-20260731","ci_dup","core","stringi","stringi","main","36f5c8d","stringi",2,5,0.045,45,100000,"medium","character",20260721,"32930d4bafb9d6f4ee7b61840dbeb01a","stringi","74.1","bundle","R version 4.6.1 (2026-06-24)","/home/ted/R/x86_64-pc-linux-gnu-library/4.6/charr","3d947f3df10c63e20fffc0e4ef7f55f7","b6048fe5a9145f64d47e32d5df72435c","eedae0ee27c545032905b17ea9a2007c","54701f5f079bcb077976c7b53a0c2386",2,"c1ab2344fda0c7ff167883d2fcb4c64e"
"optimized-backends-record-20260731","ci_dup","core","base","Main base","main","36f5c8d","base",2,5,0.045,45,100000,"medium","character",20260721,"32930d4bafb9d6f4ee7b61840dbeb01a","charr","78.2","system","R version 4.6.1 (2026-06-24)","/home/ted/R/x86_64-pc-linux-gnu-library/4.6/charr","3d947f3df10c63e20fffc0e4ef7f55f7","b6048fe5a9145f64d47e32d5df72435c","eedae0ee27c545032905b17ea9a2007c","54701f5f079bcb077976c7b53a0c2386",2,"c1ab2344fda0c7ff167883d2fcb4c64e"
"optimized-backends-record-20260731","ci_dup","core","altrep","Main ALTREP","main","36f5c8d","altrep",2,5,0.005,5,100000,"medium","charvec",20260721,"32930d4bafb9d6f4ee7b61840dbeb01a","charr","78.2","system","R version 4.6.1 (2026-06-24)","/home/ted/R/x86_64-pc-linux-gnu-library/4.6/charr","3d947f3df10c63e20fffc0e4ef7f55f7","b6048fe5a9145f64d47e32d5df72435c","eedae0ee27c545032905b17ea9a2007c","54701f5f079bcb077976c7b53a0c2386",2,"fd3f05a163222901d4176ce041c7cbd2"
"optimized-backends-record-20260731","ci_dup","core","stringi","stringi","main","36f5c8d","stringi",3,5,0.043,43,100000,"medium","character",20260721,"32930d4bafb9d6f4ee7b61840dbeb01a","stringi","74.1","bundle","R version 4.6.1 (2026-06-24)","/home/ted/R/x86_64-pc-linux-gnu-library/4.6/charr","3d947f3df10c63e20fffc0e4ef7f55f7","b6048fe5a9145f64d47e32d5df72435c","eedae0ee27c545032905b17ea9a2007c","54701f5f079bcb077976c7b53a0c2386",2,"c1ab2344fda0c7ff167883d2fcb4c64e"
"optimized-backends-record-20260731","ci_dup","core","base","Main base","main","36f5c8d","base",3,5,0.045,45,100000,"medium","character",20260721,"32930d4bafb9d6f4ee7b61840dbeb01a","charr","78.2","system","R version 4.6.1 (2026-06-24)","/home/ted/R/x86_64-pc-linux-gnu-library/4.6/charr","3d947f3df10c63e20fffc0e4ef7f55f7","b6048fe5a9145f64d47e32d5df72435c","eedae0ee27c545032905b17ea9a2007c","54701f5f079bcb077976c7b53a0c2386",2,"c1ab2344fda0c7ff167883d2fcb4c64e"
"optimized-backends-record-20260731","ci_dup","core","altrep","Main ALTREP","main","36f5c8d","altrep",3,5,0.005,5,100000,"medium","charvec",20260721,"32930d4bafb9d6f4ee7b61840dbeb01a","charr","78.2","system","R version 4.6.1 (2026-06-24)","/home/ted/R/x86_64-pc-linux-gnu-library/4.6/charr","3d947f3df10c63e20fffc0e4ef7f55f7","b6048fe5a9145f64d47e32d5df72435c","eedae0ee27c545032905b17ea9a2007c","54701f5f079bcb077976c7b53a0c2386",2,"fd3f05a163222901d4176ce041c7cbd2"
"optimized-backends-record-20260731","ci_dup","core","stringi","stringi","main","36f5c8d","stringi",4,5,0.047,47,100000,"medium","character",20260721,"32930d4bafb9d6f4ee7b61840dbeb01a","stringi","74.1","bundle","R version 4.6.1 (2026-06-24)","/home/ted/R/x86_64-pc-linux-gnu-library/4.6/charr","3d947f3df10c63e20fffc0e4ef7f55f7","b6048fe5a9145f64d47e32d5df72435c","eedae0ee27c545032905b17ea9a2007c","54701f5f079bcb077976c7b53a0c2386",2,"c1ab2344fda0c7ff167883d2fcb4c64e"
"optimized-backends-record-20260731","ci_dup","core","base","Main base","main","36f5c8d","base",4,5,0.042,42,100000,"medium","character",20260721,"32930d4bafb9d6f4ee7b61840dbeb01a","charr","78.2","system","R version 4.6.1 (2026-06-24)","/home/ted/R/x86_64-pc-linux-gnu-library/4.6/charr","3d947f3df10c63e20fffc0e4ef7f55f7","b6048fe5a9145f64d47e32d5df72435c","eedae0ee27c545032905b17ea9a2007c","54701f5f079bcb077976c7b53a0c2386",2,"c1ab2344fda0c7ff167883d2fcb4c64e"
"optimized-backends-record-20260731","ci_dup","core","altrep","Main ALTREP","main","36f5c8d","altrep",4,5,0.005,5,100000,"medium","charvec",20260721,"32930d4bafb9d6f4ee7b61840dbeb01a","charr","78.2","system","R version 4.6.1 (2026-06-24)","/home/ted/R/x86_64-pc-linux-gnu-library/4.6/charr","3d947f3df10c63e20fffc0e4ef7f55f7","b6048fe5a9145f64d47e32d5df72435c","eedae0ee27c545032905b17ea9a2007c","54701f5f079bcb077976c7b53a0c2386",2,"fd3f05a163222901d4176ce041c7cbd2"
"optimized-backends-record-20260731","ci_dup","core","stringi","stringi","main","36f5c8d","stringi",5,5,0.045,45,100000,"medium","character",20260721,"32930d4bafb9d6f4ee7b61840dbeb01a","stringi","74.1","bundle","R version 4.6.1 (2026-06-24)","/home/ted/R/x86_64-pc-linux-gnu-library/4.6/charr","3d947f3df10c63e20fffc0e4ef7f55f7","b6048fe5a9145f64d47e32d5df72435c","eedae0ee27c545032905b17ea9a2007c","54701f5f079bcb077976c7b53a0c2386",2,"c1ab2344fda0c7ff167883d2fcb4c64e"
"optimized-backends-record-20260731","ci_dup","core","base","Main base","main","36f5c8d","base",5,5,0.045,45,100000,"medium","character",20260721,"32930d4bafb9d6f4ee7b61840dbeb01a","charr","78.2","system","R version 4.6.1 (2026-06-24)","/home/ted/R/x86_64-pc-linux-gnu-library/4.6/charr","3d947f3df10c63e20fffc0e4ef7f55f7","b6048fe5a9145f64d47e32d5df72435c","eedae0ee27c545032905b17ea9a2007c","54701f5f079bcb077976c7b53a0c2386",2,"c1ab2344fda0c7ff167883d2fcb4c64e"
"optimized-backends-record-20260731","ci_dup","core","altrep","Main ALTREP","main","36f5c8d","altrep",5,5,0.005,5,100000,"medium","charvec",20260721,"32930d4bafb9d6f4ee7b61840dbeb01a","charr","78.2","system","R version 4.6.1 (2026-06-24)","/home/ted/R/x86_64-pc-linux-gnu-library/4.6/charr","3d947f3df10c63e20fffc0e4ef7f55f7","b6048fe5a9145f64d47e32d5df72435c","eedae0ee27c545032905b17ea9a2007c","54701f5f079bcb077976c7b53a0c2386",2,"fd3f05a163222901d4176ce041c7cbd2"
"optimized-backends-record-20260731","ci_reverse","core","stringi","stringi","main","36f5c8d","stringi",1,5,0.043,43,100000,"medium","character",20260721,"32930d4bafb9d6f4ee7b61840dbeb01a","stringi","74.1","bundle","R version 4.6.1 (2026-06-24)","/home/ted/R/x86_64-pc-linux-gnu-library/4.6/charr","3d947f3df10c63e20fffc0e4ef7f55f7","b6048fe5a9145f64d47e32d5df72435c","eedae0ee27c545032905b17ea9a2007c","54701f5f079bcb077976c7b53a0c2386",2,"c1ab2344fda0c7ff167883d2fcb4c64e"
"optimized-backends-record-20260731","ci_reverse","core","base","Main base","main","36f5c8d","base",1,5,0.04,40,100000,"medium","character",20260721,"32930d4bafb9d6f4ee7b61840dbeb01a","charr","78.2","system","R version 4.6.1 (2026-06-24)","/home/ted/R/x86_64-pc-linux-gnu-library/4.6/charr","3d947f3df10c63e20fffc0e4ef7f55f7","b6048fe5a9145f64d47e32d5df72435c","eedae0ee27c545032905b17ea9a2007c","54701f5f079bcb077976c7b53a0c2386",2,"c1ab2344fda0c7ff167883d2fcb4c64e"
"optimized-backends-record-20260731","ci_reverse","core","altrep","Main ALTREP","main","36f5c8d","altrep",1,5,0.008,8,100000,"medium","charvec",20260721,"32930d4bafb9d6f4ee7b61840dbeb01a","charr","78.2","system","R version 4.6.1 (2026-06-24)","/home/ted/R/x86_64-pc-linux-gnu-library/4.6/charr","3d947f3df10c63e20fffc0e4ef7f55f7","b6048fe5a9145f64d47e32d5df72435c","eedae0ee27c545032905b17ea9a2007c","54701f5f079bcb077976c7b53a0c2386",2,"fd3f05a163222901d4176ce041c7cbd2"
"optimized-backends-record-20260731","ci_reverse","core","stringi","stringi","main","36f5c8d","stringi",2,5,0.037,37,100000,"medium","character",20260721,"32930d4bafb9d6f4ee7b61840dbeb01a","stringi","74.1","bundle","R version 4.6.1 (2026-06-24)","/home/ted/R/x86_64-pc-linux-gnu-library/4.6/charr","3d947f3df10c63e20fffc0e4ef7f55f7","b6048fe5a9145f64d47e32d5df72435c","eedae0ee27c545032905b17ea9a2007c","54701f5f079bcb077976c7b53a0c2386",2,"c1ab2344fda0c7ff167883d2fcb4c64e"
"optimized-backends-record-20260731","ci_reverse","core","base","Main base","main","36f5c8d","base",2,5,0.038,38,100000,"medium","character",20260721,"32930d4bafb9d6f4ee7b61840dbeb01a","charr","78.2","system","R version 4.6.1 (2026-06-24)","/home/ted/R/x86_64-pc-linux-gnu-library/4.6/charr","3d947f3df10c63e20fffc0e4ef7f55f7","b6048fe5a9145f64d47e32d5df72435c","eedae0ee27c545032905b17ea9a2007c","54701f5f079bcb077976c7b53a0c2386",2,"c1ab2344fda0c7ff167883d2fcb4c64e"
"optimized-backends-record-20260731","ci_reverse","core","altrep","Main ALTREP","main","36f5c8d","altrep",2,5,0.008,8,100000,"medium","charvec",20260721,"32930d4bafb9d6f4ee7b61840dbeb01a","charr","78.2","system","R version 4.6.1 (2026-06-24)","/home/ted/R/x86_64-pc-linux-gnu-library/4.6/charr","3d947f3df10c63e20fffc0e4ef7f55f7","b6048fe5a9145f64d47e32d5df72435c","eedae0ee27c545032905b17ea9a2007c","54701f5f079bcb077976c7b53a0c2386",2,"fd3f05a163222901d4176ce041c7cbd2"
"optimized-backends-record-20260731","ci_reverse","core","stringi","stringi","main","36f5c8d","stringi",3,5,0.041,41,100000,"medium","character",20260721,"32930d4bafb9d6f4ee7b61840dbeb01a","stringi","74.1","bundle","R version 4.6.1 (2026-06-24)","/home/ted/R/x86_64-pc-linux-gnu-library/4.6/charr","3d947f3df10c63e20fffc0e4ef7f55f7","b6048fe5a9145f64d47e32d5df72435c","eedae0ee27c545032905b17ea9a2007c","54701f5f079bcb077976c7b53a0c2386",2,"c1ab2344fda0c7ff167883d2fcb4c64e"
"optimized-backends-record-20260731","ci_reverse","core","base","Main base","main","36f5c8d","base",3,5,0.037,37,100000,"medium","character",20260721,"32930d4bafb9d6f4ee7b61840dbeb01a","charr","78.2","system","R version 4.6.1 (2026-06-24)","/home/ted/R/x86_64-pc-linux-gnu-library/4.6/charr","3d947f3df10c63e20fffc0e4ef7f55f7","b6048fe5a9145f64d47e32d5df72435c","eedae0ee27c545032905b17ea9a2007c","54701f5f079bcb077976c7b53a0c2386",2,"c1ab2344fda0c7ff167883d2fcb4c64e"
"optimized-backends-record-20260731","ci_reverse","core","altrep","Main ALTREP","main","36f5c8d","altrep",3,5,0.008,8,100000,"medium","charvec",20260721,"32930d4bafb9d6f4ee7b61840dbeb01a","charr","78.2","system","R version 4.6.1 (2026-06-24)","/home/ted/R/x86_64-pc-linux-gnu-library/4.6/charr","3d947f3df10c63e20fffc0e4ef7f55f7","b6048fe5a9145f64d47e32d5df72435c","eedae0ee27c545032905b17ea9a2007c","54701f5f079bcb077976c7b53a0c2386",2,"fd3f05a163222901d4176ce041c7cbd2"
"optimized-backends-record-20260731","ci_reverse","core","stringi","stringi","main","36f5c8d","stringi",4,5,0.038,38,100000,"medium","character",20260721,"32930d4bafb9d6f4ee7b61840dbeb01a","stringi","74.1","bundle","R version 4.6.1 (2026-06-24)","/home/ted/R/x86_64-pc-linux-gnu-library/4.6/charr","3d947f3df10c63e20fffc0e4ef7f55f7","b6048fe5a9145f64d47e32d5df72435c","eedae0ee27c545032905b17ea9a2007c","54701f5f079bcb077976c7b53a0c2386",2,"c1ab2344fda0c7ff167883d2fcb4c64e"
"optimized-backends-record-20260731","ci_reverse","core","base","Main base","main","36f5c8d","base",4,5,0.037,37,100000,"medium","character",20260721,"32930d4bafb9d6f4ee7b61840dbeb01a","charr","78.2","system","R version 4.6.1 (2026-06-24)","/home/ted/R/x86_64-pc-linux-gnu-library/4.6/charr","3d947f3df10c63e20fffc0e4ef7f55f7","b6048fe5a9145f64d47e32d5df72435c","eedae0ee27c545032905b17ea9a2007c","54701f5f079bcb077976c7b53a0c2386",2,"c1ab2344fda0c7ff167883d2fcb4c64e"
"optimized-backends-record-20260731","ci_reverse","core","altrep","Main ALTREP","main","36f5c8d","altrep",4,5,0.009,9,100000,"medium","charvec",20260721,"32930d4bafb9d6f4ee7b61840dbeb01a","charr","78.2","system","R version 4.6.1 (2026-06-24)","/home/ted/R/x86_64-pc-linux-gnu-library/4.6/charr","3d947f3df10c63e20fffc0e4ef7f55f7","b6048fe5a9145f64d47e32d5df72435c","eedae0ee27c545032905b17ea9a2007c","54701f5f079bcb077976c7b53a0c2386",2,"fd3f05a163222901d4176ce041c7cbd2"
"optimized-backends-record-20260731","ci_reverse","core","stringi","stringi","main","36f5c8d","stringi",5,5,0.04,40,100000,"medium","character",20260721,"32930d4bafb9d6f4ee7b61840dbeb01a","stringi","74.1","bundle","R version 4.6.1 (2026-06-24)","/home/ted/R/x86_64-pc-linux-gnu-library/4.6/charr","3d947f3df10c63e20fffc0e4ef7f55f7","b6048fe5a9145f64d47e32d5df72435c","eedae0ee27c545032905b17ea9a2007c","54701f5f079bcb077976c7b53a0c2386",2,"c1ab2344fda0c7ff167883d2fcb4c64e"
"optimized-backends-record-20260731","ci_reverse","core","base","Main base","main","36f5c8d","base",5,5,0.038,38,100000,"medium","character",20260721,"32930d4bafb9d6f4ee7b61840dbeb01a","charr","78.2","system","R version 4.6.1 (2026-06-24)","/home/ted/R/x86_64-pc-linux-gnu-library/4.6/charr","3d947f3df10c63e20fffc0e4ef7f55f7","b6048fe5a9145f64d47e32d5df72435c","eedae0ee27c545032905b17ea9a2007c","54701f5f079bcb077976c7b53a0c2386",2,"c1ab2344fda0c7ff167883d2fcb4c64e"
"optimized-backends-record-20260731","ci_reverse","core","altrep","Main ALTREP","main","36f5c8d","altrep",5,5,0.008,8,100000,"medium","charvec",20260721,"32930d4bafb9d6f4ee7b61840dbeb01a","charr","78.2","system","R version 4.6.1 (2026-06-24)","/home/ted/R/x86_64-pc-linux-gnu-library/4.6/charr","3d947f3df10c63e20fffc0e4ef7f55f7","b6048fe5a9145f64d47e32d5df72435c","eedae0ee27c545032905b17ea9a2007c","54701f5f079bcb077976c7b53a0c2386",2,"fd3f05a163222901d4176ce041c7cbd2"
"optimized-backends-record-20260731","ci_trim_left","other","stringi","stringi","main","36f5c8d","stringi",1,5,0.348,348,1000000,"fast","character",20260721,"25c716f0d4b3b4e05398094ee12e945f","stringi","74.1","bundle","R version 4.6.1 (2026-06-24)","/home/ted/R/x86_64-pc-linux-gnu-library/4.6/charr","3d947f3df10c63e20fffc0e4ef7f55f7","b6048fe5a9145f64d47e32d5df72435c","eedae0ee27c545032905b17ea9a2007c","54701f5f079bcb077976c7b53a0c2386",2,"e549c43af71954c67b43b1b565be2a42"
"optimized-backends-record-20260731","ci_trim_left","other","base","Main base","main","36f5c8d","base",1,5,0.353,353,1000000,"fast","character",20260721,"25c716f0d4b3b4e05398094ee12e945f","charr","78.2","system","R version 4.6.1 (2026-06-24)","/home/ted/R/x86_64-pc-linux-gnu-library/4.6/charr","3d947f3df10c63e20fffc0e4ef7f55f7","b6048fe5a9145f64d47e32d5df72435c","eedae0ee27c545032905b17ea9a2007c","54701f5f079bcb077976c7b53a0c2386",2,"e549c43af71954c67b43b1b565be2a42"
"optimized-backends-record-20260731","ci_trim_left","other","altrep","Main ALTREP","main","36f5c8d","altrep",1,5,0.049,49,1000000,"fast","charvec",20260721,"25c716f0d4b3b4e05398094ee12e945f","charr","78.2","system","R version 4.6.1 (2026-06-24)","/home/ted/R/x86_64-pc-linux-gnu-library/4.6/charr","3d947f3df10c63e20fffc0e4ef7f55f7","b6048fe5a9145f64d47e32d5df72435c","eedae0ee27c545032905b17ea9a2007c","54701f5f079bcb077976c7b53a0c2386",2,"fc726ee9f66ea138ae03cf9f86fb4d49"
"optimized-backends-record-20260731","ci_trim_left","other","stringi","stringi","main","36f5c8d","stringi",2,5,0.35,350,1000000,"fast","character",20260721,"25c716f0d4b3b4e05398094ee12e945f","stringi","74.1","bundle","R version 4.6.1 (2026-06-24)","/home/ted/R/x86_64-pc-linux-gnu-library/4.6/charr","3d947f3df10c63e20fffc0e4ef7f55f7","b6048fe5a9145f64d47e32d5df72435c","eedae0ee27c545032905b17ea9a2007c","54701f5f079bcb077976c7b53a0c2386",2,"e549c43af71954c67b43b1b565be2a42"
"optimized-backends-record-20260731","ci_trim_left","other","base","Main base","main","36f5c8d","base",2,5,0.35,350,1000000,"fast","character",20260721,"25c716f0d4b3b4e05398094ee12e945f","charr","78.2","system","R version 4.6.1 (2026-06-24)","/home/ted/R/x86_64-pc-linux-gnu-library/4.6/charr","3d947f3df10c63e20fffc0e4ef7f55f7","b6048fe5a9145f64d47e32d5df72435c","eedae0ee27c545032905b17ea9a2007c","54701f5f079bcb077976c7b53a0c2386",2,"e549c43af71954c67b43b1b565be2a42"
"optimized-backends-record-20260731","ci_trim_left","other","altrep","Main ALTREP","main","36f5c8d","altrep",2,5,0.049,49,1000000,"fast","charvec",20260721,"25c716f0d4b3b4e05398094ee12e945f","charr","78.2","system","R version 4.6.1 (2026-06-24)","/home/ted/R/x86_64-pc-linux-gnu-library/4.6/charr","3d947f3df10c63e20fffc0e4ef7f55f7","b6048fe5a9145f64d47e32d5df72435c","eedae0ee27c545032905b17ea9a2007c","54701f5f079bcb077976c7b53a0c2386",2,"fc726ee9f66ea138ae03cf9f86fb4d49"
"optimized-backends-record-20260731","ci_trim_left","other","stringi","stringi","main","36f5c8d","stringi",3,5,0.35,350,1000000,"fast","character",20260721,"25c716f0d4b3b4e05398094ee12e945f","stringi","74.1","bundle","R version 4.6.1 (2026-06-24)","/home/ted/R/x86_64-pc-linux-gnu-library/4.6/charr","3d947f3df10c63e20fffc0e4ef7f55f7","b6048fe5a9145f64d47e32d5df72435c","eedae0ee27c545032905b17ea9a2007c","54701f5f079bcb077976c7b53a0c2386",2,"e549c43af71954c67b43b1b565be2a42"
"optimized-backends-record-20260731","ci_trim_left","other","base","Main base","main","36f5c8d","base",3,5,0.352,352,1000000,"fast","character",20260721,"25c716f0d4b3b4e05398094ee12e945f","charr","78.2","system","R version 4.6.1 (2026-06-24)","/home/ted/R/x86_64-pc-linux-gnu-library/4.6/charr","3d947f3df10c63e20fffc0e4ef7f55f7","b6048fe5a9145f64d47e32d5df72435c","eedae0ee27c545032905b17ea9a2007c","54701f5f079bcb077976c7b53a0c2386",2,"e549c43af71954c67b43b1b565be2a42"
"optimized-backends-record-20260731","ci_trim_left","other","altrep","Main ALTREP","main","36f5c8d","altrep",3,5,0.049,49,1000000,"fast","charvec",20260721,"25c716f0d4b3b4e05398094ee12e945f","charr","78.2","system","R version 4.6.1 (2026-06-24)","/home/ted/R/x86_64-pc-linux-gnu-library/4.6/charr","3d947f3df10c63e20fffc0e4ef7f55f7","b6048fe5a9145f64d47e32d5df72435c","eedae0ee27c545032905b17ea9a2007c","54701f5f079bcb077976c7b53a0c2386",2,"fc726ee9f66ea138ae03cf9f86fb4d49"
"optimized-backends-record-20260731","ci_trim_left","other","stringi","stringi","main","36f5c8d","stringi",4,5,0.344,344,1000000,"fast","character",20260721,"25c716f0d4b3b4e05398094ee12e945f","stringi","74.1","bundle","R version 4.6.1 (2026-06-24)","/home/ted/R/x86_64-pc-linux-gnu-library/4.6/charr","3d947f3df10c63e20fffc0e4ef7f55f7","b6048fe5a9145f64d47e32d5df72435c","eedae0ee27c545032905b17ea9a2007c","54701f5f079bcb077976c7b53a0c2386",2,"e549c43af71954c67b43b1b565be2a42"
"optimized-backends-record-20260731","ci_trim_left","other","base","Main base","main","36f5c8d","base",4,5,0.345,345,1000000,"fast","character",20260721,"25c716f0d4b3b4e05398094ee12e945f","charr","78.2","system","R version 4.6.1 (2026-06-24)","/home/ted/R/x86_64-pc-linux-gnu-library/4.6/charr","3d947f3df10c63e20fffc0e4ef7f55f7","b6048fe5a9145f64d47e32d5df72435c","eedae0ee27c545032905b17ea9a2007c","54701f5f079bcb077976c7b53a0c2386",2,"e549c43af71954c67b43b1b565be2a42"
"optimized-backends-record-20260731","ci_trim_left","other","altrep","Main ALTREP","main","36f5c8d","altrep",4,5,0.048,48,1000000,"fast","charvec",20260721,"25c716f0d4b3b4e05398094ee12e945f","charr","78.2","system","R version 4.6.1 (2026-06-24)","/home/ted/R/x86_64-pc-linux-gnu-library/4.6/charr","3d947f3df10c63e20fffc0e4ef7f55f7","b6048fe5a9145f64d47e32d5df72435c","eedae0ee27c545032905b17ea9a2007c","54701f5f079bcb077976c7b53a0c2386",2,"fc726ee9f66ea138ae03cf9f86fb4d49"
"optimized-backends-record-20260731","ci_trim_left","other","stringi","stringi","main","36f5c8d","stringi",5,5,0.343,343,1000000,"fast","character",20260721,"25c716f0d4b3b4e05398094ee12e945f","stringi","74.1","bundle","R version 4.6.1 (2026-06-24)","/home/ted/R/x86_64-pc-linux-gnu-library/4.6/charr","3d947f3df10c63e20fffc0e4ef7f55f7","b6048fe5a9145f64d47e32d5df72435c","eedae0ee27c545032905b17ea9a2007c","54701f5f079bcb077976c7b53a0c2386",2,"e549c43af71954c67b43b1b565be2a42"
"optimized-backends-record-20260731","ci_trim_left","other","base","Main base","main","36f5c8d","base",5,5,0.351,351,1000000,"fast","character",20260721,"25c716f0d4b3b4e05398094ee12e945f","charr","78.2","system","R version 4.6.1 (2026-06-24)","/home/ted/R/x86_64-pc-linux-gnu-library/4.6/charr","3d947f3df10c63e20fffc0e4ef7f55f7","b6048fe5a9145f64d47e32d5df72435c","eedae0ee27c545032905b17ea9a2007c","54701f5f079bcb077976c7b53a0c2386",2,"e549c43af71954c67b43b1b565be2a42"
"optimized-backends-record-20260731","ci_trim_left","other","altrep","Main ALTREP","main","36f5c8d","altrep",5,5,0.049,49,1000000,"fast","charvec",20260721,"25c716f0d4b3b4e05398094ee12e945f","charr","78.2","system","R version 4.6.1 (2026-06-24)","/home/ted/R/x86_64-pc-linux-gnu-library/4.6/charr","3d947f3df10c63e20fffc0e4ef7f55f7","b6048fe5a9145f64d47e32d5df72435c","eedae0ee27c545032905b17ea9a2007c","54701f5f079bcb077976c7b53a0c2386",2,"fc726ee9f66ea138ae03cf9f86fb4d49"
"optimized-backends-record-20260731","ci_trim_right","other","stringi","stringi","main","36f5c8d","stringi",1,5,0.338,338,1000000,"fast","character",20260721,"25c716f0d4b3b4e05398094ee12e945f","stringi","74.1","bundle","R version 4.6.1 (2026-06-24)","/home/ted/R/x86_64-pc-linux-gnu-library/4.6/charr","3d947f3df10c63e20fffc0e4ef7f55f7","b6048fe5a9145f64d47e32d5df72435c","eedae0ee27c545032905b17ea9a2007c","54701f5f079bcb077976c7b53a0c2386",2,"e549c43af71954c67b43b1b565be2a42"
"optimized-backends-record-20260731","ci_trim_right","other","base","Main base","main","36f5c8d","base",1,5,0.341,341,1000000,"fast","character",20260721,"25c716f0d4b3b4e05398094ee12e945f","charr","78.2","system","R version 4.6.1 (2026-06-24)","/home/ted/R/x86_64-pc-linux-gnu-library/4.6/charr","3d947f3df10c63e20fffc0e4ef7f55f7","b6048fe5a9145f64d47e32d5df72435c","eedae0ee27c545032905b17ea9a2007c","54701f5f079bcb077976c7b53a0c2386",2,"e549c43af71954c67b43b1b565be2a42"
"optimized-backends-record-20260731","ci_trim_right","other","altrep","Main ALTREP","main","36f5c8d","altrep",1,5,0.051,51,1000000,"fast","charvec",20260721,"25c716f0d4b3b4e05398094ee12e945f","charr","78.2","system","R version 4.6.1 (2026-06-24)","/home/ted/R/x86_64-pc-linux-gnu-library/4.6/charr","3d947f3df10c63e20fffc0e4ef7f55f7","b6048fe5a9145f64d47e32d5df72435c","eedae0ee27c545032905b17ea9a2007c","54701f5f079bcb077976c7b53a0c2386",2,"fc726ee9f66ea138ae03cf9f86fb4d49"
"optimized-backends-record-20260731","ci_trim_right","other","stringi","stringi","main","36f5c8d","stringi",2,5,0.338,338,1000000,"fast","character",20260721,"25c716f0d4b3b4e05398094ee12e945f","stringi","74.1","bundle","R version 4.6.1 (2026-06-24)","/home/ted/R/x86_64-pc-linux-gnu-library/4.6/charr","3d947f3df10c63e20fffc0e4ef7f55f7","b6048fe5a9145f64d47e32d5df72435c","eedae0ee27c545032905b17ea9a2007c","54701f5f079bcb077976c7b53a0c2386",2,"e549c43af71954c67b43b1b565be2a42"
"optimized-backends-record-20260731","ci_trim_right","other","base","Main base","main","36f5c8d","base",2,5,0.339,339,1000000,"fast","character",20260721,"25c716f0d4b3b4e05398094ee12e945f","charr","78.2","system","R version 4.6.1 (2026-06-24)","/home/ted/R/x86_64-pc-linux-gnu-library/4.6/charr","3d947f3df10c63e20fffc0e4ef7f55f7","b6048fe5a9145f64d47e32d5df72435c","eedae0ee27c545032905b17ea9a2007c","54701f5f079bcb077976c7b53a0c2386",2,"e549c43af71954c67b43b1b565be2a42"
"optimized-backends-record-20260731","ci_trim_right","other","altrep","Main ALTREP","main","36f5c8d","altrep",2,5,0.051,51,1000000,"fast","charvec",20260721,"25c716f0d4b3b4e05398094ee12e945f","charr","78.2","system","R version 4.6.1 (2026-06-24)","/home/ted/R/x86_64-pc-linux-gnu-library/4.6/charr","3d947f3df10c63e20fffc0e4ef7f55f7","b6048fe5a9145f64d47e32d5df72435c","eedae0ee27c545032905b17ea9a2007c","54701f5f079bcb077976c7b53a0c2386",2,"fc726ee9f66ea138ae03cf9f86fb4d49"
"optimized-backends-record-20260731","ci_trim_right","other","stringi","stringi","main","36f5c8d","stringi",3,5,0.347,347,1000000,"fast","character",20260721,"25c716f0d4b3b4e05398094ee12e945f","stringi","74.1","bundle","R version 4.6.1 (2026-06-24)","/home/ted/R/x86_64-pc-linux-gnu-library/4.6/charr","3d947f3df10c63e20fffc0e4ef7f55f7","b6048fe5a9145f64d47e32d5df72435c","eedae0ee27c545032905b17ea9a2007c","54701f5f079bcb077976c7b53a0c2386",2,"e549c43af71954c67b43b1b565be2a42"
"optimized-backends-record-20260731","ci_trim_right","other","base","Main base","main","36f5c8d","base",3,5,0.352,352,1000000,"fast","character",20260721,"25c716f0d4b3b4e05398094ee12e945f","charr","78.2","system","R version 4.6.1 (2026-06-24)","/home/ted/R/x86_64-pc-linux-gnu-library/4.6/charr","3d947f3df10c63e20fffc0e4ef7f55f7","b6048fe5a9145f64d47e32d5df72435c","eedae0ee27c545032905b17ea9a2007c","54701f5f079bcb077976c7b53a0c2386",2,"e549c43af71954c67b43b1b565be2a42"
"optimized-backends-record-20260731","ci_trim_right","other","altrep","Main ALTREP","main","36f5c8d","altrep",3,5,0.051,51,1000000,"fast","charvec",20260721,"25c716f0d4b3b4e05398094ee12e945f","charr","78.2","system","R version 4.6.1 (2026-06-24)","/home/ted/R/x86_64-pc-linux-gnu-library/4.6/charr","3d947f3df10c63e20fffc0e4ef7f55f7","b6048fe5a9145f64d47e32d5df72435c","eedae0ee27c545032905b17ea9a2007c","54701f5f079bcb077976c7b53a0c2386",2,"fc726ee9f66ea138ae03cf9f86fb4d49"
"optimized-backends-record-20260731","ci_trim_right","other","stringi","stringi","main","36f5c8d","stringi",4,5,0.337,337,1000000,"fast","character",20260721,"25c716f0d4b3b4e05398094ee12e945f","stringi","74.1","bundle","R version 4.6.1 (2026-06-24)","/home/ted/R/x86_64-pc-linux-gnu-library/4.6/charr","3d947f3df10c63e20fffc0e4ef7f55f7","b6048fe5a9145f64d47e32d5df72435c","eedae0ee27c545032905b17ea9a2007c","54701f5f079bcb077976c7b53a0c2386",2,"e549c43af71954c67b43b1b565be2a42"
"optimized-backends-record-20260731","ci_trim_right","other","base","Main base","main","36f5c8d","base",4,5,0.34,340,1000000,"fast","character",20260721,"25c716f0d4b3b4e05398094ee12e945f","charr","78.2","system","R version 4.6.1 (2026-06-24)","/home/ted/R/x86_64-pc-linux-gnu-library/4.6/charr","3d947f3df10c63e20fffc0e4ef7f55f7","b6048fe5a9145f64d47e32d5df72435c","eedae0ee27c545032905b17ea9a2007c","54701f5f079bcb077976c7b53a0c2386",2,"e549c43af71954c67b43b1b565be2a42"
"optimized-backends-record-20260731","ci_trim_right","other","altrep","Main ALTREP","main","36f5c8d","altrep",4,5,0.05,50,1000000,"fast","charvec",20260721,"25c716f0d4b3b4e05398094ee12e945f","charr","78.2","system","R version 4.6.1 (2026-06-24)","/home/ted/R/x86_64-pc-linux-gnu-library/4.6/charr","3d947f3df10c63e20fffc0e4ef7f55f7","b6048fe5a9145f64d47e32d5df72435c","eedae0ee27c545032905b17ea9a2007c","54701f5f079bcb077976c7b53a0c2386",2,"fc726ee9f66ea138ae03cf9f86fb4d49"
"optimized-backends-record-20260731","ci_trim_right","other","stringi","stringi","main","36f5c8d","stringi",5,5,0.337,337,1000000,"fast","character",20260721,"25c716f0d4b3b4e05398094ee12e945f","stringi","74.1","bundle","R version 4.6.1 (2026-06-24)","/home/ted/R/x86_64-pc-linux-gnu-library/4.6/charr","3d947f3df10c63e20fffc0e4ef7f55f7","b6048fe5a9145f64d47e32d5df72435c","eedae0ee27c545032905b17ea9a2007c","54701f5f079bcb077976c7b53a0c2386",2,"e549c43af71954c67b43b1b565be2a42"
"optimized-backends-record-20260731","ci_trim_right","other","base","Main base","main","36f5c8d","base",5,5,0.338,338,1000000,"fast","character",20260721,"25c716f0d4b3b4e05398094ee12e945f","charr","78.2","system","R version 4.6.1 (2026-06-24)","/home/ted/R/x86_64-pc-linux-gnu-library/4.6/charr","3d947f3df10c63e20fffc0e4ef7f55f7","b6048fe5a9145f64d47e32d5df72435c","eedae0ee27c545032905b17ea9a2007c","54701f5f079bcb077976c7b53a0c2386",2,"e549c43af71954c67b43b1b565be2a42"
"optimized-backends-record-20260731","ci_trim_right","other","altrep","Main ALTREP","main","36f5c8d","altrep",5,5,0.05,50,1000000,"fast","charvec",20260721,"25c716f0d4b3b4e05398094ee12e945f","charr","78.2","system","R version 4.6.1 (2026-06-24)","/home/ted/R/x86_64-pc-linux-gnu-library/4.6/charr","3d947f3df10c63e20fffc0e4ef7f55f7","b6048fe5a9145f64d47e32d5df72435c","eedae0ee27c545032905b17ea9a2007c","54701f5f079bcb077976c7b53a0c2386",2,"fc726ee9f66ea138ae03cf9f86fb4d49"
"optimized-backends-record-20260731","ci_trim_both","other","stringi","stringi","main","36f5c8d","stringi",1,5,0.197,197,1000000,"fast","character",20260721,"25c716f0d4b3b4e05398094ee12e945f","stringi","74.1","bundle","R version 4.6.1 (2026-06-24)","/home/ted/R/x86_64-pc-linux-gnu-library/4.6/charr","3d947f3df10c63e20fffc0e4ef7f55f7","b6048fe5a9145f64d47e32d5df72435c","eedae0ee27c545032905b17ea9a2007c","54701f5f079bcb077976c7b53a0c2386",2,"e549c43af71954c67b43b1b565be2a42"
"optimized-backends-record-20260731","ci_trim_both","other","base","Main base","main","36f5c8d","base",1,5,0.2,200,1000000,"fast","character",20260721,"25c716f0d4b3b4e05398094ee12e945f","charr","78.2","system","R version 4.6.1 (2026-06-24)","/home/ted/R/x86_64-pc-linux-gnu-library/4.6/charr","3d947f3df10c63e20fffc0e4ef7f55f7","b6048fe5a9145f64d47e32d5df72435c","eedae0ee27c545032905b17ea9a2007c","54701f5f079bcb077976c7b53a0c2386",2,"e549c43af71954c67b43b1b565be2a42"
"optimized-backends-record-20260731","ci_trim_both","other","altrep","Main ALTREP","main","36f5c8d","altrep",1,5,0.05,50,1000000,"fast","charvec",20260721,"25c716f0d4b3b4e05398094ee12e945f","charr","78.2","system","R version 4.6.1 (2026-06-24)","/home/ted/R/x86_64-pc-linux-gnu-library/4.6/charr","3d947f3df10c63e20fffc0e4ef7f55f7","b6048fe5a9145f64d47e32d5df72435c","eedae0ee27c545032905b17ea9a2007c","54701f5f079bcb077976c7b53a0c2386",2,"fc726ee9f66ea138ae03cf9f86fb4d49"
"optimized-backends-record-20260731","ci_trim_both","other","stringi","stringi","main","36f5c8d","stringi",2,5,0.199,199,1000000,"fast","character",20260721,"25c716f0d4b3b4e05398094ee12e945f","stringi","74.1","bundle","R version 4.6.1 (2026-06-24)","/home/ted/R/x86_64-pc-linux-gnu-library/4.6/charr","3d947f3df10c63e20fffc0e4ef7f55f7","b6048fe5a9145f64d47e32d5df72435c","eedae0ee27c545032905b17ea9a2007c","54701f5f079bcb077976c7b53a0c2386",2,"e549c43af71954c67b43b1b565be2a42"
"optimized-backends-record-20260731","ci_trim_both","other","base","Main base","main","36f5c8d","base",2,5,0.203,203,1000000,"fast","character",20260721,"25c716f0d4b3b4e05398094ee12e945f","charr","78.2","system","R version 4.6.1 (2026-06-24)","/home/ted/R/x86_64-pc-linux-gnu-library/4.6/charr","3d947f3df10c63e20fffc0e4ef7f55f7","b6048fe5a9145f64d47e32d5df72435c","eedae0ee27c545032905b17ea9a2007c","54701f5f079bcb077976c7b53a0c2386",2,"e549c43af71954c67b43b1b565be2a42"
"optimized-backends-record-20260731","ci_trim_both","other","altrep","Main ALTREP","main","36f5c8d","altrep",2,5,0.052,52,1000000,"fast","charvec",20260721,"25c716f0d4b3b4e05398094ee12e945f","charr","78.2","system","R version 4.6.1 (2026-06-24)","/home/ted/R/x86_64-pc-linux-gnu-library/4.6/charr","3d947f3df10c63e20fffc0e4ef7f55f7","b6048fe5a9145f64d47e32d5df72435c","eedae0ee27c545032905b17ea9a2007c","54701f5f079bcb077976c7b53a0c2386",2,"fc726ee9f66ea138ae03cf9f86fb4d49"
"optimized-backends-record-20260731","ci_trim_both","other","stringi","stringi","main","36f5c8d","stringi",3,5,0.199,199,1000000,"fast","character",20260721,"25c716f0d4b3b4e05398094ee12e945f","stringi","74.1","bundle","R version 4.6.1 (2026-06-24)","/home/ted/R/x86_64-pc-linux-gnu-library/4.6/charr","3d947f3df10c63e20fffc0e4ef7f55f7","b6048fe5a9145f64d47e32d5df72435c","eedae0ee27c545032905b17ea9a2007c","54701f5f079bcb077976c7b53a0c2386",2,"e549c43af71954c67b43b1b565be2a42"
"optimized-backends-record-20260731","ci_trim_both","other","base","Main base","main","36f5c8d","base",3,5,0.199,199,1000000,"fast","character",20260721,"25c716f0d4b3b4e05398094ee12e945f","charr","78.2","system","R version 4.6.1 (2026-06-24)","/home/ted/R/x86_64-pc-linux-gnu-library/4.6/charr","3d947f3df10c63e20fffc0e4ef7f55f7","b6048fe5a9145f64d47e32d5df72435c","eedae0ee27c545032905b17ea9a2007c","54701f5f079bcb077976c7b53a0c2386",2,"e549c43af71954c67b43b1b565be2a42"
"optimized-backends-record-20260731","ci_trim_both","other","altrep","Main ALTREP","main","36f5c8d","altrep",3,5,0.051,51,1000000,"fast","charvec",20260721,"25c716f0d4b3b4e05398094ee12e945f","charr","78.2","system","R version 4.6.1 (2026-06-24)","/home/ted/R/x86_64-pc-linux-gnu-library/4.6/charr","3d947f3df10c63e20fffc0e4ef7f55f7","b6048fe5a9145f64d47e32d5df72435c","eedae0ee27c545032905b17ea9a2007c","54701f5f079bcb077976c7b53a0c2386",2,"fc726ee9f66ea138ae03cf9f86fb4d49"
"optimized-backends-record-20260731","ci_trim_both","other","stringi","stringi","main","36f5c8d","stringi",4,5,0.196,196,1000000,"fast","character",20260721,"25c716f0d4b3b4e05398094ee12e945f","stringi","74.1","bundle","R version 4.6.1 (2026-06-24)","/home/ted/R/x86_64-pc-linux-gnu-library/4.6/charr","3d947f3df10c63e20fffc0e4ef7f55f7","b6048fe5a9145f64d47e32d5df72435c","eedae0ee27c545032905b17ea9a2007c","54701f5f079bcb077976c7b53a0c2386",2,"e549c43af71954c67b43b1b565be2a42"
"optimized-backends-record-20260731","ci_trim_both","other","base","Main base","main","36f5c8d","base",4,5,0.2,200,1000000,"fast","character",20260721,"25c716f0d4b3b4e05398094ee12e945f","charr","78.2","system","R version 4.6.1 (2026-06-24)","/home/ted/R/x86_64-pc-linux-gnu-library/4.6/charr","3d947f3df10c63e20fffc0e4ef7f55f7","b6048fe5a9145f64d47e32d5df72435c","eedae0ee27c545032905b17ea9a2007c","54701f5f079bcb077976c7b53a0c2386",2,"e549c43af71954c67b43b1b565be2a42"
"optimized-backends-record-20260731","ci_trim_both","other","altrep","Main ALTREP","main","36f5c8d","altrep",4,5,0.051,51,1000000,"fast","charvec",20260721,"25c716f0d4b3b4e05398094ee12e945f","charr","78.2","system","R version 4.6.1 (2026-06-24)","/home/ted/R/x86_64-pc-linux-gnu-library/4.6/charr","3d947f3df10c63e20fffc0e4ef7f55f7","b6048fe5a9145f64d47e32d5df72435c","eedae0ee27c545032905b17ea9a2007c","54701f5f079bcb077976c7b53a0c2386",2,"fc726ee9f66ea138ae03cf9f86fb4d49"
"optimized-backends-record-20260731","ci_trim_both","other","stringi","stringi","main","36f5c8d","stringi",5,5,0.196,196,1000000,"fast","character",20260721,"25c716f0d4b3b4e05398094ee12e945f","stringi","74.1","bundle","R version 4.6.1 (2026-06-24)","/home/ted/R/x86_64-pc-linux-gnu-library/4.6/charr","3d947f3df10c63e20fffc0e4ef7f55f7","b6048fe5a9145f64d47e32d5df72435c","eedae0ee27c545032905b17ea9a2007c","54701f5f079bcb077976c7b53a0c2386",2,"e549c43af71954c67b43b1b565be2a42"
"optimized-backends-record-20260731","ci_trim_both","other","base","Main base","main","36f5c8d","base",5,5,0.201,201,1000000,"fast","character",20260721,"25c716f0d4b3b4e05398094ee12e945f","charr","78.2","system","R version 4.6.1 (2026-06-24)","/home/ted/R/x86_64-pc-linux-gnu-library/4.6/charr","3d947f3df10c63e20fffc0e4ef7f55f7","b6048fe5a9145f64d47e32d5df72435c","eedae0ee27c545032905b17ea9a2007c","54701f5f079bcb077976c7b53a0c2386",2,"e549c43af71954c67b43b1b565be2a42"
"optimized-backends-record-20260731","ci_trim_both","other","altrep","Main ALTREP","main","36f5c8d","altrep",5,5,0.052,52,1000000,"fast","charvec",20260721,"25c716f0d4b3b4e05398094ee12e945f","charr","78.2","system","R version 4.6.1 (2026-06-24)","/home/ted/R/x86_64-pc-linux-gnu-library/4.6/charr","3d947f3df10c63e20fffc0e4ef7f55f7","b6048fe5a9145f64d47e32d5df72435c","eedae0ee27c545032905b17ea9a2007c","54701f5f079bcb077976c7b53a0c2386",2,"fc726ee9f66ea138ae03cf9f86fb4d49"
"optimized-backends-record-20260731","ci_replace_na","core","stringi","stringi","main","36f5c8d","stringi",1,5,0.036,36,1000000,"fast","character",20260721,"25c716f0d4b3b4e05398094ee12e945f","stringi","74.1","bundle","R version 4.6.1 (2026-06-24)","/home/ted/R/x86_64-pc-linux-gnu-library/4.6/charr","3d947f3df10c63e20fffc0e4ef7f55f7","b6048fe5a9145f64d47e32d5df72435c","eedae0ee27c545032905b17ea9a2007c","54701f5f079bcb077976c7b53a0c2386",2,"e549c43af71954c67b43b1b565be2a42"
"optimized-backends-record-20260731","ci_replace_na","core","base","Main base","main","36f5c8d","base",1,5,0.021,21,1000000,"fast","character",20260721,"25c716f0d4b3b4e05398094ee12e945f","charr","78.2","system","R version 4.6.1 (2026-06-24)","/home/ted/R/x86_64-pc-linux-gnu-library/4.6/charr","3d947f3df10c63e20fffc0e4ef7f55f7","b6048fe5a9145f64d47e32d5df72435c","eedae0ee27c545032905b17ea9a2007c","54701f5f079bcb077976c7b53a0c2386",2,"e549c43af71954c67b43b1b565be2a42"
"optimized-backends-record-20260731","ci_replace_na","core","altrep","Main ALTREP","main","36f5c8d","altrep",1,5,0.032,32,1000000,"fast","charvec",20260721,"25c716f0d4b3b4e05398094ee12e945f","charr","78.2","system","R version 4.6.1 (2026-06-24)","/home/ted/R/x86_64-pc-linux-gnu-library/4.6/charr","3d947f3df10c63e20fffc0e4ef7f55f7","b6048fe5a9145f64d47e32d5df72435c","eedae0ee27c545032905b17ea9a2007c","54701f5f079bcb077976c7b53a0c2386",2,"fc726ee9f66ea138ae03cf9f86fb4d49"
"optimized-backends-record-20260731","ci_replace_na","core","stringi","stringi","main","36f5c8d","stringi",2,5,0.036,36,1000000,"fast","character",20260721,"25c716f0d4b3b4e05398094ee12e945f","stringi","74.1","bundle","R version 4.6.1 (2026-06-24)","/home/ted/R/x86_64-pc-linux-gnu-library/4.6/charr","3d947f3df10c63e20fffc0e4ef7f55f7","b6048fe5a9145f64d47e32d5df72435c","eedae0ee27c545032905b17ea9a2007c","54701f5f079bcb077976c7b53a0c2386",2,"e549c43af71954c67b43b1b565be2a42"
"optimized-backends-record-20260731","ci_replace_na","core","base","Main base","main","36f5c8d","base",2,5,0.021,21,1000000,"fast","character",20260721,"25c716f0d4b3b4e05398094ee12e945f","charr","78.2","system","R version 4.6.1 (2026-06-24)","/home/ted/R/x86_64-pc-linux-gnu-library/4.6/charr","3d947f3df10c63e20fffc0e4ef7f55f7","b6048fe5a9145f64d47e32d5df72435c","eedae0ee27c545032905b17ea9a2007c","54701f5f079bcb077976c7b53a0c2386",2,"e549c43af71954c67b43b1b565be2a42"
"optimized-backends-record-20260731","ci_replace_na","core","altrep","Main ALTREP","main","36f5c8d","altrep",2,5,0.032,32,1000000,"fast","charvec",20260721,"25c716f0d4b3b4e05398094ee12e945f","charr","78.2","system","R version 4.6.1 (2026-06-24)","/home/ted/R/x86_64-pc-linux-gnu-library/4.6/charr","3d947f3df10c63e20fffc0e4ef7f55f7","b6048fe5a9145f64d47e32d5df72435c","eedae0ee27c545032905b17ea9a2007c","54701f5f079bcb077976c7b53a0c2386",2,"fc726ee9f66ea138ae03cf9f86fb4d49"
"optimized-backends-record-20260731","ci_replace_na","core","stringi","stringi","main","36f5c8d","stringi",3,5,0.036,36,1000000,"fast","character",20260721,"25c716f0d4b3b4e05398094ee12e945f","stringi","74.1","bundle","R version 4.6.1 (2026-06-24)","/home/ted/R/x86_64-pc-linux-gnu-library/4.6/charr","3d947f3df10c63e20fffc0e4ef7f55f7","b6048fe5a9145f64d47e32d5df72435c","eedae0ee27c545032905b17ea9a2007c","54701f5f079bcb077976c7b53a0c2386",2,"e549c43af71954c67b43b1b565be2a42"
"optimized-backends-record-20260731","ci_replace_na","core","base","Main base","main","36f5c8d","base",3,5,0.022,22,1000000,"fast","character",20260721,"25c716f0d4b3b4e05398094ee12e945f","charr","78.2","system","R version 4.6.1 (2026-06-24)","/home/ted/R/x86_64-pc-linux-gnu-library/4.6/charr","3d947f3df10c63e20fffc0e4ef7f55f7","b6048fe5a9145f64d47e32d5df72435c","eedae0ee27c545032905b17ea9a2007c","54701f5f079bcb077976c7b53a0c2386",2,"e549c43af71954c67b43b1b565be2a42"
"optimized-backends-record-20260731","ci_replace_na","core","altrep","Main ALTREP","main","36f5c8d","altrep",3,5,0.031,31,1000000,"fast","charvec",20260721,"25c716f0d4b3b4e05398094ee12e945f","charr","78.2","system","R version 4.6.1 (2026-06-24)","/home/ted/R/x86_64-pc-linux-gnu-library/4.6/charr","3d947f3df10c63e20fffc0e4ef7f55f7","b6048fe5a9145f64d47e32d5df72435c","eedae0ee27c545032905b17ea9a2007c","54701f5f079bcb077976c7b53a0c2386",2,"fc726ee9f66ea138ae03cf9f86fb4d49"
"optimized-backends-record-20260731","ci_replace_na","core","stringi","stringi","main","36f5c8d","stringi",4,5,0.036,36,1000000,"fast","character",20260721,"25c716f0d4b3b4e05398094ee12e945f","stringi","74.1","bundle","R version 4.6.1 (2026-06-24)","/home/ted/R/x86_64-pc-linux-gnu-library/4.6/charr","3d947f3df10c63e20fffc0e4ef7f55f7","b6048fe5a9145f64d47e32d5df72435c","eedae0ee27c545032905b17ea9a2007c","54701f5f079bcb077976c7b53a0c2386",2,"e549c43af71954c67b43b1b565be2a42"
"optimized-backends-record-20260731","ci_replace_na","core","base","Main base","main","36f5c8d","base",4,5,0.021,21,1000000,"fast","character",20260721,"25c716f0d4b3b4e05398094ee12e945f","charr","78.2","system","R version 4.6.1 (2026-06-24)","/home/ted/R/x86_64-pc-linux-gnu-library/4.6/charr","3d947f3df10c63e20fffc0e4ef7f55f7","b6048fe5a9145f64d47e32d5df72435c","eedae0ee27c545032905b17ea9a2007c","54701f5f079bcb077976c7b53a0c2386",2,"e549c43af71954c67b43b1b565be2a42"
"optimized-backends-record-20260731","ci_replace_na","core","altrep","Main ALTREP","main","36f5c8d","altrep",4,5,0.032,32,1000000,"fast","charvec",20260721,"25c716f0d4b3b4e05398094ee12e945f","charr","78.2","system","R version 4.6.1 (2026-06-24)","/home/ted/R/x86_64-pc-linux-gnu-library/4.6/charr","3d947f3df10c63e20fffc0e4ef7f55f7","b6048fe5a9145f64d47e32d5df72435c","eedae0ee27c545032905b17ea9a2007c","54701f5f079bcb077976c7b53a0c2386",2,"fc726ee9f66ea138ae03cf9f86fb4d49"
"optimized-backends-record-20260731","ci_replace_na","core","stringi","stringi","main","36f5c8d","stringi",5,5,0.035,35,1000000,"fast","character",20260721,"25c716f0d4b3b4e05398094ee12e945f","stringi","74.1","bundle","R version 4.6.1 (2026-06-24)","/home/ted/R/x86_64-pc-linux-gnu-library/4.6/charr","3d947f3df10c63e20fffc0e4ef7f55f7","b6048fe5a9145f64d47e32d5df72435c","eedae0ee27c545032905b17ea9a2007c","54701f5f079bcb077976c7b53a0c2386",2,"e549c43af71954c67b43b1b565be2a42"
"optimized-backends-record-20260731","ci_replace_na","core","base","Main base","main","36f5c8d","base",5,5,0.021,21,1000000,"fast","character",20260721,"25c716f0d4b3b4e05398094ee12e945f","charr","78.2","system","R version 4.6.1 (2026-06-24)","/home/ted/R/x86_64-pc-linux-gnu-library/4.6/charr","3d947f3df10c63e20fffc0e4ef7f55f7","b6048fe5a9145f64d47e32d5df72435c","eedae0ee27c545032905b17ea9a2007c","54701f5f079bcb077976c7b53a0c2386",2,"e549c43af71954c67b43b1b565be2a42"
"optimized-backends-record-20260731","ci_replace_na","core","altrep","Main ALTREP","main","36f5c8d","altrep",5,5,0.032,32,1000000,"fast","charvec",20260721,"25c716f0d4b3b4e05398094ee12e945f","charr","78.2","system","R version 4.6.1 (2026-06-24)","/home/ted/R/x86_64-pc-linux-gnu-library/4.6/charr","3d947f3df10c63e20fffc0e4ef7f55f7","b6048fe5a9145f64d47e32d5df72435c","eedae0ee27c545032905b17ea9a2007c","54701f5f079bcb077976c7b53a0c2386",2,"fc726ee9f66ea138ae03cf9f86fb4d49"
"optimized-backends-record-20260731","ci_detect_regex","regex","stringi","stringi","main","36f5c8d","stringi",1,5,0.047,47,100000,"medium","character",20260721,"32930d4bafb9d6f4ee7b61840dbeb01a","stringi","74.1","bundle","R version 4.6.1 (2026-06-24)","/home/ted/R/x86_64-pc-linux-gnu-library/4.6/charr","3d947f3df10c63e20fffc0e4ef7f55f7","b6048fe5a9145f64d47e32d5df72435c","eedae0ee27c545032905b17ea9a2007c","54701f5f079bcb077976c7b53a0c2386",2,"c1ab2344fda0c7ff167883d2fcb4c64e"
"optimized-backends-record-20260731","ci_detect_regex","regex","base","Main base","main","36f5c8d","base",1,5,0.039,39,100000,"medium","character",20260721,"32930d4bafb9d6f4ee7b61840dbeb01a","charr","78.2","system","R version 4.6.1 (2026-06-24)","/home/ted/R/x86_64-pc-linux-gnu-library/4.6/charr","3d947f3df10c63e20fffc0e4ef7f55f7","b6048fe5a9145f64d47e32d5df72435c","eedae0ee27c545032905b17ea9a2007c","54701f5f079bcb077976c7b53a0c2386",2,"c1ab2344fda0c7ff167883d2fcb4c64e"
"optimized-backends-record-20260731","ci_detect_regex","regex","altrep","Main ALTREP","main","36f5c8d","altrep",1,5,0.037,37,100000,"medium","charvec",20260721,"32930d4bafb9d6f4ee7b61840dbeb01a","charr","78.2","system","R version 4.6.1 (2026-06-24)","/home/ted/R/x86_64-pc-linux-gnu-library/4.6/charr","3d947f3df10c63e20fffc0e4ef7f55f7","b6048fe5a9145f64d47e32d5df72435c","eedae0ee27c545032905b17ea9a2007c","54701f5f079bcb077976c7b53a0c2386",2,"fd3f05a163222901d4176ce041c7cbd2"
"optimized-backends-record-20260731","ci_detect_regex","regex","stringi","stringi","main","36f5c8d","stringi",2,5,0.047,47,100000,"medium","character",20260721,"32930d4bafb9d6f4ee7b61840dbeb01a","stringi","74.1","bundle","R version 4.6.1 (2026-06-24)","/home/ted/R/x86_64-pc-linux-gnu-library/4.6/charr","3d947f3df10c63e20fffc0e4ef7f55f7","b6048fe5a9145f64d47e32d5df72435c","eedae0ee27c545032905b17ea9a2007c","54701f5f079bcb077976c7b53a0c2386",2,"c1ab2344fda0c7ff167883d2fcb4c64e"
"optimized-backends-record-20260731","ci_detect_regex","regex","base","Main base","main","36f5c8d","base",2,5,0.039,39,100000,"medium","character",20260721,"32930d4bafb9d6f4ee7b61840dbeb01a","charr","78.2","system","R version 4.6.1 (2026-06-24)","/home/ted/R/x86_64-pc-linux-gnu-library/4.6/charr","3d947f3df10c63e20fffc0e4ef7f55f7","b6048fe5a9145f64d47e32d5df72435c","eedae0ee27c545032905b17ea9a2007c","54701f5f079bcb077976c7b53a0c2386",2,"c1ab2344fda0c7ff167883d2fcb4c64e"
"optimized-backends-record-20260731","ci_detect_regex","regex","altrep","Main ALTREP","main","36f5c8d","altrep",2,5,0.037,37,100000,"medium","charvec",20260721,"32930d4bafb9d6f4ee7b61840dbeb01a","charr","78.2","system","R version 4.6.1 (2026-06-24)","/home/ted/R/x86_64-pc-linux-gnu-library/4.6/charr","3d947f3df10c63e20fffc0e4ef7f55f7","b6048fe5a9145f64d47e32d5df72435c","eedae0ee27c545032905b17ea9a2007c","54701f5f079bcb077976c7b53a0c2386",2,"fd3f05a163222901d4176ce041c7cbd2"
"optimized-backends-record-20260731","ci_detect_regex","regex","stringi","stringi","main","36f5c8d","stringi",3,5,0.047,47,100000,"medium","character",20260721,"32930d4bafb9d6f4ee7b61840dbeb01a","stringi","74.1","bundle","R version 4.6.1 (2026-06-24)","/home/ted/R/x86_64-pc-linux-gnu-library/4.6/charr","3d947f3df10c63e20fffc0e4ef7f55f7","b6048fe5a9145f64d47e32d5df72435c","eedae0ee27c545032905b17ea9a2007c","54701f5f079bcb077976c7b53a0c2386",2,"c1ab2344fda0c7ff167883d2fcb4c64e"
"optimized-backends-record-20260731","ci_detect_regex","regex","base","Main base","main","36f5c8d","base",3,5,0.039,39,100000,"medium","character",20260721,"32930d4bafb9d6f4ee7b61840dbeb01a","charr","78.2","system","R version 4.6.1 (2026-06-24)","/home/ted/R/x86_64-pc-linux-gnu-library/4.6/charr","3d947f3df10c63e20fffc0e4ef7f55f7","b6048fe5a9145f64d47e32d5df72435c","eedae0ee27c545032905b17ea9a2007c","54701f5f079bcb077976c7b53a0c2386",2,"c1ab2344fda0c7ff167883d2fcb4c64e"
"optimized-backends-record-20260731","ci_detect_regex","regex","altrep","Main ALTREP","main","36f5c8d","altrep",3,5,0.037,37,100000,"medium","charvec",20260721,"32930d4bafb9d6f4ee7b61840dbeb01a","charr","78.2","system","R version 4.6.1 (2026-06-24)","/home/ted/R/x86_64-pc-linux-gnu-library/4.6/charr","3d947f3df10c63e20fffc0e4ef7f55f7","b6048fe5a9145f64d47e32d5df72435c","eedae0ee27c545032905b17ea9a2007c","54701f5f079bcb077976c7b53a0c2386",2,"fd3f05a163222901d4176ce041c7cbd2"
"optimized-backends-record-20260731","ci_detect_regex","regex","stringi","stringi","main","36f5c8d","stringi",4,5,0.046,46,100000,"medium","character",20260721,"32930d4bafb9d6f4ee7b61840dbeb01a","stringi","74.1","bundle","R version 4.6.1 (2026-06-24)","/home/ted/R/x86_64-pc-linux-gnu-library/4.6/charr","3d947f3df10c63e20fffc0e4ef7f55f7","b6048fe5a9145f64d47e32d5df72435c","eedae0ee27c545032905b17ea9a2007c","54701f5f079bcb077976c7b53a0c2386",2,"c1ab2344fda0c7ff167883d2fcb4c64e"
"optimized-backends-record-20260731","ci_detect_regex","regex","base","Main base","main","36f5c8d","base",4,5,0.039,39,100000,"medium","character",20260721,"32930d4bafb9d6f4ee7b61840dbeb01a","charr","78.2","system","R version 4.6.1 (2026-06-24)","/home/ted/R/x86_64-pc-linux-gnu-library/4.6/charr","3d947f3df10c63e20fffc0e4ef7f55f7","b6048fe5a9145f64d47e32d5df72435c","eedae0ee27c545032905b17ea9a2007c","54701f5f079bcb077976c7b53a0c2386",2,"c1ab2344fda0c7ff167883d2fcb4c64e"
"optimized-backends-record-20260731","ci_detect_regex","regex","altrep","Main ALTREP","main","36f5c8d","altrep",4,5,0.037,37,100000,"medium","charvec",20260721,"32930d4bafb9d6f4ee7b61840dbeb01a","charr","78.2","system","R version 4.6.1 (2026-06-24)","/home/ted/R/x86_64-pc-linux-gnu-library/4.6/charr","3d947f3df10c63e20fffc0e4ef7f55f7","b6048fe5a9145f64d47e32d5df72435c","eedae0ee27c545032905b17ea9a2007c","54701f5f079bcb077976c7b53a0c2386",2,"fd3f05a163222901d4176ce041c7cbd2"
"optimized-backends-record-20260731","ci_detect_regex","regex","stringi","stringi","main","36f5c8d","stringi",5,5,0.049,49,100000,"medium","character",20260721,"32930d4bafb9d6f4ee7b61840dbeb01a","stringi","74.1","bundle","R version 4.6.1 (2026-06-24)","/home/ted/R/x86_64-pc-linux-gnu-library/4.6/charr","3d947f3df10c63e20fffc0e4ef7f55f7","b6048fe5a9145f64d47e32d5df72435c","eedae0ee27c545032905b17ea9a2007c","54701f5f079bcb077976c7b53a0c2386",2,"c1ab2344fda0c7ff167883d2fcb4c64e"
"optimized-backends-record-20260731","ci_detect_regex","regex","base","Main base","main","36f5c8d","base",5,5,0.04,40,100000,"medium","character",20260721,"32930d4bafb9d6f4ee7b61840dbeb01a","charr","78.2","system","R version 4.6.1 (2026-06-24)","/home/ted/R/x86_64-pc-linux-gnu-library/4.6/charr","3d947f3df10c63e20fffc0e4ef7f55f7","b6048fe5a9145f64d47e32d5df72435c","eedae0ee27c545032905b17ea9a2007c","54701f5f079bcb077976c7b53a0c2386",2,"c1ab2344fda0c7ff167883d2fcb4c64e"
"optimized-backends-record-20260731","ci_detect_regex","regex","altrep","Main ALTREP","main","36f5c8d","altrep",5,5,0.037,37,100000,"medium","charvec",20260721,"32930d4bafb9d6f4ee7b61840dbeb01a","charr","78.2","system","R version 4.6.1 (2026-06-24)","/home/ted/R/x86_64-pc-linux-gnu-library/4.6/charr","3d947f3df10c63e20fffc0e4ef7f55f7","b6048fe5a9145f64d47e32d5df72435c","eedae0ee27c545032905b17ea9a2007c","54701f5f079bcb077976c7b53a0c2386",2,"fd3f05a163222901d4176ce041c7cbd2"
"optimized-backends-record-20260731","ci_count_regex","regex","stringi","stringi","main","36f5c8d","stringi",1,5,0.084,84,100000,"medium","character",20260721,"32930d4bafb9d6f4ee7b61840dbeb01a","stringi","74.1","bundle","R version 4.6.1 (2026-06-24)","/home/ted/R/x86_64-pc-linux-gnu-library/4.6/charr","3d947f3df10c63e20fffc0e4ef7f55f7","b6048fe5a9145f64d47e32d5df72435c","eedae0ee27c545032905b17ea9a2007c","54701f5f079bcb077976c7b53a0c2386",2,"c1ab2344fda0c7ff167883d2fcb4c64e"
"optimized-backends-record-20260731","ci_count_regex","regex","base","Main base","main","36f5c8d","base",1,5,0.075,75,100000,"medium","character",20260721,"32930d4bafb9d6f4ee7b61840dbeb01a","charr","78.2","system","R version 4.6.1 (2026-06-24)","/home/ted/R/x86_64-pc-linux-gnu-library/4.6/charr","3d947f3df10c63e20fffc0e4ef7f55f7","b6048fe5a9145f64d47e32d5df72435c","eedae0ee27c545032905b17ea9a2007c","54701f5f079bcb077976c7b53a0c2386",2,"c1ab2344fda0c7ff167883d2fcb4c64e"
"optimized-backends-record-20260731","ci_count_regex","regex","altrep","Main ALTREP","main","36f5c8d","altrep",1,5,0.073,73,100000,"medium","charvec",20260721,"32930d4bafb9d6f4ee7b61840dbeb01a","charr","78.2","system","R version 4.6.1 (2026-06-24)","/home/ted/R/x86_64-pc-linux-gnu-library/4.6/charr","3d947f3df10c63e20fffc0e4ef7f55f7","b6048fe5a9145f64d47e32d5df72435c","eedae0ee27c545032905b17ea9a2007c","54701f5f079bcb077976c7b53a0c2386",2,"fd3f05a163222901d4176ce041c7cbd2"
"optimized-backends-record-20260731","ci_count_regex","regex","stringi","stringi","main","36f5c8d","stringi",2,5,0.082,82,100000,"medium","character",20260721,"32930d4bafb9d6f4ee7b61840dbeb01a","stringi","74.1","bundle","R version 4.6.1 (2026-06-24)","/home/ted/R/x86_64-pc-linux-gnu-library/4.6/charr","3d947f3df10c63e20fffc0e4ef7f55f7","b6048fe5a9145f64d47e32d5df72435c","eedae0ee27c545032905b17ea9a2007c","54701f5f079bcb077976c7b53a0c2386",2,"c1ab2344fda0c7ff167883d2fcb4c64e"
"optimized-backends-record-20260731","ci_count_regex","regex","base","Main base","main","36f5c8d","base",2,5,0.075,75,100000,"medium","character",20260721,"32930d4bafb9d6f4ee7b61840dbeb01a","charr","78.2","system","R version 4.6.1 (2026-06-24)","/home/ted/R/x86_64-pc-linux-gnu-library/4.6/charr","3d947f3df10c63e20fffc0e4ef7f55f7","b6048fe5a9145f64d47e32d5df72435c","eedae0ee27c545032905b17ea9a2007c","54701f5f079bcb077976c7b53a0c2386",2,"c1ab2344fda0c7ff167883d2fcb4c64e"
"optimized-backends-record-20260731","ci_count_regex","regex","altrep","Main ALTREP","main","36f5c8d","altrep",2,5,0.073,73,100000,"medium","charvec",20260721,"32930d4bafb9d6f4ee7b61840dbeb01a","charr","78.2","system","R version 4.6.1 (2026-06-24)","/home/ted/R/x86_64-pc-linux-gnu-library/4.6/charr","3d947f3df10c63e20fffc0e4ef7f55f7","b6048fe5a9145f64d47e32d5df72435c","eedae0ee27c545032905b17ea9a2007c","54701f5f079bcb077976c7b53a0c2386",2,"fd3f05a163222901d4176ce041c7cbd2"
"optimized-backends-record-20260731","ci_count_regex","regex","stringi","stringi","main","36f5c8d","stringi",3,5,0.081,81,100000,"medium","character",20260721,"32930d4bafb9d6f4ee7b61840dbeb01a","stringi","74.1","bundle","R version 4.6.1 (2026-06-24)","/home/ted/R/x86_64-pc-linux-gnu-library/4.6/charr","3d947f3df10c63e20fffc0e4ef7f55f7","b6048fe5a9145f64d47e32d5df72435c","eedae0ee27c545032905b17ea9a2007c","54701f5f079bcb077976c7b53a0c2386",2,"c1ab2344fda0c7ff167883d2fcb4c64e"
"optimized-backends-record-20260731","ci_count_regex","regex","base","Main base","main","36f5c8d","base",3,5,0.075,75,100000,"medium","character",20260721,"32930d4bafb9d6f4ee7b61840dbeb01a","charr","78.2","system","R version 4.6.1 (2026-06-24)","/home/ted/R/x86_64-pc-linux-gnu-library/4.6/charr","3d947f3df10c63e20fffc0e4ef7f55f7","b6048fe5a9145f64d47e32d5df72435c","eedae0ee27c545032905b17ea9a2007c","54701f5f079bcb077976c7b53a0c2386",2,"c1ab2344fda0c7ff167883d2fcb4c64e"
"optimized-backends-record-20260731","ci_count_regex","regex","altrep","Main ALTREP","main","36f5c8d","altrep",3,5,0.073,73,100000,"medium","charvec",20260721,"32930d4bafb9d6f4ee7b61840dbeb01a","charr","78.2","system","R version 4.6.1 (2026-06-24)","/home/ted/R/x86_64-pc-linux-gnu-library/4.6/charr","3d947f3df10c63e20fffc0e4ef7f55f7","b6048fe5a9145f64d47e32d5df72435c","eedae0ee27c545032905b17ea9a2007c","54701f5f079bcb077976c7b53a0c2386",2,"fd3f05a163222901d4176ce041c7cbd2"
"optimized-backends-record-20260731","ci_count_regex","regex","stringi","stringi","main","36f5c8d","stringi",4,5,0.084,84,100000,"medium","character",20260721,"32930d4bafb9d6f4ee7b61840dbeb01a","stringi","74.1","bundle","R version 4.6.1 (2026-06-24)","/home/ted/R/x86_64-pc-linux-gnu-library/4.6/charr","3d947f3df10c63e20fffc0e4ef7f55f7","b6048fe5a9145f64d47e32d5df72435c","eedae0ee27c545032905b17ea9a2007c","54701f5f079bcb077976c7b53a0c2386",2,"c1ab2344fda0c7ff167883d2fcb4c64e"
"optimized-backends-record-20260731","ci_count_regex","regex","base","Main base","main","36f5c8d","base",4,5,0.075,75,100000,"medium","character",20260721,"32930d4bafb9d6f4ee7b61840dbeb01a","charr","78.2","system","R version 4.6.1 (2026-06-24)","/home/ted/R/x86_64-pc-linux-gnu-library/4.6/charr","3d947f3df10c63e20fffc0e4ef7f55f7","b6048fe5a9145f64d47e32d5df72435c","eedae0ee27c545032905b17ea9a2007c","54701f5f079bcb077976c7b53a0c2386",2,"c1ab2344fda0c7ff167883d2fcb4c64e"
"optimized-backends-record-20260731","ci_count_regex","regex","altrep","Main ALTREP","main","36f5c8d","altrep",4,5,0.074,74,100000,"medium","charvec",20260721,"32930d4bafb9d6f4ee7b61840dbeb01a","charr","78.2","system","R version 4.6.1 (2026-06-24)","/home/ted/R/x86_64-pc-linux-gnu-library/4.6/charr","3d947f3df10c63e20fffc0e4ef7f55f7","b6048fe5a9145f64d47e32d5df72435c","eedae0ee27c545032905b17ea9a2007c","54701f5f079bcb077976c7b53a0c2386",2,"fd3f05a163222901d4176ce041c7cbd2"
"optimized-backends-record-20260731","ci_count_regex","regex","stringi","stringi","main","36f5c8d","stringi",5,5,0.081,81,100000,"medium","character",20260721,"32930d4bafb9d6f4ee7b61840dbeb01a","stringi","74.1","bundle","R version 4.6.1 (2026-06-24)","/home/ted/R/x86_64-pc-linux-gnu-library/4.6/charr","3d947f3df10c63e20fffc0e4ef7f55f7","b6048fe5a9145f64d47e32d5df72435c","eedae0ee27c545032905b17ea9a2007c","54701f5f079bcb077976c7b53a0c2386",2,"c1ab2344fda0c7ff167883d2fcb4c64e"
"optimized-backends-record-20260731","ci_count_regex","regex","base","Main base","main","36f5c8d","base",5,5,0.076,76,100000,"medium","character",20260721,"32930d4bafb9d6f4ee7b61840dbeb01a","charr","78.2","system","R version 4.6.1 (2026-06-24)","/home/ted/R/x86_64-pc-linux-gnu-library/4.6/charr","3d947f3df10c63e20fffc0e4ef7f55f7","b6048fe5a9145f64d47e32d5df72435c","eedae0ee27c545032905b17ea9a2007c","54701f5f079bcb077976c7b53a0c2386",2,"c1ab2344fda0c7ff167883d2fcb4c64e"
"optimized-backends-record-20260731","ci_count_regex","regex","altrep","Main ALTREP","main","36f5c8d","altrep",5,5,0.074,74,100000,"medium","charvec",20260721,"32930d4bafb9d6f4ee7b61840dbeb01a","charr","78.2","system","R version 4.6.1 (2026-06-24)","/home/ted/R/x86_64-pc-linux-gnu-library/4.6/charr","3d947f3df10c63e20fffc0e4ef7f55f7","b6048fe5a9145f64d47e32d5df72435c","eedae0ee27c545032905b17ea9a2007c","54701f5f079bcb077976c7b53a0c2386",2,"fd3f05a163222901d4176ce041c7cbd2"
"optimized-backends-record-20260731","ci_locate_first_regex","regex","stringi","stringi","main","36f5c8d","stringi",1,5,0.052,52,100000,"medium","character",20260721,"32930d4bafb9d6f4ee7b61840dbeb01a","stringi","74.1","bundle","R version 4.6.1 (2026-06-24)","/home/ted/R/x86_64-pc-linux-gnu-library/4.6/charr","3d947f3df10c63e20fffc0e4ef7f55f7","b6048fe5a9145f64d47e32d5df72435c","eedae0ee27c545032905b17ea9a2007c","54701f5f079bcb077976c7b53a0c2386",2,"c1ab2344fda0c7ff167883d2fcb4c64e"
"optimized-backends-record-20260731","ci_locate_first_regex","regex","base","Main base","main","36f5c8d","base",1,5,0.044,44,100000,"medium","character",20260721,"32930d4bafb9d6f4ee7b61840dbeb01a","charr","78.2","system","R version 4.6.1 (2026-06-24)","/home/ted/R/x86_64-pc-linux-gnu-library/4.6/charr","3d947f3df10c63e20fffc0e4ef7f55f7","b6048fe5a9145f64d47e32d5df72435c","eedae0ee27c545032905b17ea9a2007c","54701f5f079bcb077976c7b53a0c2386",2,"c1ab2344fda0c7ff167883d2fcb4c64e"
"optimized-backends-record-20260731","ci_locate_first_regex","regex","altrep","Main ALTREP","main","36f5c8d","altrep",1,5,0.041,41,100000,"medium","charvec",20260721,"32930d4bafb9d6f4ee7b61840dbeb01a","charr","78.2","system","R version 4.6.1 (2026-06-24)","/home/ted/R/x86_64-pc-linux-gnu-library/4.6/charr","3d947f3df10c63e20fffc0e4ef7f55f7","b6048fe5a9145f64d47e32d5df72435c","eedae0ee27c545032905b17ea9a2007c","54701f5f079bcb077976c7b53a0c2386",2,"fd3f05a163222901d4176ce041c7cbd2"
"optimized-backends-record-20260731","ci_locate_first_regex","regex","stringi","stringi","main","36f5c8d","stringi",2,5,0.052,52,100000,"medium","character",20260721,"32930d4bafb9d6f4ee7b61840dbeb01a","stringi","74.1","bundle","R version 4.6.1 (2026-06-24)","/home/ted/R/x86_64-pc-linux-gnu-library/4.6/charr","3d947f3df10c63e20fffc0e4ef7f55f7","b6048fe5a9145f64d47e32d5df72435c","eedae0ee27c545032905b17ea9a2007c","54701f5f079bcb077976c7b53a0c2386",2,"c1ab2344fda0c7ff167883d2fcb4c64e"
"optimized-backends-record-20260731","ci_locate_first_regex","regex","base","Main base","main","36f5c8d","base",2,5,0.044,44,100000,"medium","character",20260721,"32930d4bafb9d6f4ee7b61840dbeb01a","charr","78.2","system","R version 4.6.1 (2026-06-24)","/home/ted/R/x86_64-pc-linux-gnu-library/4.6/charr","3d947f3df10c63e20fffc0e4ef7f55f7","b6048fe5a9145f64d47e32d5df72435c","eedae0ee27c545032905b17ea9a2007c","54701f5f079bcb077976c7b53a0c2386",2,"c1ab2344fda0c7ff167883d2fcb4c64e"
"optimized-backends-record-20260731","ci_locate_first_regex","regex","altrep","Main ALTREP","main","36f5c8d","altrep",2,5,0.041,41,100000,"medium","charvec",20260721,"32930d4bafb9d6f4ee7b61840dbeb01a","charr","78.2","system","R version 4.6.1 (2026-06-24)","/home/ted/R/x86_64-pc-linux-gnu-library/4.6/charr","3d947f3df10c63e20fffc0e4ef7f55f7","b6048fe5a9145f64d47e32d5df72435c","eedae0ee27c545032905b17ea9a2007c","54701f5f079bcb077976c7b53a0c2386",2,"fd3f05a163222901d4176ce041c7cbd2"
"optimized-backends-record-20260731","ci_locate_first_regex","regex","stringi","stringi","main","36f5c8d","stringi",3,5,0.052,52,100000,"medium","character",20260721,"32930d4bafb9d6f4ee7b61840dbeb01a","stringi","74.1","bundle","R version 4.6.1 (2026-06-24)","/home/ted/R/x86_64-pc-linux-gnu-library/4.6/charr","3d947f3df10c63e20fffc0e4ef7f55f7","b6048fe5a9145f64d47e32d5df72435c","eedae0ee27c545032905b17ea9a2007c","54701f5f079bcb077976c7b53a0c2386",2,"c1ab2344fda0c7ff167883d2fcb4c64e"
"optimized-backends-record-20260731","ci_locate_first_regex","regex","base","Main base","main","36f5c8d","base",3,5,0.043,43,100000,"medium","character",20260721,"32930d4bafb9d6f4ee7b61840dbeb01a","charr","78.2","system","R version 4.6.1 (2026-06-24)","/home/ted/R/x86_64-pc-linux-gnu-library/4.6/charr","3d947f3df10c63e20fffc0e4ef7f55f7","b6048fe5a9145f64d47e32d5df72435c","eedae0ee27c545032905b17ea9a2007c","54701f5f079bcb077976c7b53a0c2386",2,"c1ab2344fda0c7ff167883d2fcb4c64e"
"optimized-backends-record-20260731","ci_locate_first_regex","regex","altrep","Main ALTREP","main","36f5c8d","altrep",3,5,0.041,41,100000,"medium","charvec",20260721,"32930d4bafb9d6f4ee7b61840dbeb01a","charr","78.2","system","R version 4.6.1 (2026-06-24)","/home/ted/R/x86_64-pc-linux-gnu-library/4.6/charr","3d947f3df10c63e20fffc0e4ef7f55f7","b6048fe5a9145f64d47e32d5df72435c","eedae0ee27c545032905b17ea9a2007c","54701f5f079bcb077976c7b53a0c2386",2,"fd3f05a163222901d4176ce041c7cbd2"
"optimized-backends-record-20260731","ci_locate_first_regex","regex","stringi","stringi","main","36f5c8d","stringi",4,5,0.052,52,100000,"medium","character",20260721,"32930d4bafb9d6f4ee7b61840dbeb01a","stringi","74.1","bundle","R version 4.6.1 (2026-06-24)","/home/ted/R/x86_64-pc-linux-gnu-library/4.6/charr","3d947f3df10c63e20fffc0e4ef7f55f7","b6048fe5a9145f64d47e32d5df72435c","eedae0ee27c545032905b17ea9a2007c","54701f5f079bcb077976c7b53a0c2386",2,"c1ab2344fda0c7ff167883d2fcb4c64e"
"optimized-backends-record-20260731","ci_locate_first_regex","regex","base","Main base","main","36f5c8d","base",4,5,0.044,44,100000,"medium","character",20260721,"32930d4bafb9d6f4ee7b61840dbeb01a","charr","78.2","system","R version 4.6.1 (2026-06-24)","/home/ted/R/x86_64-pc-linux-gnu-library/4.6/charr","3d947f3df10c63e20fffc0e4ef7f55f7","b6048fe5a9145f64d47e32d5df72435c","eedae0ee27c545032905b17ea9a2007c","54701f5f079bcb077976c7b53a0c2386",2,"c1ab2344fda0c7ff167883d2fcb4c64e"
"optimized-backends-record-20260731","ci_locate_first_regex","regex","altrep","Main ALTREP","main","36f5c8d","altrep",4,5,0.041,41,100000,"medium","charvec",20260721,"32930d4bafb9d6f4ee7b61840dbeb01a","charr","78.2","system","R version 4.6.1 (2026-06-24)","/home/ted/R/x86_64-pc-linux-gnu-library/4.6/charr","3d947f3df10c63e20fffc0e4ef7f55f7","b6048fe5a9145f64d47e32d5df72435c","eedae0ee27c545032905b17ea9a2007c","54701f5f079bcb077976c7b53a0c2386",2,"fd3f05a163222901d4176ce041c7cbd2"
"optimized-backends-record-20260731","ci_locate_first_regex","regex","stringi","stringi","main","36f5c8d","stringi",5,5,0.052,52,100000,"medium","character",20260721,"32930d4bafb9d6f4ee7b61840dbeb01a","stringi","74.1","bundle","R version 4.6.1 (2026-06-24)","/home/ted/R/x86_64-pc-linux-gnu-library/4.6/charr","3d947f3df10c63e20fffc0e4ef7f55f7","b6048fe5a9145f64d47e32d5df72435c","eedae0ee27c545032905b17ea9a2007c","54701f5f079bcb077976c7b53a0c2386",2,"c1ab2344fda0c7ff167883d2fcb4c64e"
"optimized-backends-record-20260731","ci_locate_first_regex","regex","base","Main base","main","36f5c8d","base",5,5,0.044,44,100000,"medium","character",20260721,"32930d4bafb9d6f4ee7b61840dbeb01a","charr","78.2","system","R version 4.6.1 (2026-06-24)","/home/ted/R/x86_64-pc-linux-gnu-library/4.6/charr","3d947f3df10c63e20fffc0e4ef7f55f7","b6048fe5a9145f64d47e32d5df72435c","eedae0ee27c545032905b17ea9a2007c","54701f5f079bcb077976c7b53a0c2386",2,"c1ab2344fda0c7ff167883d2fcb4c64e"
"optimized-backends-record-20260731","ci_locate_first_regex","regex","altrep","Main ALTREP","main","36f5c8d","altrep",5,5,0.04,40,100000,"medium","charvec",20260721,"32930d4bafb9d6f4ee7b61840dbeb01a","charr","78.2","system","R version 4.6.1 (2026-06-24)","/home/ted/R/x86_64-pc-linux-gnu-library/4.6/charr","3d947f3df10c63e20fffc0e4ef7f55f7","b6048fe5a9145f64d47e32d5df72435c","eedae0ee27c545032905b17ea9a2007c","54701f5f079bcb077976c7b53a0c2386",2,"fd3f05a163222901d4176ce041c7cbd2"
"optimized-backends-record-20260731","ci_locate_all_regex","regex","stringi","stringi","main","36f5c8d","stringi",1,5,0.125,125,100000,"medium","character",20260721,"32930d4bafb9d6f4ee7b61840dbeb01a","stringi","74.1","bundle","R version 4.6.1 (2026-06-24)","/home/ted/R/x86_64-pc-linux-gnu-library/4.6/charr","3d947f3df10c63e20fffc0e4ef7f55f7","b6048fe5a9145f64d47e32d5df72435c","eedae0ee27c545032905b17ea9a2007c","54701f5f079bcb077976c7b53a0c2386",2,"c1ab2344fda0c7ff167883d2fcb4c64e"
"optimized-backends-record-20260731","ci_locate_all_regex","regex","base","Main base","main","36f5c8d","base",1,5,0.112,112,100000,"medium","character",20260721,"32930d4bafb9d6f4ee7b61840dbeb01a","charr","78.2","system","R version 4.6.1 (2026-06-24)","/home/ted/R/x86_64-pc-linux-gnu-library/4.6/charr","3d947f3df10c63e20fffc0e4ef7f55f7","b6048fe5a9145f64d47e32d5df72435c","eedae0ee27c545032905b17ea9a2007c","54701f5f079bcb077976c7b53a0c2386",2,"c1ab2344fda0c7ff167883d2fcb4c64e"
"optimized-backends-record-20260731","ci_locate_all_regex","regex","altrep","Main ALTREP","main","36f5c8d","altrep",1,5,0.108,108,100000,"medium","charvec",20260721,"32930d4bafb9d6f4ee7b61840dbeb01a","charr","78.2","system","R version 4.6.1 (2026-06-24)","/home/ted/R/x86_64-pc-linux-gnu-library/4.6/charr","3d947f3df10c63e20fffc0e4ef7f55f7","b6048fe5a9145f64d47e32d5df72435c","eedae0ee27c545032905b17ea9a2007c","54701f5f079bcb077976c7b53a0c2386",2,"fd3f05a163222901d4176ce041c7cbd2"
"optimized-backends-record-20260731","ci_locate_all_regex","regex","stringi","stringi","main","36f5c8d","stringi",2,5,0.125,125,100000,"medium","character",20260721,"32930d4bafb9d6f4ee7b61840dbeb01a","stringi","74.1","bundle","R version 4.6.1 (2026-06-24)","/home/ted/R/x86_64-pc-linux-gnu-library/4.6/charr","3d947f3df10c63e20fffc0e4ef7f55f7","b6048fe5a9145f64d47e32d5df72435c","eedae0ee27c545032905b17ea9a2007c","54701f5f079bcb077976c7b53a0c2386",2,"c1ab2344fda0c7ff167883d2fcb4c64e"
"optimized-backends-record-20260731","ci_locate_all_regex","regex","base","Main base","main","36f5c8d","base",2,5,0.111,111,100000,"medium","character",20260721,"32930d4bafb9d6f4ee7b61840dbeb01a","charr","78.2","system","R version 4.6.1 (2026-06-24)","/home/ted/R/x86_64-pc-linux-gnu-library/4.6/charr","3d947f3df10c63e20fffc0e4ef7f55f7","b6048fe5a9145f64d47e32d5df72435c","eedae0ee27c545032905b17ea9a2007c","54701f5f079bcb077976c7b53a0c2386",2,"c1ab2344fda0c7ff167883d2fcb4c64e"
"optimized-backends-record-20260731","ci_locate_all_regex","regex","altrep","Main ALTREP","main","36f5c8d","altrep",2,5,0.108,108,100000,"medium","charvec",20260721,"32930d4bafb9d6f4ee7b61840dbeb01a","charr","78.2","system","R version 4.6.1 (2026-06-24)","/home/ted/R/x86_64-pc-linux-gnu-library/4.6/charr","3d947f3df10c63e20fffc0e4ef7f55f7","b6048fe5a9145f64d47e32d5df72435c","eedae0ee27c545032905b17ea9a2007c","54701f5f079bcb077976c7b53a0c2386",2,"fd3f05a163222901d4176ce041c7cbd2"
"optimized-backends-record-20260731","ci_locate_all_regex","regex","stringi","stringi","main","36f5c8d","stringi",3,5,0.124,124,100000,"medium","character",20260721,"32930d4bafb9d6f4ee7b61840dbeb01a","stringi","74.1","bundle","R version 4.6.1 (2026-06-24)","/home/ted/R/x86_64-pc-linux-gnu-library/4.6/charr","3d947f3df10c63e20fffc0e4ef7f55f7","b6048fe5a9145f64d47e32d5df72435c","eedae0ee27c545032905b17ea9a2007c","54701f5f079bcb077976c7b53a0c2386",2,"c1ab2344fda0c7ff167883d2fcb4c64e"
"optimized-backends-record-20260731","ci_locate_all_regex","regex","base","Main base","main","36f5c8d","base",3,5,0.112,112,100000,"medium","character",20260721,"32930d4bafb9d6f4ee7b61840dbeb01a","charr","78.2","system","R version 4.6.1 (2026-06-24)","/home/ted/R/x86_64-pc-linux-gnu-library/4.6/charr","3d947f3df10c63e20fffc0e4ef7f55f7","b6048fe5a9145f64d47e32d5df72435c","eedae0ee27c545032905b17ea9a2007c","54701f5f079bcb077976c7b53a0c2386",2,"c1ab2344fda0c7ff167883d2fcb4c64e"
"optimized-backends-record-20260731","ci_locate_all_regex","regex","altrep","Main ALTREP","main","36f5c8d","altrep",3,5,0.108,108,100000,"medium","charvec",20260721,"32930d4bafb9d6f4ee7b61840dbeb01a","charr","78.2","system","R version 4.6.1 (2026-06-24)","/home/ted/R/x86_64-pc-linux-gnu-library/4.6/charr","3d947f3df10c63e20fffc0e4ef7f55f7","b6048fe5a9145f64d47e32d5df72435c","eedae0ee27c545032905b17ea9a2007c","54701f5f079bcb077976c7b53a0c2386",2,"fd3f05a163222901d4176ce041c7cbd2"
"optimized-backends-record-20260731","ci_locate_all_regex","regex","stringi","stringi","main","36f5c8d","stringi",4,5,0.125,125,100000,"medium","character",20260721,"32930d4bafb9d6f4ee7b61840dbeb01a","stringi","74.1","bundle","R version 4.6.1 (2026-06-24)","/home/ted/R/x86_64-pc-linux-gnu-library/4.6/charr","3d947f3df10c63e20fffc0e4ef7f55f7","b6048fe5a9145f64d47e32d5df72435c","eedae0ee27c545032905b17ea9a2007c","54701f5f079bcb077976c7b53a0c2386",2,"c1ab2344fda0c7ff167883d2fcb4c64e"
"optimized-backends-record-20260731","ci_locate_all_regex","regex","base","Main base","main","36f5c8d","base",4,5,0.111,111,100000,"medium","character",20260721,"32930d4bafb9d6f4ee7b61840dbeb01a","charr","78.2","system","R version 4.6.1 (2026-06-24)","/home/ted/R/x86_64-pc-linux-gnu-library/4.6/charr","3d947f3df10c63e20fffc0e4ef7f55f7","b6048fe5a9145f64d47e32d5df72435c","eedae0ee27c545032905b17ea9a2007c","54701f5f079bcb077976c7b53a0c2386",2,"c1ab2344fda0c7ff167883d2fcb4c64e"
"optimized-backends-record-20260731","ci_locate_all_regex","regex","altrep","Main ALTREP","main","36f5c8d","altrep",4,5,0.108,108,100000,"medium","charvec",20260721,"32930d4bafb9d6f4ee7b61840dbeb01a","charr","78.2","system","R version 4.6.1 (2026-06-24)","/home/ted/R/x86_64-pc-linux-gnu-library/4.6/charr","3d947f3df10c63e20fffc0e4ef7f55f7","b6048fe5a9145f64d47e32d5df72435c","eedae0ee27c545032905b17ea9a2007c","54701f5f079bcb077976c7b53a0c2386",2,"fd3f05a163222901d4176ce041c7cbd2"
"optimized-backends-record-20260731","ci_locate_all_regex","regex","stringi","stringi","main","36f5c8d","stringi",5,5,0.125,125,100000,"medium","character",20260721,"32930d4bafb9d6f4ee7b61840dbeb01a","stringi","74.1","bundle","R version 4.6.1 (2026-06-24)","/home/ted/R/x86_64-pc-linux-gnu-library/4.6/charr","3d947f3df10c63e20fffc0e4ef7f55f7","b6048fe5a9145f64d47e32d5df72435c","eedae0ee27c545032905b17ea9a2007c","54701f5f079bcb077976c7b53a0c2386",2,"c1ab2344fda0c7ff167883d2fcb4c64e"
"optimized-backends-record-20260731","ci_locate_all_regex","regex","base","Main base","main","36f5c8d","base",5,5,0.112,112,100000,"medium","character",20260721,"32930d4bafb9d6f4ee7b61840dbeb01a","charr","78.2","system","R version 4.6.1 (2026-06-24)","/home/ted/R/x86_64-pc-linux-gnu-library/4.6/charr","3d947f3df10c63e20fffc0e4ef7f55f7","b6048fe5a9145f64d47e32d5df72435c","eedae0ee27c545032905b17ea9a2007c","54701f5f079bcb077976c7b53a0c2386",2,"c1ab2344fda0c7ff167883d2fcb4c64e"
"optimized-backends-record-20260731","ci_locate_all_regex","regex","altrep","Main ALTREP","main","36f5c8d","altrep",5,5,0.108,108,100000,"medium","charvec",20260721,"32930d4bafb9d6f4ee7b61840dbeb01a","charr","78.2","system","R version 4.6.1 (2026-06-24)","/home/ted/R/x86_64-pc-linux-gnu-library/4.6/charr","3d947f3df10c63e20fffc0e4ef7f55f7","b6048fe5a9145f64d47e32d5df72435c","eedae0ee27c545032905b17ea9a2007c","54701f5f079bcb077976c7b53a0c2386",2,"fd3f05a163222901d4176ce041c7cbd2"
"optimized-backends-record-20260731","ci_extract_first_regex","regex","stringi","stringi","main","36f5c8d","stringi",1,5,0.103,103,100000,"medium","character",20260721,"32930d4bafb9d6f4ee7b61840dbeb01a","stringi","74.1","bundle","R version 4.6.1 (2026-06-24)","/home/ted/R/x86_64-pc-linux-gnu-library/4.6/charr","3d947f3df10c63e20fffc0e4ef7f55f7","b6048fe5a9145f64d47e32d5df72435c","eedae0ee27c545032905b17ea9a2007c","54701f5f079bcb077976c7b53a0c2386",2,"c1ab2344fda0c7ff167883d2fcb4c64e"
"optimized-backends-record-20260731","ci_extract_first_regex","regex","base","Main base","main","36f5c8d","base",1,5,0.059,59,100000,"medium","character",20260721,"32930d4bafb9d6f4ee7b61840dbeb01a","charr","78.2","system","R version 4.6.1 (2026-06-24)","/home/ted/R/x86_64-pc-linux-gnu-library/4.6/charr","3d947f3df10c63e20fffc0e4ef7f55f7","b6048fe5a9145f64d47e32d5df72435c","eedae0ee27c545032905b17ea9a2007c","54701f5f079bcb077976c7b53a0c2386",2,"c1ab2344fda0c7ff167883d2fcb4c64e"
"optimized-backends-record-20260731","ci_extract_first_regex","regex","altrep","Main ALTREP","main","36f5c8d","altrep",1,5,0.04,40,100000,"medium","charvec",20260721,"32930d4bafb9d6f4ee7b61840dbeb01a","charr","78.2","system","R version 4.6.1 (2026-06-24)","/home/ted/R/x86_64-pc-linux-gnu-library/4.6/charr","3d947f3df10c63e20fffc0e4ef7f55f7","b6048fe5a9145f64d47e32d5df72435c","eedae0ee27c545032905b17ea9a2007c","54701f5f079bcb077976c7b53a0c2386",2,"fd3f05a163222901d4176ce041c7cbd2"
"optimized-backends-record-20260731","ci_extract_first_regex","regex","stringi","stringi","main","36f5c8d","stringi",2,5,0.103,103,100000,"medium","character",20260721,"32930d4bafb9d6f4ee7b61840dbeb01a","stringi","74.1","bundle","R version 4.6.1 (2026-06-24)","/home/ted/R/x86_64-pc-linux-gnu-library/4.6/charr","3d947f3df10c63e20fffc0e4ef7f55f7","b6048fe5a9145f64d47e32d5df72435c","eedae0ee27c545032905b17ea9a2007c","54701f5f079bcb077976c7b53a0c2386",2,"c1ab2344fda0c7ff167883d2fcb4c64e"
"optimized-backends-record-20260731","ci_extract_first_regex","regex","base","Main base","main","36f5c8d","base",2,5,0.059,59,100000,"medium","character",20260721,"32930d4bafb9d6f4ee7b61840dbeb01a","charr","78.2","system","R version 4.6.1 (2026-06-24)","/home/ted/R/x86_64-pc-linux-gnu-library/4.6/charr","3d947f3df10c63e20fffc0e4ef7f55f7","b6048fe5a9145f64d47e32d5df72435c","eedae0ee27c545032905b17ea9a2007c","54701f5f079bcb077976c7b53a0c2386",2,"c1ab2344fda0c7ff167883d2fcb4c64e"
"optimized-backends-record-20260731","ci_extract_first_regex","regex","altrep","Main ALTREP","main","36f5c8d","altrep",2,5,0.039,39,100000,"medium","charvec",20260721,"32930d4bafb9d6f4ee7b61840dbeb01a","charr","78.2","system","R version 4.6.1 (2026-06-24)","/home/ted/R/x86_64-pc-linux-gnu-library/4.6/charr","3d947f3df10c63e20fffc0e4ef7f55f7","b6048fe5a9145f64d47e32d5df72435c","eedae0ee27c545032905b17ea9a2007c","54701f5f079bcb077976c7b53a0c2386",2,"fd3f05a163222901d4176ce041c7cbd2"
"optimized-backends-record-20260731","ci_extract_first_regex","regex","stringi","stringi","main","36f5c8d","stringi",3,5,0.104,104,100000,"medium","character",20260721,"32930d4bafb9d6f4ee7b61840dbeb01a","stringi","74.1","bundle","R version 4.6.1 (2026-06-24)","/home/ted/R/x86_64-pc-linux-gnu-library/4.6/charr","3d947f3df10c63e20fffc0e4ef7f55f7","b6048fe5a9145f64d47e32d5df72435c","eedae0ee27c545032905b17ea9a2007c","54701f5f079bcb077976c7b53a0c2386",2,"c1ab2344fda0c7ff167883d2fcb4c64e"
"optimized-backends-record-20260731","ci_extract_first_regex","regex","base","Main base","main","36f5c8d","base",3,5,0.059,59,100000,"medium","character",20260721,"32930d4bafb9d6f4ee7b61840dbeb01a","charr","78.2","system","R version 4.6.1 (2026-06-24)","/home/ted/R/x86_64-pc-linux-gnu-library/4.6/charr","3d947f3df10c63e20fffc0e4ef7f55f7","b6048fe5a9145f64d47e32d5df72435c","eedae0ee27c545032905b17ea9a2007c","54701f5f079bcb077976c7b53a0c2386",2,"c1ab2344fda0c7ff167883d2fcb4c64e"
"optimized-backends-record-20260731","ci_extract_first_regex","regex","altrep","Main ALTREP","main","36f5c8d","altrep",3,5,0.039,39,100000,"medium","charvec",20260721,"32930d4bafb9d6f4ee7b61840dbeb01a","charr","78.2","system","R version 4.6.1 (2026-06-24)","/home/ted/R/x86_64-pc-linux-gnu-library/4.6/charr","3d947f3df10c63e20fffc0e4ef7f55f7","b6048fe5a9145f64d47e32d5df72435c","eedae0ee27c545032905b17ea9a2007c","54701f5f079bcb077976c7b53a0c2386",2,"fd3f05a163222901d4176ce041c7cbd2"
"optimized-backends-record-20260731","ci_extract_first_regex","regex","stringi","stringi","main","36f5c8d","stringi",4,5,0.102,102,100000,"medium","character",20260721,"32930d4bafb9d6f4ee7b61840dbeb01a","stringi","74.1","bundle","R version 4.6.1 (2026-06-24)","/home/ted/R/x86_64-pc-linux-gnu-library/4.6/charr","3d947f3df10c63e20fffc0e4ef7f55f7","b6048fe5a9145f64d47e32d5df72435c","eedae0ee27c545032905b17ea9a2007c","54701f5f079bcb077976c7b53a0c2386",2,"c1ab2344fda0c7ff167883d2fcb4c64e"
"optimized-backends-record-20260731","ci_extract_first_regex","regex","base","Main base","main","36f5c8d","base",4,5,0.059,59,100000,"medium","character",20260721,"32930d4bafb9d6f4ee7b61840dbeb01a","charr","78.2","system","R version 4.6.1 (2026-06-24)","/home/ted/R/x86_64-pc-linux-gnu-library/4.6/charr","3d947f3df10c63e20fffc0e4ef7f55f7","b6048fe5a9145f64d47e32d5df72435c","eedae0ee27c545032905b17ea9a2007c","54701f5f079bcb077976c7b53a0c2386",2,"c1ab2344fda0c7ff167883d2fcb4c64e"
"optimized-backends-record-20260731","ci_extract_first_regex","regex","altrep","Main ALTREP","main","36f5c8d","altrep",4,5,0.039,39,100000,"medium","charvec",20260721,"32930d4bafb9d6f4ee7b61840dbeb01a","charr","78.2","system","R version 4.6.1 (2026-06-24)","/home/ted/R/x86_64-pc-linux-gnu-library/4.6/charr","3d947f3df10c63e20fffc0e4ef7f55f7","b6048fe5a9145f64d47e32d5df72435c","eedae0ee27c545032905b17ea9a2007c","54701f5f079bcb077976c7b53a0c2386",2,"fd3f05a163222901d4176ce041c7cbd2"
"optimized-backends-record-20260731","ci_extract_first_regex","regex","stringi","stringi","main","36f5c8d","stringi",5,5,0.103,103,100000,"medium","character",20260721,"32930d4bafb9d6f4ee7b61840dbeb01a","stringi","74.1","bundle","R version 4.6.1 (2026-06-24)","/home/ted/R/x86_64-pc-linux-gnu-library/4.6/charr","3d947f3df10c63e20fffc0e4ef7f55f7","b6048fe5a9145f64d47e32d5df72435c","eedae0ee27c545032905b17ea9a2007c","54701f5f079bcb077976c7b53a0c2386",2,"c1ab2344fda0c7ff167883d2fcb4c64e"
"optimized-backends-record-20260731","ci_extract_first_regex","regex","base","Main base","main","36f5c8d","base",5,5,0.063,63,100000,"medium","character",20260721,"32930d4bafb9d6f4ee7b61840dbeb01a","charr","78.2","system","R version 4.6.1 (2026-06-24)","/home/ted/R/x86_64-pc-linux-gnu-library/4.6/charr","3d947f3df10c63e20fffc0e4ef7f55f7","b6048fe5a9145f64d47e32d5df72435c","eedae0ee27c545032905b17ea9a2007c","54701f5f079bcb077976c7b53a0c2386",2,"c1ab2344fda0c7ff167883d2fcb4c64e"
"optimized-backends-record-20260731","ci_extract_first_regex","regex","altrep","Main ALTREP","main","36f5c8d","altrep",5,5,0.039,39,100000,"medium","charvec",20260721,"32930d4bafb9d6f4ee7b61840dbeb01a","charr","78.2","system","R version 4.6.1 (2026-06-24)","/home/ted/R/x86_64-pc-linux-gnu-library/4.6/charr","3d947f3df10c63e20fffc0e4ef7f55f7","b6048fe5a9145f64d47e32d5df72435c","eedae0ee27c545032905b17ea9a2007c","54701f5f079bcb077976c7b53a0c2386",2,"fd3f05a163222901d4176ce041c7cbd2"
"optimized-backends-record-20260731","ci_extract_all_regex","regex","stringi","stringi","main","36f5c8d","stringi",1,5,0.217,217,100000,"medium","character",20260721,"32930d4bafb9d6f4ee7b61840dbeb01a","stringi","74.1","bundle","R version 4.6.1 (2026-06-24)","/home/ted/R/x86_64-pc-linux-gnu-library/4.6/charr","3d947f3df10c63e20fffc0e4ef7f55f7","b6048fe5a9145f64d47e32d5df72435c","eedae0ee27c545032905b17ea9a2007c","54701f5f079bcb077976c7b53a0c2386",2,"c1ab2344fda0c7ff167883d2fcb4c64e"
"optimized-backends-record-20260731","ci_extract_all_regex","regex","base","Main base","main","36f5c8d","base",1,5,0.151,151,100000,"medium","character",20260721,"32930d4bafb9d6f4ee7b61840dbeb01a","charr","78.2","system","R version 4.6.1 (2026-06-24)","/home/ted/R/x86_64-pc-linux-gnu-library/4.6/charr","3d947f3df10c63e20fffc0e4ef7f55f7","b6048fe5a9145f64d47e32d5df72435c","eedae0ee27c545032905b17ea9a2007c","54701f5f079bcb077976c7b53a0c2386",2,"c1ab2344fda0c7ff167883d2fcb4c64e"
"optimized-backends-record-20260731","ci_extract_all_regex","regex","altrep","Main ALTREP","main","36f5c8d","altrep",1,5,0.116,116,100000,"medium","charvec",20260721,"32930d4bafb9d6f4ee7b61840dbeb01a","charr","78.2","system","R version 4.6.1 (2026-06-24)","/home/ted/R/x86_64-pc-linux-gnu-library/4.6/charr","3d947f3df10c63e20fffc0e4ef7f55f7","b6048fe5a9145f64d47e32d5df72435c","eedae0ee27c545032905b17ea9a2007c","54701f5f079bcb077976c7b53a0c2386",2,"fd3f05a163222901d4176ce041c7cbd2"
"optimized-backends-record-20260731","ci_extract_all_regex","regex","stringi","stringi","main","36f5c8d","stringi",2,5,0.221,221,100000,"medium","character",20260721,"32930d4bafb9d6f4ee7b61840dbeb01a","stringi","74.1","bundle","R version 4.6.1 (2026-06-24)","/home/ted/R/x86_64-pc-linux-gnu-library/4.6/charr","3d947f3df10c63e20fffc0e4ef7f55f7","b6048fe5a9145f64d47e32d5df72435c","eedae0ee27c545032905b17ea9a2007c","54701f5f079bcb077976c7b53a0c2386",2,"c1ab2344fda0c7ff167883d2fcb4c64e"
"optimized-backends-record-20260731","ci_extract_all_regex","regex","base","Main base","main","36f5c8d","base",2,5,0.149,149,100000,"medium","character",20260721,"32930d4bafb9d6f4ee7b61840dbeb01a","charr","78.2","system","R version 4.6.1 (2026-06-24)","/home/ted/R/x86_64-pc-linux-gnu-library/4.6/charr","3d947f3df10c63e20fffc0e4ef7f55f7","b6048fe5a9145f64d47e32d5df72435c","eedae0ee27c545032905b17ea9a2007c","54701f5f079bcb077976c7b53a0c2386",2,"c1ab2344fda0c7ff167883d2fcb4c64e"
"optimized-backends-record-20260731","ci_extract_all_regex","regex","altrep","Main ALTREP","main","36f5c8d","altrep",2,5,0.112,112,100000,"medium","charvec",20260721,"32930d4bafb9d6f4ee7b61840dbeb01a","charr","78.2","system","R version 4.6.1 (2026-06-24)","/home/ted/R/x86_64-pc-linux-gnu-library/4.6/charr","3d947f3df10c63e20fffc0e4ef7f55f7","b6048fe5a9145f64d47e32d5df72435c","eedae0ee27c545032905b17ea9a2007c","54701f5f079bcb077976c7b53a0c2386",2,"fd3f05a163222901d4176ce041c7cbd2"
"optimized-backends-record-20260731","ci_extract_all_regex","regex","stringi","stringi","main","36f5c8d","stringi",3,5,0.221,221,100000,"medium","character",20260721,"32930d4bafb9d6f4ee7b61840dbeb01a","stringi","74.1","bundle","R version 4.6.1 (2026-06-24)","/home/ted/R/x86_64-pc-linux-gnu-library/4.6/charr","3d947f3df10c63e20fffc0e4ef7f55f7","b6048fe5a9145f64d47e32d5df72435c","eedae0ee27c545032905b17ea9a2007c","54701f5f079bcb077976c7b53a0c2386",2,"c1ab2344fda0c7ff167883d2fcb4c64e"
"optimized-backends-record-20260731","ci_extract_all_regex","regex","base","Main base","main","36f5c8d","base",3,5,0.144,144,100000,"medium","character",20260721,"32930d4bafb9d6f4ee7b61840dbeb01a","charr","78.2","system","R version 4.6.1 (2026-06-24)","/home/ted/R/x86_64-pc-linux-gnu-library/4.6/charr","3d947f3df10c63e20fffc0e4ef7f55f7","b6048fe5a9145f64d47e32d5df72435c","eedae0ee27c545032905b17ea9a2007c","54701f5f079bcb077976c7b53a0c2386",2,"c1ab2344fda0c7ff167883d2fcb4c64e"
"optimized-backends-record-20260731","ci_extract_all_regex","regex","altrep","Main ALTREP","main","36f5c8d","altrep",3,5,0.112,112,100000,"medium","charvec",20260721,"32930d4bafb9d6f4ee7b61840dbeb01a","charr","78.2","system","R version 4.6.1 (2026-06-24)","/home/ted/R/x86_64-pc-linux-gnu-library/4.6/charr","3d947f3df10c63e20fffc0e4ef7f55f7","b6048fe5a9145f64d47e32d5df72435c","eedae0ee27c545032905b17ea9a2007c","54701f5f079bcb077976c7b53a0c2386",2,"fd3f05a163222901d4176ce041c7cbd2"
"optimized-backends-record-20260731","ci_extract_all_regex","regex","stringi","stringi","main","36f5c8d","stringi",4,5,0.215,215,100000,"medium","character",20260721,"32930d4bafb9d6f4ee7b61840dbeb01a","stringi","74.1","bundle","R version 4.6.1 (2026-06-24)","/home/ted/R/x86_64-pc-linux-gnu-library/4.6/charr","3d947f3df10c63e20fffc0e4ef7f55f7","b6048fe5a9145f64d47e32d5df72435c","eedae0ee27c545032905b17ea9a2007c","54701f5f079bcb077976c7b53a0c2386",2,"c1ab2344fda0c7ff167883d2fcb4c64e"
"optimized-backends-record-20260731","ci_extract_all_regex","regex","base","Main base","main","36f5c8d","base",4,5,0.144,144,100000,"medium","character",20260721,"32930d4bafb9d6f4ee7b61840dbeb01a","charr","78.2","system","R version 4.6.1 (2026-06-24)","/home/ted/R/x86_64-pc-linux-gnu-library/4.6/charr","3d947f3df10c63e20fffc0e4ef7f55f7","b6048fe5a9145f64d47e32d5df72435c","eedae0ee27c545032905b17ea9a2007c","54701f5f079bcb077976c7b53a0c2386",2,"c1ab2344fda0c7ff167883d2fcb4c64e"
"optimized-backends-record-20260731","ci_extract_all_regex","regex","altrep","Main ALTREP","main","36f5c8d","altrep",4,5,0.111,111,100000,"medium","charvec",20260721,"32930d4bafb9d6f4ee7b61840dbeb01a","charr","78.2","system","R version 4.6.1 (2026-06-24)","/home/ted/R/x86_64-pc-linux-gnu-library/4.6/charr","3d947f3df10c63e20fffc0e4ef7f55f7","b6048fe5a9145f64d47e32d5df72435c","eedae0ee27c545032905b17ea9a2007c","54701f5f079bcb077976c7b53a0c2386",2,"fd3f05a163222901d4176ce041c7cbd2"
"optimized-backends-record-20260731","ci_extract_all_regex","regex","stringi","stringi","main","36f5c8d","stringi",5,5,0.216,216,100000,"medium","character",20260721,"32930d4bafb9d6f4ee7b61840dbeb01a","stringi","74.1","bundle","R version 4.6.1 (2026-06-24)","/home/ted/R/x86_64-pc-linux-gnu-library/4.6/charr","3d947f3df10c63e20fffc0e4ef7f55f7","b6048fe5a9145f64d47e32d5df72435c","eedae0ee27c545032905b17ea9a2007c","54701f5f079bcb077976c7b53a0c2386",2,"c1ab2344fda0c7ff167883d2fcb4c64e"
"optimized-backends-record-20260731","ci_extract_all_regex","regex","base","Main base","main","36f5c8d","base",5,5,0.144,144,100000,"medium","character",20260721,"32930d4bafb9d6f4ee7b61840dbeb01a","charr","78.2","system","R version 4.6.1 (2026-06-24)","/home/ted/R/x86_64-pc-linux-gnu-library/4.6/charr","3d947f3df10c63e20fffc0e4ef7f55f7","b6048fe5a9145f64d47e32d5df72435c","eedae0ee27c545032905b17ea9a2007c","54701f5f079bcb077976c7b53a0c2386",2,"c1ab2344fda0c7ff167883d2fcb4c64e"
"optimized-backends-record-20260731","ci_extract_all_regex","regex","altrep","Main ALTREP","main","36f5c8d","altrep",5,5,0.112,112,100000,"medium","charvec",20260721,"32930d4bafb9d6f4ee7b61840dbeb01a","charr","78.2","system","R version 4.6.1 (2026-06-24)","/home/ted/R/x86_64-pc-linux-gnu-library/4.6/charr","3d947f3df10c63e20fffc0e4ef7f55f7","b6048fe5a9145f64d47e32d5df72435c","eedae0ee27c545032905b17ea9a2007c","54701f5f079bcb077976c7b53a0c2386",2,"fd3f05a163222901d4176ce041c7cbd2"
"optimized-backends-record-20260731","ci_replace_first_regex","regex","stringi","stringi","main","36f5c8d","stringi",1,5,0.111,111,100000,"medium","character",20260721,"32930d4bafb9d6f4ee7b61840dbeb01a","stringi","74.1","bundle","R version 4.6.1 (2026-06-24)","/home/ted/R/x86_64-pc-linux-gnu-library/4.6/charr","3d947f3df10c63e20fffc0e4ef7f55f7","b6048fe5a9145f64d47e32d5df72435c","eedae0ee27c545032905b17ea9a2007c","54701f5f079bcb077976c7b53a0c2386",2,"c1ab2344fda0c7ff167883d2fcb4c64e"
"optimized-backends-record-20260731","ci_replace_first_regex","regex","base","Main base","main","36f5c8d","base",1,5,0.095,95,100000,"medium","character",20260721,"32930d4bafb9d6f4ee7b61840dbeb01a","charr","78.2","system","R version 4.6.1 (2026-06-24)","/home/ted/R/x86_64-pc-linux-gnu-library/4.6/charr","3d947f3df10c63e20fffc0e4ef7f55f7","b6048fe5a9145f64d47e32d5df72435c","eedae0ee27c545032905b17ea9a2007c","54701f5f079bcb077976c7b53a0c2386",2,"c1ab2344fda0c7ff167883d2fcb4c64e"
"optimized-backends-record-20260731","ci_replace_first_regex","regex","altrep","Main ALTREP","main","36f5c8d","altrep",1,5,0.06,60,100000,"medium","charvec",20260721,"32930d4bafb9d6f4ee7b61840dbeb01a","charr","78.2","system","R version 4.6.1 (2026-06-24)","/home/ted/R/x86_64-pc-linux-gnu-library/4.6/charr","3d947f3df10c63e20fffc0e4ef7f55f7","b6048fe5a9145f64d47e32d5df72435c","eedae0ee27c545032905b17ea9a2007c","54701f5f079bcb077976c7b53a0c2386",2,"fd3f05a163222901d4176ce041c7cbd2"
"optimized-backends-record-20260731","ci_replace_first_regex","regex","stringi","stringi","main","36f5c8d","stringi",2,5,0.112,112,100000,"medium","character",20260721,"32930d4bafb9d6f4ee7b61840dbeb01a","stringi","74.1","bundle","R version 4.6.1 (2026-06-24)","/home/ted/R/x86_64-pc-linux-gnu-library/4.6/charr","3d947f3df10c63e20fffc0e4ef7f55f7","b6048fe5a9145f64d47e32d5df72435c","eedae0ee27c545032905b17ea9a2007c","54701f5f079bcb077976c7b53a0c2386",2,"c1ab2344fda0c7ff167883d2fcb4c64e"
"optimized-backends-record-20260731","ci_replace_first_regex","regex","base","Main base","main","36f5c8d","base",2,5,0.094,94,100000,"medium","character",20260721,"32930d4bafb9d6f4ee7b61840dbeb01a","charr","78.2","system","R version 4.6.1 (2026-06-24)","/home/ted/R/x86_64-pc-linux-gnu-library/4.6/charr","3d947f3df10c63e20fffc0e4ef7f55f7","b6048fe5a9145f64d47e32d5df72435c","eedae0ee27c545032905b17ea9a2007c","54701f5f079bcb077976c7b53a0c2386",2,"c1ab2344fda0c7ff167883d2fcb4c64e"
"optimized-backends-record-20260731","ci_replace_first_regex","regex","altrep","Main ALTREP","main","36f5c8d","altrep",2,5,0.059,59,100000,"medium","charvec",20260721,"32930d4bafb9d6f4ee7b61840dbeb01a","charr","78.2","system","R version 4.6.1 (2026-06-24)","/home/ted/R/x86_64-pc-linux-gnu-library/4.6/charr","3d947f3df10c63e20fffc0e4ef7f55f7","b6048fe5a9145f64d47e32d5df72435c","eedae0ee27c545032905b17ea9a2007c","54701f5f079bcb077976c7b53a0c2386",2,"fd3f05a163222901d4176ce041c7cbd2"
"optimized-backends-record-20260731","ci_replace_first_regex","regex","stringi","stringi","main","36f5c8d","stringi",3,5,0.112,112,100000,"medium","character",20260721,"32930d4bafb9d6f4ee7b61840dbeb01a","stringi","74.1","bundle","R version 4.6.1 (2026-06-24)","/home/ted/R/x86_64-pc-linux-gnu-library/4.6/charr","3d947f3df10c63e20fffc0e4ef7f55f7","b6048fe5a9145f64d47e32d5df72435c","eedae0ee27c545032905b17ea9a2007c","54701f5f079bcb077976c7b53a0c2386",2,"c1ab2344fda0c7ff167883d2fcb4c64e"
"optimized-backends-record-20260731","ci_replace_first_regex","regex","base","Main base","main","36f5c8d","base",3,5,0.094,94,100000,"medium","character",20260721,"32930d4bafb9d6f4ee7b61840dbeb01a","charr","78.2","system","R version 4.6.1 (2026-06-24)","/home/ted/R/x86_64-pc-linux-gnu-library/4.6/charr","3d947f3df10c63e20fffc0e4ef7f55f7","b6048fe5a9145f64d47e32d5df72435c","eedae0ee27c545032905b17ea9a2007c","54701f5f079bcb077976c7b53a0c2386",2,"c1ab2344fda0c7ff167883d2fcb4c64e"
"optimized-backends-record-20260731","ci_replace_first_regex","regex","altrep","Main ALTREP","main","36f5c8d","altrep",3,5,0.06,60,100000,"medium","charvec",20260721,"32930d4bafb9d6f4ee7b61840dbeb01a","charr","78.2","system","R version 4.6.1 (2026-06-24)","/home/ted/R/x86_64-pc-linux-gnu-library/4.6/charr","3d947f3df10c63e20fffc0e4ef7f55f7","b6048fe5a9145f64d47e32d5df72435c","eedae0ee27c545032905b17ea9a2007c","54701f5f079bcb077976c7b53a0c2386",2,"fd3f05a163222901d4176ce041c7cbd2"
"optimized-backends-record-20260731","ci_replace_first_regex","regex","stringi","stringi","main","36f5c8d","stringi",4,5,0.113,113,100000,"medium","character",20260721,"32930d4bafb9d6f4ee7b61840dbeb01a","stringi","74.1","bundle","R version 4.6.1 (2026-06-24)","/home/ted/R/x86_64-pc-linux-gnu-library/4.6/charr","3d947f3df10c63e20fffc0e4ef7f55f7","b6048fe5a9145f64d47e32d5df72435c","eedae0ee27c545032905b17ea9a2007c","54701f5f079bcb077976c7b53a0c2386",2,"c1ab2344fda0c7ff167883d2fcb4c64e"
"optimized-backends-record-20260731","ci_replace_first_regex","regex","base","Main base","main","36f5c8d","base",4,5,0.094,94,100000,"medium","character",20260721,"32930d4bafb9d6f4ee7b61840dbeb01a","charr","78.2","system","R version 4.6.1 (2026-06-24)","/home/ted/R/x86_64-pc-linux-gnu-library/4.6/charr","3d947f3df10c63e20fffc0e4ef7f55f7","b6048fe5a9145f64d47e32d5df72435c","eedae0ee27c545032905b17ea9a2007c","54701f5f079bcb077976c7b53a0c2386",2,"c1ab2344fda0c7ff167883d2fcb4c64e"
"optimized-backends-record-20260731","ci_replace_first_regex","regex","altrep","Main ALTREP","main","36f5c8d","altrep",4,5,0.06,60,100000,"medium","charvec",20260721,"32930d4bafb9d6f4ee7b61840dbeb01a","charr","78.2","system","R version 4.6.1 (2026-06-24)","/home/ted/R/x86_64-pc-linux-gnu-library/4.6/charr","3d947f3df10c63e20fffc0e4ef7f55f7","b6048fe5a9145f64d47e32d5df72435c","eedae0ee27c545032905b17ea9a2007c","54701f5f079bcb077976c7b53a0c2386",2,"fd3f05a163222901d4176ce041c7cbd2"
"optimized-backends-record-20260731","ci_replace_first_regex","regex","stringi","stringi","main","36f5c8d","stringi",5,5,0.112,112,100000,"medium","character",20260721,"32930d4bafb9d6f4ee7b61840dbeb01a","stringi","74.1","bundle","R version 4.6.1 (2026-06-24)","/home/ted/R/x86_64-pc-linux-gnu-library/4.6/charr","3d947f3df10c63e20fffc0e4ef7f55f7","b6048fe5a9145f64d47e32d5df72435c","eedae0ee27c545032905b17ea9a2007c","54701f5f079bcb077976c7b53a0c2386",2,"c1ab2344fda0c7ff167883d2fcb4c64e"
"optimized-backends-record-20260731","ci_replace_first_regex","regex","base","Main base","main","36f5c8d","base",5,5,0.095,95,100000,"medium","character",20260721,"32930d4bafb9d6f4ee7b61840dbeb01a","charr","78.2","system","R version 4.6.1 (2026-06-24)","/home/ted/R/x86_64-pc-linux-gnu-library/4.6/charr","3d947f3df10c63e20fffc0e4ef7f55f7","b6048fe5a9145f64d47e32d5df72435c","eedae0ee27c545032905b17ea9a2007c","54701f5f079bcb077976c7b53a0c2386",2,"c1ab2344fda0c7ff167883d2fcb4c64e"
"optimized-backends-record-20260731","ci_replace_first_regex","regex","altrep","Main ALTREP","main","36f5c8d","altrep",5,5,0.059,59,100000,"medium","charvec",20260721,"32930d4bafb9d6f4ee7b61840dbeb01a","charr","78.2","system","R version 4.6.1 (2026-06-24)","/home/ted/R/x86_64-pc-linux-gnu-library/4.6/charr","3d947f3df10c63e20fffc0e4ef7f55f7","b6048fe5a9145f64d47e32d5df72435c","eedae0ee27c545032905b17ea9a2007c","54701f5f079bcb077976c7b53a0c2386",2,"fd3f05a163222901d4176ce041c7cbd2"
"optimized-backends-record-20260731","ci_replace_all_regex","regex","stringi","stringi","main","36f5c8d","stringi",1,5,0.143,143,100000,"medium","character",20260721,"32930d4bafb9d6f4ee7b61840dbeb01a","stringi","74.1","bundle","R version 4.6.1 (2026-06-24)","/home/ted/R/x86_64-pc-linux-gnu-library/4.6/charr","3d947f3df10c63e20fffc0e4ef7f55f7","b6048fe5a9145f64d47e32d5df72435c","eedae0ee27c545032905b17ea9a2007c","54701f5f079bcb077976c7b53a0c2386",2,"c1ab2344fda0c7ff167883d2fcb4c64e"
"optimized-backends-record-20260731","ci_replace_all_regex","regex","base","Main base","main","36f5c8d","base",1,5,0.136,136,100000,"medium","character",20260721,"32930d4bafb9d6f4ee7b61840dbeb01a","charr","78.2","system","R version 4.6.1 (2026-06-24)","/home/ted/R/x86_64-pc-linux-gnu-library/4.6/charr","3d947f3df10c63e20fffc0e4ef7f55f7","b6048fe5a9145f64d47e32d5df72435c","eedae0ee27c545032905b17ea9a2007c","54701f5f079bcb077976c7b53a0c2386",2,"c1ab2344fda0c7ff167883d2fcb4c64e"
"optimized-backends-record-20260731","ci_replace_all_regex","regex","altrep","Main ALTREP","main","36f5c8d","altrep",1,5,0.108,108,100000,"medium","charvec",20260721,"32930d4bafb9d6f4ee7b61840dbeb01a","charr","78.2","system","R version 4.6.1 (2026-06-24)","/home/ted/R/x86_64-pc-linux-gnu-library/4.6/charr","3d947f3df10c63e20fffc0e4ef7f55f7","b6048fe5a9145f64d47e32d5df72435c","eedae0ee27c545032905b17ea9a2007c","54701f5f079bcb077976c7b53a0c2386",2,"fd3f05a163222901d4176ce041c7cbd2"
"optimized-backends-record-20260731","ci_replace_all_regex","regex","stringi","stringi","main","36f5c8d","stringi",2,5,0.144,144,100000,"medium","character",20260721,"32930d4bafb9d6f4ee7b61840dbeb01a","stringi","74.1","bundle","R version 4.6.1 (2026-06-24)","/home/ted/R/x86_64-pc-linux-gnu-library/4.6/charr","3d947f3df10c63e20fffc0e4ef7f55f7","b6048fe5a9145f64d47e32d5df72435c","eedae0ee27c545032905b17ea9a2007c","54701f5f079bcb077976c7b53a0c2386",2,"c1ab2344fda0c7ff167883d2fcb4c64e"
"optimized-backends-record-20260731","ci_replace_all_regex","regex","base","Main base","main","36f5c8d","base",2,5,0.135,135,100000,"medium","character",20260721,"32930d4bafb9d6f4ee7b61840dbeb01a","charr","78.2","system","R version 4.6.1 (2026-06-24)","/home/ted/R/x86_64-pc-linux-gnu-library/4.6/charr","3d947f3df10c63e20fffc0e4ef7f55f7","b6048fe5a9145f64d47e32d5df72435c","eedae0ee27c545032905b17ea9a2007c","54701f5f079bcb077976c7b53a0c2386",2,"c1ab2344fda0c7ff167883d2fcb4c64e"
"optimized-backends-record-20260731","ci_replace_all_regex","regex","altrep","Main ALTREP","main","36f5c8d","altrep",2,5,0.109,109,100000,"medium","charvec",20260721,"32930d4bafb9d6f4ee7b61840dbeb01a","charr","78.2","system","R version 4.6.1 (2026-06-24)","/home/ted/R/x86_64-pc-linux-gnu-library/4.6/charr","3d947f3df10c63e20fffc0e4ef7f55f7","b6048fe5a9145f64d47e32d5df72435c","eedae0ee27c545032905b17ea9a2007c","54701f5f079bcb077976c7b53a0c2386",2,"fd3f05a163222901d4176ce041c7cbd2"
"optimized-backends-record-20260731","ci_replace_all_regex","regex","stringi","stringi","main","36f5c8d","stringi",3,5,0.143,143,100000,"medium","character",20260721,"32930d4bafb9d6f4ee7b61840dbeb01a","stringi","74.1","bundle","R version 4.6.1 (2026-06-24)","/home/ted/R/x86_64-pc-linux-gnu-library/4.6/charr","3d947f3df10c63e20fffc0e4ef7f55f7","b6048fe5a9145f64d47e32d5df72435c","eedae0ee27c545032905b17ea9a2007c","54701f5f079bcb077976c7b53a0c2386",2,"c1ab2344fda0c7ff167883d2fcb4c64e"
"optimized-backends-record-20260731","ci_replace_all_regex","regex","base","Main base","main","36f5c8d","base",3,5,0.138,138,100000,"medium","character",20260721,"32930d4bafb9d6f4ee7b61840dbeb01a","charr","78.2","system","R version 4.6.1 (2026-06-24)","/home/ted/R/x86_64-pc-linux-gnu-library/4.6/charr","3d947f3df10c63e20fffc0e4ef7f55f7","b6048fe5a9145f64d47e32d5df72435c","eedae0ee27c545032905b17ea9a2007c","54701f5f079bcb077976c7b53a0c2386",2,"c1ab2344fda0c7ff167883d2fcb4c64e"
"optimized-backends-record-20260731","ci_replace_all_regex","regex","altrep","Main ALTREP","main","36f5c8d","altrep",3,5,0.108,108,100000,"medium","charvec",20260721,"32930d4bafb9d6f4ee7b61840dbeb01a","charr","78.2","system","R version 4.6.1 (2026-06-24)","/home/ted/R/x86_64-pc-linux-gnu-library/4.6/charr","3d947f3df10c63e20fffc0e4ef7f55f7","b6048fe5a9145f64d47e32d5df72435c","eedae0ee27c545032905b17ea9a2007c","54701f5f079bcb077976c7b53a0c2386",2,"fd3f05a163222901d4176ce041c7cbd2"
"optimized-backends-record-20260731","ci_replace_all_regex","regex","stringi","stringi","main","36f5c8d","stringi",4,5,0.144,144,100000,"medium","character",20260721,"32930d4bafb9d6f4ee7b61840dbeb01a","stringi","74.1","bundle","R version 4.6.1 (2026-06-24)","/home/ted/R/x86_64-pc-linux-gnu-library/4.6/charr","3d947f3df10c63e20fffc0e4ef7f55f7","b6048fe5a9145f64d47e32d5df72435c","eedae0ee27c545032905b17ea9a2007c","54701f5f079bcb077976c7b53a0c2386",2,"c1ab2344fda0c7ff167883d2fcb4c64e"
"optimized-backends-record-20260731","ci_replace_all_regex","regex","base","Main base","main","36f5c8d","base",4,5,0.135,135,100000,"medium","character",20260721,"32930d4bafb9d6f4ee7b61840dbeb01a","charr","78.2","system","R version 4.6.1 (2026-06-24)","/home/ted/R/x86_64-pc-linux-gnu-library/4.6/charr","3d947f3df10c63e20fffc0e4ef7f55f7","b6048fe5a9145f64d47e32d5df72435c","eedae0ee27c545032905b17ea9a2007c","54701f5f079bcb077976c7b53a0c2386",2,"c1ab2344fda0c7ff167883d2fcb4c64e"
"optimized-backends-record-20260731","ci_replace_all_regex","regex","altrep","Main ALTREP","main","36f5c8d","altrep",4,5,0.108,108,100000,"medium","charvec",20260721,"32930d4bafb9d6f4ee7b61840dbeb01a","charr","78.2","system","R version 4.6.1 (2026-06-24)","/home/ted/R/x86_64-pc-linux-gnu-library/4.6/charr","3d947f3df10c63e20fffc0e4ef7f55f7","b6048fe5a9145f64d47e32d5df72435c","eedae0ee27c545032905b17ea9a2007c","54701f5f079bcb077976c7b53a0c2386",2,"fd3f05a163222901d4176ce041c7cbd2"
"optimized-backends-record-20260731","ci_replace_all_regex","regex","stringi","stringi","main","36f5c8d","stringi",5,5,0.143,143,100000,"medium","character",20260721,"32930d4bafb9d6f4ee7b61840dbeb01a","stringi","74.1","bundle","R version 4.6.1 (2026-06-24)","/home/ted/R/x86_64-pc-linux-gnu-library/4.6/charr","3d947f3df10c63e20fffc0e4ef7f55f7","b6048fe5a9145f64d47e32d5df72435c","eedae0ee27c545032905b17ea9a2007c","54701f5f079bcb077976c7b53a0c2386",2,"c1ab2344fda0c7ff167883d2fcb4c64e"
"optimized-backends-record-20260731","ci_replace_all_regex","regex","base","Main base","main","36f5c8d","base",5,5,0.135,135,100000,"medium","character",20260721,"32930d4bafb9d6f4ee7b61840dbeb01a","charr","78.2","system","R version 4.6.1 (2026-06-24)","/home/ted/R/x86_64-pc-linux-gnu-library/4.6/charr","3d947f3df10c63e20fffc0e4ef7f55f7","b6048fe5a9145f64d47e32d5df72435c","eedae0ee27c545032905b17ea9a2007c","54701f5f079bcb077976c7b53a0c2386",2,"c1ab2344fda0c7ff167883d2fcb4c64e"
"optimized-backends-record-20260731","ci_replace_all_regex","regex","altrep","Main ALTREP","main","36f5c8d","altrep",5,5,0.108,108,100000,"medium","charvec",20260721,"32930d4bafb9d6f4ee7b61840dbeb01a","charr","78.2","system","R version 4.6.1 (2026-06-24)","/home/ted/R/x86_64-pc-linux-gnu-library/4.6/charr","3d947f3df10c63e20fffc0e4ef7f55f7","b6048fe5a9145f64d47e32d5df72435c","eedae0ee27c545032905b17ea9a2007c","54701f5f079bcb077976c7b53a0c2386",2,"fd3f05a163222901d4176ce041c7cbd2"
"optimized-backends-record-20260731","ci_split_regex","regex","stringi","stringi","main","36f5c8d","stringi",1,5,0.155,155,100000,"medium","character",20260721,"32930d4bafb9d6f4ee7b61840dbeb01a","stringi","74.1","bundle","R version 4.6.1 (2026-06-24)","/home/ted/R/x86_64-pc-linux-gnu-library/4.6/charr","3d947f3df10c63e20fffc0e4ef7f55f7","b6048fe5a9145f64d47e32d5df72435c","eedae0ee27c545032905b17ea9a2007c","54701f5f079bcb077976c7b53a0c2386",2,"c1ab2344fda0c7ff167883d2fcb4c64e"
"optimized-backends-record-20260731","ci_split_regex","regex","base","Main base","main","36f5c8d","base",1,5,0.138,138,100000,"medium","character",20260721,"32930d4bafb9d6f4ee7b61840dbeb01a","charr","78.2","system","R version 4.6.1 (2026-06-24)","/home/ted/R/x86_64-pc-linux-gnu-library/4.6/charr","3d947f3df10c63e20fffc0e4ef7f55f7","b6048fe5a9145f64d47e32d5df72435c","eedae0ee27c545032905b17ea9a2007c","54701f5f079bcb077976c7b53a0c2386",2,"c1ab2344fda0c7ff167883d2fcb4c64e"
"optimized-backends-record-20260731","ci_split_regex","regex","altrep","Main ALTREP","main","36f5c8d","altrep",1,5,0.077,77,100000,"medium","charvec",20260721,"32930d4bafb9d6f4ee7b61840dbeb01a","charr","78.2","system","R version 4.6.1 (2026-06-24)","/home/ted/R/x86_64-pc-linux-gnu-library/4.6/charr","3d947f3df10c63e20fffc0e4ef7f55f7","b6048fe5a9145f64d47e32d5df72435c","eedae0ee27c545032905b17ea9a2007c","54701f5f079bcb077976c7b53a0c2386",2,"fd3f05a163222901d4176ce041c7cbd2"
"optimized-backends-record-20260731","ci_split_regex","regex","stringi","stringi","main","36f5c8d","stringi",2,5,0.156,156,100000,"medium","character",20260721,"32930d4bafb9d6f4ee7b61840dbeb01a","stringi","74.1","bundle","R version 4.6.1 (2026-06-24)","/home/ted/R/x86_64-pc-linux-gnu-library/4.6/charr","3d947f3df10c63e20fffc0e4ef7f55f7","b6048fe5a9145f64d47e32d5df72435c","eedae0ee27c545032905b17ea9a2007c","54701f5f079bcb077976c7b53a0c2386",2,"c1ab2344fda0c7ff167883d2fcb4c64e"
"optimized-backends-record-20260731","ci_split_regex","regex","base","Main base","main","36f5c8d","base",2,5,0.14,140,100000,"medium","character",20260721,"32930d4bafb9d6f4ee7b61840dbeb01a","charr","78.2","system","R version 4.6.1 (2026-06-24)","/home/ted/R/x86_64-pc-linux-gnu-library/4.6/charr","3d947f3df10c63e20fffc0e4ef7f55f7","b6048fe5a9145f64d47e32d5df72435c","eedae0ee27c545032905b17ea9a2007c","54701f5f079bcb077976c7b53a0c2386",2,"c1ab2344fda0c7ff167883d2fcb4c64e"
"optimized-backends-record-20260731","ci_split_regex","regex","altrep","Main ALTREP","main","36f5c8d","altrep",2,5,0.077,77,100000,"medium","charvec",20260721,"32930d4bafb9d6f4ee7b61840dbeb01a","charr","78.2","system","R version 4.6.1 (2026-06-24)","/home/ted/R/x86_64-pc-linux-gnu-library/4.6/charr","3d947f3df10c63e20fffc0e4ef7f55f7","b6048fe5a9145f64d47e32d5df72435c","eedae0ee27c545032905b17ea9a2007c","54701f5f079bcb077976c7b53a0c2386",2,"fd3f05a163222901d4176ce041c7cbd2"
"optimized-backends-record-20260731","ci_split_regex","regex","stringi","stringi","main","36f5c8d","stringi",3,5,0.157,157,100000,"medium","character",20260721,"32930d4bafb9d6f4ee7b61840dbeb01a","stringi","74.1","bundle","R version 4.6.1 (2026-06-24)","/home/ted/R/x86_64-pc-linux-gnu-library/4.6/charr","3d947f3df10c63e20fffc0e4ef7f55f7","b6048fe5a9145f64d47e32d5df72435c","eedae0ee27c545032905b17ea9a2007c","54701f5f079bcb077976c7b53a0c2386",2,"c1ab2344fda0c7ff167883d2fcb4c64e"
"optimized-backends-record-20260731","ci_split_regex","regex","base","Main base","main","36f5c8d","base",3,5,0.138,138,100000,"medium","character",20260721,"32930d4bafb9d6f4ee7b61840dbeb01a","charr","78.2","system","R version 4.6.1 (2026-06-24)","/home/ted/R/x86_64-pc-linux-gnu-library/4.6/charr","3d947f3df10c63e20fffc0e4ef7f55f7","b6048fe5a9145f64d47e32d5df72435c","eedae0ee27c545032905b17ea9a2007c","54701f5f079bcb077976c7b53a0c2386",2,"c1ab2344fda0c7ff167883d2fcb4c64e"
"optimized-backends-record-20260731","ci_split_regex","regex","altrep","Main ALTREP","main","36f5c8d","altrep",3,5,0.078,78,100000,"medium","charvec",20260721,"32930d4bafb9d6f4ee7b61840dbeb01a","charr","78.2","system","R version 4.6.1 (2026-06-24)","/home/ted/R/x86_64-pc-linux-gnu-library/4.6/charr","3d947f3df10c63e20fffc0e4ef7f55f7","b6048fe5a9145f64d47e32d5df72435c","eedae0ee27c545032905b17ea9a2007c","54701f5f079bcb077976c7b53a0c2386",2,"fd3f05a163222901d4176ce041c7cbd2"
"optimized-backends-record-20260731","ci_split_regex","regex","stringi","stringi","main","36f5c8d","stringi",4,5,0.155,155,100000,"medium","character",20260721,"32930d4bafb9d6f4ee7b61840dbeb01a","stringi","74.1","bundle","R version 4.6.1 (2026-06-24)","/home/ted/R/x86_64-pc-linux-gnu-library/4.6/charr","3d947f3df10c63e20fffc0e4ef7f55f7","b6048fe5a9145f64d47e32d5df72435c","eedae0ee27c545032905b17ea9a2007c","54701f5f079bcb077976c7b53a0c2386",2,"c1ab2344fda0c7ff167883d2fcb4c64e"
"optimized-backends-record-20260731","ci_split_regex","regex","base","Main base","main","36f5c8d","base",4,5,0.138,138,100000,"medium","character",20260721,"32930d4bafb9d6f4ee7b61840dbeb01a","charr","78.2","system","R version 4.6.1 (2026-06-24)","/home/ted/R/x86_64-pc-linux-gnu-library/4.6/charr","3d947f3df10c63e20fffc0e4ef7f55f7","b6048fe5a9145f64d47e32d5df72435c","eedae0ee27c545032905b17ea9a2007c","54701f5f079bcb077976c7b53a0c2386",2,"c1ab2344fda0c7ff167883d2fcb4c64e"
"optimized-backends-record-20260731","ci_split_regex","regex","altrep","Main ALTREP","main","36f5c8d","altrep",4,5,0.077,77,100000,"medium","charvec",20260721,"32930d4bafb9d6f4ee7b61840dbeb01a","charr","78.2","system","R version 4.6.1 (2026-06-24)","/home/ted/R/x86_64-pc-linux-gnu-library/4.6/charr","3d947f3df10c63e20fffc0e4ef7f55f7","b6048fe5a9145f64d47e32d5df72435c","eedae0ee27c545032905b17ea9a2007c","54701f5f079bcb077976c7b53a0c2386",2,"fd3f05a163222901d4176ce041c7cbd2"
"optimized-backends-record-20260731","ci_split_regex","regex","stringi","stringi","main","36f5c8d","stringi",5,5,0.156,156,100000,"medium","character",20260721,"32930d4bafb9d6f4ee7b61840dbeb01a","stringi","74.1","bundle","R version 4.6.1 (2026-06-24)","/home/ted/R/x86_64-pc-linux-gnu-library/4.6/charr","3d947f3df10c63e20fffc0e4ef7f55f7","b6048fe5a9145f64d47e32d5df72435c","eedae0ee27c545032905b17ea9a2007c","54701f5f079bcb077976c7b53a0c2386",2,"c1ab2344fda0c7ff167883d2fcb4c64e"
"optimized-backends-record-20260731","ci_split_regex","regex","base","Main base","main","36f5c8d","base",5,5,0.14,140,100000,"medium","character",20260721,"32930d4bafb9d6f4ee7b61840dbeb01a","charr","78.2","system","R version 4.6.1 (2026-06-24)","/home/ted/R/x86_64-pc-linux-gnu-library/4.6/charr","3d947f3df10c63e20fffc0e4ef7f55f7","b6048fe5a9145f64d47e32d5df72435c","eedae0ee27c545032905b17ea9a2007c","54701f5f079bcb077976c7b53a0c2386",2,"c1ab2344fda0c7ff167883d2fcb4c64e"
"optimized-backends-record-20260731","ci_split_regex","regex","altrep","Main ALTREP","main","36f5c8d","altrep",5,5,0.078,78,100000,"medium","charvec",20260721,"32930d4bafb9d6f4ee7b61840dbeb01a","charr","78.2","system","R version 4.6.1 (2026-06-24)","/home/ted/R/x86_64-pc-linux-gnu-library/4.6/charr","3d947f3df10c63e20fffc0e4ef7f55f7","b6048fe5a9145f64d47e32d5df72435c","eedae0ee27c545032905b17ea9a2007c","54701f5f079bcb077976c7b53a0c2386",2,"fd3f05a163222901d4176ce041c7cbd2"
"optimized-backends-record-20260731","ci_match_first_regex","regex","stringi","stringi","main","36f5c8d","stringi",1,5,0.061,61,100000,"medium","character",20260721,"32930d4bafb9d6f4ee7b61840dbeb01a","stringi","74.1","bundle","R version 4.6.1 (2026-06-24)","/home/ted/R/x86_64-pc-linux-gnu-library/4.6/charr","3d947f3df10c63e20fffc0e4ef7f55f7","b6048fe5a9145f64d47e32d5df72435c","eedae0ee27c545032905b17ea9a2007c","54701f5f079bcb077976c7b53a0c2386",2,"c1ab2344fda0c7ff167883d2fcb4c64e"
"optimized-backends-record-20260731","ci_match_first_regex","regex","base","Main base","main","36f5c8d","base",1,5,0.052,52,100000,"medium","character",20260721,"32930d4bafb9d6f4ee7b61840dbeb01a","charr","78.2","system","R version 4.6.1 (2026-06-24)","/home/ted/R/x86_64-pc-linux-gnu-library/4.6/charr","3d947f3df10c63e20fffc0e4ef7f55f7","b6048fe5a9145f64d47e32d5df72435c","eedae0ee27c545032905b17ea9a2007c","54701f5f079bcb077976c7b53a0c2386",2,"c1ab2344fda0c7ff167883d2fcb4c64e"
"optimized-backends-record-20260731","ci_match_first_regex","regex","altrep","Main ALTREP","main","36f5c8d","altrep",1,5,0.025,25,100000,"medium","charvec",20260721,"32930d4bafb9d6f4ee7b61840dbeb01a","charr","78.2","system","R version 4.6.1 (2026-06-24)","/home/ted/R/x86_64-pc-linux-gnu-library/4.6/charr","3d947f3df10c63e20fffc0e4ef7f55f7","b6048fe5a9145f64d47e32d5df72435c","eedae0ee27c545032905b17ea9a2007c","54701f5f079bcb077976c7b53a0c2386",2,"fd3f05a163222901d4176ce041c7cbd2"
"optimized-backends-record-20260731","ci_match_first_regex","regex","stringi","stringi","main","36f5c8d","stringi",2,5,0.061,61,100000,"medium","character",20260721,"32930d4bafb9d6f4ee7b61840dbeb01a","stringi","74.1","bundle","R version 4.6.1 (2026-06-24)","/home/ted/R/x86_64-pc-linux-gnu-library/4.6/charr","3d947f3df10c63e20fffc0e4ef7f55f7","b6048fe5a9145f64d47e32d5df72435c","eedae0ee27c545032905b17ea9a2007c","54701f5f079bcb077976c7b53a0c2386",2,"c1ab2344fda0c7ff167883d2fcb4c64e"
"optimized-backends-record-20260731","ci_match_first_regex","regex","base","Main base","main","36f5c8d","base",2,5,0.052,52,100000,"medium","character",20260721,"32930d4bafb9d6f4ee7b61840dbeb01a","charr","78.2","system","R version 4.6.1 (2026-06-24)","/home/ted/R/x86_64-pc-linux-gnu-library/4.6/charr","3d947f3df10c63e20fffc0e4ef7f55f7","b6048fe5a9145f64d47e32d5df72435c","eedae0ee27c545032905b17ea9a2007c","54701f5f079bcb077976c7b53a0c2386",2,"c1ab2344fda0c7ff167883d2fcb4c64e"
"optimized-backends-record-20260731","ci_match_first_regex","regex","altrep","Main ALTREP","main","36f5c8d","altrep",2,5,0.026,26,100000,"medium","charvec",20260721,"32930d4bafb9d6f4ee7b61840dbeb01a","charr","78.2","system","R version 4.6.1 (2026-06-24)","/home/ted/R/x86_64-pc-linux-gnu-library/4.6/charr","3d947f3df10c63e20fffc0e4ef7f55f7","b6048fe5a9145f64d47e32d5df72435c","eedae0ee27c545032905b17ea9a2007c","54701f5f079bcb077976c7b53a0c2386",2,"fd3f05a163222901d4176ce041c7cbd2"
"optimized-backends-record-20260731","ci_match_first_regex","regex","stringi","stringi","main","36f5c8d","stringi",3,5,0.061,61,100000,"medium","character",20260721,"32930d4bafb9d6f4ee7b61840dbeb01a","stringi","74.1","bundle","R version 4.6.1 (2026-06-24)","/home/ted/R/x86_64-pc-linux-gnu-library/4.6/charr","3d947f3df10c63e20fffc0e4ef7f55f7","b6048fe5a9145f64d47e32d5df72435c","eedae0ee27c545032905b17ea9a2007c","54701f5f079bcb077976c7b53a0c2386",2,"c1ab2344fda0c7ff167883d2fcb4c64e"
"optimized-backends-record-20260731","ci_match_first_regex","regex","base","Main base","main","36f5c8d","base",3,5,0.053,53,100000,"medium","character",20260721,"32930d4bafb9d6f4ee7b61840dbeb01a","charr","78.2","system","R version 4.6.1 (2026-06-24)","/home/ted/R/x86_64-pc-linux-gnu-library/4.6/charr","3d947f3df10c63e20fffc0e4ef7f55f7","b6048fe5a9145f64d47e32d5df72435c","eedae0ee27c545032905b17ea9a2007c","54701f5f079bcb077976c7b53a0c2386",2,"c1ab2344fda0c7ff167883d2fcb4c64e"
"optimized-backends-record-20260731","ci_match_first_regex","regex","altrep","Main ALTREP","main","36f5c8d","altrep",3,5,0.026,26,100000,"medium","charvec",20260721,"32930d4bafb9d6f4ee7b61840dbeb01a","charr","78.2","system","R version 4.6.1 (2026-06-24)","/home/ted/R/x86_64-pc-linux-gnu-library/4.6/charr","3d947f3df10c63e20fffc0e4ef7f55f7","b6048fe5a9145f64d47e32d5df72435c","eedae0ee27c545032905b17ea9a2007c","54701f5f079bcb077976c7b53a0c2386",2,"fd3f05a163222901d4176ce041c7cbd2"
"optimized-backends-record-20260731","ci_match_first_regex","regex","stringi","stringi","main","36f5c8d","stringi",4,5,0.061,61,100000,"medium","character",20260721,"32930d4bafb9d6f4ee7b61840dbeb01a","stringi","74.1","bundle","R version 4.6.1 (2026-06-24)","/home/ted/R/x86_64-pc-linux-gnu-library/4.6/charr","3d947f3df10c63e20fffc0e4ef7f55f7","b6048fe5a9145f64d47e32d5df72435c","eedae0ee27c545032905b17ea9a2007c","54701f5f079bcb077976c7b53a0c2386",2,"c1ab2344fda0c7ff167883d2fcb4c64e"
"optimized-backends-record-20260731","ci_match_first_regex","regex","base","Main base","main","36f5c8d","base",4,5,0.052,52,100000,"medium","character",20260721,"32930d4bafb9d6f4ee7b61840dbeb01a","charr","78.2","system","R version 4.6.1 (2026-06-24)","/home/ted/R/x86_64-pc-linux-gnu-library/4.6/charr","3d947f3df10c63e20fffc0e4ef7f55f7","b6048fe5a9145f64d47e32d5df72435c","eedae0ee27c545032905b17ea9a2007c","54701f5f079bcb077976c7b53a0c2386",2,"c1ab2344fda0c7ff167883d2fcb4c64e"
"optimized-backends-record-20260731","ci_match_first_regex","regex","altrep","Main ALTREP","main","36f5c8d","altrep",4,5,0.026,26,100000,"medium","charvec",20260721,"32930d4bafb9d6f4ee7b61840dbeb01a","charr","78.2","system","R version 4.6.1 (2026-06-24)","/home/ted/R/x86_64-pc-linux-gnu-library/4.6/charr","3d947f3df10c63e20fffc0e4ef7f55f7","b6048fe5a9145f64d47e32d5df72435c","eedae0ee27c545032905b17ea9a2007c","54701f5f079bcb077976c7b53a0c2386",2,"fd3f05a163222901d4176ce041c7cbd2"
"optimized-backends-record-20260731","ci_match_first_regex","regex","stringi","stringi","main","36f5c8d","stringi",5,5,0.061,61,100000,"medium","character",20260721,"32930d4bafb9d6f4ee7b61840dbeb01a","stringi","74.1","bundle","R version 4.6.1 (2026-06-24)","/home/ted/R/x86_64-pc-linux-gnu-library/4.6/charr","3d947f3df10c63e20fffc0e4ef7f55f7","b6048fe5a9145f64d47e32d5df72435c","eedae0ee27c545032905b17ea9a2007c","54701f5f079bcb077976c7b53a0c2386",2,"c1ab2344fda0c7ff167883d2fcb4c64e"
"optimized-backends-record-20260731","ci_match_first_regex","regex","base","Main base","main","36f5c8d","base",5,5,0.053,53,100000,"medium","character",20260721,"32930d4bafb9d6f4ee7b61840dbeb01a","charr","78.2","system","R version 4.6.1 (2026-06-24)","/home/ted/R/x86_64-pc-linux-gnu-library/4.6/charr","3d947f3df10c63e20fffc0e4ef7f55f7","b6048fe5a9145f64d47e32d5df72435c","eedae0ee27c545032905b17ea9a2007c","54701f5f079bcb077976c7b53a0c2386",2,"c1ab2344fda0c7ff167883d2fcb4c64e"
"optimized-backends-record-20260731","ci_match_first_regex","regex","altrep","Main ALTREP","main","36f5c8d","altrep",5,5,0.026,26,100000,"medium","charvec",20260721,"32930d4bafb9d6f4ee7b61840dbeb01a","charr","78.2","system","R version 4.6.1 (2026-06-24)","/home/ted/R/x86_64-pc-linux-gnu-library/4.6/charr","3d947f3df10c63e20fffc0e4ef7f55f7","b6048fe5a9145f64d47e32d5df72435c","eedae0ee27c545032905b17ea9a2007c","54701f5f079bcb077976c7b53a0c2386",2,"fd3f05a163222901d4176ce041c7cbd2"
"optimized-backends-record-20260731","ci_match_all_regex","regex","stringi","stringi","main","36f5c8d","stringi",1,5,0.216,216,100000,"medium","character",20260721,"32930d4bafb9d6f4ee7b61840dbeb01a","stringi","74.1","bundle","R version 4.6.1 (2026-06-24)","/home/ted/R/x86_64-pc-linux-gnu-library/4.6/charr","3d947f3df10c63e20fffc0e4ef7f55f7","b6048fe5a9145f64d47e32d5df72435c","eedae0ee27c545032905b17ea9a2007c","54701f5f079bcb077976c7b53a0c2386",2,"c1ab2344fda0c7ff167883d2fcb4c64e"
"optimized-backends-record-20260731","ci_match_all_regex","regex","base","Main base","main","36f5c8d","base",1,5,0.211,211,100000,"medium","character",20260721,"32930d4bafb9d6f4ee7b61840dbeb01a","charr","78.2","system","R version 4.6.1 (2026-06-24)","/home/ted/R/x86_64-pc-linux-gnu-library/4.6/charr","3d947f3df10c63e20fffc0e4ef7f55f7","b6048fe5a9145f64d47e32d5df72435c","eedae0ee27c545032905b17ea9a2007c","54701f5f079bcb077976c7b53a0c2386",2,"c1ab2344fda0c7ff167883d2fcb4c64e"
"optimized-backends-record-20260731","ci_match_all_regex","regex","altrep","Main ALTREP","main","36f5c8d","altrep",1,5,0.127,127,100000,"medium","charvec",20260721,"32930d4bafb9d6f4ee7b61840dbeb01a","charr","78.2","system","R version 4.6.1 (2026-06-24)","/home/ted/R/x86_64-pc-linux-gnu-library/4.6/charr","3d947f3df10c63e20fffc0e4ef7f55f7","b6048fe5a9145f64d47e32d5df72435c","eedae0ee27c545032905b17ea9a2007c","54701f5f079bcb077976c7b53a0c2386",2,"fd3f05a163222901d4176ce041c7cbd2"
"optimized-backends-record-20260731","ci_match_all_regex","regex","stringi","stringi","main","36f5c8d","stringi",2,5,0.218,218,100000,"medium","character",20260721,"32930d4bafb9d6f4ee7b61840dbeb01a","stringi","74.1","bundle","R version 4.6.1 (2026-06-24)","/home/ted/R/x86_64-pc-linux-gnu-library/4.6/charr","3d947f3df10c63e20fffc0e4ef7f55f7","b6048fe5a9145f64d47e32d5df72435c","eedae0ee27c545032905b17ea9a2007c","54701f5f079bcb077976c7b53a0c2386",2,"c1ab2344fda0c7ff167883d2fcb4c64e"
"optimized-backends-record-20260731","ci_match_all_regex","regex","base","Main base","main","36f5c8d","base",2,5,0.209,209,100000,"medium","character",20260721,"32930d4bafb9d6f4ee7b61840dbeb01a","charr","78.2","system","R version 4.6.1 (2026-06-24)","/home/ted/R/x86_64-pc-linux-gnu-library/4.6/charr","3d947f3df10c63e20fffc0e4ef7f55f7","b6048fe5a9145f64d47e32d5df72435c","eedae0ee27c545032905b17ea9a2007c","54701f5f079bcb077976c7b53a0c2386",2,"c1ab2344fda0c7ff167883d2fcb4c64e"
"optimized-backends-record-20260731","ci_match_all_regex","regex","altrep","Main ALTREP","main","36f5c8d","altrep",2,5,0.127,127,100000,"medium","charvec",20260721,"32930d4bafb9d6f4ee7b61840dbeb01a","charr","78.2","system","R version 4.6.1 (2026-06-24)","/home/ted/R/x86_64-pc-linux-gnu-library/4.6/charr","3d947f3df10c63e20fffc0e4ef7f55f7","b6048fe5a9145f64d47e32d5df72435c","eedae0ee27c545032905b17ea9a2007c","54701f5f079bcb077976c7b53a0c2386",2,"fd3f05a163222901d4176ce041c7cbd2"
"optimized-backends-record-20260731","ci_match_all_regex","regex","stringi","stringi","main","36f5c8d","stringi",3,5,0.223,223,100000,"medium","character",20260721,"32930d4bafb9d6f4ee7b61840dbeb01a","stringi","74.1","bundle","R version 4.6.1 (2026-06-24)","/home/ted/R/x86_64-pc-linux-gnu-library/4.6/charr","3d947f3df10c63e20fffc0e4ef7f55f7","b6048fe5a9145f64d47e32d5df72435c","eedae0ee27c545032905b17ea9a2007c","54701f5f079bcb077976c7b53a0c2386",2,"c1ab2344fda0c7ff167883d2fcb4c64e"
"optimized-backends-record-20260731","ci_match_all_regex","regex","base","Main base","main","36f5c8d","base",3,5,0.21,210,100000,"medium","character",20260721,"32930d4bafb9d6f4ee7b61840dbeb01a","charr","78.2","system","R version 4.6.1 (2026-06-24)","/home/ted/R/x86_64-pc-linux-gnu-library/4.6/charr","3d947f3df10c63e20fffc0e4ef7f55f7","b6048fe5a9145f64d47e32d5df72435c","eedae0ee27c545032905b17ea9a2007c","54701f5f079bcb077976c7b53a0c2386",2,"c1ab2344fda0c7ff167883d2fcb4c64e"
"optimized-backends-record-20260731","ci_match_all_regex","regex","altrep","Main ALTREP","main","36f5c8d","altrep",3,5,0.127,127,100000,"medium","charvec",20260721,"32930d4bafb9d6f4ee7b61840dbeb01a","charr","78.2","system","R version 4.6.1 (2026-06-24)","/home/ted/R/x86_64-pc-linux-gnu-library/4.6/charr","3d947f3df10c63e20fffc0e4ef7f55f7","b6048fe5a9145f64d47e32d5df72435c","eedae0ee27c545032905b17ea9a2007c","54701f5f079bcb077976c7b53a0c2386",2,"fd3f05a163222901d4176ce041c7cbd2"
"optimized-backends-record-20260731","ci_match_all_regex","regex","stringi","stringi","main","36f5c8d","stringi",4,5,0.215,215,100000,"medium","character",20260721,"32930d4bafb9d6f4ee7b61840dbeb01a","stringi","74.1","bundle","R version 4.6.1 (2026-06-24)","/home/ted/R/x86_64-pc-linux-gnu-library/4.6/charr","3d947f3df10c63e20fffc0e4ef7f55f7","b6048fe5a9145f64d47e32d5df72435c","eedae0ee27c545032905b17ea9a2007c","54701f5f079bcb077976c7b53a0c2386",2,"c1ab2344fda0c7ff167883d2fcb4c64e"
"optimized-backends-record-20260731","ci_match_all_regex","regex","base","Main base","main","36f5c8d","base",4,5,0.209,209,100000,"medium","character",20260721,"32930d4bafb9d6f4ee7b61840dbeb01a","charr","78.2","system","R version 4.6.1 (2026-06-24)","/home/ted/R/x86_64-pc-linux-gnu-library/4.6/charr","3d947f3df10c63e20fffc0e4ef7f55f7","b6048fe5a9145f64d47e32d5df72435c","eedae0ee27c545032905b17ea9a2007c","54701f5f079bcb077976c7b53a0c2386",2,"c1ab2344fda0c7ff167883d2fcb4c64e"
"optimized-backends-record-20260731","ci_match_all_regex","regex","altrep","Main ALTREP","main","36f5c8d","altrep",4,5,0.128,128,100000,"medium","charvec",20260721,"32930d4bafb9d6f4ee7b61840dbeb01a","charr","78.2","system","R version 4.6.1 (2026-06-24)","/home/ted/R/x86_64-pc-linux-gnu-library/4.6/charr","3d947f3df10c63e20fffc0e4ef7f55f7","b6048fe5a9145f64d47e32d5df72435c","eedae0ee27c545032905b17ea9a2007c","54701f5f079bcb077976c7b53a0c2386",2,"fd3f05a163222901d4176ce041c7cbd2"
"optimized-backends-record-20260731","ci_match_all_regex","regex","stringi","stringi","main","36f5c8d","stringi",5,5,0.218,218,100000,"medium","character",20260721,"32930d4bafb9d6f4ee7b61840dbeb01a","stringi","74.1","bundle","R version 4.6.1 (2026-06-24)","/home/ted/R/x86_64-pc-linux-gnu-library/4.6/charr","3d947f3df10c63e20fffc0e4ef7f55f7","b6048fe5a9145f64d47e32d5df72435c","eedae0ee27c545032905b17ea9a2007c","54701f5f079bcb077976c7b53a0c2386",2,"c1ab2344fda0c7ff167883d2fcb4c64e"
"optimized-backends-record-20260731","ci_match_all_regex","regex","base","Main base","main","36f5c8d","base",5,5,0.21,210,100000,"medium","character",20260721,"32930d4bafb9d6f4ee7b61840dbeb01a","charr","78.2","system","R version 4.6.1 (2026-06-24)","/home/ted/R/x86_64-pc-linux-gnu-library/4.6/charr","3d947f3df10c63e20fffc0e4ef7f55f7","b6048fe5a9145f64d47e32d5df72435c","eedae0ee27c545032905b17ea9a2007c","54701f5f079bcb077976c7b53a0c2386",2,"c1ab2344fda0c7ff167883d2fcb4c64e"
"optimized-backends-record-20260731","ci_match_all_regex","regex","altrep","Main ALTREP","main","36f5c8d","altrep",5,5,0.127,127,100000,"medium","charvec",20260721,"32930d4bafb9d6f4ee7b61840dbeb01a","charr","78.2","system","R version 4.6.1 (2026-06-24)","/home/ted/R/x86_64-pc-linux-gnu-library/4.6/charr","3d947f3df10c63e20fffc0e4ef7f55f7","b6048fe5a9145f64d47e32d5df72435c","eedae0ee27c545032905b17ea9a2007c","54701f5f079bcb077976c7b53a0c2386",2,"fd3f05a163222901d4176ce041c7cbd2"
"optimized-backends-record-20260731","ci_detect_coll","collation","stringi","stringi","main","36f5c8d","stringi",1,5,0.114,114,100000,"medium","character",20260721,"32930d4bafb9d6f4ee7b61840dbeb01a","stringi","74.1","bundle","R version 4.6.1 (2026-06-24)","/home/ted/R/x86_64-pc-linux-gnu-library/4.6/charr","3d947f3df10c63e20fffc0e4ef7f55f7","b6048fe5a9145f64d47e32d5df72435c","eedae0ee27c545032905b17ea9a2007c","54701f5f079bcb077976c7b53a0c2386",2,"c1ab2344fda0c7ff167883d2fcb4c64e"
"optimized-backends-record-20260731","ci_detect_coll","collation","base","Main base","main","36f5c8d","base",1,5,0.103,103,100000,"medium","character",20260721,"32930d4bafb9d6f4ee7b61840dbeb01a","charr","78.2","system","R version 4.6.1 (2026-06-24)","/home/ted/R/x86_64-pc-linux-gnu-library/4.6/charr","3d947f3df10c63e20fffc0e4ef7f55f7","b6048fe5a9145f64d47e32d5df72435c","eedae0ee27c545032905b17ea9a2007c","54701f5f079bcb077976c7b53a0c2386",2,"c1ab2344fda0c7ff167883d2fcb4c64e"
"optimized-backends-record-20260731","ci_detect_coll","collation","altrep","Main ALTREP","main","36f5c8d","altrep",1,5,0.101,101,100000,"medium","charvec",20260721,"32930d4bafb9d6f4ee7b61840dbeb01a","charr","78.2","system","R version 4.6.1 (2026-06-24)","/home/ted/R/x86_64-pc-linux-gnu-library/4.6/charr","3d947f3df10c63e20fffc0e4ef7f55f7","b6048fe5a9145f64d47e32d5df72435c","eedae0ee27c545032905b17ea9a2007c","54701f5f079bcb077976c7b53a0c2386",2,"fd3f05a163222901d4176ce041c7cbd2"
"optimized-backends-record-20260731","ci_detect_coll","collation","stringi","stringi","main","36f5c8d","stringi",2,5,0.114,114,100000,"medium","character",20260721,"32930d4bafb9d6f4ee7b61840dbeb01a","stringi","74.1","bundle","R version 4.6.1 (2026-06-24)","/home/ted/R/x86_64-pc-linux-gnu-library/4.6/charr","3d947f3df10c63e20fffc0e4ef7f55f7","b6048fe5a9145f64d47e32d5df72435c","eedae0ee27c545032905b17ea9a2007c","54701f5f079bcb077976c7b53a0c2386",2,"c1ab2344fda0c7ff167883d2fcb4c64e"
"optimized-backends-record-20260731","ci_detect_coll","collation","base","Main base","main","36f5c8d","base",2,5,0.102,102,100000,"medium","character",20260721,"32930d4bafb9d6f4ee7b61840dbeb01a","charr","78.2","system","R version 4.6.1 (2026-06-24)","/home/ted/R/x86_64-pc-linux-gnu-library/4.6/charr","3d947f3df10c63e20fffc0e4ef7f55f7","b6048fe5a9145f64d47e32d5df72435c","eedae0ee27c545032905b17ea9a2007c","54701f5f079bcb077976c7b53a0c2386",2,"c1ab2344fda0c7ff167883d2fcb4c64e"
"optimized-backends-record-20260731","ci_detect_coll","collation","altrep","Main ALTREP","main","36f5c8d","altrep",2,5,0.102,102,100000,"medium","charvec",20260721,"32930d4bafb9d6f4ee7b61840dbeb01a","charr","78.2","system","R version 4.6.1 (2026-06-24)","/home/ted/R/x86_64-pc-linux-gnu-library/4.6/charr","3d947f3df10c63e20fffc0e4ef7f55f7","b6048fe5a9145f64d47e32d5df72435c","eedae0ee27c545032905b17ea9a2007c","54701f5f079bcb077976c7b53a0c2386",2,"fd3f05a163222901d4176ce041c7cbd2"
"optimized-backends-record-20260731","ci_detect_coll","collation","stringi","stringi","main","36f5c8d","stringi",3,5,0.113,113,100000,"medium","character",20260721,"32930d4bafb9d6f4ee7b61840dbeb01a","stringi","74.1","bundle","R version 4.6.1 (2026-06-24)","/home/ted/R/x86_64-pc-linux-gnu-library/4.6/charr","3d947f3df10c63e20fffc0e4ef7f55f7","b6048fe5a9145f64d47e32d5df72435c","eedae0ee27c545032905b17ea9a2007c","54701f5f079bcb077976c7b53a0c2386",2,"c1ab2344fda0c7ff167883d2fcb4c64e"
"optimized-backends-record-20260731","ci_detect_coll","collation","base","Main base","main","36f5c8d","base",3,5,0.102,102,100000,"medium","character",20260721,"32930d4bafb9d6f4ee7b61840dbeb01a","charr","78.2","system","R version 4.6.1 (2026-06-24)","/home/ted/R/x86_64-pc-linux-gnu-library/4.6/charr","3d947f3df10c63e20fffc0e4ef7f55f7","b6048fe5a9145f64d47e32d5df72435c","eedae0ee27c545032905b17ea9a2007c","54701f5f079bcb077976c7b53a0c2386",2,"c1ab2344fda0c7ff167883d2fcb4c64e"
"optimized-backends-record-20260731","ci_detect_coll","collation","altrep","Main ALTREP","main","36f5c8d","altrep",3,5,0.101,101,100000,"medium","charvec",20260721,"32930d4bafb9d6f4ee7b61840dbeb01a","charr","78.2","system","R version 4.6.1 (2026-06-24)","/home/ted/R/x86_64-pc-linux-gnu-library/4.6/charr","3d947f3df10c63e20fffc0e4ef7f55f7","b6048fe5a9145f64d47e32d5df72435c","eedae0ee27c545032905b17ea9a2007c","54701f5f079bcb077976c7b53a0c2386",2,"fd3f05a163222901d4176ce041c7cbd2"
"optimized-backends-record-20260731","ci_detect_coll","collation","stringi","stringi","main","36f5c8d","stringi",4,5,0.114,114,100000,"medium","character",20260721,"32930d4bafb9d6f4ee7b61840dbeb01a","stringi","74.1","bundle","R version 4.6.1 (2026-06-24)","/home/ted/R/x86_64-pc-linux-gnu-library/4.6/charr","3d947f3df10c63e20fffc0e4ef7f55f7","b6048fe5a9145f64d47e32d5df72435c","eedae0ee27c545032905b17ea9a2007c","54701f5f079bcb077976c7b53a0c2386",2,"c1ab2344fda0c7ff167883d2fcb4c64e"
"optimized-backends-record-20260731","ci_detect_coll","collation","base","Main base","main","36f5c8d","base",4,5,0.102,102,100000,"medium","character",20260721,"32930d4bafb9d6f4ee7b61840dbeb01a","charr","78.2","system","R version 4.6.1 (2026-06-24)","/home/ted/R/x86_64-pc-linux-gnu-library/4.6/charr","3d947f3df10c63e20fffc0e4ef7f55f7","b6048fe5a9145f64d47e32d5df72435c","eedae0ee27c545032905b17ea9a2007c","54701f5f079bcb077976c7b53a0c2386",2,"c1ab2344fda0c7ff167883d2fcb4c64e"
"optimized-backends-record-20260731","ci_detect_coll","collation","altrep","Main ALTREP","main","36f5c8d","altrep",4,5,0.101,101,100000,"medium","charvec",20260721,"32930d4bafb9d6f4ee7b61840dbeb01a","charr","78.2","system","R version 4.6.1 (2026-06-24)","/home/ted/R/x86_64-pc-linux-gnu-library/4.6/charr","3d947f3df10c63e20fffc0e4ef7f55f7","b6048fe5a9145f64d47e32d5df72435c","eedae0ee27c545032905b17ea9a2007c","54701f5f079bcb077976c7b53a0c2386",2,"fd3f05a163222901d4176ce041c7cbd2"
"optimized-backends-record-20260731","ci_detect_coll","collation","stringi","stringi","main","36f5c8d","stringi",5,5,0.114,114,100000,"medium","character",20260721,"32930d4bafb9d6f4ee7b61840dbeb01a","stringi","74.1","bundle","R version 4.6.1 (2026-06-24)","/home/ted/R/x86_64-pc-linux-gnu-library/4.6/charr","3d947f3df10c63e20fffc0e4ef7f55f7","b6048fe5a9145f64d47e32d5df72435c","eedae0ee27c545032905b17ea9a2007c","54701f5f079bcb077976c7b53a0c2386",2,"c1ab2344fda0c7ff167883d2fcb4c64e"
"optimized-backends-record-20260731","ci_detect_coll","collation","base","Main base","main","36f5c8d","base",5,5,0.103,103,100000,"medium","character",20260721,"32930d4bafb9d6f4ee7b61840dbeb01a","charr","78.2","system","R version 4.6.1 (2026-06-24)","/home/ted/R/x86_64-pc-linux-gnu-library/4.6/charr","3d947f3df10c63e20fffc0e4ef7f55f7","b6048fe5a9145f64d47e32d5df72435c","eedae0ee27c545032905b17ea9a2007c","54701f5f079bcb077976c7b53a0c2386",2,"c1ab2344fda0c7ff167883d2fcb4c64e"
"optimized-backends-record-20260731","ci_detect_coll","collation","altrep","Main ALTREP","main","36f5c8d","altrep",5,5,0.101,101,100000,"medium","charvec",20260721,"32930d4bafb9d6f4ee7b61840dbeb01a","charr","78.2","system","R version 4.6.1 (2026-06-24)","/home/ted/R/x86_64-pc-linux-gnu-library/4.6/charr","3d947f3df10c63e20fffc0e4ef7f55f7","b6048fe5a9145f64d47e32d5df72435c","eedae0ee27c545032905b17ea9a2007c","54701f5f079bcb077976c7b53a0c2386",2,"fd3f05a163222901d4176ce041c7cbd2"
"optimized-backends-record-20260731","ci_startswith_coll","collation","stringi","stringi","main","36f5c8d","stringi",1,5,0.118,118,100000,"medium","character",20260721,"32930d4bafb9d6f4ee7b61840dbeb01a","stringi","74.1","bundle","R version 4.6.1 (2026-06-24)","/home/ted/R/x86_64-pc-linux-gnu-library/4.6/charr","3d947f3df10c63e20fffc0e4ef7f55f7","b6048fe5a9145f64d47e32d5df72435c","eedae0ee27c545032905b17ea9a2007c","54701f5f079bcb077976c7b53a0c2386",2,"c1ab2344fda0c7ff167883d2fcb4c64e"
"optimized-backends-record-20260731","ci_startswith_coll","collation","base","Main base","main","36f5c8d","base",1,5,0.106,106,100000,"medium","character",20260721,"32930d4bafb9d6f4ee7b61840dbeb01a","charr","78.2","system","R version 4.6.1 (2026-06-24)","/home/ted/R/x86_64-pc-linux-gnu-library/4.6/charr","3d947f3df10c63e20fffc0e4ef7f55f7","b6048fe5a9145f64d47e32d5df72435c","eedae0ee27c545032905b17ea9a2007c","54701f5f079bcb077976c7b53a0c2386",2,"c1ab2344fda0c7ff167883d2fcb4c64e"
"optimized-backends-record-20260731","ci_startswith_coll","collation","altrep","Main ALTREP","main","36f5c8d","altrep",1,5,0.105,105,100000,"medium","charvec",20260721,"32930d4bafb9d6f4ee7b61840dbeb01a","charr","78.2","system","R version 4.6.1 (2026-06-24)","/home/ted/R/x86_64-pc-linux-gnu-library/4.6/charr","3d947f3df10c63e20fffc0e4ef7f55f7","b6048fe5a9145f64d47e32d5df72435c","eedae0ee27c545032905b17ea9a2007c","54701f5f079bcb077976c7b53a0c2386",2,"fd3f05a163222901d4176ce041c7cbd2"
"optimized-backends-record-20260731","ci_startswith_coll","collation","stringi","stringi","main","36f5c8d","stringi",2,5,0.118,118,100000,"medium","character",20260721,"32930d4bafb9d6f4ee7b61840dbeb01a","stringi","74.1","bundle","R version 4.6.1 (2026-06-24)","/home/ted/R/x86_64-pc-linux-gnu-library/4.6/charr","3d947f3df10c63e20fffc0e4ef7f55f7","b6048fe5a9145f64d47e32d5df72435c","eedae0ee27c545032905b17ea9a2007c","54701f5f079bcb077976c7b53a0c2386",2,"c1ab2344fda0c7ff167883d2fcb4c64e"
"optimized-backends-record-20260731","ci_startswith_coll","collation","base","Main base","main","36f5c8d","base",2,5,0.109,109,100000,"medium","character",20260721,"32930d4bafb9d6f4ee7b61840dbeb01a","charr","78.2","system","R version 4.6.1 (2026-06-24)","/home/ted/R/x86_64-pc-linux-gnu-library/4.6/charr","3d947f3df10c63e20fffc0e4ef7f55f7","b6048fe5a9145f64d47e32d5df72435c","eedae0ee27c545032905b17ea9a2007c","54701f5f079bcb077976c7b53a0c2386",2,"c1ab2344fda0c7ff167883d2fcb4c64e"
"optimized-backends-record-20260731","ci_startswith_coll","collation","altrep","Main ALTREP","main","36f5c8d","altrep",2,5,0.105,105,100000,"medium","charvec",20260721,"32930d4bafb9d6f4ee7b61840dbeb01a","charr","78.2","system","R version 4.6.1 (2026-06-24)","/home/ted/R/x86_64-pc-linux-gnu-library/4.6/charr","3d947f3df10c63e20fffc0e4ef7f55f7","b6048fe5a9145f64d47e32d5df72435c","eedae0ee27c545032905b17ea9a2007c","54701f5f079bcb077976c7b53a0c2386",2,"fd3f05a163222901d4176ce041c7cbd2"
"optimized-backends-record-20260731","ci_startswith_coll","collation","stringi","stringi","main","36f5c8d","stringi",3,5,0.117,117,100000,"medium","character",20260721,"32930d4bafb9d6f4ee7b61840dbeb01a","stringi","74.1","bundle","R version 4.6.1 (2026-06-24)","/home/ted/R/x86_64-pc-linux-gnu-library/4.6/charr","3d947f3df10c63e20fffc0e4ef7f55f7","b6048fe5a9145f64d47e32d5df72435c","eedae0ee27c545032905b17ea9a2007c","54701f5f079bcb077976c7b53a0c2386",2,"c1ab2344fda0c7ff167883d2fcb4c64e"
"optimized-backends-record-20260731","ci_startswith_coll","collation","base","Main base","main","36f5c8d","base",3,5,0.106,106,100000,"medium","character",20260721,"32930d4bafb9d6f4ee7b61840dbeb01a","charr","78.2","system","R version 4.6.1 (2026-06-24)","/home/ted/R/x86_64-pc-linux-gnu-library/4.6/charr","3d947f3df10c63e20fffc0e4ef7f55f7","b6048fe5a9145f64d47e32d5df72435c","eedae0ee27c545032905b17ea9a2007c","54701f5f079bcb077976c7b53a0c2386",2,"c1ab2344fda0c7ff167883d2fcb4c64e"
"optimized-backends-record-20260731","ci_startswith_coll","collation","altrep","Main ALTREP","main","36f5c8d","altrep",3,5,0.106,106,100000,"medium","charvec",20260721,"32930d4bafb9d6f4ee7b61840dbeb01a","charr","78.2","system","R version 4.6.1 (2026-06-24)","/home/ted/R/x86_64-pc-linux-gnu-library/4.6/charr","3d947f3df10c63e20fffc0e4ef7f55f7","b6048fe5a9145f64d47e32d5df72435c","eedae0ee27c545032905b17ea9a2007c","54701f5f079bcb077976c7b53a0c2386",2,"fd3f05a163222901d4176ce041c7cbd2"
"optimized-backends-record-20260731","ci_startswith_coll","collation","stringi","stringi","main","36f5c8d","stringi",4,5,0.117,117,100000,"medium","character",20260721,"32930d4bafb9d6f4ee7b61840dbeb01a","stringi","74.1","bundle","R version 4.6.1 (2026-06-24)","/home/ted/R/x86_64-pc-linux-gnu-library/4.6/charr","3d947f3df10c63e20fffc0e4ef7f55f7","b6048fe5a9145f64d47e32d5df72435c","eedae0ee27c545032905b17ea9a2007c","54701f5f079bcb077976c7b53a0c2386",2,"c1ab2344fda0c7ff167883d2fcb4c64e"
"optimized-backends-record-20260731","ci_startswith_coll","collation","base","Main base","main","36f5c8d","base",4,5,0.107,107,100000,"medium","character",20260721,"32930d4bafb9d6f4ee7b61840dbeb01a","charr","78.2","system","R version 4.6.1 (2026-06-24)","/home/ted/R/x86_64-pc-linux-gnu-library/4.6/charr","3d947f3df10c63e20fffc0e4ef7f55f7","b6048fe5a9145f64d47e32d5df72435c","eedae0ee27c545032905b17ea9a2007c","54701f5f079bcb077976c7b53a0c2386",2,"c1ab2344fda0c7ff167883d2fcb4c64e"
"optimized-backends-record-20260731","ci_startswith_coll","collation","altrep","Main ALTREP","main","36f5c8d","altrep",4,5,0.106,106,100000,"medium","charvec",20260721,"32930d4bafb9d6f4ee7b61840dbeb01a","charr","78.2","system","R version 4.6.1 (2026-06-24)","/home/ted/R/x86_64-pc-linux-gnu-library/4.6/charr","3d947f3df10c63e20fffc0e4ef7f55f7","b6048fe5a9145f64d47e32d5df72435c","eedae0ee27c545032905b17ea9a2007c","54701f5f079bcb077976c7b53a0c2386",2,"fd3f05a163222901d4176ce041c7cbd2"
"optimized-backends-record-20260731","ci_startswith_coll","collation","stringi","stringi","main","36f5c8d","stringi",5,5,0.117,117,100000,"medium","character",20260721,"32930d4bafb9d6f4ee7b61840dbeb01a","stringi","74.1","bundle","R version 4.6.1 (2026-06-24)","/home/ted/R/x86_64-pc-linux-gnu-library/4.6/charr","3d947f3df10c63e20fffc0e4ef7f55f7","b6048fe5a9145f64d47e32d5df72435c","eedae0ee27c545032905b17ea9a2007c","54701f5f079bcb077976c7b53a0c2386",2,"c1ab2344fda0c7ff167883d2fcb4c64e"
"optimized-backends-record-20260731","ci_startswith_coll","collation","base","Main base","main","36f5c8d","base",5,5,0.108,108,100000,"medium","character",20260721,"32930d4bafb9d6f4ee7b61840dbeb01a","charr","78.2","system","R version 4.6.1 (2026-06-24)","/home/ted/R/x86_64-pc-linux-gnu-library/4.6/charr","3d947f3df10c63e20fffc0e4ef7f55f7","b6048fe5a9145f64d47e32d5df72435c","eedae0ee27c545032905b17ea9a2007c","54701f5f079bcb077976c7b53a0c2386",2,"c1ab2344fda0c7ff167883d2fcb4c64e"
"optimized-backends-record-20260731","ci_startswith_coll","collation","altrep","Main ALTREP","main","36f5c8d","altrep",5,5,0.105,105,100000,"medium","charvec",20260721,"32930d4bafb9d6f4ee7b61840dbeb01a","charr","78.2","system","R version 4.6.1 (2026-06-24)","/home/ted/R/x86_64-pc-linux-gnu-library/4.6/charr","3d947f3df10c63e20fffc0e4ef7f55f7","b6048fe5a9145f64d47e32d5df72435c","eedae0ee27c545032905b17ea9a2007c","54701f5f079bcb077976c7b53a0c2386",2,"fd3f05a163222901d4176ce041c7cbd2"
"optimized-backends-record-20260731","ci_endswith_coll","collation","stringi","stringi","main","36f5c8d","stringi",1,5,0.186,186,100000,"medium","character",20260721,"32930d4bafb9d6f4ee7b61840dbeb01a","stringi","74.1","bundle","R version 4.6.1 (2026-06-24)","/home/ted/R/x86_64-pc-linux-gnu-library/4.6/charr","3d947f3df10c63e20fffc0e4ef7f55f7","b6048fe5a9145f64d47e32d5df72435c","eedae0ee27c545032905b17ea9a2007c","54701f5f079bcb077976c7b53a0c2386",2,"c1ab2344fda0c7ff167883d2fcb4c64e"
"optimized-backends-record-20260731","ci_endswith_coll","collation","base","Main base","main","36f5c8d","base",1,5,0.177,177,100000,"medium","character",20260721,"32930d4bafb9d6f4ee7b61840dbeb01a","charr","78.2","system","R version 4.6.1 (2026-06-24)","/home/ted/R/x86_64-pc-linux-gnu-library/4.6/charr","3d947f3df10c63e20fffc0e4ef7f55f7","b6048fe5a9145f64d47e32d5df72435c","eedae0ee27c545032905b17ea9a2007c","54701f5f079bcb077976c7b53a0c2386",2,"c1ab2344fda0c7ff167883d2fcb4c64e"
"optimized-backends-record-20260731","ci_endswith_coll","collation","altrep","Main ALTREP","main","36f5c8d","altrep",1,5,0.177,177,100000,"medium","charvec",20260721,"32930d4bafb9d6f4ee7b61840dbeb01a","charr","78.2","system","R version 4.6.1 (2026-06-24)","/home/ted/R/x86_64-pc-linux-gnu-library/4.6/charr","3d947f3df10c63e20fffc0e4ef7f55f7","b6048fe5a9145f64d47e32d5df72435c","eedae0ee27c545032905b17ea9a2007c","54701f5f079bcb077976c7b53a0c2386",2,"fd3f05a163222901d4176ce041c7cbd2"
"optimized-backends-record-20260731","ci_endswith_coll","collation","stringi","stringi","main","36f5c8d","stringi",2,5,0.185,185,100000,"medium","character",20260721,"32930d4bafb9d6f4ee7b61840dbeb01a","stringi","74.1","bundle","R version 4.6.1 (2026-06-24)","/home/ted/R/x86_64-pc-linux-gnu-library/4.6/charr","3d947f3df10c63e20fffc0e4ef7f55f7","b6048fe5a9145f64d47e32d5df72435c","eedae0ee27c545032905b17ea9a2007c","54701f5f079bcb077976c7b53a0c2386",2,"c1ab2344fda0c7ff167883d2fcb4c64e"
"optimized-backends-record-20260731","ci_endswith_coll","collation","base","Main base","main","36f5c8d","base",2,5,0.183,183,100000,"medium","character",20260721,"32930d4bafb9d6f4ee7b61840dbeb01a","charr","78.2","system","R version 4.6.1 (2026-06-24)","/home/ted/R/x86_64-pc-linux-gnu-library/4.6/charr","3d947f3df10c63e20fffc0e4ef7f55f7","b6048fe5a9145f64d47e32d5df72435c","eedae0ee27c545032905b17ea9a2007c","54701f5f079bcb077976c7b53a0c2386",2,"c1ab2344fda0c7ff167883d2fcb4c64e"
"optimized-backends-record-20260731","ci_endswith_coll","collation","altrep","Main ALTREP","main","36f5c8d","altrep",2,5,0.178,178,100000,"medium","charvec",20260721,"32930d4bafb9d6f4ee7b61840dbeb01a","charr","78.2","system","R version 4.6.1 (2026-06-24)","/home/ted/R/x86_64-pc-linux-gnu-library/4.6/charr","3d947f3df10c63e20fffc0e4ef7f55f7","b6048fe5a9145f64d47e32d5df72435c","eedae0ee27c545032905b17ea9a2007c","54701f5f079bcb077976c7b53a0c2386",2,"fd3f05a163222901d4176ce041c7cbd2"
"optimized-backends-record-20260731","ci_endswith_coll","collation","stringi","stringi","main","36f5c8d","stringi",3,5,0.184,184,100000,"medium","character",20260721,"32930d4bafb9d6f4ee7b61840dbeb01a","stringi","74.1","bundle","R version 4.6.1 (2026-06-24)","/home/ted/R/x86_64-pc-linux-gnu-library/4.6/charr","3d947f3df10c63e20fffc0e4ef7f55f7","b6048fe5a9145f64d47e32d5df72435c","eedae0ee27c545032905b17ea9a2007c","54701f5f079bcb077976c7b53a0c2386",2,"c1ab2344fda0c7ff167883d2fcb4c64e"
"optimized-backends-record-20260731","ci_endswith_coll","collation","base","Main base","main","36f5c8d","base",3,5,0.177,177,100000,"medium","character",20260721,"32930d4bafb9d6f4ee7b61840dbeb01a","charr","78.2","system","R version 4.6.1 (2026-06-24)","/home/ted/R/x86_64-pc-linux-gnu-library/4.6/charr","3d947f3df10c63e20fffc0e4ef7f55f7","b6048fe5a9145f64d47e32d5df72435c","eedae0ee27c545032905b17ea9a2007c","54701f5f079bcb077976c7b53a0c2386",2,"c1ab2344fda0c7ff167883d2fcb4c64e"
"optimized-backends-record-20260731","ci_endswith_coll","collation","altrep","Main ALTREP","main","36f5c8d","altrep",3,5,0.177,177,100000,"medium","charvec",20260721,"32930d4bafb9d6f4ee7b61840dbeb01a","charr","78.2","system","R version 4.6.1 (2026-06-24)","/home/ted/R/x86_64-pc-linux-gnu-library/4.6/charr","3d947f3df10c63e20fffc0e4ef7f55f7","b6048fe5a9145f64d47e32d5df72435c","eedae0ee27c545032905b17ea9a2007c","54701f5f079bcb077976c7b53a0c2386",2,"fd3f05a163222901d4176ce041c7cbd2"
"optimized-backends-record-20260731","ci_endswith_coll","collation","stringi","stringi","main","36f5c8d","stringi",4,5,0.185,185,100000,"medium","character",20260721,"32930d4bafb9d6f4ee7b61840dbeb01a","stringi","74.1","bundle","R version 4.6.1 (2026-06-24)","/home/ted/R/x86_64-pc-linux-gnu-library/4.6/charr","3d947f3df10c63e20fffc0e4ef7f55f7","b6048fe5a9145f64d47e32d5df72435c","eedae0ee27c545032905b17ea9a2007c","54701f5f079bcb077976c7b53a0c2386",2,"c1ab2344fda0c7ff167883d2fcb4c64e"
"optimized-backends-record-20260731","ci_endswith_coll","collation","base","Main base","main","36f5c8d","base",4,5,0.179,179,100000,"medium","character",20260721,"32930d4bafb9d6f4ee7b61840dbeb01a","charr","78.2","system","R version 4.6.1 (2026-06-24)","/home/ted/R/x86_64-pc-linux-gnu-library/4.6/charr","3d947f3df10c63e20fffc0e4ef7f55f7","b6048fe5a9145f64d47e32d5df72435c","eedae0ee27c545032905b17ea9a2007c","54701f5f079bcb077976c7b53a0c2386",2,"c1ab2344fda0c7ff167883d2fcb4c64e"
"optimized-backends-record-20260731","ci_endswith_coll","collation","altrep","Main ALTREP","main","36f5c8d","altrep",4,5,0.177,177,100000,"medium","charvec",20260721,"32930d4bafb9d6f4ee7b61840dbeb01a","charr","78.2","system","R version 4.6.1 (2026-06-24)","/home/ted/R/x86_64-pc-linux-gnu-library/4.6/charr","3d947f3df10c63e20fffc0e4ef7f55f7","b6048fe5a9145f64d47e32d5df72435c","eedae0ee27c545032905b17ea9a2007c","54701f5f079bcb077976c7b53a0c2386",2,"fd3f05a163222901d4176ce041c7cbd2"
"optimized-backends-record-20260731","ci_endswith_coll","collation","stringi","stringi","main","36f5c8d","stringi",5,5,0.186,186,100000,"medium","character",20260721,"32930d4bafb9d6f4ee7b61840dbeb01a","stringi","74.1","bundle","R version 4.6.1 (2026-06-24)","/home/ted/R/x86_64-pc-linux-gnu-library/4.6/charr","3d947f3df10c63e20fffc0e4ef7f55f7","b6048fe5a9145f64d47e32d5df72435c","eedae0ee27c545032905b17ea9a2007c","54701f5f079bcb077976c7b53a0c2386",2,"c1ab2344fda0c7ff167883d2fcb4c64e"
"optimized-backends-record-20260731","ci_endswith_coll","collation","base","Main base","main","36f5c8d","base",5,5,0.177,177,100000,"medium","character",20260721,"32930d4bafb9d6f4ee7b61840dbeb01a","charr","78.2","system","R version 4.6.1 (2026-06-24)","/home/ted/R/x86_64-pc-linux-gnu-library/4.6/charr","3d947f3df10c63e20fffc0e4ef7f55f7","b6048fe5a9145f64d47e32d5df72435c","eedae0ee27c545032905b17ea9a2007c","54701f5f079bcb077976c7b53a0c2386",2,"c1ab2344fda0c7ff167883d2fcb4c64e"
"optimized-backends-record-20260731","ci_endswith_coll","collation","altrep","Main ALTREP","main","36f5c8d","altrep",5,5,0.177,177,100000,"medium","charvec",20260721,"32930d4bafb9d6f4ee7b61840dbeb01a","charr","78.2","system","R version 4.6.1 (2026-06-24)","/home/ted/R/x86_64-pc-linux-gnu-library/4.6/charr","3d947f3df10c63e20fffc0e4ef7f55f7","b6048fe5a9145f64d47e32d5df72435c","eedae0ee27c545032905b17ea9a2007c","54701f5f079bcb077976c7b53a0c2386",2,"fd3f05a163222901d4176ce041c7cbd2"
"optimized-backends-record-20260731","ci_count_coll","collation","stringi","stringi","main","36f5c8d","stringi",1,5,0.018,18,10000,"slow","character",20260721,"e6d3a516692fdd33881c621e2169c2fb","stringi","74.1","bundle","R version 4.6.1 (2026-06-24)","/home/ted/R/x86_64-pc-linux-gnu-library/4.6/charr","3d947f3df10c63e20fffc0e4ef7f55f7","b6048fe5a9145f64d47e32d5df72435c","eedae0ee27c545032905b17ea9a2007c","54701f5f079bcb077976c7b53a0c2386",2,"5c5c643b8cf01dd61dc4576c3f195bac"
"optimized-backends-record-20260731","ci_count_coll","collation","base","Main base","main","36f5c8d","base",1,5,0.016,16,10000,"slow","character",20260721,"e6d3a516692fdd33881c621e2169c2fb","charr","78.2","system","R version 4.6.1 (2026-06-24)","/home/ted/R/x86_64-pc-linux-gnu-library/4.6/charr","3d947f3df10c63e20fffc0e4ef7f55f7","b6048fe5a9145f64d47e32d5df72435c","eedae0ee27c545032905b17ea9a2007c","54701f5f079bcb077976c7b53a0c2386",2,"5c5c643b8cf01dd61dc4576c3f195bac"
"optimized-backends-record-20260731","ci_count_coll","collation","altrep","Main ALTREP","main","36f5c8d","altrep",1,5,0.016,16,10000,"slow","charvec",20260721,"e6d3a516692fdd33881c621e2169c2fb","charr","78.2","system","R version 4.6.1 (2026-06-24)","/home/ted/R/x86_64-pc-linux-gnu-library/4.6/charr","3d947f3df10c63e20fffc0e4ef7f55f7","b6048fe5a9145f64d47e32d5df72435c","eedae0ee27c545032905b17ea9a2007c","54701f5f079bcb077976c7b53a0c2386",2,"52c64b5e913c3191d466aba772647a5c"
"optimized-backends-record-20260731","ci_count_coll","collation","stringi","stringi","main","36f5c8d","stringi",2,5,0.018,18,10000,"slow","character",20260721,"e6d3a516692fdd33881c621e2169c2fb","stringi","74.1","bundle","R version 4.6.1 (2026-06-24)","/home/ted/R/x86_64-pc-linux-gnu-library/4.6/charr","3d947f3df10c63e20fffc0e4ef7f55f7","b6048fe5a9145f64d47e32d5df72435c","eedae0ee27c545032905b17ea9a2007c","54701f5f079bcb077976c7b53a0c2386",2,"5c5c643b8cf01dd61dc4576c3f195bac"
"optimized-backends-record-20260731","ci_count_coll","collation","base","Main base","main","36f5c8d","base",2,5,0.016,16,10000,"slow","character",20260721,"e6d3a516692fdd33881c621e2169c2fb","charr","78.2","system","R version 4.6.1 (2026-06-24)","/home/ted/R/x86_64-pc-linux-gnu-library/4.6/charr","3d947f3df10c63e20fffc0e4ef7f55f7","b6048fe5a9145f64d47e32d5df72435c","eedae0ee27c545032905b17ea9a2007c","54701f5f079bcb077976c7b53a0c2386",2,"5c5c643b8cf01dd61dc4576c3f195bac"
"optimized-backends-record-20260731","ci_count_coll","collation","altrep","Main ALTREP","main","36f5c8d","altrep",2,5,0.016,16,10000,"slow","charvec",20260721,"e6d3a516692fdd33881c621e2169c2fb","charr","78.2","system","R version 4.6.1 (2026-06-24)","/home/ted/R/x86_64-pc-linux-gnu-library/4.6/charr","3d947f3df10c63e20fffc0e4ef7f55f7","b6048fe5a9145f64d47e32d5df72435c","eedae0ee27c545032905b17ea9a2007c","54701f5f079bcb077976c7b53a0c2386",2,"52c64b5e913c3191d466aba772647a5c"
"optimized-backends-record-20260731","ci_count_coll","collation","stringi","stringi","main","36f5c8d","stringi",3,5,0.018,18,10000,"slow","character",20260721,"e6d3a516692fdd33881c621e2169c2fb","stringi","74.1","bundle","R version 4.6.1 (2026-06-24)","/home/ted/R/x86_64-pc-linux-gnu-library/4.6/charr","3d947f3df10c63e20fffc0e4ef7f55f7","b6048fe5a9145f64d47e32d5df72435c","eedae0ee27c545032905b17ea9a2007c","54701f5f079bcb077976c7b53a0c2386",2,"5c5c643b8cf01dd61dc4576c3f195bac"
"optimized-backends-record-20260731","ci_count_coll","collation","base","Main base","main","36f5c8d","base",3,5,0.016,16,10000,"slow","character",20260721,"e6d3a516692fdd33881c621e2169c2fb","charr","78.2","system","R version 4.6.1 (2026-06-24)","/home/ted/R/x86_64-pc-linux-gnu-library/4.6/charr","3d947f3df10c63e20fffc0e4ef7f55f7","b6048fe5a9145f64d47e32d5df72435c","eedae0ee27c545032905b17ea9a2007c","54701f5f079bcb077976c7b53a0c2386",2,"5c5c643b8cf01dd61dc4576c3f195bac"
"optimized-backends-record-20260731","ci_count_coll","collation","altrep","Main ALTREP","main","36f5c8d","altrep",3,5,0.016,16,10000,"slow","charvec",20260721,"e6d3a516692fdd33881c621e2169c2fb","charr","78.2","system","R version 4.6.1 (2026-06-24)","/home/ted/R/x86_64-pc-linux-gnu-library/4.6/charr","3d947f3df10c63e20fffc0e4ef7f55f7","b6048fe5a9145f64d47e32d5df72435c","eedae0ee27c545032905b17ea9a2007c","54701f5f079bcb077976c7b53a0c2386",2,"52c64b5e913c3191d466aba772647a5c"
"optimized-backends-record-20260731","ci_count_coll","collation","stringi","stringi","main","36f5c8d","stringi",4,5,0.018,18,10000,"slow","character",20260721,"e6d3a516692fdd33881c621e2169c2fb","stringi","74.1","bundle","R version 4.6.1 (2026-06-24)","/home/ted/R/x86_64-pc-linux-gnu-library/4.6/charr","3d947f3df10c63e20fffc0e4ef7f55f7","b6048fe5a9145f64d47e32d5df72435c","eedae0ee27c545032905b17ea9a2007c","54701f5f079bcb077976c7b53a0c2386",2,"5c5c643b8cf01dd61dc4576c3f195bac"
"optimized-backends-record-20260731","ci_count_coll","collation","base","Main base","main","36f5c8d","base",4,5,0.015,15,10000,"slow","character",20260721,"e6d3a516692fdd33881c621e2169c2fb","charr","78.2","system","R version 4.6.1 (2026-06-24)","/home/ted/R/x86_64-pc-linux-gnu-library/4.6/charr","3d947f3df10c63e20fffc0e4ef7f55f7","b6048fe5a9145f64d47e32d5df72435c","eedae0ee27c545032905b17ea9a2007c","54701f5f079bcb077976c7b53a0c2386",2,"5c5c643b8cf01dd61dc4576c3f195bac"
"optimized-backends-record-20260731","ci_count_coll","collation","altrep","Main ALTREP","main","36f5c8d","altrep",4,5,0.016,16,10000,"slow","charvec",20260721,"e6d3a516692fdd33881c621e2169c2fb","charr","78.2","system","R version 4.6.1 (2026-06-24)","/home/ted/R/x86_64-pc-linux-gnu-library/4.6/charr","3d947f3df10c63e20fffc0e4ef7f55f7","b6048fe5a9145f64d47e32d5df72435c","eedae0ee27c545032905b17ea9a2007c","54701f5f079bcb077976c7b53a0c2386",2,"52c64b5e913c3191d466aba772647a5c"
"optimized-backends-record-20260731","ci_count_coll","collation","stringi","stringi","main","36f5c8d","stringi",5,5,0.018,18,10000,"slow","character",20260721,"e6d3a516692fdd33881c621e2169c2fb","stringi","74.1","bundle","R version 4.6.1 (2026-06-24)","/home/ted/R/x86_64-pc-linux-gnu-library/4.6/charr","3d947f3df10c63e20fffc0e4ef7f55f7","b6048fe5a9145f64d47e32d5df72435c","eedae0ee27c545032905b17ea9a2007c","54701f5f079bcb077976c7b53a0c2386",2,"5c5c643b8cf01dd61dc4576c3f195bac"
"optimized-backends-record-20260731","ci_count_coll","collation","base","Main base","main","36f5c8d","base",5,5,0.016,16,10000,"slow","character",20260721,"e6d3a516692fdd33881c621e2169c2fb","charr","78.2","system","R version 4.6.1 (2026-06-24)","/home/ted/R/x86_64-pc-linux-gnu-library/4.6/charr","3d947f3df10c63e20fffc0e4ef7f55f7","b6048fe5a9145f64d47e32d5df72435c","eedae0ee27c545032905b17ea9a2007c","54701f5f079bcb077976c7b53a0c2386",2,"5c5c643b8cf01dd61dc4576c3f195bac"
"optimized-backends-record-20260731","ci_count_coll","collation","altrep","Main ALTREP","main","36f5c8d","altrep",5,5,0.015,15,10000,"slow","charvec",20260721,"e6d3a516692fdd33881c621e2169c2fb","charr","78.2","system","R version 4.6.1 (2026-06-24)","/home/ted/R/x86_64-pc-linux-gnu-library/4.6/charr","3d947f3df10c63e20fffc0e4ef7f55f7","b6048fe5a9145f64d47e32d5df72435c","eedae0ee27c545032905b17ea9a2007c","54701f5f079bcb077976c7b53a0c2386",2,"52c64b5e913c3191d466aba772647a5c"
"optimized-backends-record-20260731","ci_locate_first_coll","collation","stringi","stringi","main","36f5c8d","stringi",1,5,0.116,116,100000,"medium","character",20260721,"32930d4bafb9d6f4ee7b61840dbeb01a","stringi","74.1","bundle","R version 4.6.1 (2026-06-24)","/home/ted/R/x86_64-pc-linux-gnu-library/4.6/charr","3d947f3df10c63e20fffc0e4ef7f55f7","b6048fe5a9145f64d47e32d5df72435c","eedae0ee27c545032905b17ea9a2007c","54701f5f079bcb077976c7b53a0c2386",2,"c1ab2344fda0c7ff167883d2fcb4c64e"
"optimized-backends-record-20260731","ci_locate_first_coll","collation","base","Main base","main","36f5c8d","base",1,5,0.105,105,100000,"medium","character",20260721,"32930d4bafb9d6f4ee7b61840dbeb01a","charr","78.2","system","R version 4.6.1 (2026-06-24)","/home/ted/R/x86_64-pc-linux-gnu-library/4.6/charr","3d947f3df10c63e20fffc0e4ef7f55f7","b6048fe5a9145f64d47e32d5df72435c","eedae0ee27c545032905b17ea9a2007c","54701f5f079bcb077976c7b53a0c2386",2,"c1ab2344fda0c7ff167883d2fcb4c64e"
"optimized-backends-record-20260731","ci_locate_first_coll","collation","altrep","Main ALTREP","main","36f5c8d","altrep",1,5,0.102,102,100000,"medium","charvec",20260721,"32930d4bafb9d6f4ee7b61840dbeb01a","charr","78.2","system","R version 4.6.1 (2026-06-24)","/home/ted/R/x86_64-pc-linux-gnu-library/4.6/charr","3d947f3df10c63e20fffc0e4ef7f55f7","b6048fe5a9145f64d47e32d5df72435c","eedae0ee27c545032905b17ea9a2007c","54701f5f079bcb077976c7b53a0c2386",2,"fd3f05a163222901d4176ce041c7cbd2"
"optimized-backends-record-20260731","ci_locate_first_coll","collation","stringi","stringi","main","36f5c8d","stringi",2,5,0.116,116,100000,"medium","character",20260721,"32930d4bafb9d6f4ee7b61840dbeb01a","stringi","74.1","bundle","R version 4.6.1 (2026-06-24)","/home/ted/R/x86_64-pc-linux-gnu-library/4.6/charr","3d947f3df10c63e20fffc0e4ef7f55f7","b6048fe5a9145f64d47e32d5df72435c","eedae0ee27c545032905b17ea9a2007c","54701f5f079bcb077976c7b53a0c2386",2,"c1ab2344fda0c7ff167883d2fcb4c64e"
"optimized-backends-record-20260731","ci_locate_first_coll","collation","base","Main base","main","36f5c8d","base",2,5,0.105,105,100000,"medium","character",20260721,"32930d4bafb9d6f4ee7b61840dbeb01a","charr","78.2","system","R version 4.6.1 (2026-06-24)","/home/ted/R/x86_64-pc-linux-gnu-library/4.6/charr","3d947f3df10c63e20fffc0e4ef7f55f7","b6048fe5a9145f64d47e32d5df72435c","eedae0ee27c545032905b17ea9a2007c","54701f5f079bcb077976c7b53a0c2386",2,"c1ab2344fda0c7ff167883d2fcb4c64e"
"optimized-backends-record-20260731","ci_locate_first_coll","collation","altrep","Main ALTREP","main","36f5c8d","altrep",2,5,0.108,108,100000,"medium","charvec",20260721,"32930d4bafb9d6f4ee7b61840dbeb01a","charr","78.2","system","R version 4.6.1 (2026-06-24)","/home/ted/R/x86_64-pc-linux-gnu-library/4.6/charr","3d947f3df10c63e20fffc0e4ef7f55f7","b6048fe5a9145f64d47e32d5df72435c","eedae0ee27c545032905b17ea9a2007c","54701f5f079bcb077976c7b53a0c2386",2,"fd3f05a163222901d4176ce041c7cbd2"
"optimized-backends-record-20260731","ci_locate_first_coll","collation","stringi","stringi","main","36f5c8d","stringi",3,5,0.12,120,100000,"medium","character",20260721,"32930d4bafb9d6f4ee7b61840dbeb01a","stringi","74.1","bundle","R version 4.6.1 (2026-06-24)","/home/ted/R/x86_64-pc-linux-gnu-library/4.6/charr","3d947f3df10c63e20fffc0e4ef7f55f7","b6048fe5a9145f64d47e32d5df72435c","eedae0ee27c545032905b17ea9a2007c","54701f5f079bcb077976c7b53a0c2386",2,"c1ab2344fda0c7ff167883d2fcb4c64e"
"optimized-backends-record-20260731","ci_locate_first_coll","collation","base","Main base","main","36f5c8d","base",3,5,0.104,104,100000,"medium","character",20260721,"32930d4bafb9d6f4ee7b61840dbeb01a","charr","78.2","system","R version 4.6.1 (2026-06-24)","/home/ted/R/x86_64-pc-linux-gnu-library/4.6/charr","3d947f3df10c63e20fffc0e4ef7f55f7","b6048fe5a9145f64d47e32d5df72435c","eedae0ee27c545032905b17ea9a2007c","54701f5f079bcb077976c7b53a0c2386",2,"c1ab2344fda0c7ff167883d2fcb4c64e"
"optimized-backends-record-20260731","ci_locate_first_coll","collation","altrep","Main ALTREP","main","36f5c8d","altrep",3,5,0.105,105,100000,"medium","charvec",20260721,"32930d4bafb9d6f4ee7b61840dbeb01a","charr","78.2","system","R version 4.6.1 (2026-06-24)","/home/ted/R/x86_64-pc-linux-gnu-library/4.6/charr","3d947f3df10c63e20fffc0e4ef7f55f7","b6048fe5a9145f64d47e32d5df72435c","eedae0ee27c545032905b17ea9a2007c","54701f5f079bcb077976c7b53a0c2386",2,"fd3f05a163222901d4176ce041c7cbd2"
"optimized-backends-record-20260731","ci_locate_first_coll","collation","stringi","stringi","main","36f5c8d","stringi",4,5,0.117,117,100000,"medium","character",20260721,"32930d4bafb9d6f4ee7b61840dbeb01a","stringi","74.1","bundle","R version 4.6.1 (2026-06-24)","/home/ted/R/x86_64-pc-linux-gnu-library/4.6/charr","3d947f3df10c63e20fffc0e4ef7f55f7","b6048fe5a9145f64d47e32d5df72435c","eedae0ee27c545032905b17ea9a2007c","54701f5f079bcb077976c7b53a0c2386",2,"c1ab2344fda0c7ff167883d2fcb4c64e"
"optimized-backends-record-20260731","ci_locate_first_coll","collation","base","Main base","main","36f5c8d","base",4,5,0.106,106,100000,"medium","character",20260721,"32930d4bafb9d6f4ee7b61840dbeb01a","charr","78.2","system","R version 4.6.1 (2026-06-24)","/home/ted/R/x86_64-pc-linux-gnu-library/4.6/charr","3d947f3df10c63e20fffc0e4ef7f55f7","b6048fe5a9145f64d47e32d5df72435c","eedae0ee27c545032905b17ea9a2007c","54701f5f079bcb077976c7b53a0c2386",2,"c1ab2344fda0c7ff167883d2fcb4c64e"
"optimized-backends-record-20260731","ci_locate_first_coll","collation","altrep","Main ALTREP","main","36f5c8d","altrep",4,5,0.103,103,100000,"medium","charvec",20260721,"32930d4bafb9d6f4ee7b61840dbeb01a","charr","78.2","system","R version 4.6.1 (2026-06-24)","/home/ted/R/x86_64-pc-linux-gnu-library/4.6/charr","3d947f3df10c63e20fffc0e4ef7f55f7","b6048fe5a9145f64d47e32d5df72435c","eedae0ee27c545032905b17ea9a2007c","54701f5f079bcb077976c7b53a0c2386",2,"fd3f05a163222901d4176ce041c7cbd2"
"optimized-backends-record-20260731","ci_locate_first_coll","collation","stringi","stringi","main","36f5c8d","stringi",5,5,0.117,117,100000,"medium","character",20260721,"32930d4bafb9d6f4ee7b61840dbeb01a","stringi","74.1","bundle","R version 4.6.1 (2026-06-24)","/home/ted/R/x86_64-pc-linux-gnu-library/4.6/charr","3d947f3df10c63e20fffc0e4ef7f55f7","b6048fe5a9145f64d47e32d5df72435c","eedae0ee27c545032905b17ea9a2007c","54701f5f079bcb077976c7b53a0c2386",2,"c1ab2344fda0c7ff167883d2fcb4c64e"
"optimized-backends-record-20260731","ci_locate_first_coll","collation","base","Main base","main","36f5c8d","base",5,5,0.105,105,100000,"medium","character",20260721,"32930d4bafb9d6f4ee7b61840dbeb01a","charr","78.2","system","R version 4.6.1 (2026-06-24)","/home/ted/R/x86_64-pc-linux-gnu-library/4.6/charr","3d947f3df10c63e20fffc0e4ef7f55f7","b6048fe5a9145f64d47e32d5df72435c","eedae0ee27c545032905b17ea9a2007c","54701f5f079bcb077976c7b53a0c2386",2,"c1ab2344fda0c7ff167883d2fcb4c64e"
"optimized-backends-record-20260731","ci_locate_first_coll","collation","altrep","Main ALTREP","main","36f5c8d","altrep",5,5,0.104,104,100000,"medium","charvec",20260721,"32930d4bafb9d6f4ee7b61840dbeb01a","charr","78.2","system","R version 4.6.1 (2026-06-24)","/home/ted/R/x86_64-pc-linux-gnu-library/4.6/charr","3d947f3df10c63e20fffc0e4ef7f55f7","b6048fe5a9145f64d47e32d5df72435c","eedae0ee27c545032905b17ea9a2007c","54701f5f079bcb077976c7b53a0c2386",2,"fd3f05a163222901d4176ce041c7cbd2"
"optimized-backends-record-20260731","ci_locate_all_coll","collation","stringi","stringi","main","36f5c8d","stringi",1,5,0.02,20,10000,"slow","character",20260721,"e6d3a516692fdd33881c621e2169c2fb","stringi","74.1","bundle","R version 4.6.1 (2026-06-24)","/home/ted/R/x86_64-pc-linux-gnu-library/4.6/charr","3d947f3df10c63e20fffc0e4ef7f55f7","b6048fe5a9145f64d47e32d5df72435c","eedae0ee27c545032905b17ea9a2007c","54701f5f079bcb077976c7b53a0c2386",2,"5c5c643b8cf01dd61dc4576c3f195bac"
"optimized-backends-record-20260731","ci_locate_all_coll","collation","base","Main base","main","36f5c8d","base",1,5,0.019,19,10000,"slow","character",20260721,"e6d3a516692fdd33881c621e2169c2fb","charr","78.2","system","R version 4.6.1 (2026-06-24)","/home/ted/R/x86_64-pc-linux-gnu-library/4.6/charr","3d947f3df10c63e20fffc0e4ef7f55f7","b6048fe5a9145f64d47e32d5df72435c","eedae0ee27c545032905b17ea9a2007c","54701f5f079bcb077976c7b53a0c2386",2,"5c5c643b8cf01dd61dc4576c3f195bac"
"optimized-backends-record-20260731","ci_locate_all_coll","collation","altrep","Main ALTREP","main","36f5c8d","altrep",1,5,0.018,18,10000,"slow","charvec",20260721,"e6d3a516692fdd33881c621e2169c2fb","charr","78.2","system","R version 4.6.1 (2026-06-24)","/home/ted/R/x86_64-pc-linux-gnu-library/4.6/charr","3d947f3df10c63e20fffc0e4ef7f55f7","b6048fe5a9145f64d47e32d5df72435c","eedae0ee27c545032905b17ea9a2007c","54701f5f079bcb077976c7b53a0c2386",2,"52c64b5e913c3191d466aba772647a5c"
"optimized-backends-record-20260731","ci_locate_all_coll","collation","stringi","stringi","main","36f5c8d","stringi",2,5,0.021,21,10000,"slow","character",20260721,"e6d3a516692fdd33881c621e2169c2fb","stringi","74.1","bundle","R version 4.6.1 (2026-06-24)","/home/ted/R/x86_64-pc-linux-gnu-library/4.6/charr","3d947f3df10c63e20fffc0e4ef7f55f7","b6048fe5a9145f64d47e32d5df72435c","eedae0ee27c545032905b17ea9a2007c","54701f5f079bcb077976c7b53a0c2386",2,"5c5c643b8cf01dd61dc4576c3f195bac"
"optimized-backends-record-20260731","ci_locate_all_coll","collation","base","Main base","main","36f5c8d","base",2,5,0.018,18,10000,"slow","character",20260721,"e6d3a516692fdd33881c621e2169c2fb","charr","78.2","system","R version 4.6.1 (2026-06-24)","/home/ted/R/x86_64-pc-linux-gnu-library/4.6/charr","3d947f3df10c63e20fffc0e4ef7f55f7","b6048fe5a9145f64d47e32d5df72435c","eedae0ee27c545032905b17ea9a2007c","54701f5f079bcb077976c7b53a0c2386",2,"5c5c643b8cf01dd61dc4576c3f195bac"
"optimized-backends-record-20260731","ci_locate_all_coll","collation","altrep","Main ALTREP","main","36f5c8d","altrep",2,5,0.019,19,10000,"slow","charvec",20260721,"e6d3a516692fdd33881c621e2169c2fb","charr","78.2","system","R version 4.6.1 (2026-06-24)","/home/ted/R/x86_64-pc-linux-gnu-library/4.6/charr","3d947f3df10c63e20fffc0e4ef7f55f7","b6048fe5a9145f64d47e32d5df72435c","eedae0ee27c545032905b17ea9a2007c","54701f5f079bcb077976c7b53a0c2386",2,"52c64b5e913c3191d466aba772647a5c"
"optimized-backends-record-20260731","ci_locate_all_coll","collation","stringi","stringi","main","36f5c8d","stringi",3,5,0.02,20,10000,"slow","character",20260721,"e6d3a516692fdd33881c621e2169c2fb","stringi","74.1","bundle","R version 4.6.1 (2026-06-24)","/home/ted/R/x86_64-pc-linux-gnu-library/4.6/charr","3d947f3df10c63e20fffc0e4ef7f55f7","b6048fe5a9145f64d47e32d5df72435c","eedae0ee27c545032905b17ea9a2007c","54701f5f079bcb077976c7b53a0c2386",2,"5c5c643b8cf01dd61dc4576c3f195bac"
"optimized-backends-record-20260731","ci_locate_all_coll","collation","base","Main base","main","36f5c8d","base",3,5,0.018,18,10000,"slow","character",20260721,"e6d3a516692fdd33881c621e2169c2fb","charr","78.2","system","R version 4.6.1 (2026-06-24)","/home/ted/R/x86_64-pc-linux-gnu-library/4.6/charr","3d947f3df10c63e20fffc0e4ef7f55f7","b6048fe5a9145f64d47e32d5df72435c","eedae0ee27c545032905b17ea9a2007c","54701f5f079bcb077976c7b53a0c2386",2,"5c5c643b8cf01dd61dc4576c3f195bac"
"optimized-backends-record-20260731","ci_locate_all_coll","collation","altrep","Main ALTREP","main","36f5c8d","altrep",3,5,0.018,18,10000,"slow","charvec",20260721,"e6d3a516692fdd33881c621e2169c2fb","charr","78.2","system","R version 4.6.1 (2026-06-24)","/home/ted/R/x86_64-pc-linux-gnu-library/4.6/charr","3d947f3df10c63e20fffc0e4ef7f55f7","b6048fe5a9145f64d47e32d5df72435c","eedae0ee27c545032905b17ea9a2007c","54701f5f079bcb077976c7b53a0c2386",2,"52c64b5e913c3191d466aba772647a5c"
"optimized-backends-record-20260731","ci_locate_all_coll","collation","stringi","stringi","main","36f5c8d","stringi",4,5,0.02,20,10000,"slow","character",20260721,"e6d3a516692fdd33881c621e2169c2fb","stringi","74.1","bundle","R version 4.6.1 (2026-06-24)","/home/ted/R/x86_64-pc-linux-gnu-library/4.6/charr","3d947f3df10c63e20fffc0e4ef7f55f7","b6048fe5a9145f64d47e32d5df72435c","eedae0ee27c545032905b17ea9a2007c","54701f5f079bcb077976c7b53a0c2386",2,"5c5c643b8cf01dd61dc4576c3f195bac"
"optimized-backends-record-20260731","ci_locate_all_coll","collation","base","Main base","main","36f5c8d","base",4,5,0.018,18,10000,"slow","character",20260721,"e6d3a516692fdd33881c621e2169c2fb","charr","78.2","system","R version 4.6.1 (2026-06-24)","/home/ted/R/x86_64-pc-linux-gnu-library/4.6/charr","3d947f3df10c63e20fffc0e4ef7f55f7","b6048fe5a9145f64d47e32d5df72435c","eedae0ee27c545032905b17ea9a2007c","54701f5f079bcb077976c7b53a0c2386",2,"5c5c643b8cf01dd61dc4576c3f195bac"
"optimized-backends-record-20260731","ci_locate_all_coll","collation","altrep","Main ALTREP","main","36f5c8d","altrep",4,5,0.018,18,10000,"slow","charvec",20260721,"e6d3a516692fdd33881c621e2169c2fb","charr","78.2","system","R version 4.6.1 (2026-06-24)","/home/ted/R/x86_64-pc-linux-gnu-library/4.6/charr","3d947f3df10c63e20fffc0e4ef7f55f7","b6048fe5a9145f64d47e32d5df72435c","eedae0ee27c545032905b17ea9a2007c","54701f5f079bcb077976c7b53a0c2386",2,"52c64b5e913c3191d466aba772647a5c"
"optimized-backends-record-20260731","ci_locate_all_coll","collation","stringi","stringi","main","36f5c8d","stringi",5,5,0.02,20,10000,"slow","character",20260721,"e6d3a516692fdd33881c621e2169c2fb","stringi","74.1","bundle","R version 4.6.1 (2026-06-24)","/home/ted/R/x86_64-pc-linux-gnu-library/4.6/charr","3d947f3df10c63e20fffc0e4ef7f55f7","b6048fe5a9145f64d47e32d5df72435c","eedae0ee27c545032905b17ea9a2007c","54701f5f079bcb077976c7b53a0c2386",2,"5c5c643b8cf01dd61dc4576c3f195bac"
"optimized-backends-record-20260731","ci_locate_all_coll","collation","base","Main base","main","36f5c8d","base",5,5,0.018,18,10000,"slow","character",20260721,"e6d3a516692fdd33881c621e2169c2fb","charr","78.2","system","R version 4.6.1 (2026-06-24)","/home/ted/R/x86_64-pc-linux-gnu-library/4.6/charr","3d947f3df10c63e20fffc0e4ef7f55f7","b6048fe5a9145f64d47e32d5df72435c","eedae0ee27c545032905b17ea9a2007c","54701f5f079bcb077976c7b53a0c2386",2,"5c5c643b8cf01dd61dc4576c3f195bac"
"optimized-backends-record-20260731","ci_locate_all_coll","collation","altrep","Main ALTREP","main","36f5c8d","altrep",5,5,0.018,18,10000,"slow","charvec",20260721,"e6d3a516692fdd33881c621e2169c2fb","charr","78.2","system","R version 4.6.1 (2026-06-24)","/home/ted/R/x86_64-pc-linux-gnu-library/4.6/charr","3d947f3df10c63e20fffc0e4ef7f55f7","b6048fe5a9145f64d47e32d5df72435c","eedae0ee27c545032905b17ea9a2007c","54701f5f079bcb077976c7b53a0c2386",2,"52c64b5e913c3191d466aba772647a5c"
"optimized-backends-record-20260731","ci_extract_first_coll","collation","stringi","stringi","main","36f5c8d","stringi",1,5,0.119,119,100000,"medium","character",20260721,"32930d4bafb9d6f4ee7b61840dbeb01a","stringi","74.1","bundle","R version 4.6.1 (2026-06-24)","/home/ted/R/x86_64-pc-linux-gnu-library/4.6/charr","3d947f3df10c63e20fffc0e4ef7f55f7","b6048fe5a9145f64d47e32d5df72435c","eedae0ee27c545032905b17ea9a2007c","54701f5f079bcb077976c7b53a0c2386",2,"c1ab2344fda0c7ff167883d2fcb4c64e"
"optimized-backends-record-20260731","ci_extract_first_coll","collation","base","Main base","main","36f5c8d","base",1,5,0.107,107,100000,"medium","character",20260721,"32930d4bafb9d6f4ee7b61840dbeb01a","charr","78.2","system","R version 4.6.1 (2026-06-24)","/home/ted/R/x86_64-pc-linux-gnu-library/4.6/charr","3d947f3df10c63e20fffc0e4ef7f55f7","b6048fe5a9145f64d47e32d5df72435c","eedae0ee27c545032905b17ea9a2007c","54701f5f079bcb077976c7b53a0c2386",2,"c1ab2344fda0c7ff167883d2fcb4c64e"
"optimized-backends-record-20260731","ci_extract_first_coll","collation","altrep","Main ALTREP","main","36f5c8d","altrep",1,5,0.104,104,100000,"medium","charvec",20260721,"32930d4bafb9d6f4ee7b61840dbeb01a","charr","78.2","system","R version 4.6.1 (2026-06-24)","/home/ted/R/x86_64-pc-linux-gnu-library/4.6/charr","3d947f3df10c63e20fffc0e4ef7f55f7","b6048fe5a9145f64d47e32d5df72435c","eedae0ee27c545032905b17ea9a2007c","54701f5f079bcb077976c7b53a0c2386",2,"fd3f05a163222901d4176ce041c7cbd2"
"optimized-backends-record-20260731","ci_extract_first_coll","collation","stringi","stringi","main","36f5c8d","stringi",2,5,0.118,118,100000,"medium","character",20260721,"32930d4bafb9d6f4ee7b61840dbeb01a","stringi","74.1","bundle","R version 4.6.1 (2026-06-24)","/home/ted/R/x86_64-pc-linux-gnu-library/4.6/charr","3d947f3df10c63e20fffc0e4ef7f55f7","b6048fe5a9145f64d47e32d5df72435c","eedae0ee27c545032905b17ea9a2007c","54701f5f079bcb077976c7b53a0c2386",2,"c1ab2344fda0c7ff167883d2fcb4c64e"
"optimized-backends-record-20260731","ci_extract_first_coll","collation","base","Main base","main","36f5c8d","base",2,5,0.107,107,100000,"medium","character",20260721,"32930d4bafb9d6f4ee7b61840dbeb01a","charr","78.2","system","R version 4.6.1 (2026-06-24)","/home/ted/R/x86_64-pc-linux-gnu-library/4.6/charr","3d947f3df10c63e20fffc0e4ef7f55f7","b6048fe5a9145f64d47e32d5df72435c","eedae0ee27c545032905b17ea9a2007c","54701f5f079bcb077976c7b53a0c2386",2,"c1ab2344fda0c7ff167883d2fcb4c64e"
"optimized-backends-record-20260731","ci_extract_first_coll","collation","altrep","Main ALTREP","main","36f5c8d","altrep",2,5,0.104,104,100000,"medium","charvec",20260721,"32930d4bafb9d6f4ee7b61840dbeb01a","charr","78.2","system","R version 4.6.1 (2026-06-24)","/home/ted/R/x86_64-pc-linux-gnu-library/4.6/charr","3d947f3df10c63e20fffc0e4ef7f55f7","b6048fe5a9145f64d47e32d5df72435c","eedae0ee27c545032905b17ea9a2007c","54701f5f079bcb077976c7b53a0c2386",2,"fd3f05a163222901d4176ce041c7cbd2"
"optimized-backends-record-20260731","ci_extract_first_coll","collation","stringi","stringi","main","36f5c8d","stringi",3,5,0.118,118,100000,"medium","character",20260721,"32930d4bafb9d6f4ee7b61840dbeb01a","stringi","74.1","bundle","R version 4.6.1 (2026-06-24)","/home/ted/R/x86_64-pc-linux-gnu-library/4.6/charr","3d947f3df10c63e20fffc0e4ef7f55f7","b6048fe5a9145f64d47e32d5df72435c","eedae0ee27c545032905b17ea9a2007c","54701f5f079bcb077976c7b53a0c2386",2,"c1ab2344fda0c7ff167883d2fcb4c64e"
"optimized-backends-record-20260731","ci_extract_first_coll","collation","base","Main base","main","36f5c8d","base",3,5,0.108,108,100000,"medium","character",20260721,"32930d4bafb9d6f4ee7b61840dbeb01a","charr","78.2","system","R version 4.6.1 (2026-06-24)","/home/ted/R/x86_64-pc-linux-gnu-library/4.6/charr","3d947f3df10c63e20fffc0e4ef7f55f7","b6048fe5a9145f64d47e32d5df72435c","eedae0ee27c545032905b17ea9a2007c","54701f5f079bcb077976c7b53a0c2386",2,"c1ab2344fda0c7ff167883d2fcb4c64e"
"optimized-backends-record-20260731","ci_extract_first_coll","collation","altrep","Main ALTREP","main","36f5c8d","altrep",3,5,0.105,105,100000,"medium","charvec",20260721,"32930d4bafb9d6f4ee7b61840dbeb01a","charr","78.2","system","R version 4.6.1 (2026-06-24)","/home/ted/R/x86_64-pc-linux-gnu-library/4.6/charr","3d947f3df10c63e20fffc0e4ef7f55f7","b6048fe5a9145f64d47e32d5df72435c","eedae0ee27c545032905b17ea9a2007c","54701f5f079bcb077976c7b53a0c2386",2,"fd3f05a163222901d4176ce041c7cbd2"
"optimized-backends-record-20260731","ci_extract_first_coll","collation","stringi","stringi","main","36f5c8d","stringi",4,5,0.118,118,100000,"medium","character",20260721,"32930d4bafb9d6f4ee7b61840dbeb01a","stringi","74.1","bundle","R version 4.6.1 (2026-06-24)","/home/ted/R/x86_64-pc-linux-gnu-library/4.6/charr","3d947f3df10c63e20fffc0e4ef7f55f7","b6048fe5a9145f64d47e32d5df72435c","eedae0ee27c545032905b17ea9a2007c","54701f5f079bcb077976c7b53a0c2386",2,"c1ab2344fda0c7ff167883d2fcb4c64e"
"optimized-backends-record-20260731","ci_extract_first_coll","collation","base","Main base","main","36f5c8d","base",4,5,0.107,107,100000,"medium","character",20260721,"32930d4bafb9d6f4ee7b61840dbeb01a","charr","78.2","system","R version 4.6.1 (2026-06-24)","/home/ted/R/x86_64-pc-linux-gnu-library/4.6/charr","3d947f3df10c63e20fffc0e4ef7f55f7","b6048fe5a9145f64d47e32d5df72435c","eedae0ee27c545032905b17ea9a2007c","54701f5f079bcb077976c7b53a0c2386",2,"c1ab2344fda0c7ff167883d2fcb4c64e"
"optimized-backends-record-20260731","ci_extract_first_coll","collation","altrep","Main ALTREP","main","36f5c8d","altrep",4,5,0.104,104,100000,"medium","charvec",20260721,"32930d4bafb9d6f4ee7b61840dbeb01a","charr","78.2","system","R version 4.6.1 (2026-06-24)","/home/ted/R/x86_64-pc-linux-gnu-library/4.6/charr","3d947f3df10c63e20fffc0e4ef7f55f7","b6048fe5a9145f64d47e32d5df72435c","eedae0ee27c545032905b17ea9a2007c","54701f5f079bcb077976c7b53a0c2386",2,"fd3f05a163222901d4176ce041c7cbd2"
"optimized-backends-record-20260731","ci_extract_first_coll","collation","stringi","stringi","main","36f5c8d","stringi",5,5,0.118,118,100000,"medium","character",20260721,"32930d4bafb9d6f4ee7b61840dbeb01a","stringi","74.1","bundle","R version 4.6.1 (2026-06-24)","/home/ted/R/x86_64-pc-linux-gnu-library/4.6/charr","3d947f3df10c63e20fffc0e4ef7f55f7","b6048fe5a9145f64d47e32d5df72435c","eedae0ee27c545032905b17ea9a2007c","54701f5f079bcb077976c7b53a0c2386",2,"c1ab2344fda0c7ff167883d2fcb4c64e"
"optimized-backends-record-20260731","ci_extract_first_coll","collation","base","Main base","main","36f5c8d","base",5,5,0.106,106,100000,"medium","character",20260721,"32930d4bafb9d6f4ee7b61840dbeb01a","charr","78.2","system","R version 4.6.1 (2026-06-24)","/home/ted/R/x86_64-pc-linux-gnu-library/4.6/charr","3d947f3df10c63e20fffc0e4ef7f55f7","b6048fe5a9145f64d47e32d5df72435c","eedae0ee27c545032905b17ea9a2007c","54701f5f079bcb077976c7b53a0c2386",2,"c1ab2344fda0c7ff167883d2fcb4c64e"
"optimized-backends-record-20260731","ci_extract_first_coll","collation","altrep","Main ALTREP","main","36f5c8d","altrep",5,5,0.104,104,100000,"medium","charvec",20260721,"32930d4bafb9d6f4ee7b61840dbeb01a","charr","78.2","system","R version 4.6.1 (2026-06-24)","/home/ted/R/x86_64-pc-linux-gnu-library/4.6/charr","3d947f3df10c63e20fffc0e4ef7f55f7","b6048fe5a9145f64d47e32d5df72435c","eedae0ee27c545032905b17ea9a2007c","54701f5f079bcb077976c7b53a0c2386",2,"fd3f05a163222901d4176ce041c7cbd2"
"optimized-backends-record-20260731","ci_extract_all_coll","collation","stringi","stringi","main","36f5c8d","stringi",1,5,0.019,19,10000,"slow","character",20260721,"e6d3a516692fdd33881c621e2169c2fb","stringi","74.1","bundle","R version 4.6.1 (2026-06-24)","/home/ted/R/x86_64-pc-linux-gnu-library/4.6/charr","3d947f3df10c63e20fffc0e4ef7f55f7","b6048fe5a9145f64d47e32d5df72435c","eedae0ee27c545032905b17ea9a2007c","54701f5f079bcb077976c7b53a0c2386",2,"5c5c643b8cf01dd61dc4576c3f195bac"
"optimized-backends-record-20260731","ci_extract_all_coll","collation","base","Main base","main","36f5c8d","base",1,5,0.016,16,10000,"slow","character",20260721,"e6d3a516692fdd33881c621e2169c2fb","charr","78.2","system","R version 4.6.1 (2026-06-24)","/home/ted/R/x86_64-pc-linux-gnu-library/4.6/charr","3d947f3df10c63e20fffc0e4ef7f55f7","b6048fe5a9145f64d47e32d5df72435c","eedae0ee27c545032905b17ea9a2007c","54701f5f079bcb077976c7b53a0c2386",2,"5c5c643b8cf01dd61dc4576c3f195bac"
"optimized-backends-record-20260731","ci_extract_all_coll","collation","altrep","Main ALTREP","main","36f5c8d","altrep",1,5,0.018,18,10000,"slow","charvec",20260721,"e6d3a516692fdd33881c621e2169c2fb","charr","78.2","system","R version 4.6.1 (2026-06-24)","/home/ted/R/x86_64-pc-linux-gnu-library/4.6/charr","3d947f3df10c63e20fffc0e4ef7f55f7","b6048fe5a9145f64d47e32d5df72435c","eedae0ee27c545032905b17ea9a2007c","54701f5f079bcb077976c7b53a0c2386",2,"52c64b5e913c3191d466aba772647a5c"
"optimized-backends-record-20260731","ci_extract_all_coll","collation","stringi","stringi","main","36f5c8d","stringi",2,5,0.019,19,10000,"slow","character",20260721,"e6d3a516692fdd33881c621e2169c2fb","stringi","74.1","bundle","R version 4.6.1 (2026-06-24)","/home/ted/R/x86_64-pc-linux-gnu-library/4.6/charr","3d947f3df10c63e20fffc0e4ef7f55f7","b6048fe5a9145f64d47e32d5df72435c","eedae0ee27c545032905b17ea9a2007c","54701f5f079bcb077976c7b53a0c2386",2,"5c5c643b8cf01dd61dc4576c3f195bac"
"optimized-backends-record-20260731","ci_extract_all_coll","collation","base","Main base","main","36f5c8d","base",2,5,0.016,16,10000,"slow","character",20260721,"e6d3a516692fdd33881c621e2169c2fb","charr","78.2","system","R version 4.6.1 (2026-06-24)","/home/ted/R/x86_64-pc-linux-gnu-library/4.6/charr","3d947f3df10c63e20fffc0e4ef7f55f7","b6048fe5a9145f64d47e32d5df72435c","eedae0ee27c545032905b17ea9a2007c","54701f5f079bcb077976c7b53a0c2386",2,"5c5c643b8cf01dd61dc4576c3f195bac"
"optimized-backends-record-20260731","ci_extract_all_coll","collation","altrep","Main ALTREP","main","36f5c8d","altrep",2,5,0.019,19,10000,"slow","charvec",20260721,"e6d3a516692fdd33881c621e2169c2fb","charr","78.2","system","R version 4.6.1 (2026-06-24)","/home/ted/R/x86_64-pc-linux-gnu-library/4.6/charr","3d947f3df10c63e20fffc0e4ef7f55f7","b6048fe5a9145f64d47e32d5df72435c","eedae0ee27c545032905b17ea9a2007c","54701f5f079bcb077976c7b53a0c2386",2,"52c64b5e913c3191d466aba772647a5c"
"optimized-backends-record-20260731","ci_extract_all_coll","collation","stringi","stringi","main","36f5c8d","stringi",3,5,0.019,19,10000,"slow","character",20260721,"e6d3a516692fdd33881c621e2169c2fb","stringi","74.1","bundle","R version 4.6.1 (2026-06-24)","/home/ted/R/x86_64-pc-linux-gnu-library/4.6/charr","3d947f3df10c63e20fffc0e4ef7f55f7","b6048fe5a9145f64d47e32d5df72435c","eedae0ee27c545032905b17ea9a2007c","54701f5f079bcb077976c7b53a0c2386",2,"5c5c643b8cf01dd61dc4576c3f195bac"
"optimized-backends-record-20260731","ci_extract_all_coll","collation","base","Main base","main","36f5c8d","base",3,5,0.018,18,10000,"slow","character",20260721,"e6d3a516692fdd33881c621e2169c2fb","charr","78.2","system","R version 4.6.1 (2026-06-24)","/home/ted/R/x86_64-pc-linux-gnu-library/4.6/charr","3d947f3df10c63e20fffc0e4ef7f55f7","b6048fe5a9145f64d47e32d5df72435c","eedae0ee27c545032905b17ea9a2007c","54701f5f079bcb077976c7b53a0c2386",2,"5c5c643b8cf01dd61dc4576c3f195bac"
"optimized-backends-record-20260731","ci_extract_all_coll","collation","altrep","Main ALTREP","main","36f5c8d","altrep",3,5,0.019,19,10000,"slow","charvec",20260721,"e6d3a516692fdd33881c621e2169c2fb","charr","78.2","system","R version 4.6.1 (2026-06-24)","/home/ted/R/x86_64-pc-linux-gnu-library/4.6/charr","3d947f3df10c63e20fffc0e4ef7f55f7","b6048fe5a9145f64d47e32d5df72435c","eedae0ee27c545032905b17ea9a2007c","54701f5f079bcb077976c7b53a0c2386",2,"52c64b5e913c3191d466aba772647a5c"
"optimized-backends-record-20260731","ci_extract_all_coll","collation","stringi","stringi","main","36f5c8d","stringi",4,5,0.019,19,10000,"slow","character",20260721,"e6d3a516692fdd33881c621e2169c2fb","stringi","74.1","bundle","R version 4.6.1 (2026-06-24)","/home/ted/R/x86_64-pc-linux-gnu-library/4.6/charr","3d947f3df10c63e20fffc0e4ef7f55f7","b6048fe5a9145f64d47e32d5df72435c","eedae0ee27c545032905b17ea9a2007c","54701f5f079bcb077976c7b53a0c2386",2,"5c5c643b8cf01dd61dc4576c3f195bac"
"optimized-backends-record-20260731","ci_extract_all_coll","collation","base","Main base","main","36f5c8d","base",4,5,0.016,16,10000,"slow","character",20260721,"e6d3a516692fdd33881c621e2169c2fb","charr","78.2","system","R version 4.6.1 (2026-06-24)","/home/ted/R/x86_64-pc-linux-gnu-library/4.6/charr","3d947f3df10c63e20fffc0e4ef7f55f7","b6048fe5a9145f64d47e32d5df72435c","eedae0ee27c545032905b17ea9a2007c","54701f5f079bcb077976c7b53a0c2386",2,"5c5c643b8cf01dd61dc4576c3f195bac"
"optimized-backends-record-20260731","ci_extract_all_coll","collation","altrep","Main ALTREP","main","36f5c8d","altrep",4,5,0.018,18,10000,"slow","charvec",20260721,"e6d3a516692fdd33881c621e2169c2fb","charr","78.2","system","R version 4.6.1 (2026-06-24)","/home/ted/R/x86_64-pc-linux-gnu-library/4.6/charr","3d947f3df10c63e20fffc0e4ef7f55f7","b6048fe5a9145f64d47e32d5df72435c","eedae0ee27c545032905b17ea9a2007c","54701f5f079bcb077976c7b53a0c2386",2,"52c64b5e913c3191d466aba772647a5c"
"optimized-backends-record-20260731","ci_extract_all_coll","collation","stringi","stringi","main","36f5c8d","stringi",5,5,0.019,19,10000,"slow","character",20260721,"e6d3a516692fdd33881c621e2169c2fb","stringi","74.1","bundle","R version 4.6.1 (2026-06-24)","/home/ted/R/x86_64-pc-linux-gnu-library/4.6/charr","3d947f3df10c63e20fffc0e4ef7f55f7","b6048fe5a9145f64d47e32d5df72435c","eedae0ee27c545032905b17ea9a2007c","54701f5f079bcb077976c7b53a0c2386",2,"5c5c643b8cf01dd61dc4576c3f195bac"
"optimized-backends-record-20260731","ci_extract_all_coll","collation","base","Main base","main","36f5c8d","base",5,5,0.017,17,10000,"slow","character",20260721,"e6d3a516692fdd33881c621e2169c2fb","charr","78.2","system","R version 4.6.1 (2026-06-24)","/home/ted/R/x86_64-pc-linux-gnu-library/4.6/charr","3d947f3df10c63e20fffc0e4ef7f55f7","b6048fe5a9145f64d47e32d5df72435c","eedae0ee27c545032905b17ea9a2007c","54701f5f079bcb077976c7b53a0c2386",2,"5c5c643b8cf01dd61dc4576c3f195bac"
"optimized-backends-record-20260731","ci_extract_all_coll","collation","altrep","Main ALTREP","main","36f5c8d","altrep",5,5,0.018,18,10000,"slow","charvec",20260721,"e6d3a516692fdd33881c621e2169c2fb","charr","78.2","system","R version 4.6.1 (2026-06-24)","/home/ted/R/x86_64-pc-linux-gnu-library/4.6/charr","3d947f3df10c63e20fffc0e4ef7f55f7","b6048fe5a9145f64d47e32d5df72435c","eedae0ee27c545032905b17ea9a2007c","54701f5f079bcb077976c7b53a0c2386",2,"52c64b5e913c3191d466aba772647a5c"
"optimized-backends-record-20260731","ci_replace_first_coll","collation","stringi","stringi","main","36f5c8d","stringi",1,5,0.147,147,100000,"medium","character",20260721,"32930d4bafb9d6f4ee7b61840dbeb01a","stringi","74.1","bundle","R version 4.6.1 (2026-06-24)","/home/ted/R/x86_64-pc-linux-gnu-library/4.6/charr","3d947f3df10c63e20fffc0e4ef7f55f7","b6048fe5a9145f64d47e32d5df72435c","eedae0ee27c545032905b17ea9a2007c","54701f5f079bcb077976c7b53a0c2386",2,"c1ab2344fda0c7ff167883d2fcb4c64e"
"optimized-backends-record-20260731","ci_replace_first_coll","collation","base","Main base","main","36f5c8d","base",1,5,0.14,140,100000,"medium","character",20260721,"32930d4bafb9d6f4ee7b61840dbeb01a","charr","78.2","system","R version 4.6.1 (2026-06-24)","/home/ted/R/x86_64-pc-linux-gnu-library/4.6/charr","3d947f3df10c63e20fffc0e4ef7f55f7","b6048fe5a9145f64d47e32d5df72435c","eedae0ee27c545032905b17ea9a2007c","54701f5f079bcb077976c7b53a0c2386",2,"c1ab2344fda0c7ff167883d2fcb4c64e"
"optimized-backends-record-20260731","ci_replace_first_coll","collation","altrep","Main ALTREP","main","36f5c8d","altrep",1,5,0.114,114,100000,"medium","charvec",20260721,"32930d4bafb9d6f4ee7b61840dbeb01a","charr","78.2","system","R version 4.6.1 (2026-06-24)","/home/ted/R/x86_64-pc-linux-gnu-library/4.6/charr","3d947f3df10c63e20fffc0e4ef7f55f7","b6048fe5a9145f64d47e32d5df72435c","eedae0ee27c545032905b17ea9a2007c","54701f5f079bcb077976c7b53a0c2386",2,"fd3f05a163222901d4176ce041c7cbd2"
"optimized-backends-record-20260731","ci_replace_first_coll","collation","stringi","stringi","main","36f5c8d","stringi",2,5,0.151,151,100000,"medium","character",20260721,"32930d4bafb9d6f4ee7b61840dbeb01a","stringi","74.1","bundle","R version 4.6.1 (2026-06-24)","/home/ted/R/x86_64-pc-linux-gnu-library/4.6/charr","3d947f3df10c63e20fffc0e4ef7f55f7","b6048fe5a9145f64d47e32d5df72435c","eedae0ee27c545032905b17ea9a2007c","54701f5f079bcb077976c7b53a0c2386",2,"c1ab2344fda0c7ff167883d2fcb4c64e"
"optimized-backends-record-20260731","ci_replace_first_coll","collation","base","Main base","main","36f5c8d","base",2,5,0.142,142,100000,"medium","character",20260721,"32930d4bafb9d6f4ee7b61840dbeb01a","charr","78.2","system","R version 4.6.1 (2026-06-24)","/home/ted/R/x86_64-pc-linux-gnu-library/4.6/charr","3d947f3df10c63e20fffc0e4ef7f55f7","b6048fe5a9145f64d47e32d5df72435c","eedae0ee27c545032905b17ea9a2007c","54701f5f079bcb077976c7b53a0c2386",2,"c1ab2344fda0c7ff167883d2fcb4c64e"
"optimized-backends-record-20260731","ci_replace_first_coll","collation","altrep","Main ALTREP","main","36f5c8d","altrep",2,5,0.113,113,100000,"medium","charvec",20260721,"32930d4bafb9d6f4ee7b61840dbeb01a","charr","78.2","system","R version 4.6.1 (2026-06-24)","/home/ted/R/x86_64-pc-linux-gnu-library/4.6/charr","3d947f3df10c63e20fffc0e4ef7f55f7","b6048fe5a9145f64d47e32d5df72435c","eedae0ee27c545032905b17ea9a2007c","54701f5f079bcb077976c7b53a0c2386",2,"fd3f05a163222901d4176ce041c7cbd2"
"optimized-backends-record-20260731","ci_replace_first_coll","collation","stringi","stringi","main","36f5c8d","stringi",3,5,0.149,149,100000,"medium","character",20260721,"32930d4bafb9d6f4ee7b61840dbeb01a","stringi","74.1","bundle","R version 4.6.1 (2026-06-24)","/home/ted/R/x86_64-pc-linux-gnu-library/4.6/charr","3d947f3df10c63e20fffc0e4ef7f55f7","b6048fe5a9145f64d47e32d5df72435c","eedae0ee27c545032905b17ea9a2007c","54701f5f079bcb077976c7b53a0c2386",2,"c1ab2344fda0c7ff167883d2fcb4c64e"
"optimized-backends-record-20260731","ci_replace_first_coll","collation","base","Main base","main","36f5c8d","base",3,5,0.141,141,100000,"medium","character",20260721,"32930d4bafb9d6f4ee7b61840dbeb01a","charr","78.2","system","R version 4.6.1 (2026-06-24)","/home/ted/R/x86_64-pc-linux-gnu-library/4.6/charr","3d947f3df10c63e20fffc0e4ef7f55f7","b6048fe5a9145f64d47e32d5df72435c","eedae0ee27c545032905b17ea9a2007c","54701f5f079bcb077976c7b53a0c2386",2,"c1ab2344fda0c7ff167883d2fcb4c64e"
"optimized-backends-record-20260731","ci_replace_first_coll","collation","altrep","Main ALTREP","main","36f5c8d","altrep",3,5,0.114,114,100000,"medium","charvec",20260721,"32930d4bafb9d6f4ee7b61840dbeb01a","charr","78.2","system","R version 4.6.1 (2026-06-24)","/home/ted/R/x86_64-pc-linux-gnu-library/4.6/charr","3d947f3df10c63e20fffc0e4ef7f55f7","b6048fe5a9145f64d47e32d5df72435c","eedae0ee27c545032905b17ea9a2007c","54701f5f079bcb077976c7b53a0c2386",2,"fd3f05a163222901d4176ce041c7cbd2"
"optimized-backends-record-20260731","ci_replace_first_coll","collation","stringi","stringi","main","36f5c8d","stringi",4,5,0.148,148,100000,"medium","character",20260721,"32930d4bafb9d6f4ee7b61840dbeb01a","stringi","74.1","bundle","R version 4.6.1 (2026-06-24)","/home/ted/R/x86_64-pc-linux-gnu-library/4.6/charr","3d947f3df10c63e20fffc0e4ef7f55f7","b6048fe5a9145f64d47e32d5df72435c","eedae0ee27c545032905b17ea9a2007c","54701f5f079bcb077976c7b53a0c2386",2,"c1ab2344fda0c7ff167883d2fcb4c64e"
"optimized-backends-record-20260731","ci_replace_first_coll","collation","base","Main base","main","36f5c8d","base",4,5,0.143,143,100000,"medium","character",20260721,"32930d4bafb9d6f4ee7b61840dbeb01a","charr","78.2","system","R version 4.6.1 (2026-06-24)","/home/ted/R/x86_64-pc-linux-gnu-library/4.6/charr","3d947f3df10c63e20fffc0e4ef7f55f7","b6048fe5a9145f64d47e32d5df72435c","eedae0ee27c545032905b17ea9a2007c","54701f5f079bcb077976c7b53a0c2386",2,"c1ab2344fda0c7ff167883d2fcb4c64e"
"optimized-backends-record-20260731","ci_replace_first_coll","collation","altrep","Main ALTREP","main","36f5c8d","altrep",4,5,0.113,113,100000,"medium","charvec",20260721,"32930d4bafb9d6f4ee7b61840dbeb01a","charr","78.2","system","R version 4.6.1 (2026-06-24)","/home/ted/R/x86_64-pc-linux-gnu-library/4.6/charr","3d947f3df10c63e20fffc0e4ef7f55f7","b6048fe5a9145f64d47e32d5df72435c","eedae0ee27c545032905b17ea9a2007c","54701f5f079bcb077976c7b53a0c2386",2,"fd3f05a163222901d4176ce041c7cbd2"
"optimized-backends-record-20260731","ci_replace_first_coll","collation","stringi","stringi","main","36f5c8d","stringi",5,5,0.147,147,100000,"medium","character",20260721,"32930d4bafb9d6f4ee7b61840dbeb01a","stringi","74.1","bundle","R version 4.6.1 (2026-06-24)","/home/ted/R/x86_64-pc-linux-gnu-library/4.6/charr","3d947f3df10c63e20fffc0e4ef7f55f7","b6048fe5a9145f64d47e32d5df72435c","eedae0ee27c545032905b17ea9a2007c","54701f5f079bcb077976c7b53a0c2386",2,"c1ab2344fda0c7ff167883d2fcb4c64e"
"optimized-backends-record-20260731","ci_replace_first_coll","collation","base","Main base","main","36f5c8d","base",5,5,0.139,139,100000,"medium","character",20260721,"32930d4bafb9d6f4ee7b61840dbeb01a","charr","78.2","system","R version 4.6.1 (2026-06-24)","/home/ted/R/x86_64-pc-linux-gnu-library/4.6/charr","3d947f3df10c63e20fffc0e4ef7f55f7","b6048fe5a9145f64d47e32d5df72435c","eedae0ee27c545032905b17ea9a2007c","54701f5f079bcb077976c7b53a0c2386",2,"c1ab2344fda0c7ff167883d2fcb4c64e"
"optimized-backends-record-20260731","ci_replace_first_coll","collation","altrep","Main ALTREP","main","36f5c8d","altrep",5,5,0.113,113,100000,"medium","charvec",20260721,"32930d4bafb9d6f4ee7b61840dbeb01a","charr","78.2","system","R version 4.6.1 (2026-06-24)","/home/ted/R/x86_64-pc-linux-gnu-library/4.6/charr","3d947f3df10c63e20fffc0e4ef7f55f7","b6048fe5a9145f64d47e32d5df72435c","eedae0ee27c545032905b17ea9a2007c","54701f5f079bcb077976c7b53a0c2386",2,"fd3f05a163222901d4176ce041c7cbd2"
"optimized-backends-record-20260731","ci_replace_all_coll","collation","stringi","stringi","main","36f5c8d","stringi",1,5,0.02,20,10000,"slow","character",20260721,"e6d3a516692fdd33881c621e2169c2fb","stringi","74.1","bundle","R version 4.6.1 (2026-06-24)","/home/ted/R/x86_64-pc-linux-gnu-library/4.6/charr","3d947f3df10c63e20fffc0e4ef7f55f7","b6048fe5a9145f64d47e32d5df72435c","eedae0ee27c545032905b17ea9a2007c","54701f5f079bcb077976c7b53a0c2386",2,"5c5c643b8cf01dd61dc4576c3f195bac"
"optimized-backends-record-20260731","ci_replace_all_coll","collation","base","Main base","main","36f5c8d","base",1,5,0.019,19,10000,"slow","character",20260721,"e6d3a516692fdd33881c621e2169c2fb","charr","78.2","system","R version 4.6.1 (2026-06-24)","/home/ted/R/x86_64-pc-linux-gnu-library/4.6/charr","3d947f3df10c63e20fffc0e4ef7f55f7","b6048fe5a9145f64d47e32d5df72435c","eedae0ee27c545032905b17ea9a2007c","54701f5f079bcb077976c7b53a0c2386",2,"5c5c643b8cf01dd61dc4576c3f195bac"
"optimized-backends-record-20260731","ci_replace_all_coll","collation","altrep","Main ALTREP","main","36f5c8d","altrep",1,5,0.017,17,10000,"slow","charvec",20260721,"e6d3a516692fdd33881c621e2169c2fb","charr","78.2","system","R version 4.6.1 (2026-06-24)","/home/ted/R/x86_64-pc-linux-gnu-library/4.6/charr","3d947f3df10c63e20fffc0e4ef7f55f7","b6048fe5a9145f64d47e32d5df72435c","eedae0ee27c545032905b17ea9a2007c","54701f5f079bcb077976c7b53a0c2386",2,"52c64b5e913c3191d466aba772647a5c"
"optimized-backends-record-20260731","ci_replace_all_coll","collation","stringi","stringi","main","36f5c8d","stringi",2,5,0.02,20,10000,"slow","character",20260721,"e6d3a516692fdd33881c621e2169c2fb","stringi","74.1","bundle","R version 4.6.1 (2026-06-24)","/home/ted/R/x86_64-pc-linux-gnu-library/4.6/charr","3d947f3df10c63e20fffc0e4ef7f55f7","b6048fe5a9145f64d47e32d5df72435c","eedae0ee27c545032905b17ea9a2007c","54701f5f079bcb077976c7b53a0c2386",2,"5c5c643b8cf01dd61dc4576c3f195bac"
"optimized-backends-record-20260731","ci_replace_all_coll","collation","base","Main base","main","36f5c8d","base",2,5,0.019,19,10000,"slow","character",20260721,"e6d3a516692fdd33881c621e2169c2fb","charr","78.2","system","R version 4.6.1 (2026-06-24)","/home/ted/R/x86_64-pc-linux-gnu-library/4.6/charr","3d947f3df10c63e20fffc0e4ef7f55f7","b6048fe5a9145f64d47e32d5df72435c","eedae0ee27c545032905b17ea9a2007c","54701f5f079bcb077976c7b53a0c2386",2,"5c5c643b8cf01dd61dc4576c3f195bac"
"optimized-backends-record-20260731","ci_replace_all_coll","collation","altrep","Main ALTREP","main","36f5c8d","altrep",2,5,0.018,18,10000,"slow","charvec",20260721,"e6d3a516692fdd33881c621e2169c2fb","charr","78.2","system","R version 4.6.1 (2026-06-24)","/home/ted/R/x86_64-pc-linux-gnu-library/4.6/charr","3d947f3df10c63e20fffc0e4ef7f55f7","b6048fe5a9145f64d47e32d5df72435c","eedae0ee27c545032905b17ea9a2007c","54701f5f079bcb077976c7b53a0c2386",2,"52c64b5e913c3191d466aba772647a5c"
"optimized-backends-record-20260731","ci_replace_all_coll","collation","stringi","stringi","main","36f5c8d","stringi",3,5,0.02,20,10000,"slow","character",20260721,"e6d3a516692fdd33881c621e2169c2fb","stringi","74.1","bundle","R version 4.6.1 (2026-06-24)","/home/ted/R/x86_64-pc-linux-gnu-library/4.6/charr","3d947f3df10c63e20fffc0e4ef7f55f7","b6048fe5a9145f64d47e32d5df72435c","eedae0ee27c545032905b17ea9a2007c","54701f5f079bcb077976c7b53a0c2386",2,"5c5c643b8cf01dd61dc4576c3f195bac"
"optimized-backends-record-20260731","ci_replace_all_coll","collation","base","Main base","main","36f5c8d","base",3,5,0.019,19,10000,"slow","character",20260721,"e6d3a516692fdd33881c621e2169c2fb","charr","78.2","system","R version 4.6.1 (2026-06-24)","/home/ted/R/x86_64-pc-linux-gnu-library/4.6/charr","3d947f3df10c63e20fffc0e4ef7f55f7","b6048fe5a9145f64d47e32d5df72435c","eedae0ee27c545032905b17ea9a2007c","54701f5f079bcb077976c7b53a0c2386",2,"5c5c643b8cf01dd61dc4576c3f195bac"
"optimized-backends-record-20260731","ci_replace_all_coll","collation","altrep","Main ALTREP","main","36f5c8d","altrep",3,5,0.017,17,10000,"slow","charvec",20260721,"e6d3a516692fdd33881c621e2169c2fb","charr","78.2","system","R version 4.6.1 (2026-06-24)","/home/ted/R/x86_64-pc-linux-gnu-library/4.6/charr","3d947f3df10c63e20fffc0e4ef7f55f7","b6048fe5a9145f64d47e32d5df72435c","eedae0ee27c545032905b17ea9a2007c","54701f5f079bcb077976c7b53a0c2386",2,"52c64b5e913c3191d466aba772647a5c"
"optimized-backends-record-20260731","ci_replace_all_coll","collation","stringi","stringi","main","36f5c8d","stringi",4,5,0.02,20,10000,"slow","character",20260721,"e6d3a516692fdd33881c621e2169c2fb","stringi","74.1","bundle","R version 4.6.1 (2026-06-24)","/home/ted/R/x86_64-pc-linux-gnu-library/4.6/charr","3d947f3df10c63e20fffc0e4ef7f55f7","b6048fe5a9145f64d47e32d5df72435c","eedae0ee27c545032905b17ea9a2007c","54701f5f079bcb077976c7b53a0c2386",2,"5c5c643b8cf01dd61dc4576c3f195bac"
"optimized-backends-record-20260731","ci_replace_all_coll","collation","base","Main base","main","36f5c8d","base",4,5,0.019,19,10000,"slow","character",20260721,"e6d3a516692fdd33881c621e2169c2fb","charr","78.2","system","R version 4.6.1 (2026-06-24)","/home/ted/R/x86_64-pc-linux-gnu-library/4.6/charr","3d947f3df10c63e20fffc0e4ef7f55f7","b6048fe5a9145f64d47e32d5df72435c","eedae0ee27c545032905b17ea9a2007c","54701f5f079bcb077976c7b53a0c2386",2,"5c5c643b8cf01dd61dc4576c3f195bac"
"optimized-backends-record-20260731","ci_replace_all_coll","collation","altrep","Main ALTREP","main","36f5c8d","altrep",4,5,0.017,17,10000,"slow","charvec",20260721,"e6d3a516692fdd33881c621e2169c2fb","charr","78.2","system","R version 4.6.1 (2026-06-24)","/home/ted/R/x86_64-pc-linux-gnu-library/4.6/charr","3d947f3df10c63e20fffc0e4ef7f55f7","b6048fe5a9145f64d47e32d5df72435c","eedae0ee27c545032905b17ea9a2007c","54701f5f079bcb077976c7b53a0c2386",2,"52c64b5e913c3191d466aba772647a5c"
"optimized-backends-record-20260731","ci_replace_all_coll","collation","stringi","stringi","main","36f5c8d","stringi",5,5,0.02,20,10000,"slow","character",20260721,"e6d3a516692fdd33881c621e2169c2fb","stringi","74.1","bundle","R version 4.6.1 (2026-06-24)","/home/ted/R/x86_64-pc-linux-gnu-library/4.6/charr","3d947f3df10c63e20fffc0e4ef7f55f7","b6048fe5a9145f64d47e32d5df72435c","eedae0ee27c545032905b17ea9a2007c","54701f5f079bcb077976c7b53a0c2386",2,"5c5c643b8cf01dd61dc4576c3f195bac"
"optimized-backends-record-20260731","ci_replace_all_coll","collation","base","Main base","main","36f5c8d","base",5,5,0.019,19,10000,"slow","character",20260721,"e6d3a516692fdd33881c621e2169c2fb","charr","78.2","system","R version 4.6.1 (2026-06-24)","/home/ted/R/x86_64-pc-linux-gnu-library/4.6/charr","3d947f3df10c63e20fffc0e4ef7f55f7","b6048fe5a9145f64d47e32d5df72435c","eedae0ee27c545032905b17ea9a2007c","54701f5f079bcb077976c7b53a0c2386",2,"5c5c643b8cf01dd61dc4576c3f195bac"
"optimized-backends-record-20260731","ci_replace_all_coll","collation","altrep","Main ALTREP","main","36f5c8d","altrep",5,5,0.017,17,10000,"slow","charvec",20260721,"e6d3a516692fdd33881c621e2169c2fb","charr","78.2","system","R version 4.6.1 (2026-06-24)","/home/ted/R/x86_64-pc-linux-gnu-library/4.6/charr","3d947f3df10c63e20fffc0e4ef7f55f7","b6048fe5a9145f64d47e32d5df72435c","eedae0ee27c545032905b17ea9a2007c","54701f5f079bcb077976c7b53a0c2386",2,"52c64b5e913c3191d466aba772647a5c"
"optimized-backends-record-20260731","ci_split_coll","collation","stringi","stringi","main","36f5c8d","stringi",1,5,0.022,22,10000,"slow","character",20260721,"e6d3a516692fdd33881c621e2169c2fb","stringi","74.1","bundle","R version 4.6.1 (2026-06-24)","/home/ted/R/x86_64-pc-linux-gnu-library/4.6/charr","3d947f3df10c63e20fffc0e4ef7f55f7","b6048fe5a9145f64d47e32d5df72435c","eedae0ee27c545032905b17ea9a2007c","54701f5f079bcb077976c7b53a0c2386",2,"5c5c643b8cf01dd61dc4576c3f195bac"
"optimized-backends-record-20260731","ci_split_coll","collation","base","Main base","main","36f5c8d","base",1,5,0.019,19,10000,"slow","character",20260721,"e6d3a516692fdd33881c621e2169c2fb","charr","78.2","system","R version 4.6.1 (2026-06-24)","/home/ted/R/x86_64-pc-linux-gnu-library/4.6/charr","3d947f3df10c63e20fffc0e4ef7f55f7","b6048fe5a9145f64d47e32d5df72435c","eedae0ee27c545032905b17ea9a2007c","54701f5f079bcb077976c7b53a0c2386",2,"5c5c643b8cf01dd61dc4576c3f195bac"
"optimized-backends-record-20260731","ci_split_coll","collation","altrep","Main ALTREP","main","36f5c8d","altrep",1,5,0.019,19,10000,"slow","charvec",20260721,"e6d3a516692fdd33881c621e2169c2fb","charr","78.2","system","R version 4.6.1 (2026-06-24)","/home/ted/R/x86_64-pc-linux-gnu-library/4.6/charr","3d947f3df10c63e20fffc0e4ef7f55f7","b6048fe5a9145f64d47e32d5df72435c","eedae0ee27c545032905b17ea9a2007c","54701f5f079bcb077976c7b53a0c2386",2,"52c64b5e913c3191d466aba772647a5c"
"optimized-backends-record-20260731","ci_split_coll","collation","stringi","stringi","main","36f5c8d","stringi",2,5,0.022,22,10000,"slow","character",20260721,"e6d3a516692fdd33881c621e2169c2fb","stringi","74.1","bundle","R version 4.6.1 (2026-06-24)","/home/ted/R/x86_64-pc-linux-gnu-library/4.6/charr","3d947f3df10c63e20fffc0e4ef7f55f7","b6048fe5a9145f64d47e32d5df72435c","eedae0ee27c545032905b17ea9a2007c","54701f5f079bcb077976c7b53a0c2386",2,"5c5c643b8cf01dd61dc4576c3f195bac"
"optimized-backends-record-20260731","ci_split_coll","collation","base","Main base","main","36f5c8d","base",2,5,0.02,20,10000,"slow","character",20260721,"e6d3a516692fdd33881c621e2169c2fb","charr","78.2","system","R version 4.6.1 (2026-06-24)","/home/ted/R/x86_64-pc-linux-gnu-library/4.6/charr","3d947f3df10c63e20fffc0e4ef7f55f7","b6048fe5a9145f64d47e32d5df72435c","eedae0ee27c545032905b17ea9a2007c","54701f5f079bcb077976c7b53a0c2386",2,"5c5c643b8cf01dd61dc4576c3f195bac"
"optimized-backends-record-20260731","ci_split_coll","collation","altrep","Main ALTREP","main","36f5c8d","altrep",2,5,0.019,19,10000,"slow","charvec",20260721,"e6d3a516692fdd33881c621e2169c2fb","charr","78.2","system","R version 4.6.1 (2026-06-24)","/home/ted/R/x86_64-pc-linux-gnu-library/4.6/charr","3d947f3df10c63e20fffc0e4ef7f55f7","b6048fe5a9145f64d47e32d5df72435c","eedae0ee27c545032905b17ea9a2007c","54701f5f079bcb077976c7b53a0c2386",2,"52c64b5e913c3191d466aba772647a5c"
"optimized-backends-record-20260731","ci_split_coll","collation","stringi","stringi","main","36f5c8d","stringi",3,5,0.022,22,10000,"slow","character",20260721,"e6d3a516692fdd33881c621e2169c2fb","stringi","74.1","bundle","R version 4.6.1 (2026-06-24)","/home/ted/R/x86_64-pc-linux-gnu-library/4.6/charr","3d947f3df10c63e20fffc0e4ef7f55f7","b6048fe5a9145f64d47e32d5df72435c","eedae0ee27c545032905b17ea9a2007c","54701f5f079bcb077976c7b53a0c2386",2,"5c5c643b8cf01dd61dc4576c3f195bac"
"optimized-backends-record-20260731","ci_split_coll","collation","base","Main base","main","36f5c8d","base",3,5,0.019,19,10000,"slow","character",20260721,"e6d3a516692fdd33881c621e2169c2fb","charr","78.2","system","R version 4.6.1 (2026-06-24)","/home/ted/R/x86_64-pc-linux-gnu-library/4.6/charr","3d947f3df10c63e20fffc0e4ef7f55f7","b6048fe5a9145f64d47e32d5df72435c","eedae0ee27c545032905b17ea9a2007c","54701f5f079bcb077976c7b53a0c2386",2,"5c5c643b8cf01dd61dc4576c3f195bac"
"optimized-backends-record-20260731","ci_split_coll","collation","altrep","Main ALTREP","main","36f5c8d","altrep",3,5,0.019,19,10000,"slow","charvec",20260721,"e6d3a516692fdd33881c621e2169c2fb","charr","78.2","system","R version 4.6.1 (2026-06-24)","/home/ted/R/x86_64-pc-linux-gnu-library/4.6/charr","3d947f3df10c63e20fffc0e4ef7f55f7","b6048fe5a9145f64d47e32d5df72435c","eedae0ee27c545032905b17ea9a2007c","54701f5f079bcb077976c7b53a0c2386",2,"52c64b5e913c3191d466aba772647a5c"
"optimized-backends-record-20260731","ci_split_coll","collation","stringi","stringi","main","36f5c8d","stringi",4,5,0.022,22,10000,"slow","character",20260721,"e6d3a516692fdd33881c621e2169c2fb","stringi","74.1","bundle","R version 4.6.1 (2026-06-24)","/home/ted/R/x86_64-pc-linux-gnu-library/4.6/charr","3d947f3df10c63e20fffc0e4ef7f55f7","b6048fe5a9145f64d47e32d5df72435c","eedae0ee27c545032905b17ea9a2007c","54701f5f079bcb077976c7b53a0c2386",2,"5c5c643b8cf01dd61dc4576c3f195bac"
"optimized-backends-record-20260731","ci_split_coll","collation","base","Main base","main","36f5c8d","base",4,5,0.019,19,10000,"slow","character",20260721,"e6d3a516692fdd33881c621e2169c2fb","charr","78.2","system","R version 4.6.1 (2026-06-24)","/home/ted/R/x86_64-pc-linux-gnu-library/4.6/charr","3d947f3df10c63e20fffc0e4ef7f55f7","b6048fe5a9145f64d47e32d5df72435c","eedae0ee27c545032905b17ea9a2007c","54701f5f079bcb077976c7b53a0c2386",2,"5c5c643b8cf01dd61dc4576c3f195bac"
"optimized-backends-record-20260731","ci_split_coll","collation","altrep","Main ALTREP","main","36f5c8d","altrep",4,5,0.019,19,10000,"slow","charvec",20260721,"e6d3a516692fdd33881c621e2169c2fb","charr","78.2","system","R version 4.6.1 (2026-06-24)","/home/ted/R/x86_64-pc-linux-gnu-library/4.6/charr","3d947f3df10c63e20fffc0e4ef7f55f7","b6048fe5a9145f64d47e32d5df72435c","eedae0ee27c545032905b17ea9a2007c","54701f5f079bcb077976c7b53a0c2386",2,"52c64b5e913c3191d466aba772647a5c"
"optimized-backends-record-20260731","ci_split_coll","collation","stringi","stringi","main","36f5c8d","stringi",5,5,0.022,22,10000,"slow","character",20260721,"e6d3a516692fdd33881c621e2169c2fb","stringi","74.1","bundle","R version 4.6.1 (2026-06-24)","/home/ted/R/x86_64-pc-linux-gnu-library/4.6/charr","3d947f3df10c63e20fffc0e4ef7f55f7","b6048fe5a9145f64d47e32d5df72435c","eedae0ee27c545032905b17ea9a2007c","54701f5f079bcb077976c7b53a0c2386",2,"5c5c643b8cf01dd61dc4576c3f195bac"
"optimized-backends-record-20260731","ci_split_coll","collation","base","Main base","main","36f5c8d","base",5,5,0.019,19,10000,"slow","character",20260721,"e6d3a516692fdd33881c621e2169c2fb","charr","78.2","system","R version 4.6.1 (2026-06-24)","/home/ted/R/x86_64-pc-linux-gnu-library/4.6/charr","3d947f3df10c63e20fffc0e4ef7f55f7","b6048fe5a9145f64d47e32d5df72435c","eedae0ee27c545032905b17ea9a2007c","54701f5f079bcb077976c7b53a0c2386",2,"5c5c643b8cf01dd61dc4576c3f195bac"
"optimized-backends-record-20260731","ci_split_coll","collation","altrep","Main ALTREP","main","36f5c8d","altrep",5,5,0.019,19,10000,"slow","charvec",20260721,"e6d3a516692fdd33881c621e2169c2fb","charr","78.2","system","R version 4.6.1 (2026-06-24)","/home/ted/R/x86_64-pc-linux-gnu-library/4.6/charr","3d947f3df10c63e20fffc0e4ef7f55f7","b6048fe5a9145f64d47e32d5df72435c","eedae0ee27c545032905b17ea9a2007c","54701f5f079bcb077976c7b53a0c2386",2,"52c64b5e913c3191d466aba772647a5c"
"optimized-backends-record-20260731","ci_order","ordering","stringi","stringi","main","36f5c8d","stringi",1,5,0.071,71,100000,"medium","character",20260721,"32930d4bafb9d6f4ee7b61840dbeb01a","stringi","74.1","bundle","R version 4.6.1 (2026-06-24)","/home/ted/R/x86_64-pc-linux-gnu-library/4.6/charr","3d947f3df10c63e20fffc0e4ef7f55f7","b6048fe5a9145f64d47e32d5df72435c","eedae0ee27c545032905b17ea9a2007c","54701f5f079bcb077976c7b53a0c2386",2,"c1ab2344fda0c7ff167883d2fcb4c64e"
"optimized-backends-record-20260731","ci_order","ordering","base","Main base","main","36f5c8d","base",1,5,0.066,66,100000,"medium","character",20260721,"32930d4bafb9d6f4ee7b61840dbeb01a","charr","78.2","system","R version 4.6.1 (2026-06-24)","/home/ted/R/x86_64-pc-linux-gnu-library/4.6/charr","3d947f3df10c63e20fffc0e4ef7f55f7","b6048fe5a9145f64d47e32d5df72435c","eedae0ee27c545032905b17ea9a2007c","54701f5f079bcb077976c7b53a0c2386",2,"c1ab2344fda0c7ff167883d2fcb4c64e"
"optimized-backends-record-20260731","ci_order","ordering","altrep","Main ALTREP","main","36f5c8d","altrep",1,5,0.06,60,100000,"medium","charvec",20260721,"32930d4bafb9d6f4ee7b61840dbeb01a","charr","78.2","system","R version 4.6.1 (2026-06-24)","/home/ted/R/x86_64-pc-linux-gnu-library/4.6/charr","3d947f3df10c63e20fffc0e4ef7f55f7","b6048fe5a9145f64d47e32d5df72435c","eedae0ee27c545032905b17ea9a2007c","54701f5f079bcb077976c7b53a0c2386",2,"fd3f05a163222901d4176ce041c7cbd2"
"optimized-backends-record-20260731","ci_order","ordering","stringi","stringi","main","36f5c8d","stringi",2,5,0.071,71,100000,"medium","character",20260721,"32930d4bafb9d6f4ee7b61840dbeb01a","stringi","74.1","bundle","R version 4.6.1 (2026-06-24)","/home/ted/R/x86_64-pc-linux-gnu-library/4.6/charr","3d947f3df10c63e20fffc0e4ef7f55f7","b6048fe5a9145f64d47e32d5df72435c","eedae0ee27c545032905b17ea9a2007c","54701f5f079bcb077976c7b53a0c2386",2,"c1ab2344fda0c7ff167883d2fcb4c64e"
"optimized-backends-record-20260731","ci_order","ordering","base","Main base","main","36f5c8d","base",2,5,0.067,67,100000,"medium","character",20260721,"32930d4bafb9d6f4ee7b61840dbeb01a","charr","78.2","system","R version 4.6.1 (2026-06-24)","/home/ted/R/x86_64-pc-linux-gnu-library/4.6/charr","3d947f3df10c63e20fffc0e4ef7f55f7","b6048fe5a9145f64d47e32d5df72435c","eedae0ee27c545032905b17ea9a2007c","54701f5f079bcb077976c7b53a0c2386",2,"c1ab2344fda0c7ff167883d2fcb4c64e"
"optimized-backends-record-20260731","ci_order","ordering","altrep","Main ALTREP","main","36f5c8d","altrep",2,5,0.059,59,100000,"medium","charvec",20260721,"32930d4bafb9d6f4ee7b61840dbeb01a","charr","78.2","system","R version 4.6.1 (2026-06-24)","/home/ted/R/x86_64-pc-linux-gnu-library/4.6/charr","3d947f3df10c63e20fffc0e4ef7f55f7","b6048fe5a9145f64d47e32d5df72435c","eedae0ee27c545032905b17ea9a2007c","54701f5f079bcb077976c7b53a0c2386",2,"fd3f05a163222901d4176ce041c7cbd2"
"optimized-backends-record-20260731","ci_order","ordering","stringi","stringi","main","36f5c8d","stringi",3,5,0.069,69,100000,"medium","character",20260721,"32930d4bafb9d6f4ee7b61840dbeb01a","stringi","74.1","bundle","R version 4.6.1 (2026-06-24)","/home/ted/R/x86_64-pc-linux-gnu-library/4.6/charr","3d947f3df10c63e20fffc0e4ef7f55f7","b6048fe5a9145f64d47e32d5df72435c","eedae0ee27c545032905b17ea9a2007c","54701f5f079bcb077976c7b53a0c2386",2,"c1ab2344fda0c7ff167883d2fcb4c64e"
"optimized-backends-record-20260731","ci_order","ordering","base","Main base","main","36f5c8d","base",3,5,0.066,66,100000,"medium","character",20260721,"32930d4bafb9d6f4ee7b61840dbeb01a","charr","78.2","system","R version 4.6.1 (2026-06-24)","/home/ted/R/x86_64-pc-linux-gnu-library/4.6/charr","3d947f3df10c63e20fffc0e4ef7f55f7","b6048fe5a9145f64d47e32d5df72435c","eedae0ee27c545032905b17ea9a2007c","54701f5f079bcb077976c7b53a0c2386",2,"c1ab2344fda0c7ff167883d2fcb4c64e"
"optimized-backends-record-20260731","ci_order","ordering","altrep","Main ALTREP","main","36f5c8d","altrep",3,5,0.059,59,100000,"medium","charvec",20260721,"32930d4bafb9d6f4ee7b61840dbeb01a","charr","78.2","system","R version 4.6.1 (2026-06-24)","/home/ted/R/x86_64-pc-linux-gnu-library/4.6/charr","3d947f3df10c63e20fffc0e4ef7f55f7","b6048fe5a9145f64d47e32d5df72435c","eedae0ee27c545032905b17ea9a2007c","54701f5f079bcb077976c7b53a0c2386",2,"fd3f05a163222901d4176ce041c7cbd2"
"optimized-backends-record-20260731","ci_order","ordering","stringi","stringi","main","36f5c8d","stringi",4,5,0.069,69,100000,"medium","character",20260721,"32930d4bafb9d6f4ee7b61840dbeb01a","stringi","74.1","bundle","R version 4.6.1 (2026-06-24)","/home/ted/R/x86_64-pc-linux-gnu-library/4.6/charr","3d947f3df10c63e20fffc0e4ef7f55f7","b6048fe5a9145f64d47e32d5df72435c","eedae0ee27c545032905b17ea9a2007c","54701f5f079bcb077976c7b53a0c2386",2,"c1ab2344fda0c7ff167883d2fcb4c64e"
"optimized-backends-record-20260731","ci_order","ordering","base","Main base","main","36f5c8d","base",4,5,0.066,66,100000,"medium","character",20260721,"32930d4bafb9d6f4ee7b61840dbeb01a","charr","78.2","system","R version 4.6.1 (2026-06-24)","/home/ted/R/x86_64-pc-linux-gnu-library/4.6/charr","3d947f3df10c63e20fffc0e4ef7f55f7","b6048fe5a9145f64d47e32d5df72435c","eedae0ee27c545032905b17ea9a2007c","54701f5f079bcb077976c7b53a0c2386",2,"c1ab2344fda0c7ff167883d2fcb4c64e"
"optimized-backends-record-20260731","ci_order","ordering","altrep","Main ALTREP","main","36f5c8d","altrep",4,5,0.059,59,100000,"medium","charvec",20260721,"32930d4bafb9d6f4ee7b61840dbeb01a","charr","78.2","system","R version 4.6.1 (2026-06-24)","/home/ted/R/x86_64-pc-linux-gnu-library/4.6/charr","3d947f3df10c63e20fffc0e4ef7f55f7","b6048fe5a9145f64d47e32d5df72435c","eedae0ee27c545032905b17ea9a2007c","54701f5f079bcb077976c7b53a0c2386",2,"fd3f05a163222901d4176ce041c7cbd2"
"optimized-backends-record-20260731","ci_order","ordering","stringi","stringi","main","36f5c8d","stringi",5,5,0.07,70,100000,"medium","character",20260721,"32930d4bafb9d6f4ee7b61840dbeb01a","stringi","74.1","bundle","R version 4.6.1 (2026-06-24)","/home/ted/R/x86_64-pc-linux-gnu-library/4.6/charr","3d947f3df10c63e20fffc0e4ef7f55f7","b6048fe5a9145f64d47e32d5df72435c","eedae0ee27c545032905b17ea9a2007c","54701f5f079bcb077976c7b53a0c2386",2,"c1ab2344fda0c7ff167883d2fcb4c64e"
"optimized-backends-record-20260731","ci_order","ordering","base","Main base","main","36f5c8d","base",5,5,0.065,65,100000,"medium","character",20260721,"32930d4bafb9d6f4ee7b61840dbeb01a","charr","78.2","system","R version 4.6.1 (2026-06-24)","/home/ted/R/x86_64-pc-linux-gnu-library/4.6/charr","3d947f3df10c63e20fffc0e4ef7f55f7","b6048fe5a9145f64d47e32d5df72435c","eedae0ee27c545032905b17ea9a2007c","54701f5f079bcb077976c7b53a0c2386",2,"c1ab2344fda0c7ff167883d2fcb4c64e"
"optimized-backends-record-20260731","ci_order","ordering","altrep","Main ALTREP","main","36f5c8d","altrep",5,5,0.059,59,100000,"medium","charvec",20260721,"32930d4bafb9d6f4ee7b61840dbeb01a","charr","78.2","system","R version 4.6.1 (2026-06-24)","/home/ted/R/x86_64-pc-linux-gnu-library/4.6/charr","3d947f3df10c63e20fffc0e4ef7f55f7","b6048fe5a9145f64d47e32d5df72435c","eedae0ee27c545032905b17ea9a2007c","54701f5f079bcb077976c7b53a0c2386",2,"fd3f05a163222901d4176ce041c7cbd2"
"optimized-backends-record-20260731","ci_rank","ordering","stringi","stringi","main","36f5c8d","stringi",1,5,0.077,77,100000,"medium","character",20260721,"32930d4bafb9d6f4ee7b61840dbeb01a","stringi","74.1","bundle","R version 4.6.1 (2026-06-24)","/home/ted/R/x86_64-pc-linux-gnu-library/4.6/charr","3d947f3df10c63e20fffc0e4ef7f55f7","b6048fe5a9145f64d47e32d5df72435c","eedae0ee27c545032905b17ea9a2007c","54701f5f079bcb077976c7b53a0c2386",2,"c1ab2344fda0c7ff167883d2fcb4c64e"
"optimized-backends-record-20260731","ci_rank","ordering","base","Main base","main","36f5c8d","base",1,5,0.073,73,100000,"medium","character",20260721,"32930d4bafb9d6f4ee7b61840dbeb01a","charr","78.2","system","R version 4.6.1 (2026-06-24)","/home/ted/R/x86_64-pc-linux-gnu-library/4.6/charr","3d947f3df10c63e20fffc0e4ef7f55f7","b6048fe5a9145f64d47e32d5df72435c","eedae0ee27c545032905b17ea9a2007c","54701f5f079bcb077976c7b53a0c2386",2,"c1ab2344fda0c7ff167883d2fcb4c64e"
"optimized-backends-record-20260731","ci_rank","ordering","altrep","Main ALTREP","main","36f5c8d","altrep",1,5,0.065,65,100000,"medium","charvec",20260721,"32930d4bafb9d6f4ee7b61840dbeb01a","charr","78.2","system","R version 4.6.1 (2026-06-24)","/home/ted/R/x86_64-pc-linux-gnu-library/4.6/charr","3d947f3df10c63e20fffc0e4ef7f55f7","b6048fe5a9145f64d47e32d5df72435c","eedae0ee27c545032905b17ea9a2007c","54701f5f079bcb077976c7b53a0c2386",2,"fd3f05a163222901d4176ce041c7cbd2"
"optimized-backends-record-20260731","ci_rank","ordering","stringi","stringi","main","36f5c8d","stringi",2,5,0.077,77,100000,"medium","character",20260721,"32930d4bafb9d6f4ee7b61840dbeb01a","stringi","74.1","bundle","R version 4.6.1 (2026-06-24)","/home/ted/R/x86_64-pc-linux-gnu-library/4.6/charr","3d947f3df10c63e20fffc0e4ef7f55f7","b6048fe5a9145f64d47e32d5df72435c","eedae0ee27c545032905b17ea9a2007c","54701f5f079bcb077976c7b53a0c2386",2,"c1ab2344fda0c7ff167883d2fcb4c64e"
"optimized-backends-record-20260731","ci_rank","ordering","base","Main base","main","36f5c8d","base",2,5,0.072,72,100000,"medium","character",20260721,"32930d4bafb9d6f4ee7b61840dbeb01a","charr","78.2","system","R version 4.6.1 (2026-06-24)","/home/ted/R/x86_64-pc-linux-gnu-library/4.6/charr","3d947f3df10c63e20fffc0e4ef7f55f7","b6048fe5a9145f64d47e32d5df72435c","eedae0ee27c545032905b17ea9a2007c","54701f5f079bcb077976c7b53a0c2386",2,"c1ab2344fda0c7ff167883d2fcb4c64e"
"optimized-backends-record-20260731","ci_rank","ordering","altrep","Main ALTREP","main","36f5c8d","altrep",2,5,0.065,65,100000,"medium","charvec",20260721,"32930d4bafb9d6f4ee7b61840dbeb01a","charr","78.2","system","R version 4.6.1 (2026-06-24)","/home/ted/R/x86_64-pc-linux-gnu-library/4.6/charr","3d947f3df10c63e20fffc0e4ef7f55f7","b6048fe5a9145f64d47e32d5df72435c","eedae0ee27c545032905b17ea9a2007c","54701f5f079bcb077976c7b53a0c2386",2,"fd3f05a163222901d4176ce041c7cbd2"
"optimized-backends-record-20260731","ci_rank","ordering","stringi","stringi","main","36f5c8d","stringi",3,5,0.084,84,100000,"medium","character",20260721,"32930d4bafb9d6f4ee7b61840dbeb01a","stringi","74.1","bundle","R version 4.6.1 (2026-06-24)","/home/ted/R/x86_64-pc-linux-gnu-library/4.6/charr","3d947f3df10c63e20fffc0e4ef7f55f7","b6048fe5a9145f64d47e32d5df72435c","eedae0ee27c545032905b17ea9a2007c","54701f5f079bcb077976c7b53a0c2386",2,"c1ab2344fda0c7ff167883d2fcb4c64e"
"optimized-backends-record-20260731","ci_rank","ordering","base","Main base","main","36f5c8d","base",3,5,0.074,74,100000,"medium","character",20260721,"32930d4bafb9d6f4ee7b61840dbeb01a","charr","78.2","system","R version 4.6.1 (2026-06-24)","/home/ted/R/x86_64-pc-linux-gnu-library/4.6/charr","3d947f3df10c63e20fffc0e4ef7f55f7","b6048fe5a9145f64d47e32d5df72435c","eedae0ee27c545032905b17ea9a2007c","54701f5f079bcb077976c7b53a0c2386",2,"c1ab2344fda0c7ff167883d2fcb4c64e"
"optimized-backends-record-20260731","ci_rank","ordering","altrep","Main ALTREP","main","36f5c8d","altrep",3,5,0.065,65,100000,"medium","charvec",20260721,"32930d4bafb9d6f4ee7b61840dbeb01a","charr","78.2","system","R version 4.6.1 (2026-06-24)","/home/ted/R/x86_64-pc-linux-gnu-library/4.6/charr","3d947f3df10c63e20fffc0e4ef7f55f7","b6048fe5a9145f64d47e32d5df72435c","eedae0ee27c545032905b17ea9a2007c","54701f5f079bcb077976c7b53a0c2386",2,"fd3f05a163222901d4176ce041c7cbd2"
"optimized-backends-record-20260731","ci_rank","ordering","stringi","stringi","main","36f5c8d","stringi",4,5,0.077,77,100000,"medium","character",20260721,"32930d4bafb9d6f4ee7b61840dbeb01a","stringi","74.1","bundle","R version 4.6.1 (2026-06-24)","/home/ted/R/x86_64-pc-linux-gnu-library/4.6/charr","3d947f3df10c63e20fffc0e4ef7f55f7","b6048fe5a9145f64d47e32d5df72435c","eedae0ee27c545032905b17ea9a2007c","54701f5f079bcb077976c7b53a0c2386",2,"c1ab2344fda0c7ff167883d2fcb4c64e"
"optimized-backends-record-20260731","ci_rank","ordering","base","Main base","main","36f5c8d","base",4,5,0.078,78,100000,"medium","character",20260721,"32930d4bafb9d6f4ee7b61840dbeb01a","charr","78.2","system","R version 4.6.1 (2026-06-24)","/home/ted/R/x86_64-pc-linux-gnu-library/4.6/charr","3d947f3df10c63e20fffc0e4ef7f55f7","b6048fe5a9145f64d47e32d5df72435c","eedae0ee27c545032905b17ea9a2007c","54701f5f079bcb077976c7b53a0c2386",2,"c1ab2344fda0c7ff167883d2fcb4c64e"
"optimized-backends-record-20260731","ci_rank","ordering","altrep","Main ALTREP","main","36f5c8d","altrep",4,5,0.064,64,100000,"medium","charvec",20260721,"32930d4bafb9d6f4ee7b61840dbeb01a","charr","78.2","system","R version 4.6.1 (2026-06-24)","/home/ted/R/x86_64-pc-linux-gnu-library/4.6/charr","3d947f3df10c63e20fffc0e4ef7f55f7","b6048fe5a9145f64d47e32d5df72435c","eedae0ee27c545032905b17ea9a2007c","54701f5f079bcb077976c7b53a0c2386",2,"fd3f05a163222901d4176ce041c7cbd2"
"optimized-backends-record-20260731","ci_rank","ordering","stringi","stringi","main","36f5c8d","stringi",5,5,0.077,77,100000,"medium","character",20260721,"32930d4bafb9d6f4ee7b61840dbeb01a","stringi","74.1","bundle","R version 4.6.1 (2026-06-24)","/home/ted/R/x86_64-pc-linux-gnu-library/4.6/charr","3d947f3df10c63e20fffc0e4ef7f55f7","b6048fe5a9145f64d47e32d5df72435c","eedae0ee27c545032905b17ea9a2007c","54701f5f079bcb077976c7b53a0c2386",2,"c1ab2344fda0c7ff167883d2fcb4c64e"
"optimized-backends-record-20260731","ci_rank","ordering","base","Main base","main","36f5c8d","base",5,5,0.075,75,100000,"medium","character",20260721,"32930d4bafb9d6f4ee7b61840dbeb01a","charr","78.2","system","R version 4.6.1 (2026-06-24)","/home/ted/R/x86_64-pc-linux-gnu-library/4.6/charr","3d947f3df10c63e20fffc0e4ef7f55f7","b6048fe5a9145f64d47e32d5df72435c","eedae0ee27c545032905b17ea9a2007c","54701f5f079bcb077976c7b53a0c2386",2,"c1ab2344fda0c7ff167883d2fcb4c64e"
"optimized-backends-record-20260731","ci_rank","ordering","altrep","Main ALTREP","main","36f5c8d","altrep",5,5,0.064,64,100000,"medium","charvec",20260721,"32930d4bafb9d6f4ee7b61840dbeb01a","charr","78.2","system","R version 4.6.1 (2026-06-24)","/home/ted/R/x86_64-pc-linux-gnu-library/4.6/charr","3d947f3df10c63e20fffc0e4ef7f55f7","b6048fe5a9145f64d47e32d5df72435c","eedae0ee27c545032905b17ea9a2007c","54701f5f079bcb077976c7b53a0c2386",2,"fd3f05a163222901d4176ce041c7cbd2"
"optimized-backends-record-20260731","ci_cmp_equiv","ordering","stringi","stringi","main","36f5c8d","stringi",1,5,0.079,79,1000000,"fast","character",20260721,"25c716f0d4b3b4e05398094ee12e945f","stringi","74.1","bundle","R version 4.6.1 (2026-06-24)","/home/ted/R/x86_64-pc-linux-gnu-library/4.6/charr","3d947f3df10c63e20fffc0e4ef7f55f7","b6048fe5a9145f64d47e32d5df72435c","eedae0ee27c545032905b17ea9a2007c","54701f5f079bcb077976c7b53a0c2386",2,"e549c43af71954c67b43b1b565be2a42"
"optimized-backends-record-20260731","ci_cmp_equiv","ordering","base","Main base","main","36f5c8d","base",1,5,0.079,79,1000000,"fast","character",20260721,"25c716f0d4b3b4e05398094ee12e945f","charr","78.2","system","R version 4.6.1 (2026-06-24)","/home/ted/R/x86_64-pc-linux-gnu-library/4.6/charr","3d947f3df10c63e20fffc0e4ef7f55f7","b6048fe5a9145f64d47e32d5df72435c","eedae0ee27c545032905b17ea9a2007c","54701f5f079bcb077976c7b53a0c2386",2,"e549c43af71954c67b43b1b565be2a42"
"optimized-backends-record-20260731","ci_cmp_equiv","ordering","altrep","Main ALTREP","main","36f5c8d","altrep",1,5,0.053,53,1000000,"fast","charvec",20260721,"25c716f0d4b3b4e05398094ee12e945f","charr","78.2","system","R version 4.6.1 (2026-06-24)","/home/ted/R/x86_64-pc-linux-gnu-library/4.6/charr","3d947f3df10c63e20fffc0e4ef7f55f7","b6048fe5a9145f64d47e32d5df72435c","eedae0ee27c545032905b17ea9a2007c","54701f5f079bcb077976c7b53a0c2386",2,"fc726ee9f66ea138ae03cf9f86fb4d49"
"optimized-backends-record-20260731","ci_cmp_equiv","ordering","stringi","stringi","main","36f5c8d","stringi",2,5,0.078,78,1000000,"fast","character",20260721,"25c716f0d4b3b4e05398094ee12e945f","stringi","74.1","bundle","R version 4.6.1 (2026-06-24)","/home/ted/R/x86_64-pc-linux-gnu-library/4.6/charr","3d947f3df10c63e20fffc0e4ef7f55f7","b6048fe5a9145f64d47e32d5df72435c","eedae0ee27c545032905b17ea9a2007c","54701f5f079bcb077976c7b53a0c2386",2,"e549c43af71954c67b43b1b565be2a42"
"optimized-backends-record-20260731","ci_cmp_equiv","ordering","base","Main base","main","36f5c8d","base",2,5,0.078,78,1000000,"fast","character",20260721,"25c716f0d4b3b4e05398094ee12e945f","charr","78.2","system","R version 4.6.1 (2026-06-24)","/home/ted/R/x86_64-pc-linux-gnu-library/4.6/charr","3d947f3df10c63e20fffc0e4ef7f55f7","b6048fe5a9145f64d47e32d5df72435c","eedae0ee27c545032905b17ea9a2007c","54701f5f079bcb077976c7b53a0c2386",2,"e549c43af71954c67b43b1b565be2a42"
"optimized-backends-record-20260731","ci_cmp_equiv","ordering","altrep","Main ALTREP","main","36f5c8d","altrep",2,5,0.055,55,1000000,"fast","charvec",20260721,"25c716f0d4b3b4e05398094ee12e945f","charr","78.2","system","R version 4.6.1 (2026-06-24)","/home/ted/R/x86_64-pc-linux-gnu-library/4.6/charr","3d947f3df10c63e20fffc0e4ef7f55f7","b6048fe5a9145f64d47e32d5df72435c","eedae0ee27c545032905b17ea9a2007c","54701f5f079bcb077976c7b53a0c2386",2,"fc726ee9f66ea138ae03cf9f86fb4d49"
"optimized-backends-record-20260731","ci_cmp_equiv","ordering","stringi","stringi","main","36f5c8d","stringi",3,5,0.077,77,1000000,"fast","character",20260721,"25c716f0d4b3b4e05398094ee12e945f","stringi","74.1","bundle","R version 4.6.1 (2026-06-24)","/home/ted/R/x86_64-pc-linux-gnu-library/4.6/charr","3d947f3df10c63e20fffc0e4ef7f55f7","b6048fe5a9145f64d47e32d5df72435c","eedae0ee27c545032905b17ea9a2007c","54701f5f079bcb077976c7b53a0c2386",2,"e549c43af71954c67b43b1b565be2a42"
"optimized-backends-record-20260731","ci_cmp_equiv","ordering","base","Main base","main","36f5c8d","base",3,5,0.078,78,1000000,"fast","character",20260721,"25c716f0d4b3b4e05398094ee12e945f","charr","78.2","system","R version 4.6.1 (2026-06-24)","/home/ted/R/x86_64-pc-linux-gnu-library/4.6/charr","3d947f3df10c63e20fffc0e4ef7f55f7","b6048fe5a9145f64d47e32d5df72435c","eedae0ee27c545032905b17ea9a2007c","54701f5f079bcb077976c7b53a0c2386",2,"e549c43af71954c67b43b1b565be2a42"
"optimized-backends-record-20260731","ci_cmp_equiv","ordering","altrep","Main ALTREP","main","36f5c8d","altrep",3,5,0.053,53,1000000,"fast","charvec",20260721,"25c716f0d4b3b4e05398094ee12e945f","charr","78.2","system","R version 4.6.1 (2026-06-24)","/home/ted/R/x86_64-pc-linux-gnu-library/4.6/charr","3d947f3df10c63e20fffc0e4ef7f55f7","b6048fe5a9145f64d47e32d5df72435c","eedae0ee27c545032905b17ea9a2007c","54701f5f079bcb077976c7b53a0c2386",2,"fc726ee9f66ea138ae03cf9f86fb4d49"
"optimized-backends-record-20260731","ci_cmp_equiv","ordering","stringi","stringi","main","36f5c8d","stringi",4,5,0.077,77,1000000,"fast","character",20260721,"25c716f0d4b3b4e05398094ee12e945f","stringi","74.1","bundle","R version 4.6.1 (2026-06-24)","/home/ted/R/x86_64-pc-linux-gnu-library/4.6/charr","3d947f3df10c63e20fffc0e4ef7f55f7","b6048fe5a9145f64d47e32d5df72435c","eedae0ee27c545032905b17ea9a2007c","54701f5f079bcb077976c7b53a0c2386",2,"e549c43af71954c67b43b1b565be2a42"
"optimized-backends-record-20260731","ci_cmp_equiv","ordering","base","Main base","main","36f5c8d","base",4,5,0.078,78,1000000,"fast","character",20260721,"25c716f0d4b3b4e05398094ee12e945f","charr","78.2","system","R version 4.6.1 (2026-06-24)","/home/ted/R/x86_64-pc-linux-gnu-library/4.6/charr","3d947f3df10c63e20fffc0e4ef7f55f7","b6048fe5a9145f64d47e32d5df72435c","eedae0ee27c545032905b17ea9a2007c","54701f5f079bcb077976c7b53a0c2386",2,"e549c43af71954c67b43b1b565be2a42"
"optimized-backends-record-20260731","ci_cmp_equiv","ordering","altrep","Main ALTREP","main","36f5c8d","altrep",4,5,0.052,52,1000000,"fast","charvec",20260721,"25c716f0d4b3b4e05398094ee12e945f","charr","78.2","system","R version 4.6.1 (2026-06-24)","/home/ted/R/x86_64-pc-linux-gnu-library/4.6/charr","3d947f3df10c63e20fffc0e4ef7f55f7","b6048fe5a9145f64d47e32d5df72435c","eedae0ee27c545032905b17ea9a2007c","54701f5f079bcb077976c7b53a0c2386",2,"fc726ee9f66ea138ae03cf9f86fb4d49"
"optimized-backends-record-20260731","ci_cmp_equiv","ordering","stringi","stringi","main","36f5c8d","stringi",5,5,0.077,77,1000000,"fast","character",20260721,"25c716f0d4b3b4e05398094ee12e945f","stringi","74.1","bundle","R version 4.6.1 (2026-06-24)","/home/ted/R/x86_64-pc-linux-gnu-library/4.6/charr","3d947f3df10c63e20fffc0e4ef7f55f7","b6048fe5a9145f64d47e32d5df72435c","eedae0ee27c545032905b17ea9a2007c","54701f5f079bcb077976c7b53a0c2386",2,"e549c43af71954c67b43b1b565be2a42"
"optimized-backends-record-20260731","ci_cmp_equiv","ordering","base","Main base","main","36f5c8d","base",5,5,0.078,78,1000000,"fast","character",20260721,"25c716f0d4b3b4e05398094ee12e945f","charr","78.2","system","R version 4.6.1 (2026-06-24)","/home/ted/R/x86_64-pc-linux-gnu-library/4.6/charr","3d947f3df10c63e20fffc0e4ef7f55f7","b6048fe5a9145f64d47e32d5df72435c","eedae0ee27c545032905b17ea9a2007c","54701f5f079bcb077976c7b53a0c2386",2,"e549c43af71954c67b43b1b565be2a42"
"optimized-backends-record-20260731","ci_cmp_equiv","ordering","altrep","Main ALTREP","main","36f5c8d","altrep",5,5,0.053,53,1000000,"fast","charvec",20260721,"25c716f0d4b3b4e05398094ee12e945f","charr","78.2","system","R version 4.6.1 (2026-06-24)","/home/ted/R/x86_64-pc-linux-gnu-library/4.6/charr","3d947f3df10c63e20fffc0e4ef7f55f7","b6048fe5a9145f64d47e32d5df72435c","eedae0ee27c545032905b17ea9a2007c","54701f5f079bcb077976c7b53a0c2386",2,"fc726ee9f66ea138ae03cf9f86fb4d49"
"optimized-backends-record-20260731","ci_duplicated","ordering","stringi","stringi","main","36f5c8d","stringi",1,5,0.107,107,100000,"medium","character",20260721,"32930d4bafb9d6f4ee7b61840dbeb01a","stringi","74.1","bundle","R version 4.6.1 (2026-06-24)","/home/ted/R/x86_64-pc-linux-gnu-library/4.6/charr","3d947f3df10c63e20fffc0e4ef7f55f7","b6048fe5a9145f64d47e32d5df72435c","eedae0ee27c545032905b17ea9a2007c","54701f5f079bcb077976c7b53a0c2386",2,"c1ab2344fda0c7ff167883d2fcb4c64e"
"optimized-backends-record-20260731","ci_duplicated","ordering","base","Main base","main","36f5c8d","base",1,5,0.107,107,100000,"medium","character",20260721,"32930d4bafb9d6f4ee7b61840dbeb01a","charr","78.2","system","R version 4.6.1 (2026-06-24)","/home/ted/R/x86_64-pc-linux-gnu-library/4.6/charr","3d947f3df10c63e20fffc0e4ef7f55f7","b6048fe5a9145f64d47e32d5df72435c","eedae0ee27c545032905b17ea9a2007c","54701f5f079bcb077976c7b53a0c2386",2,"c1ab2344fda0c7ff167883d2fcb4c64e"
"optimized-backends-record-20260731","ci_duplicated","ordering","altrep","Main ALTREP","main","36f5c8d","altrep",1,5,0.092,92,100000,"medium","charvec",20260721,"32930d4bafb9d6f4ee7b61840dbeb01a","charr","78.2","system","R version 4.6.1 (2026-06-24)","/home/ted/R/x86_64-pc-linux-gnu-library/4.6/charr","3d947f3df10c63e20fffc0e4ef7f55f7","b6048fe5a9145f64d47e32d5df72435c","eedae0ee27c545032905b17ea9a2007c","54701f5f079bcb077976c7b53a0c2386",2,"fd3f05a163222901d4176ce041c7cbd2"
"optimized-backends-record-20260731","ci_duplicated","ordering","stringi","stringi","main","36f5c8d","stringi",2,5,0.108,108,100000,"medium","character",20260721,"32930d4bafb9d6f4ee7b61840dbeb01a","stringi","74.1","bundle","R version 4.6.1 (2026-06-24)","/home/ted/R/x86_64-pc-linux-gnu-library/4.6/charr","3d947f3df10c63e20fffc0e4ef7f55f7","b6048fe5a9145f64d47e32d5df72435c","eedae0ee27c545032905b17ea9a2007c","54701f5f079bcb077976c7b53a0c2386",2,"c1ab2344fda0c7ff167883d2fcb4c64e"
"optimized-backends-record-20260731","ci_duplicated","ordering","base","Main base","main","36f5c8d","base",2,5,0.105,105,100000,"medium","character",20260721,"32930d4bafb9d6f4ee7b61840dbeb01a","charr","78.2","system","R version 4.6.1 (2026-06-24)","/home/ted/R/x86_64-pc-linux-gnu-library/4.6/charr","3d947f3df10c63e20fffc0e4ef7f55f7","b6048fe5a9145f64d47e32d5df72435c","eedae0ee27c545032905b17ea9a2007c","54701f5f079bcb077976c7b53a0c2386",2,"c1ab2344fda0c7ff167883d2fcb4c64e"
"optimized-backends-record-20260731","ci_duplicated","ordering","altrep","Main ALTREP","main","36f5c8d","altrep",2,5,0.092,92,100000,"medium","charvec",20260721,"32930d4bafb9d6f4ee7b61840dbeb01a","charr","78.2","system","R version 4.6.1 (2026-06-24)","/home/ted/R/x86_64-pc-linux-gnu-library/4.6/charr","3d947f3df10c63e20fffc0e4ef7f55f7","b6048fe5a9145f64d47e32d5df72435c","eedae0ee27c545032905b17ea9a2007c","54701f5f079bcb077976c7b53a0c2386",2,"fd3f05a163222901d4176ce041c7cbd2"
"optimized-backends-record-20260731","ci_duplicated","ordering","stringi","stringi","main","36f5c8d","stringi",3,5,0.109,109,100000,"medium","character",20260721,"32930d4bafb9d6f4ee7b61840dbeb01a","stringi","74.1","bundle","R version 4.6.1 (2026-06-24)","/home/ted/R/x86_64-pc-linux-gnu-library/4.6/charr","3d947f3df10c63e20fffc0e4ef7f55f7","b6048fe5a9145f64d47e32d5df72435c","eedae0ee27c545032905b17ea9a2007c","54701f5f079bcb077976c7b53a0c2386",2,"c1ab2344fda0c7ff167883d2fcb4c64e"
"optimized-backends-record-20260731","ci_duplicated","ordering","base","Main base","main","36f5c8d","base",3,5,0.105,105,100000,"medium","character",20260721,"32930d4bafb9d6f4ee7b61840dbeb01a","charr","78.2","system","R version 4.6.1 (2026-06-24)","/home/ted/R/x86_64-pc-linux-gnu-library/4.6/charr","3d947f3df10c63e20fffc0e4ef7f55f7","b6048fe5a9145f64d47e32d5df72435c","eedae0ee27c545032905b17ea9a2007c","54701f5f079bcb077976c7b53a0c2386",2,"c1ab2344fda0c7ff167883d2fcb4c64e"
"optimized-backends-record-20260731","ci_duplicated","ordering","altrep","Main ALTREP","main","36f5c8d","altrep",3,5,0.093,93,100000,"medium","charvec",20260721,"32930d4bafb9d6f4ee7b61840dbeb01a","charr","78.2","system","R version 4.6.1 (2026-06-24)","/home/ted/R/x86_64-pc-linux-gnu-library/4.6/charr","3d947f3df10c63e20fffc0e4ef7f55f7","b6048fe5a9145f64d47e32d5df72435c","eedae0ee27c545032905b17ea9a2007c","54701f5f079bcb077976c7b53a0c2386",2,"fd3f05a163222901d4176ce041c7cbd2"
"optimized-backends-record-20260731","ci_duplicated","ordering","stringi","stringi","main","36f5c8d","stringi",4,5,0.11,110,100000,"medium","character",20260721,"32930d4bafb9d6f4ee7b61840dbeb01a","stringi","74.1","bundle","R version 4.6.1 (2026-06-24)","/home/ted/R/x86_64-pc-linux-gnu-library/4.6/charr","3d947f3df10c63e20fffc0e4ef7f55f7","b6048fe5a9145f64d47e32d5df72435c","eedae0ee27c545032905b17ea9a2007c","54701f5f079bcb077976c7b53a0c2386",2,"c1ab2344fda0c7ff167883d2fcb4c64e"
"optimized-backends-record-20260731","ci_duplicated","ordering","base","Main base","main","36f5c8d","base",4,5,0.105,105,100000,"medium","character",20260721,"32930d4bafb9d6f4ee7b61840dbeb01a","charr","78.2","system","R version 4.6.1 (2026-06-24)","/home/ted/R/x86_64-pc-linux-gnu-library/4.6/charr","3d947f3df10c63e20fffc0e4ef7f55f7","b6048fe5a9145f64d47e32d5df72435c","eedae0ee27c545032905b17ea9a2007c","54701f5f079bcb077976c7b53a0c2386",2,"c1ab2344fda0c7ff167883d2fcb4c64e"
"optimized-backends-record-20260731","ci_duplicated","ordering","altrep","Main ALTREP","main","36f5c8d","altrep",4,5,0.093,93,100000,"medium","charvec",20260721,"32930d4bafb9d6f4ee7b61840dbeb01a","charr","78.2","system","R version 4.6.1 (2026-06-24)","/home/ted/R/x86_64-pc-linux-gnu-library/4.6/charr","3d947f3df10c63e20fffc0e4ef7f55f7","b6048fe5a9145f64d47e32d5df72435c","eedae0ee27c545032905b17ea9a2007c","54701f5f079bcb077976c7b53a0c2386",2,"fd3f05a163222901d4176ce041c7cbd2"
"optimized-backends-record-20260731","ci_duplicated","ordering","stringi","stringi","main","36f5c8d","stringi",5,5,0.108,108,100000,"medium","character",20260721,"32930d4bafb9d6f4ee7b61840dbeb01a","stringi","74.1","bundle","R version 4.6.1 (2026-06-24)","/home/ted/R/x86_64-pc-linux-gnu-library/4.6/charr","3d947f3df10c63e20fffc0e4ef7f55f7","b6048fe5a9145f64d47e32d5df72435c","eedae0ee27c545032905b17ea9a2007c","54701f5f079bcb077976c7b53a0c2386",2,"c1ab2344fda0c7ff167883d2fcb4c64e"
"optimized-backends-record-20260731","ci_duplicated","ordering","base","Main base","main","36f5c8d","base",5,5,0.104,104,100000,"medium","character",20260721,"32930d4bafb9d6f4ee7b61840dbeb01a","charr","78.2","system","R version 4.6.1 (2026-06-24)","/home/ted/R/x86_64-pc-linux-gnu-library/4.6/charr","3d947f3df10c63e20fffc0e4ef7f55f7","b6048fe5a9145f64d47e32d5df72435c","eedae0ee27c545032905b17ea9a2007c","54701f5f079bcb077976c7b53a0c2386",2,"c1ab2344fda0c7ff167883d2fcb4c64e"
"optimized-backends-record-20260731","ci_duplicated","ordering","altrep","Main ALTREP","main","36f5c8d","altrep",5,5,0.091,91,100000,"medium","charvec",20260721,"32930d4bafb9d6f4ee7b61840dbeb01a","charr","78.2","system","R version 4.6.1 (2026-06-24)","/home/ted/R/x86_64-pc-linux-gnu-library/4.6/charr","3d947f3df10c63e20fffc0e4ef7f55f7","b6048fe5a9145f64d47e32d5df72435c","eedae0ee27c545032905b17ea9a2007c","54701f5f079bcb077976c7b53a0c2386",2,"fd3f05a163222901d4176ce041c7cbd2"
"optimized-backends-record-20260731","ci_trans_tolower","case-map","stringi","stringi","main","36f5c8d","stringi",1,5,0.044,44,100000,"medium","character",20260721,"32930d4bafb9d6f4ee7b61840dbeb01a","stringi","74.1","bundle","R version 4.6.1 (2026-06-24)","/home/ted/R/x86_64-pc-linux-gnu-library/4.6/charr","3d947f3df10c63e20fffc0e4ef7f55f7","b6048fe5a9145f64d47e32d5df72435c","eedae0ee27c545032905b17ea9a2007c","54701f5f079bcb077976c7b53a0c2386",2,"c1ab2344fda0c7ff167883d2fcb4c64e"
"optimized-backends-record-20260731","ci_trans_tolower","case-map","base","Main base","main","36f5c8d","base",1,5,0.042,42,100000,"medium","character",20260721,"32930d4bafb9d6f4ee7b61840dbeb01a","charr","78.2","system","R version 4.6.1 (2026-06-24)","/home/ted/R/x86_64-pc-linux-gnu-library/4.6/charr","3d947f3df10c63e20fffc0e4ef7f55f7","b6048fe5a9145f64d47e32d5df72435c","eedae0ee27c545032905b17ea9a2007c","54701f5f079bcb077976c7b53a0c2386",2,"c1ab2344fda0c7ff167883d2fcb4c64e"
"optimized-backends-record-20260731","ci_trans_tolower","case-map","altrep","Main ALTREP","main","36f5c8d","altrep",1,5,0.013,13,100000,"medium","charvec",20260721,"32930d4bafb9d6f4ee7b61840dbeb01a","charr","78.2","system","R version 4.6.1 (2026-06-24)","/home/ted/R/x86_64-pc-linux-gnu-library/4.6/charr","3d947f3df10c63e20fffc0e4ef7f55f7","b6048fe5a9145f64d47e32d5df72435c","eedae0ee27c545032905b17ea9a2007c","54701f5f079bcb077976c7b53a0c2386",2,"fd3f05a163222901d4176ce041c7cbd2"
"optimized-backends-record-20260731","ci_trans_tolower","case-map","stringi","stringi","main","36f5c8d","stringi",2,5,0.044,44,100000,"medium","character",20260721,"32930d4bafb9d6f4ee7b61840dbeb01a","stringi","74.1","bundle","R version 4.6.1 (2026-06-24)","/home/ted/R/x86_64-pc-linux-gnu-library/4.6/charr","3d947f3df10c63e20fffc0e4ef7f55f7","b6048fe5a9145f64d47e32d5df72435c","eedae0ee27c545032905b17ea9a2007c","54701f5f079bcb077976c7b53a0c2386",2,"c1ab2344fda0c7ff167883d2fcb4c64e"
"optimized-backends-record-20260731","ci_trans_tolower","case-map","base","Main base","main","36f5c8d","base",2,5,0.042,42,100000,"medium","character",20260721,"32930d4bafb9d6f4ee7b61840dbeb01a","charr","78.2","system","R version 4.6.1 (2026-06-24)","/home/ted/R/x86_64-pc-linux-gnu-library/4.6/charr","3d947f3df10c63e20fffc0e4ef7f55f7","b6048fe5a9145f64d47e32d5df72435c","eedae0ee27c545032905b17ea9a2007c","54701f5f079bcb077976c7b53a0c2386",2,"c1ab2344fda0c7ff167883d2fcb4c64e"
"optimized-backends-record-20260731","ci_trans_tolower","case-map","altrep","Main ALTREP","main","36f5c8d","altrep",2,5,0.013,13,100000,"medium","charvec",20260721,"32930d4bafb9d6f4ee7b61840dbeb01a","charr","78.2","system","R version 4.6.1 (2026-06-24)","/home/ted/R/x86_64-pc-linux-gnu-library/4.6/charr","3d947f3df10c63e20fffc0e4ef7f55f7","b6048fe5a9145f64d47e32d5df72435c","eedae0ee27c545032905b17ea9a2007c","54701f5f079bcb077976c7b53a0c2386",2,"fd3f05a163222901d4176ce041c7cbd2"
"optimized-backends-record-20260731","ci_trans_tolower","case-map","stringi","stringi","main","36f5c8d","stringi",3,5,0.044,44,100000,"medium","character",20260721,"32930d4bafb9d6f4ee7b61840dbeb01a","stringi","74.1","bundle","R version 4.6.1 (2026-06-24)","/home/ted/R/x86_64-pc-linux-gnu-library/4.6/charr","3d947f3df10c63e20fffc0e4ef7f55f7","b6048fe5a9145f64d47e32d5df72435c","eedae0ee27c545032905b17ea9a2007c","54701f5f079bcb077976c7b53a0c2386",2,"c1ab2344fda0c7ff167883d2fcb4c64e"
"optimized-backends-record-20260731","ci_trans_tolower","case-map","base","Main base","main","36f5c8d","base",3,5,0.043,43,100000,"medium","character",20260721,"32930d4bafb9d6f4ee7b61840dbeb01a","charr","78.2","system","R version 4.6.1 (2026-06-24)","/home/ted/R/x86_64-pc-linux-gnu-library/4.6/charr","3d947f3df10c63e20fffc0e4ef7f55f7","b6048fe5a9145f64d47e32d5df72435c","eedae0ee27c545032905b17ea9a2007c","54701f5f079bcb077976c7b53a0c2386",2,"c1ab2344fda0c7ff167883d2fcb4c64e"
"optimized-backends-record-20260731","ci_trans_tolower","case-map","altrep","Main ALTREP","main","36f5c8d","altrep",3,5,0.014,14,100000,"medium","charvec",20260721,"32930d4bafb9d6f4ee7b61840dbeb01a","charr","78.2","system","R version 4.6.1 (2026-06-24)","/home/ted/R/x86_64-pc-linux-gnu-library/4.6/charr","3d947f3df10c63e20fffc0e4ef7f55f7","b6048fe5a9145f64d47e32d5df72435c","eedae0ee27c545032905b17ea9a2007c","54701f5f079bcb077976c7b53a0c2386",2,"fd3f05a163222901d4176ce041c7cbd2"
"optimized-backends-record-20260731","ci_trans_tolower","case-map","stringi","stringi","main","36f5c8d","stringi",4,5,0.044,44,100000,"medium","character",20260721,"32930d4bafb9d6f4ee7b61840dbeb01a","stringi","74.1","bundle","R version 4.6.1 (2026-06-24)","/home/ted/R/x86_64-pc-linux-gnu-library/4.6/charr","3d947f3df10c63e20fffc0e4ef7f55f7","b6048fe5a9145f64d47e32d5df72435c","eedae0ee27c545032905b17ea9a2007c","54701f5f079bcb077976c7b53a0c2386",2,"c1ab2344fda0c7ff167883d2fcb4c64e"
"optimized-backends-record-20260731","ci_trans_tolower","case-map","base","Main base","main","36f5c8d","base",4,5,0.042,42,100000,"medium","character",20260721,"32930d4bafb9d6f4ee7b61840dbeb01a","charr","78.2","system","R version 4.6.1 (2026-06-24)","/home/ted/R/x86_64-pc-linux-gnu-library/4.6/charr","3d947f3df10c63e20fffc0e4ef7f55f7","b6048fe5a9145f64d47e32d5df72435c","eedae0ee27c545032905b17ea9a2007c","54701f5f079bcb077976c7b53a0c2386",2,"c1ab2344fda0c7ff167883d2fcb4c64e"
"optimized-backends-record-20260731","ci_trans_tolower","case-map","altrep","Main ALTREP","main","36f5c8d","altrep",4,5,0.014,14,100000,"medium","charvec",20260721,"32930d4bafb9d6f4ee7b61840dbeb01a","charr","78.2","system","R version 4.6.1 (2026-06-24)","/home/ted/R/x86_64-pc-linux-gnu-library/4.6/charr","3d947f3df10c63e20fffc0e4ef7f55f7","b6048fe5a9145f64d47e32d5df72435c","eedae0ee27c545032905b17ea9a2007c","54701f5f079bcb077976c7b53a0c2386",2,"fd3f05a163222901d4176ce041c7cbd2"
"optimized-backends-record-20260731","ci_trans_tolower","case-map","stringi","stringi","main","36f5c8d","stringi",5,5,0.043,43,100000,"medium","character",20260721,"32930d4bafb9d6f4ee7b61840dbeb01a","stringi","74.1","bundle","R version 4.6.1 (2026-06-24)","/home/ted/R/x86_64-pc-linux-gnu-library/4.6/charr","3d947f3df10c63e20fffc0e4ef7f55f7","b6048fe5a9145f64d47e32d5df72435c","eedae0ee27c545032905b17ea9a2007c","54701f5f079bcb077976c7b53a0c2386",2,"c1ab2344fda0c7ff167883d2fcb4c64e"
"optimized-backends-record-20260731","ci_trans_tolower","case-map","base","Main base","main","36f5c8d","base",5,5,0.042,42,100000,"medium","character",20260721,"32930d4bafb9d6f4ee7b61840dbeb01a","charr","78.2","system","R version 4.6.1 (2026-06-24)","/home/ted/R/x86_64-pc-linux-gnu-library/4.6/charr","3d947f3df10c63e20fffc0e4ef7f55f7","b6048fe5a9145f64d47e32d5df72435c","eedae0ee27c545032905b17ea9a2007c","54701f5f079bcb077976c7b53a0c2386",2,"c1ab2344fda0c7ff167883d2fcb4c64e"
"optimized-backends-record-20260731","ci_trans_tolower","case-map","altrep","Main ALTREP","main","36f5c8d","altrep",5,5,0.014,14,100000,"medium","charvec",20260721,"32930d4bafb9d6f4ee7b61840dbeb01a","charr","78.2","system","R version 4.6.1 (2026-06-24)","/home/ted/R/x86_64-pc-linux-gnu-library/4.6/charr","3d947f3df10c63e20fffc0e4ef7f55f7","b6048fe5a9145f64d47e32d5df72435c","eedae0ee27c545032905b17ea9a2007c","54701f5f079bcb077976c7b53a0c2386",2,"fd3f05a163222901d4176ce041c7cbd2"
"optimized-backends-record-20260731","ci_trans_toupper","case-map","stringi","stringi","main","36f5c8d","stringi",1,5,0.063,63,100000,"medium","character",20260721,"32930d4bafb9d6f4ee7b61840dbeb01a","stringi","74.1","bundle","R version 4.6.1 (2026-06-24)","/home/ted/R/x86_64-pc-linux-gnu-library/4.6/charr","3d947f3df10c63e20fffc0e4ef7f55f7","b6048fe5a9145f64d47e32d5df72435c","eedae0ee27c545032905b17ea9a2007c","54701f5f079bcb077976c7b53a0c2386",2,"c1ab2344fda0c7ff167883d2fcb4c64e"
"optimized-backends-record-20260731","ci_trans_toupper","case-map","base","Main base","main","36f5c8d","base",1,5,0.053,53,100000,"medium","character",20260721,"32930d4bafb9d6f4ee7b61840dbeb01a","charr","78.2","system","R version 4.6.1 (2026-06-24)","/home/ted/R/x86_64-pc-linux-gnu-library/4.6/charr","3d947f3df10c63e20fffc0e4ef7f55f7","b6048fe5a9145f64d47e32d5df72435c","eedae0ee27c545032905b17ea9a2007c","54701f5f079bcb077976c7b53a0c2386",2,"c1ab2344fda0c7ff167883d2fcb4c64e"
"optimized-backends-record-20260731","ci_trans_toupper","case-map","altrep","Main ALTREP","main","36f5c8d","altrep",1,5,0.025,25,100000,"medium","charvec",20260721,"32930d4bafb9d6f4ee7b61840dbeb01a","charr","78.2","system","R version 4.6.1 (2026-06-24)","/home/ted/R/x86_64-pc-linux-gnu-library/4.6/charr","3d947f3df10c63e20fffc0e4ef7f55f7","b6048fe5a9145f64d47e32d5df72435c","eedae0ee27c545032905b17ea9a2007c","54701f5f079bcb077976c7b53a0c2386",2,"fd3f05a163222901d4176ce041c7cbd2"
"optimized-backends-record-20260731","ci_trans_toupper","case-map","stringi","stringi","main","36f5c8d","stringi",2,5,0.062,62,100000,"medium","character",20260721,"32930d4bafb9d6f4ee7b61840dbeb01a","stringi","74.1","bundle","R version 4.6.1 (2026-06-24)","/home/ted/R/x86_64-pc-linux-gnu-library/4.6/charr","3d947f3df10c63e20fffc0e4ef7f55f7","b6048fe5a9145f64d47e32d5df72435c","eedae0ee27c545032905b17ea9a2007c","54701f5f079bcb077976c7b53a0c2386",2,"c1ab2344fda0c7ff167883d2fcb4c64e"
"optimized-backends-record-20260731","ci_trans_toupper","case-map","base","Main base","main","36f5c8d","base",2,5,0.053,53,100000,"medium","character",20260721,"32930d4bafb9d6f4ee7b61840dbeb01a","charr","78.2","system","R version 4.6.1 (2026-06-24)","/home/ted/R/x86_64-pc-linux-gnu-library/4.6/charr","3d947f3df10c63e20fffc0e4ef7f55f7","b6048fe5a9145f64d47e32d5df72435c","eedae0ee27c545032905b17ea9a2007c","54701f5f079bcb077976c7b53a0c2386",2,"c1ab2344fda0c7ff167883d2fcb4c64e"
"optimized-backends-record-20260731","ci_trans_toupper","case-map","altrep","Main ALTREP","main","36f5c8d","altrep",2,5,0.025,25,100000,"medium","charvec",20260721,"32930d4bafb9d6f4ee7b61840dbeb01a","charr","78.2","system","R version 4.6.1 (2026-06-24)","/home/ted/R/x86_64-pc-linux-gnu-library/4.6/charr","3d947f3df10c63e20fffc0e4ef7f55f7","b6048fe5a9145f64d47e32d5df72435c","eedae0ee27c545032905b17ea9a2007c","54701f5f079bcb077976c7b53a0c2386",2,"fd3f05a163222901d4176ce041c7cbd2"
"optimized-backends-record-20260731","ci_trans_toupper","case-map","stringi","stringi","main","36f5c8d","stringi",3,5,0.064,64,100000,"medium","character",20260721,"32930d4bafb9d6f4ee7b61840dbeb01a","stringi","74.1","bundle","R version 4.6.1 (2026-06-24)","/home/ted/R/x86_64-pc-linux-gnu-library/4.6/charr","3d947f3df10c63e20fffc0e4ef7f55f7","b6048fe5a9145f64d47e32d5df72435c","eedae0ee27c545032905b17ea9a2007c","54701f5f079bcb077976c7b53a0c2386",2,"c1ab2344fda0c7ff167883d2fcb4c64e"
"optimized-backends-record-20260731","ci_trans_toupper","case-map","base","Main base","main","36f5c8d","base",3,5,0.054,54,100000,"medium","character",20260721,"32930d4bafb9d6f4ee7b61840dbeb01a","charr","78.2","system","R version 4.6.1 (2026-06-24)","/home/ted/R/x86_64-pc-linux-gnu-library/4.6/charr","3d947f3df10c63e20fffc0e4ef7f55f7","b6048fe5a9145f64d47e32d5df72435c","eedae0ee27c545032905b17ea9a2007c","54701f5f079bcb077976c7b53a0c2386",2,"c1ab2344fda0c7ff167883d2fcb4c64e"
"optimized-backends-record-20260731","ci_trans_toupper","case-map","altrep","Main ALTREP","main","36f5c8d","altrep",3,5,0.024,24,100000,"medium","charvec",20260721,"32930d4bafb9d6f4ee7b61840dbeb01a","charr","78.2","system","R version 4.6.1 (2026-06-24)","/home/ted/R/x86_64-pc-linux-gnu-library/4.6/charr","3d947f3df10c63e20fffc0e4ef7f55f7","b6048fe5a9145f64d47e32d5df72435c","eedae0ee27c545032905b17ea9a2007c","54701f5f079bcb077976c7b53a0c2386",2,"fd3f05a163222901d4176ce041c7cbd2"
"optimized-backends-record-20260731","ci_trans_toupper","case-map","stringi","stringi","main","36f5c8d","stringi",4,5,0.063,63,100000,"medium","character",20260721,"32930d4bafb9d6f4ee7b61840dbeb01a","stringi","74.1","bundle","R version 4.6.1 (2026-06-24)","/home/ted/R/x86_64-pc-linux-gnu-library/4.6/charr","3d947f3df10c63e20fffc0e4ef7f55f7","b6048fe5a9145f64d47e32d5df72435c","eedae0ee27c545032905b17ea9a2007c","54701f5f079bcb077976c7b53a0c2386",2,"c1ab2344fda0c7ff167883d2fcb4c64e"
"optimized-backends-record-20260731","ci_trans_toupper","case-map","base","Main base","main","36f5c8d","base",4,5,0.053,53,100000,"medium","character",20260721,"32930d4bafb9d6f4ee7b61840dbeb01a","charr","78.2","system","R version 4.6.1 (2026-06-24)","/home/ted/R/x86_64-pc-linux-gnu-library/4.6/charr","3d947f3df10c63e20fffc0e4ef7f55f7","b6048fe5a9145f64d47e32d5df72435c","eedae0ee27c545032905b17ea9a2007c","54701f5f079bcb077976c7b53a0c2386",2,"c1ab2344fda0c7ff167883d2fcb4c64e"
"optimized-backends-record-20260731","ci_trans_toupper","case-map","altrep","Main ALTREP","main","36f5c8d","altrep",4,5,0.025,25,100000,"medium","charvec",20260721,"32930d4bafb9d6f4ee7b61840dbeb01a","charr","78.2","system","R version 4.6.1 (2026-06-24)","/home/ted/R/x86_64-pc-linux-gnu-library/4.6/charr","3d947f3df10c63e20fffc0e4ef7f55f7","b6048fe5a9145f64d47e32d5df72435c","eedae0ee27c545032905b17ea9a2007c","54701f5f079bcb077976c7b53a0c2386",2,"fd3f05a163222901d4176ce041c7cbd2"
"optimized-backends-record-20260731","ci_trans_toupper","case-map","stringi","stringi","main","36f5c8d","stringi",5,5,0.065,65,100000,"medium","character",20260721,"32930d4bafb9d6f4ee7b61840dbeb01a","stringi","74.1","bundle","R version 4.6.1 (2026-06-24)","/home/ted/R/x86_64-pc-linux-gnu-library/4.6/charr","3d947f3df10c63e20fffc0e4ef7f55f7","b6048fe5a9145f64d47e32d5df72435c","eedae0ee27c545032905b17ea9a2007c","54701f5f079bcb077976c7b53a0c2386",2,"c1ab2344fda0c7ff167883d2fcb4c64e"
"optimized-backends-record-20260731","ci_trans_toupper","case-map","base","Main base","main","36f5c8d","base",5,5,0.054,54,100000,"medium","character",20260721,"32930d4bafb9d6f4ee7b61840dbeb01a","charr","78.2","system","R version 4.6.1 (2026-06-24)","/home/ted/R/x86_64-pc-linux-gnu-library/4.6/charr","3d947f3df10c63e20fffc0e4ef7f55f7","b6048fe5a9145f64d47e32d5df72435c","eedae0ee27c545032905b17ea9a2007c","54701f5f079bcb077976c7b53a0c2386",2,"c1ab2344fda0c7ff167883d2fcb4c64e"
"optimized-backends-record-20260731","ci_trans_toupper","case-map","altrep","Main ALTREP","main","36f5c8d","altrep",5,5,0.024,24,100000,"medium","charvec",20260721,"32930d4bafb9d6f4ee7b61840dbeb01a","charr","78.2","system","R version 4.6.1 (2026-06-24)","/home/ted/R/x86_64-pc-linux-gnu-library/4.6/charr","3d947f3df10c63e20fffc0e4ef7f55f7","b6048fe5a9145f64d47e32d5df72435c","eedae0ee27c545032905b17ea9a2007c","54701f5f079bcb077976c7b53a0c2386",2,"fd3f05a163222901d4176ce041c7cbd2"
"optimized-backends-record-20260731","ci_trans_totitle","case-map","stringi","stringi","main","36f5c8d","stringi",1,5,0.15,150,100000,"medium","character",20260721,"32930d4bafb9d6f4ee7b61840dbeb01a","stringi","74.1","bundle","R version 4.6.1 (2026-06-24)","/home/ted/R/x86_64-pc-linux-gnu-library/4.6/charr","3d947f3df10c63e20fffc0e4ef7f55f7","b6048fe5a9145f64d47e32d5df72435c","eedae0ee27c545032905b17ea9a2007c","54701f5f079bcb077976c7b53a0c2386",2,"c1ab2344fda0c7ff167883d2fcb4c64e"
"optimized-backends-record-20260731","ci_trans_totitle","case-map","base","Main base","main","36f5c8d","base",1,5,0.13,130,100000,"medium","character",20260721,"32930d4bafb9d6f4ee7b61840dbeb01a","charr","78.2","system","R version 4.6.1 (2026-06-24)","/home/ted/R/x86_64-pc-linux-gnu-library/4.6/charr","3d947f3df10c63e20fffc0e4ef7f55f7","b6048fe5a9145f64d47e32d5df72435c","eedae0ee27c545032905b17ea9a2007c","54701f5f079bcb077976c7b53a0c2386",2,"c1ab2344fda0c7ff167883d2fcb4c64e"
"optimized-backends-record-20260731","ci_trans_totitle","case-map","altrep","Main ALTREP","main","36f5c8d","altrep",1,5,0.095,95,100000,"medium","charvec",20260721,"32930d4bafb9d6f4ee7b61840dbeb01a","charr","78.2","system","R version 4.6.1 (2026-06-24)","/home/ted/R/x86_64-pc-linux-gnu-library/4.6/charr","3d947f3df10c63e20fffc0e4ef7f55f7","b6048fe5a9145f64d47e32d5df72435c","eedae0ee27c545032905b17ea9a2007c","54701f5f079bcb077976c7b53a0c2386",2,"fd3f05a163222901d4176ce041c7cbd2"
"optimized-backends-record-20260731","ci_trans_totitle","case-map","stringi","stringi","main","36f5c8d","stringi",2,5,0.149,149,100000,"medium","character",20260721,"32930d4bafb9d6f4ee7b61840dbeb01a","stringi","74.1","bundle","R version 4.6.1 (2026-06-24)","/home/ted/R/x86_64-pc-linux-gnu-library/4.6/charr","3d947f3df10c63e20fffc0e4ef7f55f7","b6048fe5a9145f64d47e32d5df72435c","eedae0ee27c545032905b17ea9a2007c","54701f5f079bcb077976c7b53a0c2386",2,"c1ab2344fda0c7ff167883d2fcb4c64e"
"optimized-backends-record-20260731","ci_trans_totitle","case-map","base","Main base","main","36f5c8d","base",2,5,0.129,129,100000,"medium","character",20260721,"32930d4bafb9d6f4ee7b61840dbeb01a","charr","78.2","system","R version 4.6.1 (2026-06-24)","/home/ted/R/x86_64-pc-linux-gnu-library/4.6/charr","3d947f3df10c63e20fffc0e4ef7f55f7","b6048fe5a9145f64d47e32d5df72435c","eedae0ee27c545032905b17ea9a2007c","54701f5f079bcb077976c7b53a0c2386",2,"c1ab2344fda0c7ff167883d2fcb4c64e"
"optimized-backends-record-20260731","ci_trans_totitle","case-map","altrep","Main ALTREP","main","36f5c8d","altrep",2,5,0.096,96,100000,"medium","charvec",20260721,"32930d4bafb9d6f4ee7b61840dbeb01a","charr","78.2","system","R version 4.6.1 (2026-06-24)","/home/ted/R/x86_64-pc-linux-gnu-library/4.6/charr","3d947f3df10c63e20fffc0e4ef7f55f7","b6048fe5a9145f64d47e32d5df72435c","eedae0ee27c545032905b17ea9a2007c","54701f5f079bcb077976c7b53a0c2386",2,"fd3f05a163222901d4176ce041c7cbd2"
"optimized-backends-record-20260731","ci_trans_totitle","case-map","stringi","stringi","main","36f5c8d","stringi",3,5,0.151,151,100000,"medium","character",20260721,"32930d4bafb9d6f4ee7b61840dbeb01a","stringi","74.1","bundle","R version 4.6.1 (2026-06-24)","/home/ted/R/x86_64-pc-linux-gnu-library/4.6/charr","3d947f3df10c63e20fffc0e4ef7f55f7","b6048fe5a9145f64d47e32d5df72435c","eedae0ee27c545032905b17ea9a2007c","54701f5f079bcb077976c7b53a0c2386",2,"c1ab2344fda0c7ff167883d2fcb4c64e"
"optimized-backends-record-20260731","ci_trans_totitle","case-map","base","Main base","main","36f5c8d","base",3,5,0.132,132,100000,"medium","character",20260721,"32930d4bafb9d6f4ee7b61840dbeb01a","charr","78.2","system","R version 4.6.1 (2026-06-24)","/home/ted/R/x86_64-pc-linux-gnu-library/4.6/charr","3d947f3df10c63e20fffc0e4ef7f55f7","b6048fe5a9145f64d47e32d5df72435c","eedae0ee27c545032905b17ea9a2007c","54701f5f079bcb077976c7b53a0c2386",2,"c1ab2344fda0c7ff167883d2fcb4c64e"
"optimized-backends-record-20260731","ci_trans_totitle","case-map","altrep","Main ALTREP","main","36f5c8d","altrep",3,5,0.096,96,100000,"medium","charvec",20260721,"32930d4bafb9d6f4ee7b61840dbeb01a","charr","78.2","system","R version 4.6.1 (2026-06-24)","/home/ted/R/x86_64-pc-linux-gnu-library/4.6/charr","3d947f3df10c63e20fffc0e4ef7f55f7","b6048fe5a9145f64d47e32d5df72435c","eedae0ee27c545032905b17ea9a2007c","54701f5f079bcb077976c7b53a0c2386",2,"fd3f05a163222901d4176ce041c7cbd2"
"optimized-backends-record-20260731","ci_trans_totitle","case-map","stringi","stringi","main","36f5c8d","stringi",4,5,0.15,150,100000,"medium","character",20260721,"32930d4bafb9d6f4ee7b61840dbeb01a","stringi","74.1","bundle","R version 4.6.1 (2026-06-24)","/home/ted/R/x86_64-pc-linux-gnu-library/4.6/charr","3d947f3df10c63e20fffc0e4ef7f55f7","b6048fe5a9145f64d47e32d5df72435c","eedae0ee27c545032905b17ea9a2007c","54701f5f079bcb077976c7b53a0c2386",2,"c1ab2344fda0c7ff167883d2fcb4c64e"
"optimized-backends-record-20260731","ci_trans_totitle","case-map","base","Main base","main","36f5c8d","base",4,5,0.128,128,100000,"medium","character",20260721,"32930d4bafb9d6f4ee7b61840dbeb01a","charr","78.2","system","R version 4.6.1 (2026-06-24)","/home/ted/R/x86_64-pc-linux-gnu-library/4.6/charr","3d947f3df10c63e20fffc0e4ef7f55f7","b6048fe5a9145f64d47e32d5df72435c","eedae0ee27c545032905b17ea9a2007c","54701f5f079bcb077976c7b53a0c2386",2,"c1ab2344fda0c7ff167883d2fcb4c64e"
"optimized-backends-record-20260731","ci_trans_totitle","case-map","altrep","Main ALTREP","main","36f5c8d","altrep",4,5,0.096,96,100000,"medium","charvec",20260721,"32930d4bafb9d6f4ee7b61840dbeb01a","charr","78.2","system","R version 4.6.1 (2026-06-24)","/home/ted/R/x86_64-pc-linux-gnu-library/4.6/charr","3d947f3df10c63e20fffc0e4ef7f55f7","b6048fe5a9145f64d47e32d5df72435c","eedae0ee27c545032905b17ea9a2007c","54701f5f079bcb077976c7b53a0c2386",2,"fd3f05a163222901d4176ce041c7cbd2"
"optimized-backends-record-20260731","ci_trans_totitle","case-map","stringi","stringi","main","36f5c8d","stringi",5,5,0.15,150,100000,"medium","character",20260721,"32930d4bafb9d6f4ee7b61840dbeb01a","stringi","74.1","bundle","R version 4.6.1 (2026-06-24)","/home/ted/R/x86_64-pc-linux-gnu-library/4.6/charr","3d947f3df10c63e20fffc0e4ef7f55f7","b6048fe5a9145f64d47e32d5df72435c","eedae0ee27c545032905b17ea9a2007c","54701f5f079bcb077976c7b53a0c2386",2,"c1ab2344fda0c7ff167883d2fcb4c64e"
"optimized-backends-record-20260731","ci_trans_totitle","case-map","base","Main base","main","36f5c8d","base",5,5,0.128,128,100000,"medium","character",20260721,"32930d4bafb9d6f4ee7b61840dbeb01a","charr","78.2","system","R version 4.6.1 (2026-06-24)","/home/ted/R/x86_64-pc-linux-gnu-library/4.6/charr","3d947f3df10c63e20fffc0e4ef7f55f7","b6048fe5a9145f64d47e32d5df72435c","eedae0ee27c545032905b17ea9a2007c","54701f5f079bcb077976c7b53a0c2386",2,"c1ab2344fda0c7ff167883d2fcb4c64e"
"optimized-backends-record-20260731","ci_trans_totitle","case-map","altrep","Main ALTREP","main","36f5c8d","altrep",5,5,0.097,97,100000,"medium","charvec",20260721,"32930d4bafb9d6f4ee7b61840dbeb01a","charr","78.2","system","R version 4.6.1 (2026-06-24)","/home/ted/R/x86_64-pc-linux-gnu-library/4.6/charr","3d947f3df10c63e20fffc0e4ef7f55f7","b6048fe5a9145f64d47e32d5df72435c","eedae0ee27c545032905b17ea9a2007c","54701f5f079bcb077976c7b53a0c2386",2,"fd3f05a163222901d4176ce041c7cbd2"
"optimized-backends-record-20260731","ci_count_boundaries","boundary","stringi","stringi","main","36f5c8d","stringi",1,5,0.078,78,100000,"medium","character",20260721,"32930d4bafb9d6f4ee7b61840dbeb01a","stringi","74.1","bundle","R version 4.6.1 (2026-06-24)","/home/ted/R/x86_64-pc-linux-gnu-library/4.6/charr","3d947f3df10c63e20fffc0e4ef7f55f7","b6048fe5a9145f64d47e32d5df72435c","eedae0ee27c545032905b17ea9a2007c","54701f5f079bcb077976c7b53a0c2386",2,"c1ab2344fda0c7ff167883d2fcb4c64e"
"optimized-backends-record-20260731","ci_count_boundaries","boundary","base","Main base","main","36f5c8d","base",1,5,0.078,78,100000,"medium","character",20260721,"32930d4bafb9d6f4ee7b61840dbeb01a","charr","78.2","system","R version 4.6.1 (2026-06-24)","/home/ted/R/x86_64-pc-linux-gnu-library/4.6/charr","3d947f3df10c63e20fffc0e4ef7f55f7","b6048fe5a9145f64d47e32d5df72435c","eedae0ee27c545032905b17ea9a2007c","54701f5f079bcb077976c7b53a0c2386",2,"c1ab2344fda0c7ff167883d2fcb4c64e"
"optimized-backends-record-20260731","ci_count_boundaries","boundary","altrep","Main ALTREP","main","36f5c8d","altrep",1,5,0.074,74,100000,"medium","charvec",20260721,"32930d4bafb9d6f4ee7b61840dbeb01a","charr","78.2","system","R version 4.6.1 (2026-06-24)","/home/ted/R/x86_64-pc-linux-gnu-library/4.6/charr","3d947f3df10c63e20fffc0e4ef7f55f7","b6048fe5a9145f64d47e32d5df72435c","eedae0ee27c545032905b17ea9a2007c","54701f5f079bcb077976c7b53a0c2386",2,"fd3f05a163222901d4176ce041c7cbd2"
"optimized-backends-record-20260731","ci_count_boundaries","boundary","stringi","stringi","main","36f5c8d","stringi",2,5,0.079,79,100000,"medium","character",20260721,"32930d4bafb9d6f4ee7b61840dbeb01a","stringi","74.1","bundle","R version 4.6.1 (2026-06-24)","/home/ted/R/x86_64-pc-linux-gnu-library/4.6/charr","3d947f3df10c63e20fffc0e4ef7f55f7","b6048fe5a9145f64d47e32d5df72435c","eedae0ee27c545032905b17ea9a2007c","54701f5f079bcb077976c7b53a0c2386",2,"c1ab2344fda0c7ff167883d2fcb4c64e"
"optimized-backends-record-20260731","ci_count_boundaries","boundary","base","Main base","main","36f5c8d","base",2,5,0.078,78,100000,"medium","character",20260721,"32930d4bafb9d6f4ee7b61840dbeb01a","charr","78.2","system","R version 4.6.1 (2026-06-24)","/home/ted/R/x86_64-pc-linux-gnu-library/4.6/charr","3d947f3df10c63e20fffc0e4ef7f55f7","b6048fe5a9145f64d47e32d5df72435c","eedae0ee27c545032905b17ea9a2007c","54701f5f079bcb077976c7b53a0c2386",2,"c1ab2344fda0c7ff167883d2fcb4c64e"
"optimized-backends-record-20260731","ci_count_boundaries","boundary","altrep","Main ALTREP","main","36f5c8d","altrep",2,5,0.075,75,100000,"medium","charvec",20260721,"32930d4bafb9d6f4ee7b61840dbeb01a","charr","78.2","system","R version 4.6.1 (2026-06-24)","/home/ted/R/x86_64-pc-linux-gnu-library/4.6/charr","3d947f3df10c63e20fffc0e4ef7f55f7","b6048fe5a9145f64d47e32d5df72435c","eedae0ee27c545032905b17ea9a2007c","54701f5f079bcb077976c7b53a0c2386",2,"fd3f05a163222901d4176ce041c7cbd2"
"optimized-backends-record-20260731","ci_count_boundaries","boundary","stringi","stringi","main","36f5c8d","stringi",3,5,0.08,80,100000,"medium","character",20260721,"32930d4bafb9d6f4ee7b61840dbeb01a","stringi","74.1","bundle","R version 4.6.1 (2026-06-24)","/home/ted/R/x86_64-pc-linux-gnu-library/4.6/charr","3d947f3df10c63e20fffc0e4ef7f55f7","b6048fe5a9145f64d47e32d5df72435c","eedae0ee27c545032905b17ea9a2007c","54701f5f079bcb077976c7b53a0c2386",2,"c1ab2344fda0c7ff167883d2fcb4c64e"
"optimized-backends-record-20260731","ci_count_boundaries","boundary","base","Main base","main","36f5c8d","base",3,5,0.078,78,100000,"medium","character",20260721,"32930d4bafb9d6f4ee7b61840dbeb01a","charr","78.2","system","R version 4.6.1 (2026-06-24)","/home/ted/R/x86_64-pc-linux-gnu-library/4.6/charr","3d947f3df10c63e20fffc0e4ef7f55f7","b6048fe5a9145f64d47e32d5df72435c","eedae0ee27c545032905b17ea9a2007c","54701f5f079bcb077976c7b53a0c2386",2,"c1ab2344fda0c7ff167883d2fcb4c64e"
"optimized-backends-record-20260731","ci_count_boundaries","boundary","altrep","Main ALTREP","main","36f5c8d","altrep",3,5,0.075,75,100000,"medium","charvec",20260721,"32930d4bafb9d6f4ee7b61840dbeb01a","charr","78.2","system","R version 4.6.1 (2026-06-24)","/home/ted/R/x86_64-pc-linux-gnu-library/4.6/charr","3d947f3df10c63e20fffc0e4ef7f55f7","b6048fe5a9145f64d47e32d5df72435c","eedae0ee27c545032905b17ea9a2007c","54701f5f079bcb077976c7b53a0c2386",2,"fd3f05a163222901d4176ce041c7cbd2"
"optimized-backends-record-20260731","ci_count_boundaries","boundary","stringi","stringi","main","36f5c8d","stringi",4,5,0.079,79,100000,"medium","character",20260721,"32930d4bafb9d6f4ee7b61840dbeb01a","stringi","74.1","bundle","R version 4.6.1 (2026-06-24)","/home/ted/R/x86_64-pc-linux-gnu-library/4.6/charr","3d947f3df10c63e20fffc0e4ef7f55f7","b6048fe5a9145f64d47e32d5df72435c","eedae0ee27c545032905b17ea9a2007c","54701f5f079bcb077976c7b53a0c2386",2,"c1ab2344fda0c7ff167883d2fcb4c64e"
"optimized-backends-record-20260731","ci_count_boundaries","boundary","base","Main base","main","36f5c8d","base",4,5,0.077,77,100000,"medium","character",20260721,"32930d4bafb9d6f4ee7b61840dbeb01a","charr","78.2","system","R version 4.6.1 (2026-06-24)","/home/ted/R/x86_64-pc-linux-gnu-library/4.6/charr","3d947f3df10c63e20fffc0e4ef7f55f7","b6048fe5a9145f64d47e32d5df72435c","eedae0ee27c545032905b17ea9a2007c","54701f5f079bcb077976c7b53a0c2386",2,"c1ab2344fda0c7ff167883d2fcb4c64e"
"optimized-backends-record-20260731","ci_count_boundaries","boundary","altrep","Main ALTREP","main","36f5c8d","altrep",4,5,0.076,76,100000,"medium","charvec",20260721,"32930d4bafb9d6f4ee7b61840dbeb01a","charr","78.2","system","R version 4.6.1 (2026-06-24)","/home/ted/R/x86_64-pc-linux-gnu-library/4.6/charr","3d947f3df10c63e20fffc0e4ef7f55f7","b6048fe5a9145f64d47e32d5df72435c","eedae0ee27c545032905b17ea9a2007c","54701f5f079bcb077976c7b53a0c2386",2,"fd3f05a163222901d4176ce041c7cbd2"
"optimized-backends-record-20260731","ci_count_boundaries","boundary","stringi","stringi","main","36f5c8d","stringi",5,5,0.079,79,100000,"medium","character",20260721,"32930d4bafb9d6f4ee7b61840dbeb01a","stringi","74.1","bundle","R version 4.6.1 (2026-06-24)","/home/ted/R/x86_64-pc-linux-gnu-library/4.6/charr","3d947f3df10c63e20fffc0e4ef7f55f7","b6048fe5a9145f64d47e32d5df72435c","eedae0ee27c545032905b17ea9a2007c","54701f5f079bcb077976c7b53a0c2386",2,"c1ab2344fda0c7ff167883d2fcb4c64e"
"optimized-backends-record-20260731","ci_count_boundaries","boundary","base","Main base","main","36f5c8d","base",5,5,0.079,79,100000,"medium","character",20260721,"32930d4bafb9d6f4ee7b61840dbeb01a","charr","78.2","system","R version 4.6.1 (2026-06-24)","/home/ted/R/x86_64-pc-linux-gnu-library/4.6/charr","3d947f3df10c63e20fffc0e4ef7f55f7","b6048fe5a9145f64d47e32d5df72435c","eedae0ee27c545032905b17ea9a2007c","54701f5f079bcb077976c7b53a0c2386",2,"c1ab2344fda0c7ff167883d2fcb4c64e"
"optimized-backends-record-20260731","ci_count_boundaries","boundary","altrep","Main ALTREP","main","36f5c8d","altrep",5,5,0.075,75,100000,"medium","charvec",20260721,"32930d4bafb9d6f4ee7b61840dbeb01a","charr","78.2","system","R version 4.6.1 (2026-06-24)","/home/ted/R/x86_64-pc-linux-gnu-library/4.6/charr","3d947f3df10c63e20fffc0e4ef7f55f7","b6048fe5a9145f64d47e32d5df72435c","eedae0ee27c545032905b17ea9a2007c","54701f5f079bcb077976c7b53a0c2386",2,"fd3f05a163222901d4176ce041c7cbd2"
"optimized-backends-record-20260731","ci_locate_first_boundaries","boundary","stringi","stringi","main","36f5c8d","stringi",1,5,0.049,49,100000,"medium","character",20260721,"32930d4bafb9d6f4ee7b61840dbeb01a","stringi","74.1","bundle","R version 4.6.1 (2026-06-24)","/home/ted/R/x86_64-pc-linux-gnu-library/4.6/charr","3d947f3df10c63e20fffc0e4ef7f55f7","b6048fe5a9145f64d47e32d5df72435c","eedae0ee27c545032905b17ea9a2007c","54701f5f079bcb077976c7b53a0c2386",2,"c1ab2344fda0c7ff167883d2fcb4c64e"
"optimized-backends-record-20260731","ci_locate_first_boundaries","boundary","base","Main base","main","36f5c8d","base",1,5,0.029,29,100000,"medium","character",20260721,"32930d4bafb9d6f4ee7b61840dbeb01a","charr","78.2","system","R version 4.6.1 (2026-06-24)","/home/ted/R/x86_64-pc-linux-gnu-library/4.6/charr","3d947f3df10c63e20fffc0e4ef7f55f7","b6048fe5a9145f64d47e32d5df72435c","eedae0ee27c545032905b17ea9a2007c","54701f5f079bcb077976c7b53a0c2386",2,"c1ab2344fda0c7ff167883d2fcb4c64e"
"optimized-backends-record-20260731","ci_locate_first_boundaries","boundary","altrep","Main ALTREP","main","36f5c8d","altrep",1,5,0.027,27,100000,"medium","charvec",20260721,"32930d4bafb9d6f4ee7b61840dbeb01a","charr","78.2","system","R version 4.6.1 (2026-06-24)","/home/ted/R/x86_64-pc-linux-gnu-library/4.6/charr","3d947f3df10c63e20fffc0e4ef7f55f7","b6048fe5a9145f64d47e32d5df72435c","eedae0ee27c545032905b17ea9a2007c","54701f5f079bcb077976c7b53a0c2386",2,"fd3f05a163222901d4176ce041c7cbd2"
"optimized-backends-record-20260731","ci_locate_first_boundaries","boundary","stringi","stringi","main","36f5c8d","stringi",2,5,0.047,47,100000,"medium","character",20260721,"32930d4bafb9d6f4ee7b61840dbeb01a","stringi","74.1","bundle","R version 4.6.1 (2026-06-24)","/home/ted/R/x86_64-pc-linux-gnu-library/4.6/charr","3d947f3df10c63e20fffc0e4ef7f55f7","b6048fe5a9145f64d47e32d5df72435c","eedae0ee27c545032905b17ea9a2007c","54701f5f079bcb077976c7b53a0c2386",2,"c1ab2344fda0c7ff167883d2fcb4c64e"
"optimized-backends-record-20260731","ci_locate_first_boundaries","boundary","base","Main base","main","36f5c8d","base",2,5,0.029,29,100000,"medium","character",20260721,"32930d4bafb9d6f4ee7b61840dbeb01a","charr","78.2","system","R version 4.6.1 (2026-06-24)","/home/ted/R/x86_64-pc-linux-gnu-library/4.6/charr","3d947f3df10c63e20fffc0e4ef7f55f7","b6048fe5a9145f64d47e32d5df72435c","eedae0ee27c545032905b17ea9a2007c","54701f5f079bcb077976c7b53a0c2386",2,"c1ab2344fda0c7ff167883d2fcb4c64e"
"optimized-backends-record-20260731","ci_locate_first_boundaries","boundary","altrep","Main ALTREP","main","36f5c8d","altrep",2,5,0.027,27,100000,"medium","charvec",20260721,"32930d4bafb9d6f4ee7b61840dbeb01a","charr","78.2","system","R version 4.6.1 (2026-06-24)","/home/ted/R/x86_64-pc-linux-gnu-library/4.6/charr","3d947f3df10c63e20fffc0e4ef7f55f7","b6048fe5a9145f64d47e32d5df72435c","eedae0ee27c545032905b17ea9a2007c","54701f5f079bcb077976c7b53a0c2386",2,"fd3f05a163222901d4176ce041c7cbd2"
"optimized-backends-record-20260731","ci_locate_first_boundaries","boundary","stringi","stringi","main","36f5c8d","stringi",3,5,0.047,47,100000,"medium","character",20260721,"32930d4bafb9d6f4ee7b61840dbeb01a","stringi","74.1","bundle","R version 4.6.1 (2026-06-24)","/home/ted/R/x86_64-pc-linux-gnu-library/4.6/charr","3d947f3df10c63e20fffc0e4ef7f55f7","b6048fe5a9145f64d47e32d5df72435c","eedae0ee27c545032905b17ea9a2007c","54701f5f079bcb077976c7b53a0c2386",2,"c1ab2344fda0c7ff167883d2fcb4c64e"
"optimized-backends-record-20260731","ci_locate_first_boundaries","boundary","base","Main base","main","36f5c8d","base",3,5,0.03,30,100000,"medium","character",20260721,"32930d4bafb9d6f4ee7b61840dbeb01a","charr","78.2","system","R version 4.6.1 (2026-06-24)","/home/ted/R/x86_64-pc-linux-gnu-library/4.6/charr","3d947f3df10c63e20fffc0e4ef7f55f7","b6048fe5a9145f64d47e32d5df72435c","eedae0ee27c545032905b17ea9a2007c","54701f5f079bcb077976c7b53a0c2386",2,"c1ab2344fda0c7ff167883d2fcb4c64e"
"optimized-backends-record-20260731","ci_locate_first_boundaries","boundary","altrep","Main ALTREP","main","36f5c8d","altrep",3,5,0.026,26,100000,"medium","charvec",20260721,"32930d4bafb9d6f4ee7b61840dbeb01a","charr","78.2","system","R version 4.6.1 (2026-06-24)","/home/ted/R/x86_64-pc-linux-gnu-library/4.6/charr","3d947f3df10c63e20fffc0e4ef7f55f7","b6048fe5a9145f64d47e32d5df72435c","eedae0ee27c545032905b17ea9a2007c","54701f5f079bcb077976c7b53a0c2386",2,"fd3f05a163222901d4176ce041c7cbd2"
"optimized-backends-record-20260731","ci_locate_first_boundaries","boundary","stringi","stringi","main","36f5c8d","stringi",4,5,0.047,47,100000,"medium","character",20260721,"32930d4bafb9d6f4ee7b61840dbeb01a","stringi","74.1","bundle","R version 4.6.1 (2026-06-24)","/home/ted/R/x86_64-pc-linux-gnu-library/4.6/charr","3d947f3df10c63e20fffc0e4ef7f55f7","b6048fe5a9145f64d47e32d5df72435c","eedae0ee27c545032905b17ea9a2007c","54701f5f079bcb077976c7b53a0c2386",2,"c1ab2344fda0c7ff167883d2fcb4c64e"
"optimized-backends-record-20260731","ci_locate_first_boundaries","boundary","base","Main base","main","36f5c8d","base",4,5,0.029,29,100000,"medium","character",20260721,"32930d4bafb9d6f4ee7b61840dbeb01a","charr","78.2","system","R version 4.6.1 (2026-06-24)","/home/ted/R/x86_64-pc-linux-gnu-library/4.6/charr","3d947f3df10c63e20fffc0e4ef7f55f7","b6048fe5a9145f64d47e32d5df72435c","eedae0ee27c545032905b17ea9a2007c","54701f5f079bcb077976c7b53a0c2386",2,"c1ab2344fda0c7ff167883d2fcb4c64e"
"optimized-backends-record-20260731","ci_locate_first_boundaries","boundary","altrep","Main ALTREP","main","36f5c8d","altrep",4,5,0.027,27,100000,"medium","charvec",20260721,"32930d4bafb9d6f4ee7b61840dbeb01a","charr","78.2","system","R version 4.6.1 (2026-06-24)","/home/ted/R/x86_64-pc-linux-gnu-library/4.6/charr","3d947f3df10c63e20fffc0e4ef7f55f7","b6048fe5a9145f64d47e32d5df72435c","eedae0ee27c545032905b17ea9a2007c","54701f5f079bcb077976c7b53a0c2386",2,"fd3f05a163222901d4176ce041c7cbd2"
"optimized-backends-record-20260731","ci_locate_first_boundaries","boundary","stringi","stringi","main","36f5c8d","stringi",5,5,0.048,48,100000,"medium","character",20260721,"32930d4bafb9d6f4ee7b61840dbeb01a","stringi","74.1","bundle","R version 4.6.1 (2026-06-24)","/home/ted/R/x86_64-pc-linux-gnu-library/4.6/charr","3d947f3df10c63e20fffc0e4ef7f55f7","b6048fe5a9145f64d47e32d5df72435c","eedae0ee27c545032905b17ea9a2007c","54701f5f079bcb077976c7b53a0c2386",2,"c1ab2344fda0c7ff167883d2fcb4c64e"
"optimized-backends-record-20260731","ci_locate_first_boundaries","boundary","base","Main base","main","36f5c8d","base",5,5,0.029,29,100000,"medium","character",20260721,"32930d4bafb9d6f4ee7b61840dbeb01a","charr","78.2","system","R version 4.6.1 (2026-06-24)","/home/ted/R/x86_64-pc-linux-gnu-library/4.6/charr","3d947f3df10c63e20fffc0e4ef7f55f7","b6048fe5a9145f64d47e32d5df72435c","eedae0ee27c545032905b17ea9a2007c","54701f5f079bcb077976c7b53a0c2386",2,"c1ab2344fda0c7ff167883d2fcb4c64e"
"optimized-backends-record-20260731","ci_locate_first_boundaries","boundary","altrep","Main ALTREP","main","36f5c8d","altrep",5,5,0.026,26,100000,"medium","charvec",20260721,"32930d4bafb9d6f4ee7b61840dbeb01a","charr","78.2","system","R version 4.6.1 (2026-06-24)","/home/ted/R/x86_64-pc-linux-gnu-library/4.6/charr","3d947f3df10c63e20fffc0e4ef7f55f7","b6048fe5a9145f64d47e32d5df72435c","eedae0ee27c545032905b17ea9a2007c","54701f5f079bcb077976c7b53a0c2386",2,"fd3f05a163222901d4176ce041c7cbd2"
"optimized-backends-record-20260731","ci_locate_all_boundaries","boundary","stringi","stringi","main","36f5c8d","stringi",1,5,0.119,119,100000,"medium","character",20260721,"32930d4bafb9d6f4ee7b61840dbeb01a","stringi","74.1","bundle","R version 4.6.1 (2026-06-24)","/home/ted/R/x86_64-pc-linux-gnu-library/4.6/charr","3d947f3df10c63e20fffc0e4ef7f55f7","b6048fe5a9145f64d47e32d5df72435c","eedae0ee27c545032905b17ea9a2007c","54701f5f079bcb077976c7b53a0c2386",2,"c1ab2344fda0c7ff167883d2fcb4c64e"
"optimized-backends-record-20260731","ci_locate_all_boundaries","boundary","base","Main base","main","36f5c8d","base",1,5,0.114,114,100000,"medium","character",20260721,"32930d4bafb9d6f4ee7b61840dbeb01a","charr","78.2","system","R version 4.6.1 (2026-06-24)","/home/ted/R/x86_64-pc-linux-gnu-library/4.6/charr","3d947f3df10c63e20fffc0e4ef7f55f7","b6048fe5a9145f64d47e32d5df72435c","eedae0ee27c545032905b17ea9a2007c","54701f5f079bcb077976c7b53a0c2386",2,"c1ab2344fda0c7ff167883d2fcb4c64e"
"optimized-backends-record-20260731","ci_locate_all_boundaries","boundary","altrep","Main ALTREP","main","36f5c8d","altrep",1,5,0.11,110,100000,"medium","charvec",20260721,"32930d4bafb9d6f4ee7b61840dbeb01a","charr","78.2","system","R version 4.6.1 (2026-06-24)","/home/ted/R/x86_64-pc-linux-gnu-library/4.6/charr","3d947f3df10c63e20fffc0e4ef7f55f7","b6048fe5a9145f64d47e32d5df72435c","eedae0ee27c545032905b17ea9a2007c","54701f5f079bcb077976c7b53a0c2386",2,"fd3f05a163222901d4176ce041c7cbd2"
"optimized-backends-record-20260731","ci_locate_all_boundaries","boundary","stringi","stringi","main","36f5c8d","stringi",2,5,0.121,121,100000,"medium","character",20260721,"32930d4bafb9d6f4ee7b61840dbeb01a","stringi","74.1","bundle","R version 4.6.1 (2026-06-24)","/home/ted/R/x86_64-pc-linux-gnu-library/4.6/charr","3d947f3df10c63e20fffc0e4ef7f55f7","b6048fe5a9145f64d47e32d5df72435c","eedae0ee27c545032905b17ea9a2007c","54701f5f079bcb077976c7b53a0c2386",2,"c1ab2344fda0c7ff167883d2fcb4c64e"
"optimized-backends-record-20260731","ci_locate_all_boundaries","boundary","base","Main base","main","36f5c8d","base",2,5,0.115,115,100000,"medium","character",20260721,"32930d4bafb9d6f4ee7b61840dbeb01a","charr","78.2","system","R version 4.6.1 (2026-06-24)","/home/ted/R/x86_64-pc-linux-gnu-library/4.6/charr","3d947f3df10c63e20fffc0e4ef7f55f7","b6048fe5a9145f64d47e32d5df72435c","eedae0ee27c545032905b17ea9a2007c","54701f5f079bcb077976c7b53a0c2386",2,"c1ab2344fda0c7ff167883d2fcb4c64e"
"optimized-backends-record-20260731","ci_locate_all_boundaries","boundary","altrep","Main ALTREP","main","36f5c8d","altrep",2,5,0.111,111,100000,"medium","charvec",20260721,"32930d4bafb9d6f4ee7b61840dbeb01a","charr","78.2","system","R version 4.6.1 (2026-06-24)","/home/ted/R/x86_64-pc-linux-gnu-library/4.6/charr","3d947f3df10c63e20fffc0e4ef7f55f7","b6048fe5a9145f64d47e32d5df72435c","eedae0ee27c545032905b17ea9a2007c","54701f5f079bcb077976c7b53a0c2386",2,"fd3f05a163222901d4176ce041c7cbd2"
"optimized-backends-record-20260731","ci_locate_all_boundaries","boundary","stringi","stringi","main","36f5c8d","stringi",3,5,0.119,119,100000,"medium","character",20260721,"32930d4bafb9d6f4ee7b61840dbeb01a","stringi","74.1","bundle","R version 4.6.1 (2026-06-24)","/home/ted/R/x86_64-pc-linux-gnu-library/4.6/charr","3d947f3df10c63e20fffc0e4ef7f55f7","b6048fe5a9145f64d47e32d5df72435c","eedae0ee27c545032905b17ea9a2007c","54701f5f079bcb077976c7b53a0c2386",2,"c1ab2344fda0c7ff167883d2fcb4c64e"
"optimized-backends-record-20260731","ci_locate_all_boundaries","boundary","base","Main base","main","36f5c8d","base",3,5,0.114,114,100000,"medium","character",20260721,"32930d4bafb9d6f4ee7b61840dbeb01a","charr","78.2","system","R version 4.6.1 (2026-06-24)","/home/ted/R/x86_64-pc-linux-gnu-library/4.6/charr","3d947f3df10c63e20fffc0e4ef7f55f7","b6048fe5a9145f64d47e32d5df72435c","eedae0ee27c545032905b17ea9a2007c","54701f5f079bcb077976c7b53a0c2386",2,"c1ab2344fda0c7ff167883d2fcb4c64e"
"optimized-backends-record-20260731","ci_locate_all_boundaries","boundary","altrep","Main ALTREP","main","36f5c8d","altrep",3,5,0.11,110,100000,"medium","charvec",20260721,"32930d4bafb9d6f4ee7b61840dbeb01a","charr","78.2","system","R version 4.6.1 (2026-06-24)","/home/ted/R/x86_64-pc-linux-gnu-library/4.6/charr","3d947f3df10c63e20fffc0e4ef7f55f7","b6048fe5a9145f64d47e32d5df72435c","eedae0ee27c545032905b17ea9a2007c","54701f5f079bcb077976c7b53a0c2386",2,"fd3f05a163222901d4176ce041c7cbd2"
"optimized-backends-record-20260731","ci_locate_all_boundaries","boundary","stringi","stringi","main","36f5c8d","stringi",4,5,0.12,120,100000,"medium","character",20260721,"32930d4bafb9d6f4ee7b61840dbeb01a","stringi","74.1","bundle","R version 4.6.1 (2026-06-24)","/home/ted/R/x86_64-pc-linux-gnu-library/4.6/charr","3d947f3df10c63e20fffc0e4ef7f55f7","b6048fe5a9145f64d47e32d5df72435c","eedae0ee27c545032905b17ea9a2007c","54701f5f079bcb077976c7b53a0c2386",2,"c1ab2344fda0c7ff167883d2fcb4c64e"
"optimized-backends-record-20260731","ci_locate_all_boundaries","boundary","base","Main base","main","36f5c8d","base",4,5,0.114,114,100000,"medium","character",20260721,"32930d4bafb9d6f4ee7b61840dbeb01a","charr","78.2","system","R version 4.6.1 (2026-06-24)","/home/ted/R/x86_64-pc-linux-gnu-library/4.6/charr","3d947f3df10c63e20fffc0e4ef7f55f7","b6048fe5a9145f64d47e32d5df72435c","eedae0ee27c545032905b17ea9a2007c","54701f5f079bcb077976c7b53a0c2386",2,"c1ab2344fda0c7ff167883d2fcb4c64e"
"optimized-backends-record-20260731","ci_locate_all_boundaries","boundary","altrep","Main ALTREP","main","36f5c8d","altrep",4,5,0.11,110,100000,"medium","charvec",20260721,"32930d4bafb9d6f4ee7b61840dbeb01a","charr","78.2","system","R version 4.6.1 (2026-06-24)","/home/ted/R/x86_64-pc-linux-gnu-library/4.6/charr","3d947f3df10c63e20fffc0e4ef7f55f7","b6048fe5a9145f64d47e32d5df72435c","eedae0ee27c545032905b17ea9a2007c","54701f5f079bcb077976c7b53a0c2386",2,"fd3f05a163222901d4176ce041c7cbd2"
"optimized-backends-record-20260731","ci_locate_all_boundaries","boundary","stringi","stringi","main","36f5c8d","stringi",5,5,0.119,119,100000,"medium","character",20260721,"32930d4bafb9d6f4ee7b61840dbeb01a","stringi","74.1","bundle","R version 4.6.1 (2026-06-24)","/home/ted/R/x86_64-pc-linux-gnu-library/4.6/charr","3d947f3df10c63e20fffc0e4ef7f55f7","b6048fe5a9145f64d47e32d5df72435c","eedae0ee27c545032905b17ea9a2007c","54701f5f079bcb077976c7b53a0c2386",2,"c1ab2344fda0c7ff167883d2fcb4c64e"
"optimized-backends-record-20260731","ci_locate_all_boundaries","boundary","base","Main base","main","36f5c8d","base",5,5,0.114,114,100000,"medium","character",20260721,"32930d4bafb9d6f4ee7b61840dbeb01a","charr","78.2","system","R version 4.6.1 (2026-06-24)","/home/ted/R/x86_64-pc-linux-gnu-library/4.6/charr","3d947f3df10c63e20fffc0e4ef7f55f7","b6048fe5a9145f64d47e32d5df72435c","eedae0ee27c545032905b17ea9a2007c","54701f5f079bcb077976c7b53a0c2386",2,"c1ab2344fda0c7ff167883d2fcb4c64e"
"optimized-backends-record-20260731","ci_locate_all_boundaries","boundary","altrep","Main ALTREP","main","36f5c8d","altrep",5,5,0.111,111,100000,"medium","charvec",20260721,"32930d4bafb9d6f4ee7b61840dbeb01a","charr","78.2","system","R version 4.6.1 (2026-06-24)","/home/ted/R/x86_64-pc-linux-gnu-library/4.6/charr","3d947f3df10c63e20fffc0e4ef7f55f7","b6048fe5a9145f64d47e32d5df72435c","eedae0ee27c545032905b17ea9a2007c","54701f5f079bcb077976c7b53a0c2386",2,"fd3f05a163222901d4176ce041c7cbd2"
"optimized-backends-record-20260731","ci_extract_first_boundaries","boundary","stringi","stringi","main","36f5c8d","stringi",1,5,0.064,64,100000,"medium","character",20260721,"32930d4bafb9d6f4ee7b61840dbeb01a","stringi","74.1","bundle","R version 4.6.1 (2026-06-24)","/home/ted/R/x86_64-pc-linux-gnu-library/4.6/charr","3d947f3df10c63e20fffc0e4ef7f55f7","b6048fe5a9145f64d47e32d5df72435c","eedae0ee27c545032905b17ea9a2007c","54701f5f079bcb077976c7b53a0c2386",2,"c1ab2344fda0c7ff167883d2fcb4c64e"
"optimized-backends-record-20260731","ci_extract_first_boundaries","boundary","base","Main base","main","36f5c8d","base",1,5,0.046,46,100000,"medium","character",20260721,"32930d4bafb9d6f4ee7b61840dbeb01a","charr","78.2","system","R version 4.6.1 (2026-06-24)","/home/ted/R/x86_64-pc-linux-gnu-library/4.6/charr","3d947f3df10c63e20fffc0e4ef7f55f7","b6048fe5a9145f64d47e32d5df72435c","eedae0ee27c545032905b17ea9a2007c","54701f5f079bcb077976c7b53a0c2386",2,"c1ab2344fda0c7ff167883d2fcb4c64e"
"optimized-backends-record-20260731","ci_extract_first_boundaries","boundary","altrep","Main ALTREP","main","36f5c8d","altrep",1,5,0.028,28,100000,"medium","charvec",20260721,"32930d4bafb9d6f4ee7b61840dbeb01a","charr","78.2","system","R version 4.6.1 (2026-06-24)","/home/ted/R/x86_64-pc-linux-gnu-library/4.6/charr","3d947f3df10c63e20fffc0e4ef7f55f7","b6048fe5a9145f64d47e32d5df72435c","eedae0ee27c545032905b17ea9a2007c","54701f5f079bcb077976c7b53a0c2386",2,"fd3f05a163222901d4176ce041c7cbd2"
"optimized-backends-record-20260731","ci_extract_first_boundaries","boundary","stringi","stringi","main","36f5c8d","stringi",2,5,0.067,67,100000,"medium","character",20260721,"32930d4bafb9d6f4ee7b61840dbeb01a","stringi","74.1","bundle","R version 4.6.1 (2026-06-24)","/home/ted/R/x86_64-pc-linux-gnu-library/4.6/charr","3d947f3df10c63e20fffc0e4ef7f55f7","b6048fe5a9145f64d47e32d5df72435c","eedae0ee27c545032905b17ea9a2007c","54701f5f079bcb077976c7b53a0c2386",2,"c1ab2344fda0c7ff167883d2fcb4c64e"
"optimized-backends-record-20260731","ci_extract_first_boundaries","boundary","base","Main base","main","36f5c8d","base",2,5,0.048,48,100000,"medium","character",20260721,"32930d4bafb9d6f4ee7b61840dbeb01a","charr","78.2","system","R version 4.6.1 (2026-06-24)","/home/ted/R/x86_64-pc-linux-gnu-library/4.6/charr","3d947f3df10c63e20fffc0e4ef7f55f7","b6048fe5a9145f64d47e32d5df72435c","eedae0ee27c545032905b17ea9a2007c","54701f5f079bcb077976c7b53a0c2386",2,"c1ab2344fda0c7ff167883d2fcb4c64e"
"optimized-backends-record-20260731","ci_extract_first_boundaries","boundary","altrep","Main ALTREP","main","36f5c8d","altrep",2,5,0.028,28,100000,"medium","charvec",20260721,"32930d4bafb9d6f4ee7b61840dbeb01a","charr","78.2","system","R version 4.6.1 (2026-06-24)","/home/ted/R/x86_64-pc-linux-gnu-library/4.6/charr","3d947f3df10c63e20fffc0e4ef7f55f7","b6048fe5a9145f64d47e32d5df72435c","eedae0ee27c545032905b17ea9a2007c","54701f5f079bcb077976c7b53a0c2386",2,"fd3f05a163222901d4176ce041c7cbd2"
"optimized-backends-record-20260731","ci_extract_first_boundaries","boundary","stringi","stringi","main","36f5c8d","stringi",3,5,0.066,66,100000,"medium","character",20260721,"32930d4bafb9d6f4ee7b61840dbeb01a","stringi","74.1","bundle","R version 4.6.1 (2026-06-24)","/home/ted/R/x86_64-pc-linux-gnu-library/4.6/charr","3d947f3df10c63e20fffc0e4ef7f55f7","b6048fe5a9145f64d47e32d5df72435c","eedae0ee27c545032905b17ea9a2007c","54701f5f079bcb077976c7b53a0c2386",2,"c1ab2344fda0c7ff167883d2fcb4c64e"
"optimized-backends-record-20260731","ci_extract_first_boundaries","boundary","base","Main base","main","36f5c8d","base",3,5,0.047,47,100000,"medium","character",20260721,"32930d4bafb9d6f4ee7b61840dbeb01a","charr","78.2","system","R version 4.6.1 (2026-06-24)","/home/ted/R/x86_64-pc-linux-gnu-library/4.6/charr","3d947f3df10c63e20fffc0e4ef7f55f7","b6048fe5a9145f64d47e32d5df72435c","eedae0ee27c545032905b17ea9a2007c","54701f5f079bcb077976c7b53a0c2386",2,"c1ab2344fda0c7ff167883d2fcb4c64e"
"optimized-backends-record-20260731","ci_extract_first_boundaries","boundary","altrep","Main ALTREP","main","36f5c8d","altrep",3,5,0.029,29,100000,"medium","charvec",20260721,"32930d4bafb9d6f4ee7b61840dbeb01a","charr","78.2","system","R version 4.6.1 (2026-06-24)","/home/ted/R/x86_64-pc-linux-gnu-library/4.6/charr","3d947f3df10c63e20fffc0e4ef7f55f7","b6048fe5a9145f64d47e32d5df72435c","eedae0ee27c545032905b17ea9a2007c","54701f5f079bcb077976c7b53a0c2386",2,"fd3f05a163222901d4176ce041c7cbd2"
"optimized-backends-record-20260731","ci_extract_first_boundaries","boundary","stringi","stringi","main","36f5c8d","stringi",4,5,0.064,64,100000,"medium","character",20260721,"32930d4bafb9d6f4ee7b61840dbeb01a","stringi","74.1","bundle","R version 4.6.1 (2026-06-24)","/home/ted/R/x86_64-pc-linux-gnu-library/4.6/charr","3d947f3df10c63e20fffc0e4ef7f55f7","b6048fe5a9145f64d47e32d5df72435c","eedae0ee27c545032905b17ea9a2007c","54701f5f079bcb077976c7b53a0c2386",2,"c1ab2344fda0c7ff167883d2fcb4c64e"
"optimized-backends-record-20260731","ci_extract_first_boundaries","boundary","base","Main base","main","36f5c8d","base",4,5,0.046,46,100000,"medium","character",20260721,"32930d4bafb9d6f4ee7b61840dbeb01a","charr","78.2","system","R version 4.6.1 (2026-06-24)","/home/ted/R/x86_64-pc-linux-gnu-library/4.6/charr","3d947f3df10c63e20fffc0e4ef7f55f7","b6048fe5a9145f64d47e32d5df72435c","eedae0ee27c545032905b17ea9a2007c","54701f5f079bcb077976c7b53a0c2386",2,"c1ab2344fda0c7ff167883d2fcb4c64e"
"optimized-backends-record-20260731","ci_extract_first_boundaries","boundary","altrep","Main ALTREP","main","36f5c8d","altrep",4,5,0.029,29,100000,"medium","charvec",20260721,"32930d4bafb9d6f4ee7b61840dbeb01a","charr","78.2","system","R version 4.6.1 (2026-06-24)","/home/ted/R/x86_64-pc-linux-gnu-library/4.6/charr","3d947f3df10c63e20fffc0e4ef7f55f7","b6048fe5a9145f64d47e32d5df72435c","eedae0ee27c545032905b17ea9a2007c","54701f5f079bcb077976c7b53a0c2386",2,"fd3f05a163222901d4176ce041c7cbd2"
"optimized-backends-record-20260731","ci_extract_first_boundaries","boundary","stringi","stringi","main","36f5c8d","stringi",5,5,0.065,65,100000,"medium","character",20260721,"32930d4bafb9d6f4ee7b61840dbeb01a","stringi","74.1","bundle","R version 4.6.1 (2026-06-24)","/home/ted/R/x86_64-pc-linux-gnu-library/4.6/charr","3d947f3df10c63e20fffc0e4ef7f55f7","b6048fe5a9145f64d47e32d5df72435c","eedae0ee27c545032905b17ea9a2007c","54701f5f079bcb077976c7b53a0c2386",2,"c1ab2344fda0c7ff167883d2fcb4c64e"
"optimized-backends-record-20260731","ci_extract_first_boundaries","boundary","base","Main base","main","36f5c8d","base",5,5,0.044,44,100000,"medium","character",20260721,"32930d4bafb9d6f4ee7b61840dbeb01a","charr","78.2","system","R version 4.6.1 (2026-06-24)","/home/ted/R/x86_64-pc-linux-gnu-library/4.6/charr","3d947f3df10c63e20fffc0e4ef7f55f7","b6048fe5a9145f64d47e32d5df72435c","eedae0ee27c545032905b17ea9a2007c","54701f5f079bcb077976c7b53a0c2386",2,"c1ab2344fda0c7ff167883d2fcb4c64e"
"optimized-backends-record-20260731","ci_extract_first_boundaries","boundary","altrep","Main ALTREP","main","36f5c8d","altrep",5,5,0.028,28,100000,"medium","charvec",20260721,"32930d4bafb9d6f4ee7b61840dbeb01a","charr","78.2","system","R version 4.6.1 (2026-06-24)","/home/ted/R/x86_64-pc-linux-gnu-library/4.6/charr","3d947f3df10c63e20fffc0e4ef7f55f7","b6048fe5a9145f64d47e32d5df72435c","eedae0ee27c545032905b17ea9a2007c","54701f5f079bcb077976c7b53a0c2386",2,"fd3f05a163222901d4176ce041c7cbd2"
"optimized-backends-record-20260731","ci_extract_all_boundaries","boundary","stringi","stringi","main","36f5c8d","stringi",1,5,0.198,198,100000,"medium","character",20260721,"32930d4bafb9d6f4ee7b61840dbeb01a","stringi","74.1","bundle","R version 4.6.1 (2026-06-24)","/home/ted/R/x86_64-pc-linux-gnu-library/4.6/charr","3d947f3df10c63e20fffc0e4ef7f55f7","b6048fe5a9145f64d47e32d5df72435c","eedae0ee27c545032905b17ea9a2007c","54701f5f079bcb077976c7b53a0c2386",2,"c1ab2344fda0c7ff167883d2fcb4c64e"
"optimized-backends-record-20260731","ci_extract_all_boundaries","boundary","base","Main base","main","36f5c8d","base",1,5,0.194,194,100000,"medium","character",20260721,"32930d4bafb9d6f4ee7b61840dbeb01a","charr","78.2","system","R version 4.6.1 (2026-06-24)","/home/ted/R/x86_64-pc-linux-gnu-library/4.6/charr","3d947f3df10c63e20fffc0e4ef7f55f7","b6048fe5a9145f64d47e32d5df72435c","eedae0ee27c545032905b17ea9a2007c","54701f5f079bcb077976c7b53a0c2386",2,"c1ab2344fda0c7ff167883d2fcb4c64e"
"optimized-backends-record-20260731","ci_extract_all_boundaries","boundary","altrep","Main ALTREP","main","36f5c8d","altrep",1,5,0.15,150,100000,"medium","charvec",20260721,"32930d4bafb9d6f4ee7b61840dbeb01a","charr","78.2","system","R version 4.6.1 (2026-06-24)","/home/ted/R/x86_64-pc-linux-gnu-library/4.6/charr","3d947f3df10c63e20fffc0e4ef7f55f7","b6048fe5a9145f64d47e32d5df72435c","eedae0ee27c545032905b17ea9a2007c","54701f5f079bcb077976c7b53a0c2386",2,"fd3f05a163222901d4176ce041c7cbd2"
"optimized-backends-record-20260731","ci_extract_all_boundaries","boundary","stringi","stringi","main","36f5c8d","stringi",2,5,0.2,200,100000,"medium","character",20260721,"32930d4bafb9d6f4ee7b61840dbeb01a","stringi","74.1","bundle","R version 4.6.1 (2026-06-24)","/home/ted/R/x86_64-pc-linux-gnu-library/4.6/charr","3d947f3df10c63e20fffc0e4ef7f55f7","b6048fe5a9145f64d47e32d5df72435c","eedae0ee27c545032905b17ea9a2007c","54701f5f079bcb077976c7b53a0c2386",2,"c1ab2344fda0c7ff167883d2fcb4c64e"
"optimized-backends-record-20260731","ci_extract_all_boundaries","boundary","base","Main base","main","36f5c8d","base",2,5,0.194,194,100000,"medium","character",20260721,"32930d4bafb9d6f4ee7b61840dbeb01a","charr","78.2","system","R version 4.6.1 (2026-06-24)","/home/ted/R/x86_64-pc-linux-gnu-library/4.6/charr","3d947f3df10c63e20fffc0e4ef7f55f7","b6048fe5a9145f64d47e32d5df72435c","eedae0ee27c545032905b17ea9a2007c","54701f5f079bcb077976c7b53a0c2386",2,"c1ab2344fda0c7ff167883d2fcb4c64e"
"optimized-backends-record-20260731","ci_extract_all_boundaries","boundary","altrep","Main ALTREP","main","36f5c8d","altrep",2,5,0.15,150,100000,"medium","charvec",20260721,"32930d4bafb9d6f4ee7b61840dbeb01a","charr","78.2","system","R version 4.6.1 (2026-06-24)","/home/ted/R/x86_64-pc-linux-gnu-library/4.6/charr","3d947f3df10c63e20fffc0e4ef7f55f7","b6048fe5a9145f64d47e32d5df72435c","eedae0ee27c545032905b17ea9a2007c","54701f5f079bcb077976c7b53a0c2386",2,"fd3f05a163222901d4176ce041c7cbd2"
"optimized-backends-record-20260731","ci_extract_all_boundaries","boundary","stringi","stringi","main","36f5c8d","stringi",3,5,0.199,199,100000,"medium","character",20260721,"32930d4bafb9d6f4ee7b61840dbeb01a","stringi","74.1","bundle","R version 4.6.1 (2026-06-24)","/home/ted/R/x86_64-pc-linux-gnu-library/4.6/charr","3d947f3df10c63e20fffc0e4ef7f55f7","b6048fe5a9145f64d47e32d5df72435c","eedae0ee27c545032905b17ea9a2007c","54701f5f079bcb077976c7b53a0c2386",2,"c1ab2344fda0c7ff167883d2fcb4c64e"
"optimized-backends-record-20260731","ci_extract_all_boundaries","boundary","base","Main base","main","36f5c8d","base",3,5,0.197,197,100000,"medium","character",20260721,"32930d4bafb9d6f4ee7b61840dbeb01a","charr","78.2","system","R version 4.6.1 (2026-06-24)","/home/ted/R/x86_64-pc-linux-gnu-library/4.6/charr","3d947f3df10c63e20fffc0e4ef7f55f7","b6048fe5a9145f64d47e32d5df72435c","eedae0ee27c545032905b17ea9a2007c","54701f5f079bcb077976c7b53a0c2386",2,"c1ab2344fda0c7ff167883d2fcb4c64e"
"optimized-backends-record-20260731","ci_extract_all_boundaries","boundary","altrep","Main ALTREP","main","36f5c8d","altrep",3,5,0.151,151,100000,"medium","charvec",20260721,"32930d4bafb9d6f4ee7b61840dbeb01a","charr","78.2","system","R version 4.6.1 (2026-06-24)","/home/ted/R/x86_64-pc-linux-gnu-library/4.6/charr","3d947f3df10c63e20fffc0e4ef7f55f7","b6048fe5a9145f64d47e32d5df72435c","eedae0ee27c545032905b17ea9a2007c","54701f5f079bcb077976c7b53a0c2386",2,"fd3f05a163222901d4176ce041c7cbd2"
"optimized-backends-record-20260731","ci_extract_all_boundaries","boundary","stringi","stringi","main","36f5c8d","stringi",4,5,0.197,197,100000,"medium","character",20260721,"32930d4bafb9d6f4ee7b61840dbeb01a","stringi","74.1","bundle","R version 4.6.1 (2026-06-24)","/home/ted/R/x86_64-pc-linux-gnu-library/4.6/charr","3d947f3df10c63e20fffc0e4ef7f55f7","b6048fe5a9145f64d47e32d5df72435c","eedae0ee27c545032905b17ea9a2007c","54701f5f079bcb077976c7b53a0c2386",2,"c1ab2344fda0c7ff167883d2fcb4c64e"
"optimized-backends-record-20260731","ci_extract_all_boundaries","boundary","base","Main base","main","36f5c8d","base",4,5,0.195,195,100000,"medium","character",20260721,"32930d4bafb9d6f4ee7b61840dbeb01a","charr","78.2","system","R version 4.6.1 (2026-06-24)","/home/ted/R/x86_64-pc-linux-gnu-library/4.6/charr","3d947f3df10c63e20fffc0e4ef7f55f7","b6048fe5a9145f64d47e32d5df72435c","eedae0ee27c545032905b17ea9a2007c","54701f5f079bcb077976c7b53a0c2386",2,"c1ab2344fda0c7ff167883d2fcb4c64e"
"optimized-backends-record-20260731","ci_extract_all_boundaries","boundary","altrep","Main ALTREP","main","36f5c8d","altrep",4,5,0.15,150,100000,"medium","charvec",20260721,"32930d4bafb9d6f4ee7b61840dbeb01a","charr","78.2","system","R version 4.6.1 (2026-06-24)","/home/ted/R/x86_64-pc-linux-gnu-library/4.6/charr","3d947f3df10c63e20fffc0e4ef7f55f7","b6048fe5a9145f64d47e32d5df72435c","eedae0ee27c545032905b17ea9a2007c","54701f5f079bcb077976c7b53a0c2386",2,"fd3f05a163222901d4176ce041c7cbd2"
"optimized-backends-record-20260731","ci_extract_all_boundaries","boundary","stringi","stringi","main","36f5c8d","stringi",5,5,0.199,199,100000,"medium","character",20260721,"32930d4bafb9d6f4ee7b61840dbeb01a","stringi","74.1","bundle","R version 4.6.1 (2026-06-24)","/home/ted/R/x86_64-pc-linux-gnu-library/4.6/charr","3d947f3df10c63e20fffc0e4ef7f55f7","b6048fe5a9145f64d47e32d5df72435c","eedae0ee27c545032905b17ea9a2007c","54701f5f079bcb077976c7b53a0c2386",2,"c1ab2344fda0c7ff167883d2fcb4c64e"
"optimized-backends-record-20260731","ci_extract_all_boundaries","boundary","base","Main base","main","36f5c8d","base",5,5,0.195,195,100000,"medium","character",20260721,"32930d4bafb9d6f4ee7b61840dbeb01a","charr","78.2","system","R version 4.6.1 (2026-06-24)","/home/ted/R/x86_64-pc-linux-gnu-library/4.6/charr","3d947f3df10c63e20fffc0e4ef7f55f7","b6048fe5a9145f64d47e32d5df72435c","eedae0ee27c545032905b17ea9a2007c","54701f5f079bcb077976c7b53a0c2386",2,"c1ab2344fda0c7ff167883d2fcb4c64e"
"optimized-backends-record-20260731","ci_extract_all_boundaries","boundary","altrep","Main ALTREP","main","36f5c8d","altrep",5,5,0.151,151,100000,"medium","charvec",20260721,"32930d4bafb9d6f4ee7b61840dbeb01a","charr","78.2","system","R version 4.6.1 (2026-06-24)","/home/ted/R/x86_64-pc-linux-gnu-library/4.6/charr","3d947f3df10c63e20fffc0e4ef7f55f7","b6048fe5a9145f64d47e32d5df72435c","eedae0ee27c545032905b17ea9a2007c","54701f5f079bcb077976c7b53a0c2386",2,"fd3f05a163222901d4176ce041c7cbd2"
"optimized-backends-record-20260731","ci_split_boundaries","boundary","stringi","stringi","main","36f5c8d","stringi",1,5,0.198,198,100000,"medium","character",20260721,"32930d4bafb9d6f4ee7b61840dbeb01a","stringi","74.1","bundle","R version 4.6.1 (2026-06-24)","/home/ted/R/x86_64-pc-linux-gnu-library/4.6/charr","3d947f3df10c63e20fffc0e4ef7f55f7","b6048fe5a9145f64d47e32d5df72435c","eedae0ee27c545032905b17ea9a2007c","54701f5f079bcb077976c7b53a0c2386",2,"c1ab2344fda0c7ff167883d2fcb4c64e"
"optimized-backends-record-20260731","ci_split_boundaries","boundary","base","Main base","main","36f5c8d","base",1,5,0.196,196,100000,"medium","character",20260721,"32930d4bafb9d6f4ee7b61840dbeb01a","charr","78.2","system","R version 4.6.1 (2026-06-24)","/home/ted/R/x86_64-pc-linux-gnu-library/4.6/charr","3d947f3df10c63e20fffc0e4ef7f55f7","b6048fe5a9145f64d47e32d5df72435c","eedae0ee27c545032905b17ea9a2007c","54701f5f079bcb077976c7b53a0c2386",2,"c1ab2344fda0c7ff167883d2fcb4c64e"
"optimized-backends-record-20260731","ci_split_boundaries","boundary","altrep","Main ALTREP","main","36f5c8d","altrep",1,5,0.128,128,100000,"medium","charvec",20260721,"32930d4bafb9d6f4ee7b61840dbeb01a","charr","78.2","system","R version 4.6.1 (2026-06-24)","/home/ted/R/x86_64-pc-linux-gnu-library/4.6/charr","3d947f3df10c63e20fffc0e4ef7f55f7","b6048fe5a9145f64d47e32d5df72435c","eedae0ee27c545032905b17ea9a2007c","54701f5f079bcb077976c7b53a0c2386",2,"fd3f05a163222901d4176ce041c7cbd2"
"optimized-backends-record-20260731","ci_split_boundaries","boundary","stringi","stringi","main","36f5c8d","stringi",2,5,0.2,200,100000,"medium","character",20260721,"32930d4bafb9d6f4ee7b61840dbeb01a","stringi","74.1","bundle","R version 4.6.1 (2026-06-24)","/home/ted/R/x86_64-pc-linux-gnu-library/4.6/charr","3d947f3df10c63e20fffc0e4ef7f55f7","b6048fe5a9145f64d47e32d5df72435c","eedae0ee27c545032905b17ea9a2007c","54701f5f079bcb077976c7b53a0c2386",2,"c1ab2344fda0c7ff167883d2fcb4c64e"
"optimized-backends-record-20260731","ci_split_boundaries","boundary","base","Main base","main","36f5c8d","base",2,5,0.196,196,100000,"medium","character",20260721,"32930d4bafb9d6f4ee7b61840dbeb01a","charr","78.2","system","R version 4.6.1 (2026-06-24)","/home/ted/R/x86_64-pc-linux-gnu-library/4.6/charr","3d947f3df10c63e20fffc0e4ef7f55f7","b6048fe5a9145f64d47e32d5df72435c","eedae0ee27c545032905b17ea9a2007c","54701f5f079bcb077976c7b53a0c2386",2,"c1ab2344fda0c7ff167883d2fcb4c64e"
"optimized-backends-record-20260731","ci_split_boundaries","boundary","altrep","Main ALTREP","main","36f5c8d","altrep",2,5,0.128,128,100000,"medium","charvec",20260721,"32930d4bafb9d6f4ee7b61840dbeb01a","charr","78.2","system","R version 4.6.1 (2026-06-24)","/home/ted/R/x86_64-pc-linux-gnu-library/4.6/charr","3d947f3df10c63e20fffc0e4ef7f55f7","b6048fe5a9145f64d47e32d5df72435c","eedae0ee27c545032905b17ea9a2007c","54701f5f079bcb077976c7b53a0c2386",2,"fd3f05a163222901d4176ce041c7cbd2"
"optimized-backends-record-20260731","ci_split_boundaries","boundary","stringi","stringi","main","36f5c8d","stringi",3,5,0.196,196,100000,"medium","character",20260721,"32930d4bafb9d6f4ee7b61840dbeb01a","stringi","74.1","bundle","R version 4.6.1 (2026-06-24)","/home/ted/R/x86_64-pc-linux-gnu-library/4.6/charr","3d947f3df10c63e20fffc0e4ef7f55f7","b6048fe5a9145f64d47e32d5df72435c","eedae0ee27c545032905b17ea9a2007c","54701f5f079bcb077976c7b53a0c2386",2,"c1ab2344fda0c7ff167883d2fcb4c64e"
"optimized-backends-record-20260731","ci_split_boundaries","boundary","base","Main base","main","36f5c8d","base",3,5,0.194,194,100000,"medium","character",20260721,"32930d4bafb9d6f4ee7b61840dbeb01a","charr","78.2","system","R version 4.6.1 (2026-06-24)","/home/ted/R/x86_64-pc-linux-gnu-library/4.6/charr","3d947f3df10c63e20fffc0e4ef7f55f7","b6048fe5a9145f64d47e32d5df72435c","eedae0ee27c545032905b17ea9a2007c","54701f5f079bcb077976c7b53a0c2386",2,"c1ab2344fda0c7ff167883d2fcb4c64e"
"optimized-backends-record-20260731","ci_split_boundaries","boundary","altrep","Main ALTREP","main","36f5c8d","altrep",3,5,0.127,127,100000,"medium","charvec",20260721,"32930d4bafb9d6f4ee7b61840dbeb01a","charr","78.2","system","R version 4.6.1 (2026-06-24)","/home/ted/R/x86_64-pc-linux-gnu-library/4.6/charr","3d947f3df10c63e20fffc0e4ef7f55f7","b6048fe5a9145f64d47e32d5df72435c","eedae0ee27c545032905b17ea9a2007c","54701f5f079bcb077976c7b53a0c2386",2,"fd3f05a163222901d4176ce041c7cbd2"
"optimized-backends-record-20260731","ci_split_boundaries","boundary","stringi","stringi","main","36f5c8d","stringi",4,5,0.199,199,100000,"medium","character",20260721,"32930d4bafb9d6f4ee7b61840dbeb01a","stringi","74.1","bundle","R version 4.6.1 (2026-06-24)","/home/ted/R/x86_64-pc-linux-gnu-library/4.6/charr","3d947f3df10c63e20fffc0e4ef7f55f7","b6048fe5a9145f64d47e32d5df72435c","eedae0ee27c545032905b17ea9a2007c","54701f5f079bcb077976c7b53a0c2386",2,"c1ab2344fda0c7ff167883d2fcb4c64e"
"optimized-backends-record-20260731","ci_split_boundaries","boundary","base","Main base","main","36f5c8d","base",4,5,0.195,195,100000,"medium","character",20260721,"32930d4bafb9d6f4ee7b61840dbeb01a","charr","78.2","system","R version 4.6.1 (2026-06-24)","/home/ted/R/x86_64-pc-linux-gnu-library/4.6/charr","3d947f3df10c63e20fffc0e4ef7f55f7","b6048fe5a9145f64d47e32d5df72435c","eedae0ee27c545032905b17ea9a2007c","54701f5f079bcb077976c7b53a0c2386",2,"c1ab2344fda0c7ff167883d2fcb4c64e"
"optimized-backends-record-20260731","ci_split_boundaries","boundary","altrep","Main ALTREP","main","36f5c8d","altrep",4,5,0.128,128,100000,"medium","charvec",20260721,"32930d4bafb9d6f4ee7b61840dbeb01a","charr","78.2","system","R version 4.6.1 (2026-06-24)","/home/ted/R/x86_64-pc-linux-gnu-library/4.6/charr","3d947f3df10c63e20fffc0e4ef7f55f7","b6048fe5a9145f64d47e32d5df72435c","eedae0ee27c545032905b17ea9a2007c","54701f5f079bcb077976c7b53a0c2386",2,"fd3f05a163222901d4176ce041c7cbd2"
"optimized-backends-record-20260731","ci_split_boundaries","boundary","stringi","stringi","main","36f5c8d","stringi",5,5,0.196,196,100000,"medium","character",20260721,"32930d4bafb9d6f4ee7b61840dbeb01a","stringi","74.1","bundle","R version 4.6.1 (2026-06-24)","/home/ted/R/x86_64-pc-linux-gnu-library/4.6/charr","3d947f3df10c63e20fffc0e4ef7f55f7","b6048fe5a9145f64d47e32d5df72435c","eedae0ee27c545032905b17ea9a2007c","54701f5f079bcb077976c7b53a0c2386",2,"c1ab2344fda0c7ff167883d2fcb4c64e"
"optimized-backends-record-20260731","ci_split_boundaries","boundary","base","Main base","main","36f5c8d","base",5,5,0.195,195,100000,"medium","character",20260721,"32930d4bafb9d6f4ee7b61840dbeb01a","charr","78.2","system","R version 4.6.1 (2026-06-24)","/home/ted/R/x86_64-pc-linux-gnu-library/4.6/charr","3d947f3df10c63e20fffc0e4ef7f55f7","b6048fe5a9145f64d47e32d5df72435c","eedae0ee27c545032905b17ea9a2007c","54701f5f079bcb077976c7b53a0c2386",2,"c1ab2344fda0c7ff167883d2fcb4c64e"
"optimized-backends-record-20260731","ci_split_boundaries","boundary","altrep","Main ALTREP","main","36f5c8d","altrep",5,5,0.128,128,100000,"medium","charvec",20260721,"32930d4bafb9d6f4ee7b61840dbeb01a","charr","78.2","system","R version 4.6.1 (2026-06-24)","/home/ted/R/x86_64-pc-linux-gnu-library/4.6/charr","3d947f3df10c63e20fffc0e4ef7f55f7","b6048fe5a9145f64d47e32d5df72435c","eedae0ee27c545032905b17ea9a2007c","54701f5f079bcb077976c7b53a0c2386",2,"fd3f05a163222901d4176ce041c7cbd2"
"optimized-backends-record-20260731","ci_wrap","layout","stringi","stringi","main","36f5c8d","stringi",1,5,0.045,45,10000,"slow","character",20260721,"e6d3a516692fdd33881c621e2169c2fb","stringi","74.1","bundle","R version 4.6.1 (2026-06-24)","/home/ted/R/x86_64-pc-linux-gnu-library/4.6/charr","3d947f3df10c63e20fffc0e4ef7f55f7","b6048fe5a9145f64d47e32d5df72435c","eedae0ee27c545032905b17ea9a2007c","54701f5f079bcb077976c7b53a0c2386",2,"5c5c643b8cf01dd61dc4576c3f195bac"
"optimized-backends-record-20260731","ci_wrap","layout","base","Main base","main","36f5c8d","base",1,5,0.018,18,10000,"slow","character",20260721,"e6d3a516692fdd33881c621e2169c2fb","charr","78.2","system","R version 4.6.1 (2026-06-24)","/home/ted/R/x86_64-pc-linux-gnu-library/4.6/charr","3d947f3df10c63e20fffc0e4ef7f55f7","b6048fe5a9145f64d47e32d5df72435c","eedae0ee27c545032905b17ea9a2007c","54701f5f079bcb077976c7b53a0c2386",2,"5c5c643b8cf01dd61dc4576c3f195bac"
"optimized-backends-record-20260731","ci_wrap","layout","altrep","Main ALTREP","main","36f5c8d","altrep",1,5,0.017,17,10000,"slow","charvec",20260721,"e6d3a516692fdd33881c621e2169c2fb","charr","78.2","system","R version 4.6.1 (2026-06-24)","/home/ted/R/x86_64-pc-linux-gnu-library/4.6/charr","3d947f3df10c63e20fffc0e4ef7f55f7","b6048fe5a9145f64d47e32d5df72435c","eedae0ee27c545032905b17ea9a2007c","54701f5f079bcb077976c7b53a0c2386",2,"52c64b5e913c3191d466aba772647a5c"
"optimized-backends-record-20260731","ci_wrap","layout","stringi","stringi","main","36f5c8d","stringi",2,5,0.045,45,10000,"slow","character",20260721,"e6d3a516692fdd33881c621e2169c2fb","stringi","74.1","bundle","R version 4.6.1 (2026-06-24)","/home/ted/R/x86_64-pc-linux-gnu-library/4.6/charr","3d947f3df10c63e20fffc0e4ef7f55f7","b6048fe5a9145f64d47e32d5df72435c","eedae0ee27c545032905b17ea9a2007c","54701f5f079bcb077976c7b53a0c2386",2,"5c5c643b8cf01dd61dc4576c3f195bac"
"optimized-backends-record-20260731","ci_wrap","layout","base","Main base","main","36f5c8d","base",2,5,0.018,18,10000,"slow","character",20260721,"e6d3a516692fdd33881c621e2169c2fb","charr","78.2","system","R version 4.6.1 (2026-06-24)","/home/ted/R/x86_64-pc-linux-gnu-library/4.6/charr","3d947f3df10c63e20fffc0e4ef7f55f7","b6048fe5a9145f64d47e32d5df72435c","eedae0ee27c545032905b17ea9a2007c","54701f5f079bcb077976c7b53a0c2386",2,"5c5c643b8cf01dd61dc4576c3f195bac"
"optimized-backends-record-20260731","ci_wrap","layout","altrep","Main ALTREP","main","36f5c8d","altrep",2,5,0.017,17,10000,"slow","charvec",20260721,"e6d3a516692fdd33881c621e2169c2fb","charr","78.2","system","R version 4.6.1 (2026-06-24)","/home/ted/R/x86_64-pc-linux-gnu-library/4.6/charr","3d947f3df10c63e20fffc0e4ef7f55f7","b6048fe5a9145f64d47e32d5df72435c","eedae0ee27c545032905b17ea9a2007c","54701f5f079bcb077976c7b53a0c2386",2,"52c64b5e913c3191d466aba772647a5c"
"optimized-backends-record-20260731","ci_wrap","layout","stringi","stringi","main","36f5c8d","stringi",3,5,0.046,46,10000,"slow","character",20260721,"e6d3a516692fdd33881c621e2169c2fb","stringi","74.1","bundle","R version 4.6.1 (2026-06-24)","/home/ted/R/x86_64-pc-linux-gnu-library/4.6/charr","3d947f3df10c63e20fffc0e4ef7f55f7","b6048fe5a9145f64d47e32d5df72435c","eedae0ee27c545032905b17ea9a2007c","54701f5f079bcb077976c7b53a0c2386",2,"5c5c643b8cf01dd61dc4576c3f195bac"
"optimized-backends-record-20260731","ci_wrap","layout","base","Main base","main","36f5c8d","base",3,5,0.019,19,10000,"slow","character",20260721,"e6d3a516692fdd33881c621e2169c2fb","charr","78.2","system","R version 4.6.1 (2026-06-24)","/home/ted/R/x86_64-pc-linux-gnu-library/4.6/charr","3d947f3df10c63e20fffc0e4ef7f55f7","b6048fe5a9145f64d47e32d5df72435c","eedae0ee27c545032905b17ea9a2007c","54701f5f079bcb077976c7b53a0c2386",2,"5c5c643b8cf01dd61dc4576c3f195bac"
"optimized-backends-record-20260731","ci_wrap","layout","altrep","Main ALTREP","main","36f5c8d","altrep",3,5,0.017,17,10000,"slow","charvec",20260721,"e6d3a516692fdd33881c621e2169c2fb","charr","78.2","system","R version 4.6.1 (2026-06-24)","/home/ted/R/x86_64-pc-linux-gnu-library/4.6/charr","3d947f3df10c63e20fffc0e4ef7f55f7","b6048fe5a9145f64d47e32d5df72435c","eedae0ee27c545032905b17ea9a2007c","54701f5f079bcb077976c7b53a0c2386",2,"52c64b5e913c3191d466aba772647a5c"
"optimized-backends-record-20260731","ci_wrap","layout","stringi","stringi","main","36f5c8d","stringi",4,5,0.045,45,10000,"slow","character",20260721,"e6d3a516692fdd33881c621e2169c2fb","stringi","74.1","bundle","R version 4.6.1 (2026-06-24)","/home/ted/R/x86_64-pc-linux-gnu-library/4.6/charr","3d947f3df10c63e20fffc0e4ef7f55f7","b6048fe5a9145f64d47e32d5df72435c","eedae0ee27c545032905b17ea9a2007c","54701f5f079bcb077976c7b53a0c2386",2,"5c5c643b8cf01dd61dc4576c3f195bac"
"optimized-backends-record-20260731","ci_wrap","layout","base","Main base","main","36f5c8d","base",4,5,0.019,19,10000,"slow","character",20260721,"e6d3a516692fdd33881c621e2169c2fb","charr","78.2","system","R version 4.6.1 (2026-06-24)","/home/ted/R/x86_64-pc-linux-gnu-library/4.6/charr","3d947f3df10c63e20fffc0e4ef7f55f7","b6048fe5a9145f64d47e32d5df72435c","eedae0ee27c545032905b17ea9a2007c","54701f5f079bcb077976c7b53a0c2386",2,"5c5c643b8cf01dd61dc4576c3f195bac"
"optimized-backends-record-20260731","ci_wrap","layout","altrep","Main ALTREP","main","36f5c8d","altrep",4,5,0.017,17,10000,"slow","charvec",20260721,"e6d3a516692fdd33881c621e2169c2fb","charr","78.2","system","R version 4.6.1 (2026-06-24)","/home/ted/R/x86_64-pc-linux-gnu-library/4.6/charr","3d947f3df10c63e20fffc0e4ef7f55f7","b6048fe5a9145f64d47e32d5df72435c","eedae0ee27c545032905b17ea9a2007c","54701f5f079bcb077976c7b53a0c2386",2,"52c64b5e913c3191d466aba772647a5c"
"optimized-backends-record-20260731","ci_wrap","layout","stringi","stringi","main","36f5c8d","stringi",5,5,0.046,46,10000,"slow","character",20260721,"e6d3a516692fdd33881c621e2169c2fb","stringi","74.1","bundle","R version 4.6.1 (2026-06-24)","/home/ted/R/x86_64-pc-linux-gnu-library/4.6/charr","3d947f3df10c63e20fffc0e4ef7f55f7","b6048fe5a9145f64d47e32d5df72435c","eedae0ee27c545032905b17ea9a2007c","54701f5f079bcb077976c7b53a0c2386",2,"5c5c643b8cf01dd61dc4576c3f195bac"
"optimized-backends-record-20260731","ci_wrap","layout","base","Main base","main","36f5c8d","base",5,5,0.019,19,10000,"slow","character",20260721,"e6d3a516692fdd33881c621e2169c2fb","charr","78.2","system","R version 4.6.1 (2026-06-24)","/home/ted/R/x86_64-pc-linux-gnu-library/4.6/charr","3d947f3df10c63e20fffc0e4ef7f55f7","b6048fe5a9145f64d47e32d5df72435c","eedae0ee27c545032905b17ea9a2007c","54701f5f079bcb077976c7b53a0c2386",2,"5c5c643b8cf01dd61dc4576c3f195bac"
"optimized-backends-record-20260731","ci_wrap","layout","altrep","Main ALTREP","main","36f5c8d","altrep",5,5,0.017,17,10000,"slow","charvec",20260721,"e6d3a516692fdd33881c621e2169c2fb","charr","78.2","system","R version 4.6.1 (2026-06-24)","/home/ted/R/x86_64-pc-linux-gnu-library/4.6/charr","3d947f3df10c63e20fffc0e4ef7f55f7","b6048fe5a9145f64d47e32d5df72435c","eedae0ee27c545032905b17ea9a2007c","54701f5f079bcb077976c7b53a0c2386",2,"52c64b5e913c3191d466aba772647a5c"
"optimized-backends-record-20260731","ci_pad_left","layout","stringi","stringi","main","36f5c8d","stringi",1,5,0.1,100,100000,"medium","character",20260721,"32930d4bafb9d6f4ee7b61840dbeb01a","stringi","74.1","bundle","R version 4.6.1 (2026-06-24)","/home/ted/R/x86_64-pc-linux-gnu-library/4.6/charr","3d947f3df10c63e20fffc0e4ef7f55f7","b6048fe5a9145f64d47e32d5df72435c","eedae0ee27c545032905b17ea9a2007c","54701f5f079bcb077976c7b53a0c2386",2,"c1ab2344fda0c7ff167883d2fcb4c64e"
"optimized-backends-record-20260731","ci_pad_left","layout","base","Main base","main","36f5c8d","base",1,5,0.052,52,100000,"medium","character",20260721,"32930d4bafb9d6f4ee7b61840dbeb01a","charr","78.2","system","R version 4.6.1 (2026-06-24)","/home/ted/R/x86_64-pc-linux-gnu-library/4.6/charr","3d947f3df10c63e20fffc0e4ef7f55f7","b6048fe5a9145f64d47e32d5df72435c","eedae0ee27c545032905b17ea9a2007c","54701f5f079bcb077976c7b53a0c2386",2,"c1ab2344fda0c7ff167883d2fcb4c64e"
"optimized-backends-record-20260731","ci_pad_left","layout","altrep","Main ALTREP","main","36f5c8d","altrep",1,5,0.02,20,100000,"medium","charvec",20260721,"32930d4bafb9d6f4ee7b61840dbeb01a","charr","78.2","system","R version 4.6.1 (2026-06-24)","/home/ted/R/x86_64-pc-linux-gnu-library/4.6/charr","3d947f3df10c63e20fffc0e4ef7f55f7","b6048fe5a9145f64d47e32d5df72435c","eedae0ee27c545032905b17ea9a2007c","54701f5f079bcb077976c7b53a0c2386",2,"fd3f05a163222901d4176ce041c7cbd2"
"optimized-backends-record-20260731","ci_pad_left","layout","stringi","stringi","main","36f5c8d","stringi",2,5,0.099,99,100000,"medium","character",20260721,"32930d4bafb9d6f4ee7b61840dbeb01a","stringi","74.1","bundle","R version 4.6.1 (2026-06-24)","/home/ted/R/x86_64-pc-linux-gnu-library/4.6/charr","3d947f3df10c63e20fffc0e4ef7f55f7","b6048fe5a9145f64d47e32d5df72435c","eedae0ee27c545032905b17ea9a2007c","54701f5f079bcb077976c7b53a0c2386",2,"c1ab2344fda0c7ff167883d2fcb4c64e"
"optimized-backends-record-20260731","ci_pad_left","layout","base","Main base","main","36f5c8d","base",2,5,0.052,52,100000,"medium","character",20260721,"32930d4bafb9d6f4ee7b61840dbeb01a","charr","78.2","system","R version 4.6.1 (2026-06-24)","/home/ted/R/x86_64-pc-linux-gnu-library/4.6/charr","3d947f3df10c63e20fffc0e4ef7f55f7","b6048fe5a9145f64d47e32d5df72435c","eedae0ee27c545032905b17ea9a2007c","54701f5f079bcb077976c7b53a0c2386",2,"c1ab2344fda0c7ff167883d2fcb4c64e"
"optimized-backends-record-20260731","ci_pad_left","layout","altrep","Main ALTREP","main","36f5c8d","altrep",2,5,0.02,20,100000,"medium","charvec",20260721,"32930d4bafb9d6f4ee7b61840dbeb01a","charr","78.2","system","R version 4.6.1 (2026-06-24)","/home/ted/R/x86_64-pc-linux-gnu-library/4.6/charr","3d947f3df10c63e20fffc0e4ef7f55f7","b6048fe5a9145f64d47e32d5df72435c","eedae0ee27c545032905b17ea9a2007c","54701f5f079bcb077976c7b53a0c2386",2,"fd3f05a163222901d4176ce041c7cbd2"
"optimized-backends-record-20260731","ci_pad_left","layout","stringi","stringi","main","36f5c8d","stringi",3,5,0.098,98,100000,"medium","character",20260721,"32930d4bafb9d6f4ee7b61840dbeb01a","stringi","74.1","bundle","R version 4.6.1 (2026-06-24)","/home/ted/R/x86_64-pc-linux-gnu-library/4.6/charr","3d947f3df10c63e20fffc0e4ef7f55f7","b6048fe5a9145f64d47e32d5df72435c","eedae0ee27c545032905b17ea9a2007c","54701f5f079bcb077976c7b53a0c2386",2,"c1ab2344fda0c7ff167883d2fcb4c64e"
"optimized-backends-record-20260731","ci_pad_left","layout","base","Main base","main","36f5c8d","base",3,5,0.052,52,100000,"medium","character",20260721,"32930d4bafb9d6f4ee7b61840dbeb01a","charr","78.2","system","R version 4.6.1 (2026-06-24)","/home/ted/R/x86_64-pc-linux-gnu-library/4.6/charr","3d947f3df10c63e20fffc0e4ef7f55f7","b6048fe5a9145f64d47e32d5df72435c","eedae0ee27c545032905b17ea9a2007c","54701f5f079bcb077976c7b53a0c2386",2,"c1ab2344fda0c7ff167883d2fcb4c64e"
"optimized-backends-record-20260731","ci_pad_left","layout","altrep","Main ALTREP","main","36f5c8d","altrep",3,5,0.021,21,100000,"medium","charvec",20260721,"32930d4bafb9d6f4ee7b61840dbeb01a","charr","78.2","system","R version 4.6.1 (2026-06-24)","/home/ted/R/x86_64-pc-linux-gnu-library/4.6/charr","3d947f3df10c63e20fffc0e4ef7f55f7","b6048fe5a9145f64d47e32d5df72435c","eedae0ee27c545032905b17ea9a2007c","54701f5f079bcb077976c7b53a0c2386",2,"fd3f05a163222901d4176ce041c7cbd2"
"optimized-backends-record-20260731","ci_pad_left","layout","stringi","stringi","main","36f5c8d","stringi",4,5,0.099,99,100000,"medium","character",20260721,"32930d4bafb9d6f4ee7b61840dbeb01a","stringi","74.1","bundle","R version 4.6.1 (2026-06-24)","/home/ted/R/x86_64-pc-linux-gnu-library/4.6/charr","3d947f3df10c63e20fffc0e4ef7f55f7","b6048fe5a9145f64d47e32d5df72435c","eedae0ee27c545032905b17ea9a2007c","54701f5f079bcb077976c7b53a0c2386",2,"c1ab2344fda0c7ff167883d2fcb4c64e"
"optimized-backends-record-20260731","ci_pad_left","layout","base","Main base","main","36f5c8d","base",4,5,0.052,52,100000,"medium","character",20260721,"32930d4bafb9d6f4ee7b61840dbeb01a","charr","78.2","system","R version 4.6.1 (2026-06-24)","/home/ted/R/x86_64-pc-linux-gnu-library/4.6/charr","3d947f3df10c63e20fffc0e4ef7f55f7","b6048fe5a9145f64d47e32d5df72435c","eedae0ee27c545032905b17ea9a2007c","54701f5f079bcb077976c7b53a0c2386",2,"c1ab2344fda0c7ff167883d2fcb4c64e"
"optimized-backends-record-20260731","ci_pad_left","layout","altrep","Main ALTREP","main","36f5c8d","altrep",4,5,0.02,20,100000,"medium","charvec",20260721,"32930d4bafb9d6f4ee7b61840dbeb01a","charr","78.2","system","R version 4.6.1 (2026-06-24)","/home/ted/R/x86_64-pc-linux-gnu-library/4.6/charr","3d947f3df10c63e20fffc0e4ef7f55f7","b6048fe5a9145f64d47e32d5df72435c","eedae0ee27c545032905b17ea9a2007c","54701f5f079bcb077976c7b53a0c2386",2,"fd3f05a163222901d4176ce041c7cbd2"
"optimized-backends-record-20260731","ci_pad_left","layout","stringi","stringi","main","36f5c8d","stringi",5,5,0.099,99,100000,"medium","character",20260721,"32930d4bafb9d6f4ee7b61840dbeb01a","stringi","74.1","bundle","R version 4.6.1 (2026-06-24)","/home/ted/R/x86_64-pc-linux-gnu-library/4.6/charr","3d947f3df10c63e20fffc0e4ef7f55f7","b6048fe5a9145f64d47e32d5df72435c","eedae0ee27c545032905b17ea9a2007c","54701f5f079bcb077976c7b53a0c2386",2,"c1ab2344fda0c7ff167883d2fcb4c64e"
"optimized-backends-record-20260731","ci_pad_left","layout","base","Main base","main","36f5c8d","base",5,5,0.053,53,100000,"medium","character",20260721,"32930d4bafb9d6f4ee7b61840dbeb01a","charr","78.2","system","R version 4.6.1 (2026-06-24)","/home/ted/R/x86_64-pc-linux-gnu-library/4.6/charr","3d947f3df10c63e20fffc0e4ef7f55f7","b6048fe5a9145f64d47e32d5df72435c","eedae0ee27c545032905b17ea9a2007c","54701f5f079bcb077976c7b53a0c2386",2,"c1ab2344fda0c7ff167883d2fcb4c64e"
"optimized-backends-record-20260731","ci_pad_left","layout","altrep","Main ALTREP","main","36f5c8d","altrep",5,5,0.021,21,100000,"medium","charvec",20260721,"32930d4bafb9d6f4ee7b61840dbeb01a","charr","78.2","system","R version 4.6.1 (2026-06-24)","/home/ted/R/x86_64-pc-linux-gnu-library/4.6/charr","3d947f3df10c63e20fffc0e4ef7f55f7","b6048fe5a9145f64d47e32d5df72435c","eedae0ee27c545032905b17ea9a2007c","54701f5f079bcb077976c7b53a0c2386",2,"fd3f05a163222901d4176ce041c7cbd2"
"optimized-backends-record-20260731","ci_pad_right","layout","stringi","stringi","main","36f5c8d","stringi",1,5,0.099,99,100000,"medium","character",20260721,"32930d4bafb9d6f4ee7b61840dbeb01a","stringi","74.1","bundle","R version 4.6.1 (2026-06-24)","/home/ted/R/x86_64-pc-linux-gnu-library/4.6/charr","3d947f3df10c63e20fffc0e4ef7f55f7","b6048fe5a9145f64d47e32d5df72435c","eedae0ee27c545032905b17ea9a2007c","54701f5f079bcb077976c7b53a0c2386",2,"c1ab2344fda0c7ff167883d2fcb4c64e"
"optimized-backends-record-20260731","ci_pad_right","layout","base","Main base","main","36f5c8d","base",1,5,0.052,52,100000,"medium","character",20260721,"32930d4bafb9d6f4ee7b61840dbeb01a","charr","78.2","system","R version 4.6.1 (2026-06-24)","/home/ted/R/x86_64-pc-linux-gnu-library/4.6/charr","3d947f3df10c63e20fffc0e4ef7f55f7","b6048fe5a9145f64d47e32d5df72435c","eedae0ee27c545032905b17ea9a2007c","54701f5f079bcb077976c7b53a0c2386",2,"c1ab2344fda0c7ff167883d2fcb4c64e"
"optimized-backends-record-20260731","ci_pad_right","layout","altrep","Main ALTREP","main","36f5c8d","altrep",1,5,0.02,20,100000,"medium","charvec",20260721,"32930d4bafb9d6f4ee7b61840dbeb01a","charr","78.2","system","R version 4.6.1 (2026-06-24)","/home/ted/R/x86_64-pc-linux-gnu-library/4.6/charr","3d947f3df10c63e20fffc0e4ef7f55f7","b6048fe5a9145f64d47e32d5df72435c","eedae0ee27c545032905b17ea9a2007c","54701f5f079bcb077976c7b53a0c2386",2,"fd3f05a163222901d4176ce041c7cbd2"
"optimized-backends-record-20260731","ci_pad_right","layout","stringi","stringi","main","36f5c8d","stringi",2,5,0.099,99,100000,"medium","character",20260721,"32930d4bafb9d6f4ee7b61840dbeb01a","stringi","74.1","bundle","R version 4.6.1 (2026-06-24)","/home/ted/R/x86_64-pc-linux-gnu-library/4.6/charr","3d947f3df10c63e20fffc0e4ef7f55f7","b6048fe5a9145f64d47e32d5df72435c","eedae0ee27c545032905b17ea9a2007c","54701f5f079bcb077976c7b53a0c2386",2,"c1ab2344fda0c7ff167883d2fcb4c64e"
"optimized-backends-record-20260731","ci_pad_right","layout","base","Main base","main","36f5c8d","base",2,5,0.052,52,100000,"medium","character",20260721,"32930d4bafb9d6f4ee7b61840dbeb01a","charr","78.2","system","R version 4.6.1 (2026-06-24)","/home/ted/R/x86_64-pc-linux-gnu-library/4.6/charr","3d947f3df10c63e20fffc0e4ef7f55f7","b6048fe5a9145f64d47e32d5df72435c","eedae0ee27c545032905b17ea9a2007c","54701f5f079bcb077976c7b53a0c2386",2,"c1ab2344fda0c7ff167883d2fcb4c64e"
"optimized-backends-record-20260731","ci_pad_right","layout","altrep","Main ALTREP","main","36f5c8d","altrep",2,5,0.021,21,100000,"medium","charvec",20260721,"32930d4bafb9d6f4ee7b61840dbeb01a","charr","78.2","system","R version 4.6.1 (2026-06-24)","/home/ted/R/x86_64-pc-linux-gnu-library/4.6/charr","3d947f3df10c63e20fffc0e4ef7f55f7","b6048fe5a9145f64d47e32d5df72435c","eedae0ee27c545032905b17ea9a2007c","54701f5f079bcb077976c7b53a0c2386",2,"fd3f05a163222901d4176ce041c7cbd2"
"optimized-backends-record-20260731","ci_pad_right","layout","stringi","stringi","main","36f5c8d","stringi",3,5,0.1,100,100000,"medium","character",20260721,"32930d4bafb9d6f4ee7b61840dbeb01a","stringi","74.1","bundle","R version 4.6.1 (2026-06-24)","/home/ted/R/x86_64-pc-linux-gnu-library/4.6/charr","3d947f3df10c63e20fffc0e4ef7f55f7","b6048fe5a9145f64d47e32d5df72435c","eedae0ee27c545032905b17ea9a2007c","54701f5f079bcb077976c7b53a0c2386",2,"c1ab2344fda0c7ff167883d2fcb4c64e"
"optimized-backends-record-20260731","ci_pad_right","layout","base","Main base","main","36f5c8d","base",3,5,0.052,52,100000,"medium","character",20260721,"32930d4bafb9d6f4ee7b61840dbeb01a","charr","78.2","system","R version 4.6.1 (2026-06-24)","/home/ted/R/x86_64-pc-linux-gnu-library/4.6/charr","3d947f3df10c63e20fffc0e4ef7f55f7","b6048fe5a9145f64d47e32d5df72435c","eedae0ee27c545032905b17ea9a2007c","54701f5f079bcb077976c7b53a0c2386",2,"c1ab2344fda0c7ff167883d2fcb4c64e"
"optimized-backends-record-20260731","ci_pad_right","layout","altrep","Main ALTREP","main","36f5c8d","altrep",3,5,0.021,21,100000,"medium","charvec",20260721,"32930d4bafb9d6f4ee7b61840dbeb01a","charr","78.2","system","R version 4.6.1 (2026-06-24)","/home/ted/R/x86_64-pc-linux-gnu-library/4.6/charr","3d947f3df10c63e20fffc0e4ef7f55f7","b6048fe5a9145f64d47e32d5df72435c","eedae0ee27c545032905b17ea9a2007c","54701f5f079bcb077976c7b53a0c2386",2,"fd3f05a163222901d4176ce041c7cbd2"
"optimized-backends-record-20260731","ci_pad_right","layout","stringi","stringi","main","36f5c8d","stringi",4,5,0.099,99,100000,"medium","character",20260721,"32930d4bafb9d6f4ee7b61840dbeb01a","stringi","74.1","bundle","R version 4.6.1 (2026-06-24)","/home/ted/R/x86_64-pc-linux-gnu-library/4.6/charr","3d947f3df10c63e20fffc0e4ef7f55f7","b6048fe5a9145f64d47e32d5df72435c","eedae0ee27c545032905b17ea9a2007c","54701f5f079bcb077976c7b53a0c2386",2,"c1ab2344fda0c7ff167883d2fcb4c64e"
"optimized-backends-record-20260731","ci_pad_right","layout","base","Main base","main","36f5c8d","base",4,5,0.052,52,100000,"medium","character",20260721,"32930d4bafb9d6f4ee7b61840dbeb01a","charr","78.2","system","R version 4.6.1 (2026-06-24)","/home/ted/R/x86_64-pc-linux-gnu-library/4.6/charr","3d947f3df10c63e20fffc0e4ef7f55f7","b6048fe5a9145f64d47e32d5df72435c","eedae0ee27c545032905b17ea9a2007c","54701f5f079bcb077976c7b53a0c2386",2,"c1ab2344fda0c7ff167883d2fcb4c64e"
"optimized-backends-record-20260731","ci_pad_right","layout","altrep","Main ALTREP","main","36f5c8d","altrep",4,5,0.02,20,100000,"medium","charvec",20260721,"32930d4bafb9d6f4ee7b61840dbeb01a","charr","78.2","system","R version 4.6.1 (2026-06-24)","/home/ted/R/x86_64-pc-linux-gnu-library/4.6/charr","3d947f3df10c63e20fffc0e4ef7f55f7","b6048fe5a9145f64d47e32d5df72435c","eedae0ee27c545032905b17ea9a2007c","54701f5f079bcb077976c7b53a0c2386",2,"fd3f05a163222901d4176ce041c7cbd2"
"optimized-backends-record-20260731","ci_pad_right","layout","stringi","stringi","main","36f5c8d","stringi",5,5,0.098,98,100000,"medium","character",20260721,"32930d4bafb9d6f4ee7b61840dbeb01a","stringi","74.1","bundle","R version 4.6.1 (2026-06-24)","/home/ted/R/x86_64-pc-linux-gnu-library/4.6/charr","3d947f3df10c63e20fffc0e4ef7f55f7","b6048fe5a9145f64d47e32d5df72435c","eedae0ee27c545032905b17ea9a2007c","54701f5f079bcb077976c7b53a0c2386",2,"c1ab2344fda0c7ff167883d2fcb4c64e"
"optimized-backends-record-20260731","ci_pad_right","layout","base","Main base","main","36f5c8d","base",5,5,0.052,52,100000,"medium","character",20260721,"32930d4bafb9d6f4ee7b61840dbeb01a","charr","78.2","system","R version 4.6.1 (2026-06-24)","/home/ted/R/x86_64-pc-linux-gnu-library/4.6/charr","3d947f3df10c63e20fffc0e4ef7f55f7","b6048fe5a9145f64d47e32d5df72435c","eedae0ee27c545032905b17ea9a2007c","54701f5f079bcb077976c7b53a0c2386",2,"c1ab2344fda0c7ff167883d2fcb4c64e"
"optimized-backends-record-20260731","ci_pad_right","layout","altrep","Main ALTREP","main","36f5c8d","altrep",5,5,0.02,20,100000,"medium","charvec",20260721,"32930d4bafb9d6f4ee7b61840dbeb01a","charr","78.2","system","R version 4.6.1 (2026-06-24)","/home/ted/R/x86_64-pc-linux-gnu-library/4.6/charr","3d947f3df10c63e20fffc0e4ef7f55f7","b6048fe5a9145f64d47e32d5df72435c","eedae0ee27c545032905b17ea9a2007c","54701f5f079bcb077976c7b53a0c2386",2,"fd3f05a163222901d4176ce041c7cbd2"
"optimized-backends-record-20260731","ci_pad_both","layout","stringi","stringi","main","36f5c8d","stringi",1,5,0.099,99,100000,"medium","character",20260721,"32930d4bafb9d6f4ee7b61840dbeb01a","stringi","74.1","bundle","R version 4.6.1 (2026-06-24)","/home/ted/R/x86_64-pc-linux-gnu-library/4.6/charr","3d947f3df10c63e20fffc0e4ef7f55f7","b6048fe5a9145f64d47e32d5df72435c","eedae0ee27c545032905b17ea9a2007c","54701f5f079bcb077976c7b53a0c2386",2,"c1ab2344fda0c7ff167883d2fcb4c64e"
"optimized-backends-record-20260731","ci_pad_both","layout","base","Main base","main","36f5c8d","base",1,5,0.053,53,100000,"medium","character",20260721,"32930d4bafb9d6f4ee7b61840dbeb01a","charr","78.2","system","R version 4.6.1 (2026-06-24)","/home/ted/R/x86_64-pc-linux-gnu-library/4.6/charr","3d947f3df10c63e20fffc0e4ef7f55f7","b6048fe5a9145f64d47e32d5df72435c","eedae0ee27c545032905b17ea9a2007c","54701f5f079bcb077976c7b53a0c2386",2,"c1ab2344fda0c7ff167883d2fcb4c64e"
"optimized-backends-record-20260731","ci_pad_both","layout","altrep","Main ALTREP","main","36f5c8d","altrep",1,5,0.02,20,100000,"medium","charvec",20260721,"32930d4bafb9d6f4ee7b61840dbeb01a","charr","78.2","system","R version 4.6.1 (2026-06-24)","/home/ted/R/x86_64-pc-linux-gnu-library/4.6/charr","3d947f3df10c63e20fffc0e4ef7f55f7","b6048fe5a9145f64d47e32d5df72435c","eedae0ee27c545032905b17ea9a2007c","54701f5f079bcb077976c7b53a0c2386",2,"fd3f05a163222901d4176ce041c7cbd2"
"optimized-backends-record-20260731","ci_pad_both","layout","stringi","stringi","main","36f5c8d","stringi",2,5,0.099,99,100000,"medium","character",20260721,"32930d4bafb9d6f4ee7b61840dbeb01a","stringi","74.1","bundle","R version 4.6.1 (2026-06-24)","/home/ted/R/x86_64-pc-linux-gnu-library/4.6/charr","3d947f3df10c63e20fffc0e4ef7f55f7","b6048fe5a9145f64d47e32d5df72435c","eedae0ee27c545032905b17ea9a2007c","54701f5f079bcb077976c7b53a0c2386",2,"c1ab2344fda0c7ff167883d2fcb4c64e"
"optimized-backends-record-20260731","ci_pad_both","layout","base","Main base","main","36f5c8d","base",2,5,0.054,54,100000,"medium","character",20260721,"32930d4bafb9d6f4ee7b61840dbeb01a","charr","78.2","system","R version 4.6.1 (2026-06-24)","/home/ted/R/x86_64-pc-linux-gnu-library/4.6/charr","3d947f3df10c63e20fffc0e4ef7f55f7","b6048fe5a9145f64d47e32d5df72435c","eedae0ee27c545032905b17ea9a2007c","54701f5f079bcb077976c7b53a0c2386",2,"c1ab2344fda0c7ff167883d2fcb4c64e"
"optimized-backends-record-20260731","ci_pad_both","layout","altrep","Main ALTREP","main","36f5c8d","altrep",2,5,0.02,20,100000,"medium","charvec",20260721,"32930d4bafb9d6f4ee7b61840dbeb01a","charr","78.2","system","R version 4.6.1 (2026-06-24)","/home/ted/R/x86_64-pc-linux-gnu-library/4.6/charr","3d947f3df10c63e20fffc0e4ef7f55f7","b6048fe5a9145f64d47e32d5df72435c","eedae0ee27c545032905b17ea9a2007c","54701f5f079bcb077976c7b53a0c2386",2,"fd3f05a163222901d4176ce041c7cbd2"
"optimized-backends-record-20260731","ci_pad_both","layout","stringi","stringi","main","36f5c8d","stringi",3,5,0.102,102,100000,"medium","character",20260721,"32930d4bafb9d6f4ee7b61840dbeb01a","stringi","74.1","bundle","R version 4.6.1 (2026-06-24)","/home/ted/R/x86_64-pc-linux-gnu-library/4.6/charr","3d947f3df10c63e20fffc0e4ef7f55f7","b6048fe5a9145f64d47e32d5df72435c","eedae0ee27c545032905b17ea9a2007c","54701f5f079bcb077976c7b53a0c2386",2,"c1ab2344fda0c7ff167883d2fcb4c64e"
"optimized-backends-record-20260731","ci_pad_both","layout","base","Main base","main","36f5c8d","base",3,5,0.052,52,100000,"medium","character",20260721,"32930d4bafb9d6f4ee7b61840dbeb01a","charr","78.2","system","R version 4.6.1 (2026-06-24)","/home/ted/R/x86_64-pc-linux-gnu-library/4.6/charr","3d947f3df10c63e20fffc0e4ef7f55f7","b6048fe5a9145f64d47e32d5df72435c","eedae0ee27c545032905b17ea9a2007c","54701f5f079bcb077976c7b53a0c2386",2,"c1ab2344fda0c7ff167883d2fcb4c64e"
"optimized-backends-record-20260731","ci_pad_both","layout","altrep","Main ALTREP","main","36f5c8d","altrep",3,5,0.02,20,100000,"medium","charvec",20260721,"32930d4bafb9d6f4ee7b61840dbeb01a","charr","78.2","system","R version 4.6.1 (2026-06-24)","/home/ted/R/x86_64-pc-linux-gnu-library/4.6/charr","3d947f3df10c63e20fffc0e4ef7f55f7","b6048fe5a9145f64d47e32d5df72435c","eedae0ee27c545032905b17ea9a2007c","54701f5f079bcb077976c7b53a0c2386",2,"fd3f05a163222901d4176ce041c7cbd2"
"optimized-backends-record-20260731","ci_pad_both","layout","stringi","stringi","main","36f5c8d","stringi",4,5,0.1,100,100000,"medium","character",20260721,"32930d4bafb9d6f4ee7b61840dbeb01a","stringi","74.1","bundle","R version 4.6.1 (2026-06-24)","/home/ted/R/x86_64-pc-linux-gnu-library/4.6/charr","3d947f3df10c63e20fffc0e4ef7f55f7","b6048fe5a9145f64d47e32d5df72435c","eedae0ee27c545032905b17ea9a2007c","54701f5f079bcb077976c7b53a0c2386",2,"c1ab2344fda0c7ff167883d2fcb4c64e"
"optimized-backends-record-20260731","ci_pad_both","layout","base","Main base","main","36f5c8d","base",4,5,0.053,53,100000,"medium","character",20260721,"32930d4bafb9d6f4ee7b61840dbeb01a","charr","78.2","system","R version 4.6.1 (2026-06-24)","/home/ted/R/x86_64-pc-linux-gnu-library/4.6/charr","3d947f3df10c63e20fffc0e4ef7f55f7","b6048fe5a9145f64d47e32d5df72435c","eedae0ee27c545032905b17ea9a2007c","54701f5f079bcb077976c7b53a0c2386",2,"c1ab2344fda0c7ff167883d2fcb4c64e"
"optimized-backends-record-20260731","ci_pad_both","layout","altrep","Main ALTREP","main","36f5c8d","altrep",4,5,0.021,21,100000,"medium","charvec",20260721,"32930d4bafb9d6f4ee7b61840dbeb01a","charr","78.2","system","R version 4.6.1 (2026-06-24)","/home/ted/R/x86_64-pc-linux-gnu-library/4.6/charr","3d947f3df10c63e20fffc0e4ef7f55f7","b6048fe5a9145f64d47e32d5df72435c","eedae0ee27c545032905b17ea9a2007c","54701f5f079bcb077976c7b53a0c2386",2,"fd3f05a163222901d4176ce041c7cbd2"
"optimized-backends-record-20260731","ci_pad_both","layout","stringi","stringi","main","36f5c8d","stringi",5,5,0.1,100,100000,"medium","character",20260721,"32930d4bafb9d6f4ee7b61840dbeb01a","stringi","74.1","bundle","R version 4.6.1 (2026-06-24)","/home/ted/R/x86_64-pc-linux-gnu-library/4.6/charr","3d947f3df10c63e20fffc0e4ef7f55f7","b6048fe5a9145f64d47e32d5df72435c","eedae0ee27c545032905b17ea9a2007c","54701f5f079bcb077976c7b53a0c2386",2,"c1ab2344fda0c7ff167883d2fcb4c64e"
"optimized-backends-record-20260731","ci_pad_both","layout","base","Main base","main","36f5c8d","base",5,5,0.053,53,100000,"medium","character",20260721,"32930d4bafb9d6f4ee7b61840dbeb01a","charr","78.2","system","R version 4.6.1 (2026-06-24)","/home/ted/R/x86_64-pc-linux-gnu-library/4.6/charr","3d947f3df10c63e20fffc0e4ef7f55f7","b6048fe5a9145f64d47e32d5df72435c","eedae0ee27c545032905b17ea9a2007c","54701f5f079bcb077976c7b53a0c2386",2,"c1ab2344fda0c7ff167883d2fcb4c64e"
"optimized-backends-record-20260731","ci_pad_both","layout","altrep","Main ALTREP","main","36f5c8d","altrep",5,5,0.02,20,100000,"medium","charvec",20260721,"32930d4bafb9d6f4ee7b61840dbeb01a","charr","78.2","system","R version 4.6.1 (2026-06-24)","/home/ted/R/x86_64-pc-linux-gnu-library/4.6/charr","3d947f3df10c63e20fffc0e4ef7f55f7","b6048fe5a9145f64d47e32d5df72435c","eedae0ee27c545032905b17ea9a2007c","54701f5f079bcb077976c7b53a0c2386",2,"fd3f05a163222901d4176ce041c7cbd2"
"optimized-backends-record-20260731","ci_width","layout","stringi","stringi","main","36f5c8d","stringi",1,5,0.059,59,100000,"medium","character",20260721,"32930d4bafb9d6f4ee7b61840dbeb01a","stringi","74.1","bundle","R version 4.6.1 (2026-06-24)","/home/ted/R/x86_64-pc-linux-gnu-library/4.6/charr","3d947f3df10c63e20fffc0e4ef7f55f7","b6048fe5a9145f64d47e32d5df72435c","eedae0ee27c545032905b17ea9a2007c","54701f5f079bcb077976c7b53a0c2386",2,"c1ab2344fda0c7ff167883d2fcb4c64e"
"optimized-backends-record-20260731","ci_width","layout","base","Main base","main","36f5c8d","base",1,5,0.018,18,100000,"medium","character",20260721,"32930d4bafb9d6f4ee7b61840dbeb01a","charr","78.2","system","R version 4.6.1 (2026-06-24)","/home/ted/R/x86_64-pc-linux-gnu-library/4.6/charr","3d947f3df10c63e20fffc0e4ef7f55f7","b6048fe5a9145f64d47e32d5df72435c","eedae0ee27c545032905b17ea9a2007c","54701f5f079bcb077976c7b53a0c2386",2,"c1ab2344fda0c7ff167883d2fcb4c64e"
"optimized-backends-record-20260731","ci_width","layout","altrep","Main ALTREP","main","36f5c8d","altrep",1,5,0.016,16,100000,"medium","charvec",20260721,"32930d4bafb9d6f4ee7b61840dbeb01a","charr","78.2","system","R version 4.6.1 (2026-06-24)","/home/ted/R/x86_64-pc-linux-gnu-library/4.6/charr","3d947f3df10c63e20fffc0e4ef7f55f7","b6048fe5a9145f64d47e32d5df72435c","eedae0ee27c545032905b17ea9a2007c","54701f5f079bcb077976c7b53a0c2386",2,"fd3f05a163222901d4176ce041c7cbd2"
"optimized-backends-record-20260731","ci_width","layout","stringi","stringi","main","36f5c8d","stringi",2,5,0.06,60,100000,"medium","character",20260721,"32930d4bafb9d6f4ee7b61840dbeb01a","stringi","74.1","bundle","R version 4.6.1 (2026-06-24)","/home/ted/R/x86_64-pc-linux-gnu-library/4.6/charr","3d947f3df10c63e20fffc0e4ef7f55f7","b6048fe5a9145f64d47e32d5df72435c","eedae0ee27c545032905b17ea9a2007c","54701f5f079bcb077976c7b53a0c2386",2,"c1ab2344fda0c7ff167883d2fcb4c64e"
"optimized-backends-record-20260731","ci_width","layout","base","Main base","main","36f5c8d","base",2,5,0.017,17,100000,"medium","character",20260721,"32930d4bafb9d6f4ee7b61840dbeb01a","charr","78.2","system","R version 4.6.1 (2026-06-24)","/home/ted/R/x86_64-pc-linux-gnu-library/4.6/charr","3d947f3df10c63e20fffc0e4ef7f55f7","b6048fe5a9145f64d47e32d5df72435c","eedae0ee27c545032905b17ea9a2007c","54701f5f079bcb077976c7b53a0c2386",2,"c1ab2344fda0c7ff167883d2fcb4c64e"
"optimized-backends-record-20260731","ci_width","layout","altrep","Main ALTREP","main","36f5c8d","altrep",2,5,0.016,16,100000,"medium","charvec",20260721,"32930d4bafb9d6f4ee7b61840dbeb01a","charr","78.2","system","R version 4.6.1 (2026-06-24)","/home/ted/R/x86_64-pc-linux-gnu-library/4.6/charr","3d947f3df10c63e20fffc0e4ef7f55f7","b6048fe5a9145f64d47e32d5df72435c","eedae0ee27c545032905b17ea9a2007c","54701f5f079bcb077976c7b53a0c2386",2,"fd3f05a163222901d4176ce041c7cbd2"
"optimized-backends-record-20260731","ci_width","layout","stringi","stringi","main","36f5c8d","stringi",3,5,0.06,60,100000,"medium","character",20260721,"32930d4bafb9d6f4ee7b61840dbeb01a","stringi","74.1","bundle","R version 4.6.1 (2026-06-24)","/home/ted/R/x86_64-pc-linux-gnu-library/4.6/charr","3d947f3df10c63e20fffc0e4ef7f55f7","b6048fe5a9145f64d47e32d5df72435c","eedae0ee27c545032905b17ea9a2007c","54701f5f079bcb077976c7b53a0c2386",2,"c1ab2344fda0c7ff167883d2fcb4c64e"
"optimized-backends-record-20260731","ci_width","layout","base","Main base","main","36f5c8d","base",3,5,0.017,17,100000,"medium","character",20260721,"32930d4bafb9d6f4ee7b61840dbeb01a","charr","78.2","system","R version 4.6.1 (2026-06-24)","/home/ted/R/x86_64-pc-linux-gnu-library/4.6/charr","3d947f3df10c63e20fffc0e4ef7f55f7","b6048fe5a9145f64d47e32d5df72435c","eedae0ee27c545032905b17ea9a2007c","54701f5f079bcb077976c7b53a0c2386",2,"c1ab2344fda0c7ff167883d2fcb4c64e"
"optimized-backends-record-20260731","ci_width","layout","altrep","Main ALTREP","main","36f5c8d","altrep",3,5,0.016,16,100000,"medium","charvec",20260721,"32930d4bafb9d6f4ee7b61840dbeb01a","charr","78.2","system","R version 4.6.1 (2026-06-24)","/home/ted/R/x86_64-pc-linux-gnu-library/4.6/charr","3d947f3df10c63e20fffc0e4ef7f55f7","b6048fe5a9145f64d47e32d5df72435c","eedae0ee27c545032905b17ea9a2007c","54701f5f079bcb077976c7b53a0c2386",2,"fd3f05a163222901d4176ce041c7cbd2"
"optimized-backends-record-20260731","ci_width","layout","stringi","stringi","main","36f5c8d","stringi",4,5,0.059,59,100000,"medium","character",20260721,"32930d4bafb9d6f4ee7b61840dbeb01a","stringi","74.1","bundle","R version 4.6.1 (2026-06-24)","/home/ted/R/x86_64-pc-linux-gnu-library/4.6/charr","3d947f3df10c63e20fffc0e4ef7f55f7","b6048fe5a9145f64d47e32d5df72435c","eedae0ee27c545032905b17ea9a2007c","54701f5f079bcb077976c7b53a0c2386",2,"c1ab2344fda0c7ff167883d2fcb4c64e"
"optimized-backends-record-20260731","ci_width","layout","base","Main base","main","36f5c8d","base",4,5,0.017,17,100000,"medium","character",20260721,"32930d4bafb9d6f4ee7b61840dbeb01a","charr","78.2","system","R version 4.6.1 (2026-06-24)","/home/ted/R/x86_64-pc-linux-gnu-library/4.6/charr","3d947f3df10c63e20fffc0e4ef7f55f7","b6048fe5a9145f64d47e32d5df72435c","eedae0ee27c545032905b17ea9a2007c","54701f5f079bcb077976c7b53a0c2386",2,"c1ab2344fda0c7ff167883d2fcb4c64e"
"optimized-backends-record-20260731","ci_width","layout","altrep","Main ALTREP","main","36f5c8d","altrep",4,5,0.016,16,100000,"medium","charvec",20260721,"32930d4bafb9d6f4ee7b61840dbeb01a","charr","78.2","system","R version 4.6.1 (2026-06-24)","/home/ted/R/x86_64-pc-linux-gnu-library/4.6/charr","3d947f3df10c63e20fffc0e4ef7f55f7","b6048fe5a9145f64d47e32d5df72435c","eedae0ee27c545032905b17ea9a2007c","54701f5f079bcb077976c7b53a0c2386",2,"fd3f05a163222901d4176ce041c7cbd2"
"optimized-backends-record-20260731","ci_width","layout","stringi","stringi","main","36f5c8d","stringi",5,5,0.06,60,100000,"medium","character",20260721,"32930d4bafb9d6f4ee7b61840dbeb01a","stringi","74.1","bundle","R version 4.6.1 (2026-06-24)","/home/ted/R/x86_64-pc-linux-gnu-library/4.6/charr","3d947f3df10c63e20fffc0e4ef7f55f7","b6048fe5a9145f64d47e32d5df72435c","eedae0ee27c545032905b17ea9a2007c","54701f5f079bcb077976c7b53a0c2386",2,"c1ab2344fda0c7ff167883d2fcb4c64e"
"optimized-backends-record-20260731","ci_width","layout","base","Main base","main","36f5c8d","base",5,5,0.017,17,100000,"medium","character",20260721,"32930d4bafb9d6f4ee7b61840dbeb01a","charr","78.2","system","R version 4.6.1 (2026-06-24)","/home/ted/R/x86_64-pc-linux-gnu-library/4.6/charr","3d947f3df10c63e20fffc0e4ef7f55f7","b6048fe5a9145f64d47e32d5df72435c","eedae0ee27c545032905b17ea9a2007c","54701f5f079bcb077976c7b53a0c2386",2,"c1ab2344fda0c7ff167883d2fcb4c64e"
"optimized-backends-record-20260731","ci_width","layout","altrep","Main ALTREP","main","36f5c8d","altrep",5,5,0.016,16,100000,"medium","charvec",20260721,"32930d4bafb9d6f4ee7b61840dbeb01a","charr","78.2","system","R version 4.6.1 (2026-06-24)","/home/ted/R/x86_64-pc-linux-gnu-library/4.6/charr","3d947f3df10c63e20fffc0e4ef7f55f7","b6048fe5a9145f64d47e32d5df72435c","eedae0ee27c545032905b17ea9a2007c","54701f5f079bcb077976c7b53a0c2386",2,"fd3f05a163222901d4176ce041c7cbd2"
"optimized-backends-record-20260731","ci_escape_unicode","encoding-files","stringi","stringi","main","36f5c8d","stringi",1,5,0.073,73,100000,"medium","character",20260721,"32930d4bafb9d6f4ee7b61840dbeb01a","stringi","74.1","bundle","R version 4.6.1 (2026-06-24)","/home/ted/R/x86_64-pc-linux-gnu-library/4.6/charr","3d947f3df10c63e20fffc0e4ef7f55f7","b6048fe5a9145f64d47e32d5df72435c","eedae0ee27c545032905b17ea9a2007c","54701f5f079bcb077976c7b53a0c2386",2,"c1ab2344fda0c7ff167883d2fcb4c64e"
"optimized-backends-record-20260731","ci_escape_unicode","encoding-files","base","Main base","main","36f5c8d","base",1,5,0.061,61,100000,"medium","character",20260721,"32930d4bafb9d6f4ee7b61840dbeb01a","charr","78.2","system","R version 4.6.1 (2026-06-24)","/home/ted/R/x86_64-pc-linux-gnu-library/4.6/charr","3d947f3df10c63e20fffc0e4ef7f55f7","b6048fe5a9145f64d47e32d5df72435c","eedae0ee27c545032905b17ea9a2007c","54701f5f079bcb077976c7b53a0c2386",2,"c1ab2344fda0c7ff167883d2fcb4c64e"
"optimized-backends-record-20260731","ci_escape_unicode","encoding-files","altrep","Main ALTREP","main","36f5c8d","altrep",1,5,0.031,31,100000,"medium","charvec",20260721,"32930d4bafb9d6f4ee7b61840dbeb01a","charr","78.2","system","R version 4.6.1 (2026-06-24)","/home/ted/R/x86_64-pc-linux-gnu-library/4.6/charr","3d947f3df10c63e20fffc0e4ef7f55f7","b6048fe5a9145f64d47e32d5df72435c","eedae0ee27c545032905b17ea9a2007c","54701f5f079bcb077976c7b53a0c2386",2,"fd3f05a163222901d4176ce041c7cbd2"
"optimized-backends-record-20260731","ci_escape_unicode","encoding-files","stringi","stringi","main","36f5c8d","stringi",2,5,0.073,73,100000,"medium","character",20260721,"32930d4bafb9d6f4ee7b61840dbeb01a","stringi","74.1","bundle","R version 4.6.1 (2026-06-24)","/home/ted/R/x86_64-pc-linux-gnu-library/4.6/charr","3d947f3df10c63e20fffc0e4ef7f55f7","b6048fe5a9145f64d47e32d5df72435c","eedae0ee27c545032905b17ea9a2007c","54701f5f079bcb077976c7b53a0c2386",2,"c1ab2344fda0c7ff167883d2fcb4c64e"
"optimized-backends-record-20260731","ci_escape_unicode","encoding-files","base","Main base","main","36f5c8d","base",2,5,0.06,60,100000,"medium","character",20260721,"32930d4bafb9d6f4ee7b61840dbeb01a","charr","78.2","system","R version 4.6.1 (2026-06-24)","/home/ted/R/x86_64-pc-linux-gnu-library/4.6/charr","3d947f3df10c63e20fffc0e4ef7f55f7","b6048fe5a9145f64d47e32d5df72435c","eedae0ee27c545032905b17ea9a2007c","54701f5f079bcb077976c7b53a0c2386",2,"c1ab2344fda0c7ff167883d2fcb4c64e"
"optimized-backends-record-20260731","ci_escape_unicode","encoding-files","altrep","Main ALTREP","main","36f5c8d","altrep",2,5,0.031,31,100000,"medium","charvec",20260721,"32930d4bafb9d6f4ee7b61840dbeb01a","charr","78.2","system","R version 4.6.1 (2026-06-24)","/home/ted/R/x86_64-pc-linux-gnu-library/4.6/charr","3d947f3df10c63e20fffc0e4ef7f55f7","b6048fe5a9145f64d47e32d5df72435c","eedae0ee27c545032905b17ea9a2007c","54701f5f079bcb077976c7b53a0c2386",2,"fd3f05a163222901d4176ce041c7cbd2"
"optimized-backends-record-20260731","ci_escape_unicode","encoding-files","stringi","stringi","main","36f5c8d","stringi",3,5,0.073,73,100000,"medium","character",20260721,"32930d4bafb9d6f4ee7b61840dbeb01a","stringi","74.1","bundle","R version 4.6.1 (2026-06-24)","/home/ted/R/x86_64-pc-linux-gnu-library/4.6/charr","3d947f3df10c63e20fffc0e4ef7f55f7","b6048fe5a9145f64d47e32d5df72435c","eedae0ee27c545032905b17ea9a2007c","54701f5f079bcb077976c7b53a0c2386",2,"c1ab2344fda0c7ff167883d2fcb4c64e"
"optimized-backends-record-20260731","ci_escape_unicode","encoding-files","base","Main base","main","36f5c8d","base",3,5,0.06,60,100000,"medium","character",20260721,"32930d4bafb9d6f4ee7b61840dbeb01a","charr","78.2","system","R version 4.6.1 (2026-06-24)","/home/ted/R/x86_64-pc-linux-gnu-library/4.6/charr","3d947f3df10c63e20fffc0e4ef7f55f7","b6048fe5a9145f64d47e32d5df72435c","eedae0ee27c545032905b17ea9a2007c","54701f5f079bcb077976c7b53a0c2386",2,"c1ab2344fda0c7ff167883d2fcb4c64e"
"optimized-backends-record-20260731","ci_escape_unicode","encoding-files","altrep","Main ALTREP","main","36f5c8d","altrep",3,5,0.031,31,100000,"medium","charvec",20260721,"32930d4bafb9d6f4ee7b61840dbeb01a","charr","78.2","system","R version 4.6.1 (2026-06-24)","/home/ted/R/x86_64-pc-linux-gnu-library/4.6/charr","3d947f3df10c63e20fffc0e4ef7f55f7","b6048fe5a9145f64d47e32d5df72435c","eedae0ee27c545032905b17ea9a2007c","54701f5f079bcb077976c7b53a0c2386",2,"fd3f05a163222901d4176ce041c7cbd2"
"optimized-backends-record-20260731","ci_escape_unicode","encoding-files","stringi","stringi","main","36f5c8d","stringi",4,5,0.073,73,100000,"medium","character",20260721,"32930d4bafb9d6f4ee7b61840dbeb01a","stringi","74.1","bundle","R version 4.6.1 (2026-06-24)","/home/ted/R/x86_64-pc-linux-gnu-library/4.6/charr","3d947f3df10c63e20fffc0e4ef7f55f7","b6048fe5a9145f64d47e32d5df72435c","eedae0ee27c545032905b17ea9a2007c","54701f5f079bcb077976c7b53a0c2386",2,"c1ab2344fda0c7ff167883d2fcb4c64e"
"optimized-backends-record-20260731","ci_escape_unicode","encoding-files","base","Main base","main","36f5c8d","base",4,5,0.061,61,100000,"medium","character",20260721,"32930d4bafb9d6f4ee7b61840dbeb01a","charr","78.2","system","R version 4.6.1 (2026-06-24)","/home/ted/R/x86_64-pc-linux-gnu-library/4.6/charr","3d947f3df10c63e20fffc0e4ef7f55f7","b6048fe5a9145f64d47e32d5df72435c","eedae0ee27c545032905b17ea9a2007c","54701f5f079bcb077976c7b53a0c2386",2,"c1ab2344fda0c7ff167883d2fcb4c64e"
"optimized-backends-record-20260731","ci_escape_unicode","encoding-files","altrep","Main ALTREP","main","36f5c8d","altrep",4,5,0.031,31,100000,"medium","charvec",20260721,"32930d4bafb9d6f4ee7b61840dbeb01a","charr","78.2","system","R version 4.6.1 (2026-06-24)","/home/ted/R/x86_64-pc-linux-gnu-library/4.6/charr","3d947f3df10c63e20fffc0e4ef7f55f7","b6048fe5a9145f64d47e32d5df72435c","eedae0ee27c545032905b17ea9a2007c","54701f5f079bcb077976c7b53a0c2386",2,"fd3f05a163222901d4176ce041c7cbd2"
"optimized-backends-record-20260731","ci_escape_unicode","encoding-files","stringi","stringi","main","36f5c8d","stringi",5,5,0.075,75,100000,"medium","character",20260721,"32930d4bafb9d6f4ee7b61840dbeb01a","stringi","74.1","bundle","R version 4.6.1 (2026-06-24)","/home/ted/R/x86_64-pc-linux-gnu-library/4.6/charr","3d947f3df10c63e20fffc0e4ef7f55f7","b6048fe5a9145f64d47e32d5df72435c","eedae0ee27c545032905b17ea9a2007c","54701f5f079bcb077976c7b53a0c2386",2,"c1ab2344fda0c7ff167883d2fcb4c64e"
"optimized-backends-record-20260731","ci_escape_unicode","encoding-files","base","Main base","main","36f5c8d","base",5,5,0.06,60,100000,"medium","character",20260721,"32930d4bafb9d6f4ee7b61840dbeb01a","charr","78.2","system","R version 4.6.1 (2026-06-24)","/home/ted/R/x86_64-pc-linux-gnu-library/4.6/charr","3d947f3df10c63e20fffc0e4ef7f55f7","b6048fe5a9145f64d47e32d5df72435c","eedae0ee27c545032905b17ea9a2007c","54701f5f079bcb077976c7b53a0c2386",2,"c1ab2344fda0c7ff167883d2fcb4c64e"
"optimized-backends-record-20260731","ci_escape_unicode","encoding-files","altrep","Main ALTREP","main","36f5c8d","altrep",5,5,0.031,31,100000,"medium","charvec",20260721,"32930d4bafb9d6f4ee7b61840dbeb01a","charr","78.2","system","R version 4.6.1 (2026-06-24)","/home/ted/R/x86_64-pc-linux-gnu-library/4.6/charr","3d947f3df10c63e20fffc0e4ef7f55f7","b6048fe5a9145f64d47e32d5df72435c","eedae0ee27c545032905b17ea9a2007c","54701f5f079bcb077976c7b53a0c2386",2,"fd3f05a163222901d4176ce041c7cbd2"
"optimized-backends-record-20260731","ci_conv","encoding-files","stringi","stringi","main","36f5c8d","stringi",1,5,0.036,36,100000,"medium","character",20260721,"32930d4bafb9d6f4ee7b61840dbeb01a","stringi","74.1","bundle","R version 4.6.1 (2026-06-24)","/home/ted/R/x86_64-pc-linux-gnu-library/4.6/charr","3d947f3df10c63e20fffc0e4ef7f55f7","b6048fe5a9145f64d47e32d5df72435c","eedae0ee27c545032905b17ea9a2007c","54701f5f079bcb077976c7b53a0c2386",2,"c1ab2344fda0c7ff167883d2fcb4c64e"
"optimized-backends-record-20260731","ci_conv","encoding-files","base","Main base","main","36f5c8d","base",1,5,0.035,35,100000,"medium","character",20260721,"32930d4bafb9d6f4ee7b61840dbeb01a","charr","78.2","system","R version 4.6.1 (2026-06-24)","/home/ted/R/x86_64-pc-linux-gnu-library/4.6/charr","3d947f3df10c63e20fffc0e4ef7f55f7","b6048fe5a9145f64d47e32d5df72435c","eedae0ee27c545032905b17ea9a2007c","54701f5f079bcb077976c7b53a0c2386",2,"c1ab2344fda0c7ff167883d2fcb4c64e"
"optimized-backends-record-20260731","ci_conv","encoding-files","altrep","Main ALTREP","main","36f5c8d","altrep",1,5,0.016,16,100000,"medium","charvec",20260721,"32930d4bafb9d6f4ee7b61840dbeb01a","charr","78.2","system","R version 4.6.1 (2026-06-24)","/home/ted/R/x86_64-pc-linux-gnu-library/4.6/charr","3d947f3df10c63e20fffc0e4ef7f55f7","b6048fe5a9145f64d47e32d5df72435c","eedae0ee27c545032905b17ea9a2007c","54701f5f079bcb077976c7b53a0c2386",2,"fd3f05a163222901d4176ce041c7cbd2"
"optimized-backends-record-20260731","ci_conv","encoding-files","stringi","stringi","main","36f5c8d","stringi",2,5,0.036,36,100000,"medium","character",20260721,"32930d4bafb9d6f4ee7b61840dbeb01a","stringi","74.1","bundle","R version 4.6.1 (2026-06-24)","/home/ted/R/x86_64-pc-linux-gnu-library/4.6/charr","3d947f3df10c63e20fffc0e4ef7f55f7","b6048fe5a9145f64d47e32d5df72435c","eedae0ee27c545032905b17ea9a2007c","54701f5f079bcb077976c7b53a0c2386",2,"c1ab2344fda0c7ff167883d2fcb4c64e"
"optimized-backends-record-20260731","ci_conv","encoding-files","base","Main base","main","36f5c8d","base",2,5,0.035,35,100000,"medium","character",20260721,"32930d4bafb9d6f4ee7b61840dbeb01a","charr","78.2","system","R version 4.6.1 (2026-06-24)","/home/ted/R/x86_64-pc-linux-gnu-library/4.6/charr","3d947f3df10c63e20fffc0e4ef7f55f7","b6048fe5a9145f64d47e32d5df72435c","eedae0ee27c545032905b17ea9a2007c","54701f5f079bcb077976c7b53a0c2386",2,"c1ab2344fda0c7ff167883d2fcb4c64e"
"optimized-backends-record-20260731","ci_conv","encoding-files","altrep","Main ALTREP","main","36f5c8d","altrep",2,5,0.016,16,100000,"medium","charvec",20260721,"32930d4bafb9d6f4ee7b61840dbeb01a","charr","78.2","system","R version 4.6.1 (2026-06-24)","/home/ted/R/x86_64-pc-linux-gnu-library/4.6/charr","3d947f3df10c63e20fffc0e4ef7f55f7","b6048fe5a9145f64d47e32d5df72435c","eedae0ee27c545032905b17ea9a2007c","54701f5f079bcb077976c7b53a0c2386",2,"fd3f05a163222901d4176ce041c7cbd2"
"optimized-backends-record-20260731","ci_conv","encoding-files","stringi","stringi","main","36f5c8d","stringi",3,5,0.036,36,100000,"medium","character",20260721,"32930d4bafb9d6f4ee7b61840dbeb01a","stringi","74.1","bundle","R version 4.6.1 (2026-06-24)","/home/ted/R/x86_64-pc-linux-gnu-library/4.6/charr","3d947f3df10c63e20fffc0e4ef7f55f7","b6048fe5a9145f64d47e32d5df72435c","eedae0ee27c545032905b17ea9a2007c","54701f5f079bcb077976c7b53a0c2386",2,"c1ab2344fda0c7ff167883d2fcb4c64e"
"optimized-backends-record-20260731","ci_conv","encoding-files","base","Main base","main","36f5c8d","base",3,5,0.034,34,100000,"medium","character",20260721,"32930d4bafb9d6f4ee7b61840dbeb01a","charr","78.2","system","R version 4.6.1 (2026-06-24)","/home/ted/R/x86_64-pc-linux-gnu-library/4.6/charr","3d947f3df10c63e20fffc0e4ef7f55f7","b6048fe5a9145f64d47e32d5df72435c","eedae0ee27c545032905b17ea9a2007c","54701f5f079bcb077976c7b53a0c2386",2,"c1ab2344fda0c7ff167883d2fcb4c64e"
"optimized-backends-record-20260731","ci_conv","encoding-files","altrep","Main ALTREP","main","36f5c8d","altrep",3,5,0.016,16,100000,"medium","charvec",20260721,"32930d4bafb9d6f4ee7b61840dbeb01a","charr","78.2","system","R version 4.6.1 (2026-06-24)","/home/ted/R/x86_64-pc-linux-gnu-library/4.6/charr","3d947f3df10c63e20fffc0e4ef7f55f7","b6048fe5a9145f64d47e32d5df72435c","eedae0ee27c545032905b17ea9a2007c","54701f5f079bcb077976c7b53a0c2386",2,"fd3f05a163222901d4176ce041c7cbd2"
"optimized-backends-record-20260731","ci_conv","encoding-files","stringi","stringi","main","36f5c8d","stringi",4,5,0.037,37,100000,"medium","character",20260721,"32930d4bafb9d6f4ee7b61840dbeb01a","stringi","74.1","bundle","R version 4.6.1 (2026-06-24)","/home/ted/R/x86_64-pc-linux-gnu-library/4.6/charr","3d947f3df10c63e20fffc0e4ef7f55f7","b6048fe5a9145f64d47e32d5df72435c","eedae0ee27c545032905b17ea9a2007c","54701f5f079bcb077976c7b53a0c2386",2,"c1ab2344fda0c7ff167883d2fcb4c64e"
"optimized-backends-record-20260731","ci_conv","encoding-files","base","Main base","main","36f5c8d","base",4,5,0.034,34,100000,"medium","character",20260721,"32930d4bafb9d6f4ee7b61840dbeb01a","charr","78.2","system","R version 4.6.1 (2026-06-24)","/home/ted/R/x86_64-pc-linux-gnu-library/4.6/charr","3d947f3df10c63e20fffc0e4ef7f55f7","b6048fe5a9145f64d47e32d5df72435c","eedae0ee27c545032905b17ea9a2007c","54701f5f079bcb077976c7b53a0c2386",2,"c1ab2344fda0c7ff167883d2fcb4c64e"
"optimized-backends-record-20260731","ci_conv","encoding-files","altrep","Main ALTREP","main","36f5c8d","altrep",4,5,0.016,16,100000,"medium","charvec",20260721,"32930d4bafb9d6f4ee7b61840dbeb01a","charr","78.2","system","R version 4.6.1 (2026-06-24)","/home/ted/R/x86_64-pc-linux-gnu-library/4.6/charr","3d947f3df10c63e20fffc0e4ef7f55f7","b6048fe5a9145f64d47e32d5df72435c","eedae0ee27c545032905b17ea9a2007c","54701f5f079bcb077976c7b53a0c2386",2,"fd3f05a163222901d4176ce041c7cbd2"
"optimized-backends-record-20260731","ci_conv","encoding-files","stringi","stringi","main","36f5c8d","stringi",5,5,0.036,36,100000,"medium","character",20260721,"32930d4bafb9d6f4ee7b61840dbeb01a","stringi","74.1","bundle","R version 4.6.1 (2026-06-24)","/home/ted/R/x86_64-pc-linux-gnu-library/4.6/charr","3d947f3df10c63e20fffc0e4ef7f55f7","b6048fe5a9145f64d47e32d5df72435c","eedae0ee27c545032905b17ea9a2007c","54701f5f079bcb077976c7b53a0c2386",2,"c1ab2344fda0c7ff167883d2fcb4c64e"
"optimized-backends-record-20260731","ci_conv","encoding-files","base","Main base","main","36f5c8d","base",5,5,0.034,34,100000,"medium","character",20260721,"32930d4bafb9d6f4ee7b61840dbeb01a","charr","78.2","system","R version 4.6.1 (2026-06-24)","/home/ted/R/x86_64-pc-linux-gnu-library/4.6/charr","3d947f3df10c63e20fffc0e4ef7f55f7","b6048fe5a9145f64d47e32d5df72435c","eedae0ee27c545032905b17ea9a2007c","54701f5f079bcb077976c7b53a0c2386",2,"c1ab2344fda0c7ff167883d2fcb4c64e"
"optimized-backends-record-20260731","ci_conv","encoding-files","altrep","Main ALTREP","main","36f5c8d","altrep",5,5,0.016,16,100000,"medium","charvec",20260721,"32930d4bafb9d6f4ee7b61840dbeb01a","charr","78.2","system","R version 4.6.1 (2026-06-24)","/home/ted/R/x86_64-pc-linux-gnu-library/4.6/charr","3d947f3df10c63e20fffc0e4ef7f55f7","b6048fe5a9145f64d47e32d5df72435c","eedae0ee27c545032905b17ea9a2007c","54701f5f079bcb077976c7b53a0c2386",2,"fd3f05a163222901d4176ce041c7cbd2"
"optimized-backends-record-20260731","ci_read_lines","encoding-files","stringi","stringi","main","36f5c8d","stringi",1,5,1.021,1021,1000000,"fast","file",20260721,"25c716f0d4b3b4e05398094ee12e945f","stringi","74.1","bundle","R version 4.6.1 (2026-06-24)","/home/ted/R/x86_64-pc-linux-gnu-library/4.6/charr","3d947f3df10c63e20fffc0e4ef7f55f7","b6048fe5a9145f64d47e32d5df72435c","eedae0ee27c545032905b17ea9a2007c","54701f5f079bcb077976c7b53a0c2386",2,"e549c43af71954c67b43b1b565be2a42"
"optimized-backends-record-20260731","ci_read_lines","encoding-files","base","Main base","main","36f5c8d","base",1,5,0.798,798,1000000,"fast","file",20260721,"25c716f0d4b3b4e05398094ee12e945f","charr","78.2","system","R version 4.6.1 (2026-06-24)","/home/ted/R/x86_64-pc-linux-gnu-library/4.6/charr","3d947f3df10c63e20fffc0e4ef7f55f7","b6048fe5a9145f64d47e32d5df72435c","eedae0ee27c545032905b17ea9a2007c","54701f5f079bcb077976c7b53a0c2386",2,"e549c43af71954c67b43b1b565be2a42"
"optimized-backends-record-20260731","ci_read_lines","encoding-files","altrep","Main ALTREP","main","36f5c8d","altrep",1,5,0.073,73,1000000,"fast","file",20260721,"25c716f0d4b3b4e05398094ee12e945f","charr","78.2","system","R version 4.6.1 (2026-06-24)","/home/ted/R/x86_64-pc-linux-gnu-library/4.6/charr","3d947f3df10c63e20fffc0e4ef7f55f7","b6048fe5a9145f64d47e32d5df72435c","eedae0ee27c545032905b17ea9a2007c","54701f5f079bcb077976c7b53a0c2386",2,"fc726ee9f66ea138ae03cf9f86fb4d49"
"optimized-backends-record-20260731","ci_read_lines","encoding-files","stringi","stringi","main","36f5c8d","stringi",2,5,1.029,1029,1000000,"fast","file",20260721,"25c716f0d4b3b4e05398094ee12e945f","stringi","74.1","bundle","R version 4.6.1 (2026-06-24)","/home/ted/R/x86_64-pc-linux-gnu-library/4.6/charr","3d947f3df10c63e20fffc0e4ef7f55f7","b6048fe5a9145f64d47e32d5df72435c","eedae0ee27c545032905b17ea9a2007c","54701f5f079bcb077976c7b53a0c2386",2,"e549c43af71954c67b43b1b565be2a42"
"optimized-backends-record-20260731","ci_read_lines","encoding-files","base","Main base","main","36f5c8d","base",2,5,0.798,798,1000000,"fast","file",20260721,"25c716f0d4b3b4e05398094ee12e945f","charr","78.2","system","R version 4.6.1 (2026-06-24)","/home/ted/R/x86_64-pc-linux-gnu-library/4.6/charr","3d947f3df10c63e20fffc0e4ef7f55f7","b6048fe5a9145f64d47e32d5df72435c","eedae0ee27c545032905b17ea9a2007c","54701f5f079bcb077976c7b53a0c2386",2,"e549c43af71954c67b43b1b565be2a42"
"optimized-backends-record-20260731","ci_read_lines","encoding-files","altrep","Main ALTREP","main","36f5c8d","altrep",2,5,0.074,74,1000000,"fast","file",20260721,"25c716f0d4b3b4e05398094ee12e945f","charr","78.2","system","R version 4.6.1 (2026-06-24)","/home/ted/R/x86_64-pc-linux-gnu-library/4.6/charr","3d947f3df10c63e20fffc0e4ef7f55f7","b6048fe5a9145f64d47e32d5df72435c","eedae0ee27c545032905b17ea9a2007c","54701f5f079bcb077976c7b53a0c2386",2,"fc726ee9f66ea138ae03cf9f86fb4d49"
"optimized-backends-record-20260731","ci_read_lines","encoding-files","stringi","stringi","main","36f5c8d","stringi",3,5,1.021,1021,1000000,"fast","file",20260721,"25c716f0d4b3b4e05398094ee12e945f","stringi","74.1","bundle","R version 4.6.1 (2026-06-24)","/home/ted/R/x86_64-pc-linux-gnu-library/4.6/charr","3d947f3df10c63e20fffc0e4ef7f55f7","b6048fe5a9145f64d47e32d5df72435c","eedae0ee27c545032905b17ea9a2007c","54701f5f079bcb077976c7b53a0c2386",2,"e549c43af71954c67b43b1b565be2a42"
"optimized-backends-record-20260731","ci_read_lines","encoding-files","base","Main base","main","36f5c8d","base",3,5,0.786,786,1000000,"fast","file",20260721,"25c716f0d4b3b4e05398094ee12e945f","charr","78.2","system","R version 4.6.1 (2026-06-24)","/home/ted/R/x86_64-pc-linux-gnu-library/4.6/charr","3d947f3df10c63e20fffc0e4ef7f55f7","b6048fe5a9145f64d47e32d5df72435c","eedae0ee27c545032905b17ea9a2007c","54701f5f079bcb077976c7b53a0c2386",2,"e549c43af71954c67b43b1b565be2a42"
"optimized-backends-record-20260731","ci_read_lines","encoding-files","altrep","Main ALTREP","main","36f5c8d","altrep",3,5,0.075,75,1000000,"fast","file",20260721,"25c716f0d4b3b4e05398094ee12e945f","charr","78.2","system","R version 4.6.1 (2026-06-24)","/home/ted/R/x86_64-pc-linux-gnu-library/4.6/charr","3d947f3df10c63e20fffc0e4ef7f55f7","b6048fe5a9145f64d47e32d5df72435c","eedae0ee27c545032905b17ea9a2007c","54701f5f079bcb077976c7b53a0c2386",2,"fc726ee9f66ea138ae03cf9f86fb4d49"
"optimized-backends-record-20260731","ci_read_lines","encoding-files","stringi","stringi","main","36f5c8d","stringi",4,5,1.023,1023,1000000,"fast","file",20260721,"25c716f0d4b3b4e05398094ee12e945f","stringi","74.1","bundle","R version 4.6.1 (2026-06-24)","/home/ted/R/x86_64-pc-linux-gnu-library/4.6/charr","3d947f3df10c63e20fffc0e4ef7f55f7","b6048fe5a9145f64d47e32d5df72435c","eedae0ee27c545032905b17ea9a2007c","54701f5f079bcb077976c7b53a0c2386",2,"e549c43af71954c67b43b1b565be2a42"
"optimized-backends-record-20260731","ci_read_lines","encoding-files","base","Main base","main","36f5c8d","base",4,5,0.789,789,1000000,"fast","file",20260721,"25c716f0d4b3b4e05398094ee12e945f","charr","78.2","system","R version 4.6.1 (2026-06-24)","/home/ted/R/x86_64-pc-linux-gnu-library/4.6/charr","3d947f3df10c63e20fffc0e4ef7f55f7","b6048fe5a9145f64d47e32d5df72435c","eedae0ee27c545032905b17ea9a2007c","54701f5f079bcb077976c7b53a0c2386",2,"e549c43af71954c67b43b1b565be2a42"
"optimized-backends-record-20260731","ci_read_lines","encoding-files","altrep","Main ALTREP","main","36f5c8d","altrep",4,5,0.074,74,1000000,"fast","file",20260721,"25c716f0d4b3b4e05398094ee12e945f","charr","78.2","system","R version 4.6.1 (2026-06-24)","/home/ted/R/x86_64-pc-linux-gnu-library/4.6/charr","3d947f3df10c63e20fffc0e4ef7f55f7","b6048fe5a9145f64d47e32d5df72435c","eedae0ee27c545032905b17ea9a2007c","54701f5f079bcb077976c7b53a0c2386",2,"fc726ee9f66ea138ae03cf9f86fb4d49"
"optimized-backends-record-20260731","ci_read_lines","encoding-files","stringi","stringi","main","36f5c8d","stringi",5,5,1.022,1022,1000000,"fast","file",20260721,"25c716f0d4b3b4e05398094ee12e945f","stringi","74.1","bundle","R version 4.6.1 (2026-06-24)","/home/ted/R/x86_64-pc-linux-gnu-library/4.6/charr","3d947f3df10c63e20fffc0e4ef7f55f7","b6048fe5a9145f64d47e32d5df72435c","eedae0ee27c545032905b17ea9a2007c","54701f5f079bcb077976c7b53a0c2386",2,"e549c43af71954c67b43b1b565be2a42"
"optimized-backends-record-20260731","ci_read_lines","encoding-files","base","Main base","main","36f5c8d","base",5,5,0.801,801,1000000,"fast","file",20260721,"25c716f0d4b3b4e05398094ee12e945f","charr","78.2","system","R version 4.6.1 (2026-06-24)","/home/ted/R/x86_64-pc-linux-gnu-library/4.6/charr","3d947f3df10c63e20fffc0e4ef7f55f7","b6048fe5a9145f64d47e32d5df72435c","eedae0ee27c545032905b17ea9a2007c","54701f5f079bcb077976c7b53a0c2386",2,"e549c43af71954c67b43b1b565be2a42"
"optimized-backends-record-20260731","ci_read_lines","encoding-files","altrep","Main ALTREP","main","36f5c8d","altrep",5,5,0.074,74,1000000,"fast","file",20260721,"25c716f0d4b3b4e05398094ee12e945f","charr","78.2","system","R version 4.6.1 (2026-06-24)","/home/ted/R/x86_64-pc-linux-gnu-library/4.6/charr","3d947f3df10c63e20fffc0e4ef7f55f7","b6048fe5a9145f64d47e32d5df72435c","eedae0ee27c545032905b17ea9a2007c","54701f5f079bcb077976c7b53a0c2386",2,"fc726ee9f66ea138ae03cf9f86fb4d49"
